{
  "confidence_intervals": {
    "margin_confidence_intervals": {
      "90%": {
        "lower": 53.113306355818466,
        "upper": 113.98270690516485,
        "mean": 83.54800663049166,
        "std": 66.92352750174088
      },
      "95%": {
        "lower": 46.486992403633906,
        "upper": 120.6090208573494,
        "mean": 83.54800663049166,
        "std": 66.92352750174088
      },
      "99%": {
        "lower": 32.10941296932624,
        "upper": 134.98660029165706,
        "mean": 83.54800663049166,
        "std": 66.92352750174088
      }
    },
    "win_probability_confidence_intervals": {
      "90%": {
        "lower": 0.7533191963703504,
        "upper": 1.0017967115544646,
        "mean": 0.8775579539624074,
        "std": 0.2731913189699856
      },
      "95%": {
        "lower": 0.7262696442011312,
        "upper": 1.0288462637236837,
        "mean": 0.8775579539624074,
        "std": 0.2731913189699856
      },
      "99%": {
        "lower": 0.6675783283682639,
        "upper": 1.087537579556551,
        "mean": 0.8775579539624074,
        "std": 0.2731913189699856
      }
    },
    "sample_size": 15,
    "confidence_levels": [
      0.9,
      0.95,
      0.99
    ]
  },
  "distribution_analysis": {
    "margin_distribution": {
      "mean": 83.54800663049166,
      "median": 75.18453227415627,
      "std": 66.92352750174088,
      "min": -11.50131250875324,
      "max": 193.988708950539,
      "q25": 40.53166031902751,
      "q75": 117.12474146378372,
      "skewness": 0.2652333325412126,
      "kurtosis": -0.8667593230362427
    },
    "win_probability_distribution": {
      "mean": 0.8775579539624074,
      "median": 0.9999999607022892,
      "std": 0.2731913189699856,
      "min": 0.2056744073361986,
      "max": 1.0,
      "q25": 0.997288487191586,
      "q75": 1.0
    },
    "confidence_distribution": {
      "mean": 0.8985366124062091,
      "median": 0.9999999214045784,
      "std": 0.21077335103507322,
      "high_confidence_games": 12,
      "low_confidence_games": 0
    },
    "game_categories": {
      "close_games": 0,
      "blowout_predictions": 12,
      "moderate_predictions": 3,
      "total_games": 15
    }
  },
  "key_insights": {
    "highest_confidence_games": [
      {
        "home_team": "Georgia",
        "away_team": "Tennessee",
        "ensemble_predicted_winner": "Georgia",
        "ensemble_margin": 168.58395229404832,
        "confidence_score": 1.0
      },
      {
        "home_team": "Ohio State",
        "away_team": "Michigan",
        "ensemble_predicted_winner": "Ohio State",
        "ensemble_margin": 189.9634596572392,
        "confidence_score": 1.0
      },
      {
        "home_team": "Alabama",
        "away_team": "Auburn",
        "ensemble_predicted_winner": "Alabama",
        "ensemble_margin": 193.988708950539,
        "confidence_score": 1.0
      },
      {
        "home_team": "Florida State",
        "away_team": "Miami",
        "ensemble_predicted_winner": "Florida State",
        "ensemble_margin": 118.43944104626948,
        "confidence_score": 1.0
      },
      {
        "home_team": "Oregon",
        "away_team": "Washington",
        "ensemble_predicted_winner": "Oregon",
        "ensemble_margin": 115.81004188129796,
        "confidence_score": 0.9999999999999998
      }
    ],
    "lowest_confidence_games": [
      {
        "home_team": "Kansas State",
        "away_team": "TCU",
        "ensemble_predicted_winner": "Kansas State",
        "ensemble_margin": 7.615992658004965,
        "confidence_score": 0.4135581662708878
      },
      {
        "home_team": "Wisconsin",
        "away_team": "Minnesota",
        "ensemble_predicted_winner": "Minnesota",
        "ensemble_margin": -9.158518772337564,
        "confidence_score": 0.4870040982828525
      },
      {
        "home_team": "Utah",
        "away_team": "Arizona",
        "ensemble_predicted_winner": "Arizona",
        "ensemble_margin": -11.50131250875324,
        "confidence_score": 0.5886511853276027
      },
      {
        "home_team": "Iowa",
        "away_team": "Nebraska",
        "ensemble_predicted_winner": "Iowa",
        "ensemble_margin": 36.33630201055374,
        "confidence_score": 0.9905532892952328
      },
      {
        "home_team": "Ole Miss",
        "away_team": "Missouri",
        "ensemble_predicted_winner": "Ole Miss",
        "ensemble_margin": 44.72701862750128,
        "confidence_score": 0.998600659471111
      }
    ],
    "closest_predictions": [
      {
        "home_team": "Kansas State",
        "away_team": "TCU",
        "ensemble_predicted_winner": "Kansas State",
        "ensemble_margin": 7.615992658004965,
        "confidence_score": 0.4135581662708878
      },
      {
        "home_team": "Wisconsin",
        "away_team": "Minnesota",
        "ensemble_predicted_winner": "Minnesota",
        "ensemble_margin": -9.158518772337564,
        "confidence_score": 0.4870040982828525
      },
      {
        "home_team": "Utah",
        "away_team": "Arizona",
        "ensemble_predicted_winner": "Arizona",
        "ensemble_margin": -11.50131250875324,
        "confidence_score": 0.5886511853276027
      },
      {
        "home_team": "Iowa",
        "away_team": "Nebraska",
        "ensemble_predicted_winner": "Iowa",
        "ensemble_margin": 36.33630201055374,
        "confidence_score": 0.9905532892952328
      },
      {
        "home_team": "Ole Miss",
        "away_team": "Missouri",
        "ensemble_predicted_winner": "Ole Miss",
        "ensemble_margin": 44.72701862750128,
        "confidence_score": 0.998600659471111
      }
    ],
    "largest_mismatches": [
      {
        "home_team": "Alabama",
        "away_team": "Auburn",
        "ensemble_predicted_winner": "Alabama",
        "ensemble_margin": 193.988708950539,
        "confidence_score": 1.0
      },
      {
        "home_team": "Ohio State",
        "away_team": "Michigan",
        "ensemble_predicted_winner": "Ohio State",
        "ensemble_margin": 189.9634596572392,
        "confidence_score": 1.0
      },
      {
        "home_team": "Georgia",
        "away_team": "Tennessee",
        "ensemble_predicted_winner": "Georgia",
        "ensemble_margin": 168.58395229404832,
        "confidence_score": 1.0
      },
      {
        "home_team": "Florida State",
        "away_team": "Miami",
        "ensemble_predicted_winner": "Florida State",
        "ensemble_margin": 118.43944104626948,
        "confidence_score": 1.0
      },
      {
        "home_team": "Oregon",
        "away_team": "Washington",
        "ensemble_predicted_winner": "Oregon",
        "ensemble_margin": 115.81004188129796,
        "confidence_score": 0.9999999999999998
      }
    ],
    "upset_specials": [
      {
        "home_team": "Utah",
        "away_team": "Arizona",
        "ensemble_predicted_winner": "Arizona",
        "ensemble_margin": -11.50131250875324,
        "confidence_score": 0.5886511853276027
      },
      {
        "home_team": "Wisconsin",
        "away_team": "Minnesota",
        "ensemble_predicted_winner": "Minnesota",
        "ensemble_margin": -9.158518772337564,
        "confidence_score": 0.4870040982828525
      }
    ],
    "rivalry_highlights": [
      {
        "home_team": "Ohio State",
        "away_team": "Michigan",
        "ensemble_predicted_winner": "Ohio State",
        "ensemble_margin": 189.9634596572392,
        "confidence_score": 1.0
      },
      {
        "home_team": "Alabama",
        "away_team": "Auburn",
        "ensemble_predicted_winner": "Alabama",
        "ensemble_margin": 193.988708950539,
        "confidence_score": 1.0
      },
      {
        "home_team": "Georgia",
        "away_team": "Tennessee",
        "ensemble_predicted_winner": "Georgia",
        "ensemble_margin": 168.58395229404832,
        "confidence_score": 1.0
      },
      {
        "home_team": "Florida State",
        "away_team": "Miami",