id,start_date,season,season_type,week,neutral_site,home_team,home_conference,home_elo,home_talent,away_team,away_conference,away_talent,away_elo,home_points,away_points,margin,spread,home_adjusted_epa,home_adjusted_epa_allowed,away_adjusted_epa,away_adjusted_epa_allowed,home_adjusted_rushing_epa,home_adjusted_rushing_epa_allowed,away_adjusted_rushing_epa,away_adjusted_rushing_epa_allowed,home_adjusted_passing_epa,home_adjusted_passing_epa_allowed,away_adjusted_passing_epa,away_adjusted_passing_epa_allowed,home_adjusted_success,home_adjusted_success_allowed,away_adjusted_success,away_adjusted_success_allowed,home_adjusted_standard_down_success,home_adjusted_standard_down_success_allowed,away_adjusted_standard_down_success,away_adjusted_standard_down_success_allowed,home_adjusted_passing_down_success,home_adjusted_passing_down_success_allowed,away_adjusted_passing_down_success,away_adjusted_passing_down_success_allowed,home_adjusted_line_yards,home_adjusted_line_yards_allowed,away_adjusted_line_yards,away_adjusted_line_yards_allowed,home_adjusted_second_level_yards,home_adjusted_second_level_yards_allowed,away_adjusted_second_level_yards,away_adjusted_second_level_yards_allowed,home_adjusted_open_field_yards,home_adjusted_open_field_yards_allowed,away_adjusted_open_field_yards,away_adjusted_open_field_yards_allowed,home_adjusted_explosiveness,home_adjusted_explosiveness_allowed,away_adjusted_explosiveness,away_adjusted_explosiveness_allowed,home_adjusted_rush_explosiveness,home_adjusted_rush_explosiveness_allowed,away_adjusted_rush_explosiveness,away_adjusted_rush_explosiveness_allowed,home_adjusted_pass_explosiveness,home_adjusted_pass_explosiveness_allowed,away_adjusted_pass_explosiveness,away_adjusted_pass_explosiveness_allowed,home_total_havoc_offense,home_front_seven_havoc_offense,home_db_havoc_offense,away_total_havoc_offense,away_front_seven_havoc_offense,away_db_havoc_offense,home_total_havoc_defense,home_front_seven_havoc_defense,home_db_havoc_defense,away_total_havoc_defense,away_front_seven_havoc_defense,away_db_havoc_defense,home_points_per_opportunity_offense,away_points_per_opportunity_offense,home_points_per_opportunity_defense,away_points_per_opportunity_defense,home_avg_start_offense,home_avg_start_defense,away_avg_start_offense,away_avg_start_defense,startTimeTBD,completed,conference_game,venueId,venue,homeId,homeClassification,homeLineScores,homePostgameWinProbability,homePregameElo,homePostgameElo,awayId,awayClassification,awayLineScores,awayPostgameWinProbability,awayPregameElo,awayPostgameElo,excitementIndex,highlights,notes,attendance
400876103,2016-12-30 17:00:00,2016,postseason,1,True,TCU,Big 12,1718.0,665.53,Georgia,Big 12,872.0,1643.0,23.0,31.0,-8.0,-1.5,0.1621088814427446,0.1166919173737389,0.1194219412389646,0.1253285950339618,0.1826325171775865,0.1427772750464875,0.0856263489441654,0.1171670957604248,0.1583790818377502,0.1295501454404641,0.1919551557253198,0.1650859072638595,0.4423622303327598,0.3792594205821108,0.424383644747063,0.4078813292146139,0.4983989247720686,0.4333776069533629,0.4765126541593645,0.4473599340430459,0.3213163092724818,0.3164212420983495,0.323387167708099,0.3329592002649204,3.12351876097292,3.001000941489785,2.9883367404772185,2.8985012549059284,1.3065174875867571,1.037306083655646,1.2195429218906382,1.063651419385299,1.462115906455394,1.2732637360661443,1.310856744560141,1.2924367228890266,1.1885384830697785,1.1899944681881007,1.160306295557897,1.188291310148397,1.0105031678426006,0.972372358223048,0.9078614011783804,0.9571330844736604,1.5243937245583803,1.6349312045145823,1.6298039857206816,1.5933143862528356,0.1607981220657277,0.0915492957746478,0.0692488262910798,0.1658354114713217,0.1072319201995012,0.0586034912718204,0.1599552572706935,0.0961968680089485,0.0637583892617449,0.1708029197080292,0.1021897810218978,0.0686131386861313,3.119047619047619,2.7160493827160495,3.345679012345679,3.765625,70.6,72.3,69.5,71.3,,,,,,,,,,,,,,,,,,,,,
400876107,2016-12-31 20:00:00,2016,postseason,1,True,Alabama,SEC,2311.0,982.66,Washington,SEC,699.64,2149.0,24.0,7.0,17.0,-14.0,0.2725138348005492,-0.0985092164907727,0.2939008716357821,0.0444933810271268,0.2280023532463254,-0.0663446200741812,0.1829206142705319,0.0627497473406442,0.3025297826631588,-0.0343154804962178,0.4065467580469187,0.0816084096819594,0.5064513562744108,0.292092621871132,0.5235142265159236,0.3596606012997697,0.5462694961435419,0.362518344703141,0.5590119690810412,0.414343002853682,0.361136130948076,0.2638096867347536,0.3583988337988336,0.3047069233721213,3.161504921952558,1.9298538591541927,3.096851807255502,2.8559395125276716,1.3540400590396122,0.8185432824617692,1.230164094695317,1.0297807945163773,1.8916560791691277,1.0330989369736017,1.5539296475853035,1.1838104204237132,1.1817470815008324,1.2216413928393088,1.1922486462578583,1.2055395277208905,0.9895764485008604,0.9568852637678728,0.95190259679369,0.9707607168937752,1.5998204772128932,1.615530766765353,1.6376328157859463,1.5801663658821257,0.1609977324263038,0.1235827664399093,0.0374149659863945,0.145478374836173,0.0865006553079947,0.0589777195281782,0.2348387096774193,0.1483870967741935,0.0864516129032258,0.172680412371134,0.1056701030927835,0.0670103092783505,3.7766990291262137,4.336956521739131,1.7662337662337662,2.9859154929577465,66.8,70.3,69.4,70.5,,,,,,,,,,,,,,,,,,,,,
400876108,2017-01-01 00:00:00,2016,postseason,1,True,Clemson,ACC,2077.0,846.0,Ohio State,ACC,902.46,2328.0,31.0,0.0,31.0,3.0,0.2239294928297059,0.0427854150688612,0.2518453975411319,-0.0242109521608885,0.1061077262549466,0.0613934445125729,0.239953683965405,-0.0105941067380142,0.3414895849090787,0.0647271293372654,0.2687776933710558,0.0380919965637919,0.5229203151936901,0.3634632015495385,0.51745582219653,0.3381530702140705,0.5514293026367605,0.4473971727925313,0.5562247128482325,0.3958259718064251,0.3726961776501751,0.2614601287403118,0.3650227770767023,0.2911503293150557,3.1934912812256666,2.605039561357908,3.404350120404748,2.469338686234015,1.087857098838954,1.0427928672081013,1.3257801201616273,0.9444015737993096,1.197402068297458,1.360210659894914,1.4965997043590795,1.2371198007855668,1.1228441379558338,1.1877508818445957,1.1136431984528097,1.1692901793271613,0.8437899070525589,0.9430010346911324,0.9462839415071064,0.9404804045687776,1.5058869316896395,1.5740649435184284,1.4993196167595648,1.576905147796102,0.1314699792960662,0.0734989648033126,0.0579710144927536,0.128042328042328,0.0751322751322751,0.0529100529100529,0.2147093712930012,0.1364175563463819,0.0782918149466192,0.2024691358024691,0.1185185185185185,0.0839506172839506,4.0,4.03921568627451,2.674698795180723,2.484848484848485,66.5,68.3,68.6,73.4,,,,,,,,,,,,,,,,,,,,,
400876112,2017-01-03 01:50:00,2016,postseason,1,True,Oklahoma,Big 12,2013.0,777.48,Auburn,Big 12,865.36,1938.0,35.0,19.0,16.0,-5.5,0.3295438755809992,0.1769639335460918,0.2146623562868552,0.0741417422089404,0.1304015111639151,0.1369146030717646,0.1647393433587116,0.0196000581083242,0.552191502227359,0.2297620251883822,0.2801088352441307,0.1835796223287455,0.5092693476607445,0.3948429888381387,0.4796823878060202,0.3885870635695679,0.5272740873019163,0.4383470498305115,0.5061186039876221,0.4337201637806647,0.3879998874070398,0.3396190868538323,0.35887156274269,0.3304407694218249,3.0782552662147267,3.0290905870507157,3.239922912028316,2.661583349450574,1.1679398104898688,1.1303263859189765,1.156283853259945,0.9605951024457609,1.6294148761282623,1.4092869242372243,1.5182336894710309,1.186348389596399,1.2717700210050378,1.2645143335799782,1.141832208863227,1.1749014792218806,0.9554241442821954,1.0060003868199194,0.9582281471393168,0.93192744093468,1.7453986667548025,1.664878429582079,1.649311541318685,1.5835901608165162,0.1262569832402234,0.088268156424581,0.0379888268156424,0.1417910447761194,0.099502487562189,0.0422885572139303,0.1522222222222222,0.0844444444444444,0.0677777777777777,0.1958128078817734,0.1133004926108374,0.0825123152709359,4.824175824175824,3.7012987012987018,3.3658536585365852,2.72,71.2,70.9,71.1,73.0,,,,,,,,,,,,,,,,,,,,,
400876570,2017-01-10 01:00:00,2016,postseason,1,True,Alabama,SEC,2340.0,982.66,Clemson,SEC,846.0,2206.0,31.0,35.0,-4.0,-6.0,0.2725138348005492,-0.0985092164907727,0.2239294928297059,0.0427854150688612,0.2280023532463254,-0.0663446200741812,0.1061077262549466,0.0613934445125729,0.3025297826631588,-0.0343154804962178,0.3414895849090787,0.0647271293372654,0.5064513562744108,0.292092621871132,0.5229203151936901,0.3634632015495385,0.5462694961435419,0.362518344703141,0.5514293026367605,0.4473971727925313,0.361136130948076,0.2638096867347536,0.3726961776501751,0.2614601287403118,3.161504921952558,1.9298538591541927,3.1934912812256666,2.605039561357908,1.3540400590396122,0.8185432824617692,1.087857098838954,1.0427928672081013,1.8916560791691277,1.0330989369736017,1.197402068297458,1.360210659894914,1.1817470815008324,1.2216413928393088,1.1228441379558338,1.1877508818445957,0.9895764485008604,0.9568852637678728,0.8437899070525589,0.9430010346911324,1.5998204772128932,1.615530766765353,1.5058869316896395,1.5740649435184284,0.1609977324263038,0.1235827664399093,0.0374149659863945,0.1314699792960662,0.0734989648033126,0.0579710144927536,0.2348387096774193,0.1483870967741935,0.0864516129032258,0.2147093712930012,0.1364175563463819,0.0782918149466192,3.7766990291262137,4.0,1.7662337662337662,2.674698795180723,66.8,70.3,66.5,68.3,,,,,,,,,,,,,,,,,,,,,
400869010,2016-10-01 23:00:00,2016,regular,5,False,Alabama,SEC,2125.0,982.66,Kentucky,SEC,652.07,1419.0,34.0,6.0,28.0,-32.5,0.2230402302889474,0.0481805231518749,0.1888801110193605,0.2162525915598335,0.193148674806782,0.0221433270062957,0.1482073624440727,0.1603273128519748,0.2517672915871914,0.1344714325347162,0.2372060391857063,0.2736368871152611,0.4551640707749423,0.3333771425705602,0.4463000045986131,0.482203061473655,0.5062684420722976,0.4220812802502446,0.5078932181611894,0.5030965494002817,0.3346964175449547,0.2611574187438093,0.3064698559666612,0.3686403308500303,3.041990045819902,2.248162933186712,3.0596744124741773,3.246245487261794,1.2175390196110571,0.9134388409313304,1.1570642021651412,1.0866862106277249,1.5031995853672595,1.3698256300543044,1.3797843896995476,1.0844154652692974,1.228454512806887,1.2056393876573528,1.2225564295238251,1.179560516748005,0.9765970978743168,0.9574015970287983,0.942093591111382,0.918154147375331,1.6515037634878564,1.5817505098835605,1.704495221006694,1.6408868950415003,0.1359223300970873,0.0970873786407767,0.0388349514563106,0.1983122362869198,0.1518987341772152,0.0464135021097046,0.2111553784860557,0.1274900398406374,0.0836653386454183,0.1490683229813664,0.0745341614906832,0.0745341614906832,4.205128205128205,3.9130434782608696,2.466666666666667,4.166666666666667,68.8,74.1,69.4,71.1,,,,,,,,,,,,,,,,,,,,,
400869013,2016-10-01 19:30:00,2016,regular,5,False,Georgia,SEC,1632.0,872.0,Tennessee,SEC,813.92,1792.0,31.0,34.0,-3.0,2.5,0.1385271302899105,0.1408603723373599,0.1427577899685763,0.1543311833899682,0.1091971447317997,0.1025322010258593,0.0935258824872354,0.0942345615962492,0.1946273565972887,0.2165394490808465,0.2180971561389073,0.2388830216406021,0.4209522010580814,0.4187201829651277,0.4573290018302043,0.4386179655565716,0.474967155095795,0.4634198617123741,0.4868734335838686,0.4945107836469338,0.3230986583827427,0.3331693435154612,0.3427990536685942,0.3207502335090961,3.1114299066042923,2.881446722596289,3.0345294838213803,2.815409270501162,1.2062970216066018,1.141726922028887,1.0991321743857472,0.9870712151755834,1.2557160758519228,1.3909870572369547,1.2376455239064064,1.0981289280467263,1.1847883016803915,1.2092935026626288,1.1798924714135484,1.1341582306067242,0.9241425239664024,0.9505303902721188,0.917886011791135,0.8934072857749709,1.604247705809067,1.5994234766295954,1.654330991743331,1.5745879516739425,0.1497975708502024,0.0931174089068826,0.0566801619433198,0.173076923076923,0.1136363636363636,0.0594405594405594,0.1507537688442211,0.0653266331658291,0.0854271356783919,0.1737588652482269,0.1170212765957446,0.0567375886524822,2.939393939393939,3.8285714285714287,3.5416666666666665,3.193548387096774,70.1,70.7,66.8,72.8,,,,,,,,,,,,,,,,,,,,,
400869620,2016-10-01 16:00:00,2016,regular,5,False,Oklahoma State,Big 12,1625.0,631.68,Texas,Big 12,838.97,1573.0,49.0,31.0,18.0,-3.0,0.1428473804954357,0.1784894191121876,0.1932039273941232,0.1674501878213087,0.0314692392450697,0.0688518440055765,0.1522422372275013,0.0939239358376287,0.2474130253800817,0.289034433013414,0.2571068263834692,0.2548471602702171,0.4316594891826967,0.4058528604582082,0.4552055160112094,0.3913212782392973,0.4609890153110453,0.4428812222317987,0.5192074084364102,0.4377218120509625,0.3556214457618777,0.3364247782963075,0.3067691480521359,0.3306200839763553,2.686484289559812,2.749998448468461,3.0465078573173128,2.8335148825685956,1.045965923718083,1.0997126987899797,1.1053356826038636,1.0248837324484843,1.2884882995193616,1.3360841314125966,1.1717078646613124,1.3331168680898935,1.2358091384866443,1.2593088939219772,1.157515105014687,1.2284669337264205,0.9301896223567164,0.9509889326036312,0.9364016073890222,0.941639598219544,1.6655831243039594,1.6865732523388794,1.557181143786699,1.6669644342828411,0.217391304347826,0.150197628458498,0.067193675889328,0.0984251968503937,0.0708661417322834,0.0275590551181102,0.2054794520547945,0.1278538812785388,0.0776255707762557,0.1880733944954128,0.1376146788990825,0.0504587155963302,3.96875,4.380952380952381,4.222222222222222,4.421052631578948,69.0,71.4,71.2,72.4,,,,,,,,,,,,,,,,,,,,,
400869635,2016-10-01 16:00:00,2016,regular,5,False,Ohio State,Big Ten,2164.0,902.46,Rutgers,Big Ten,585.47,1355.0,58.0,0.0,58.0,-37.0,0.2191190129438168,0.023867937720181,0.0834645029285311,0.1265479378492404,0.2009969090083612,0.0035238523549192,0.0555727775148128,0.054426045065224,0.2500852147755529,0.122867843282615,0.184792507089435,0.2245424488775497,0.5175946598286604,0.3690238835344382,0.3729857134805711,0.3915054125189364,0.5420749721448869,0.4220401802570738,0.4143716032511277,0.4511065719223677,0.3627251877134597,0.3138172233877853,0.3286195452774848,0.3150980455008624,3.4450335803053713,2.6655258412342353,2.7520652047247944,2.921658036920707,1.3079422201479385,0.9799815885592814,0.9670142657823048,1.1114575561229425,1.2664480752964653,1.230144915937332,1.227746899028995,1.202435608373342,1.1571191803408687,1.1830280018668171,1.1782743785151848,1.2048707596447097,0.931231794872892,0.9378660186717582,0.934787025041833,0.932476093495654,1.6033171455781952,1.5631555867878042,1.6187304359199062,1.6280433741801594,0.0686695278969957,0.03862660944206,0.0300429184549356,0.1379310344827586,0.1034482758620689,0.0344827586206896,0.2180094786729857,0.1042654028436018,0.1137440758293838,0.1557788944723618,0.0954773869346733,0.0603015075376884,4.129032258064516,1.6111111111111112,2.16,1.8095238095238095,66.9,75.3,68.4,61.7,,,,,,,,,,,,,,,,,,,,,
400869018,2016-10-08 23:00:00,2016,regular,6,False,Arkansas,SEC,1717.0,689.41,Alabama,SEC,982.66,2124.0,30.0,49.0,-19.0,13.0,0.1756354183648737,0.1270695833229456,0.221603069279973,0.0207679727948086,0.0593898671229183,0.1381393478345526,0.1858192062188894,-0.0075831336373383,0.3134378424535011,0.1477145041011268,0.2557656842626555,0.1186825764892284,0.4281893596439711,0.3925867772042211,0.4607936096003222,0.3179696243388875,0.4455843378243345,0.4278065705679124,0.5096603931110195,0.4019537714039056,0.36877980551104,0.3455737642738357,0.3418963311891252,0.2667903623047929,2.746671617491114,2.921002967356737,3.048671772268276,2.0353714779038334,1.0327432738294835,1.1659390274576236,1.2051259371635843,0.9287204530219706,1.2096388062522263,1.5706149409360797,1.4782576862842736,1.3073078091757344,1.208219908193033,1.2503332799925724,1.2202572148549518,1.2092944911632562,0.9361831783624344,1.0020494984663488,0.9763266022543736,0.9756580348124604,1.6373840610394568,1.5950408043669493,1.634089320168713,1.5687257055244808,0.1815068493150685,0.1095890410958904,0.071917808219178,0.1269430051813471,0.0906735751295336,0.0362694300518134,0.1698841698841698,0.0965250965250965,0.0733590733590733,0.2122186495176848,0.1414790996784566,0.0707395498392283,4.0,4.0638297872340425,3.21875,2.0277777777777777,73.0,69.2,67.9,73.0,,,,,,,,,,,,,,,,,,,,,
400869022,2016-10-09 18:30:00,2016,regular,6,False,South Carolina,SEC,1517.0,706.9,Georgia,SEC,872.0,1637.0,14.0,28.0,-14.0,8.5,0.1176422742606228,0.1019654727931183,0.1336153526520075,0.1394254246150464,0.0773556591263796,0.0942871199033531,0.1069941404975793,0.0874200594992682,0.1770638540749327,0.1527756946697542,0.1924890453201032,0.2263225801529423,0.3872921176921314,0.4312711938242809,0.418318292185831,0.4096704394364142,0.4524890362772872,0.4577160887714995,0.4770668500818412,0.4571509483399584,0.3049707219492116,0.3641631193443211,0.3196393667397709,0.331790857448784,2.714522340127689,3.0159582073324245,3.094421413777064,2.889417778063604,1.0145090603560656,1.1595851026963022,1.2120078090734714,1.1108285593585612,1.1965131543400662,1.1949860241447448,1.222827310814521,1.3468306107248986,1.2032684839614798,1.1323606761904417,1.1849131985494463,1.2086327815143494,0.9590820855489112,0.9289479456775316,0.9352242701209064,0.9469156453816412,1.5507611847623493,1.5017277961699305,1.5928244253385866,1.607432879271806,0.2048929663608562,0.128440366972477,0.0764525993883792,0.1619937694704049,0.102803738317757,0.0591900311526479,0.15625,0.1067708333333333,0.0494791666666666,0.1603053435114503,0.0801526717557251,0.0801526717557251,2.9705882352941178,2.6315789473684212,3.0833333333333335,3.4193548387096775,68.3,69.6,70.2,69.7,,,,,,,,,,,,,,,,,,,,,
400869615,2016-10-08 16:00:00,2016,regular,6,True,Oklahoma,Big 12,1868.0,777.48,Texas,Big 12,838.97,1538.0,45.0,40.0,5.0,-6.5,0.2375186815187045,0.1801592766670501,0.2147382718934657,0.1995419078519697,0.1566972255104153,0.056101760248119,0.1865179649173357,0.1095019487861195,0.294830052955938,0.3159073036975151,0.2577273025247556,0.3055662873260619,0.4695499486045472,0.3791068415008888,0.4659252762145722,0.4014463334049873,0.4924415460900371,0.4257282048590354,0.5295781094049791,0.4411748139698783,0.3524641787770119,0.3369887799808191,0.3116450715451398,0.3385732751040374,3.080828416845622,2.7489136786794375,3.101727027183311,2.845031954052846,1.184859622137599,1.07313457106971,1.143369252586555,1.049508377990344,1.485178365373147,1.207497451773499,1.333740323550772,1.3385699951650998,1.2399752609825494,1.258764430335973,1.174658976160973,1.2567694803782374,0.9691660137569336,0.9581714471446878,0.9700019219210454,0.9553070038595028,1.6358067517826176,1.7195055262748191,1.5314696454192875,1.7349560946978797,0.1586206896551724,0.1206896551724138,0.0379310344827586,0.1008902077151335,0.0712166172106825,0.029673590504451,0.1632653061224489,0.1122448979591836,0.0510204081632653,0.1724137931034483,0.1275862068965517,0.0448275862068965,5.294117647058823,4.0,3.5,4.538461538461538,69.2,68.6,71.4,73.6,,,,,,,,,,,,,,,,,,,,,
400869643,2016-10-08 19:30:00,2016,regular,6,False,Ohio State,Big Ten,2233.0,902.46,Indiana,Big Ten,565.47,1509.0,38.0,17.0,21.0,-32.0,0.2469195421224137,0.0172786313365635,0.1447330185792996,0.1205969064962592,0.2325082246406348,0.0106947523462278,0.0670535508756124,0.0817814296941997,0.2594972506226061,0.1012902921796415,0.2515796648672734,0.1978505584228788,0.5379573704270771,0.36265211112784,0.4327413264549816,0.3921133281795897,0.5657322368432618,0.4264922983777992,0.4831979751185615,0.4380555927109088,0.358075839746264,0.2938451587585303,0.3284941503392321,0.3233953601131613,3.479926983503071,2.654239391189473,3.06501938632209,2.8417742584584507,1.2670219021291973,0.9661174046157746,1.0602554655045506,1.016960985730441,1.4154659063777213,1.1762571844515073,1.131261229450599,1.126605203311139,1.146233096191281,1.1805300710580402,1.2116426444819406,1.210907638846871,0.9473374760416998,0.9436607453858696,0.924893677582422,0.9539902336990672,1.5346290555862303,1.5560215650124165,1.6718440129920151,1.623319137854638,0.077639751552795,0.0372670807453416,0.0403726708074534,0.1348684210526315,0.0723684210526315,0.0625,0.2264150943396226,0.1169811320754717,0.1094339622641509,0.1644295302013423,0.0771812080536912,0.087248322147651,4.5,2.4210526315789473,1.9285714285714288,3.1,66.6,76.3,61.8,72.3,,,,,,,,,,,,,,,,,,,,,
400869026,2016-10-15 16:00:00,2016,regular,7,False,Georgia,SEC,1657.0,872.0,Vanderbilt,SEC,619.03,1415.0,16.0,17.0,-1.0,-14.5,0.1395186811043217,0.1448919308021474,0.0986376514219329,0.1339815482031261,0.1329122197765372,0.0957546946637887,0.0838611338434324,0.098500531493201,0.1630137932249991,0.221559355520138,0.1535409029970187,0.191274297592069,0.427389596770912,0.4126143989779626,0.4072850571656046,0.4359879672941071,0.4872035976700215,0.4630587589846236,0.4780317037350432,0.4866863343780601,0.3130745819966466,0.3226645404025341,0.2946748295361739,0.3280417866752051,3.157137571182589,2.8721591155933837,2.941575206121026,3.001905551623925,1.2666906596907608,1.1048645299653903,1.0785648229750049,1.2396548742195854,1.3110963167149126,1.3183416324338872,1.2101445203590846,1.3855132751360453,1.1806502212754058,1.2035020829555476,1.1307584382816471,1.1717626377562012,0.9462262105830952,0.951047664370595,0.9224549603759324,0.9468590168630874,1.58779492984749,1.5859762079163735,1.5316179978893842,1.569340593223477,0.1524547803617571,0.0981912144702842,0.0542635658914728,0.171990171990172,0.1105651105651105,0.0614250614250614,0.1815384615384615,0.0984615384615384,0.083076923076923,0.1805555555555555,0.0972222222222222,0.0833333333333333,2.630434782608696,2.8421052631578947,3.5294117647058822,2.75,68.9,71.2,70.5,65.1,,,,,,,,,,,,,,,,,,,,,
400869028,2016-10-15 19:30:00,2016,regular,7,False,Tennessee,SEC,1775.0,813.92,Alabama,SEC,982.66,2130.0,10.0,49.0,-39.0,9.0,0.1595929487531429,0.1711817351753792,0.2465339985360918,0.0055677393103885,0.0818089579224631,0.12062627421779,0.1929622071294272,-0.0133325998819137,0.2575511559911012,0.236152382834196,0.2913219546996606,0.0888948978498621,0.459660052695409,0.4367907080214823,0.4742260838526203,0.3210064883655846,0.4922306501566549,0.4851385814087862,0.5218285771043416,0.4055387632502733,0.3375849431341263,0.3270353615382578,0.3395344626366408,0.2706701599007441,3.0393078869780745,2.8925103743418292,3.0560080882858194,2.0447420637886777,1.084769843133976,1.0573131296905045,1.2162502843503855,0.9626566123188198,1.2584060354084796,1.203689546239015,1.735752674867183,1.3136980632929072,1.1887682462486806,1.1534780641421187,1.2246422891231208,1.2229075934650568,0.9204195901084232,0.92447721000043,0.9898446149951322,0.9773423283969151,1.6804803823958283,1.56733431789097,1.6356585771778236,1.6069519047206116,0.1979638009049773,0.1233031674208144,0.0746606334841629,0.1353211009174312,0.0940366972477064,0.0412844036697247,0.1763341067285382,0.1136890951276102,0.062645011600928,0.220253164556962,0.1443037974683544,0.0759493670886076,3.1,4.055555555555555,1.9791666666666667,2.255813953488372,64.1,69.6,66.5,72.5,,,,,,,,,,,,,,,,,,,,,
400869591,2016-10-15 23:00:00,2016,regular,7,False,Texas,Big 12,1546.0,838.97,Iowa State,Big 12,552.17,1448.0,27.0,6.0,21.0,-13.5,0.211012644722559,0.222805572692718,0.1834960060223865,0.2354518470562329,0.1991091782902758,0.1040021776579363,0.1152382383488226,0.2034202444883969,0.2322033930397418,0.3636712260619076,0.2597903053986917,0.2492575048883865,0.4733830494741806,0.424157117996446,0.4493448513584834,0.475691267615736,0.5310490146227262,0.4563250062866591,0.5107763078646972,0.5190325366946904,0.3121419808760671,0.3538196763242196,0.3120196848952931,0.3339766947154152,3.165594915530475,2.8770194457005416,3.12880153310738,3.082688703787605,1.1364252350163122,1.0580979007302365,1.091214864904121,1.1477537382238372,1.3415328761359204,1.3214360051143004,1.1453986492443595,1.5601025598536369,1.16900295203679,1.2598305320492418,1.1734682186519887,1.199547319626095,0.9692843250175938,0.956491604420112,0.9135150563941208,0.973162988223188,1.5407333511656622,1.757581006984658,1.606740592171288,1.5873353808833297,0.1163895486935867,0.0736342042755344,0.0427553444180522,0.1596858638743455,0.0863874345549738,0.0732984293193717,0.156498673740053,0.1167108753315649,0.039787798408488,0.1485411140583554,0.0822281167108753,0.0663129973474801,3.891891891891892,4.0,4.303030303030303,4.96875,70.1,74.0,72.6,70.3,,,,,,,,,,,,,,,,,,,,,
400869608,2016-10-15 16:00:00,2016,regular,7,False,Oklahoma,Big 12,1860.0,777.48,Kansas State,Big 12,505.29,1667.0,38.0,17.0,21.0,-13.0,0.2541164439256324,0.1728045233009307,0.156099834029591,0.0690146485953939,0.1535947688376461,0.0718127292969409,0.1339644201658792,0.028818986449366,0.3374088311473822,0.2944490692123913,0.2129754455165536,0.1841712712542118,0.481044552964314,0.3870193834440036,0.4527991053776476,0.3888980870930679,0.4982256114646882,0.4375352262060226,0.500389576048545,0.4569358574694544,0.3678271103305526,0.3360159028355253,0.339143595392977,0.305087030173482,3.1116939757609923,2.8088075887659345,2.9622693625917154,2.680446352484691,1.1870242509917357,1.0832072095296543,1.189349801313898,1.0144709798706752,1.4795217789429034,1.2494680853398228,1.3574728947125596,1.27558575428147,1.2426302777037177,1.2512174771416618,1.1292604761209732,1.1666079514359438,0.9720573928782962,0.9585971408649608,0.9202373248338358,0.9203614693557992,1.6499154363308002,1.7269834008655198,1.571927611035409,1.5408233037274952,0.1458885941644562,0.1114058355437665,0.0344827586206896,0.1735015772870662,0.1072555205047318,0.0662460567823343,0.1666666666666666,0.1058201058201058,0.0608465608465608,0.1725239616613418,0.1150159744408945,0.0575079872204472,4.975609756097561,3.46875,3.4864864864864864,2.774193548387097,70.3,67.9,66.8,71.8,,,,,,,,,,,,,,,,,,,,,
400869644,2016-10-16 00:00:00,2016,regular,7,False,Wisconsin,Big Ten,1833.0,643.76,Ohio State,Big Ten,902.46,2217.0,23.0,30.0,-7.0,9.5,0.1345917443521357,0.0476222145203053,0.245445084321717,0.0127469393785646,0.0486366904102556,0.0083185854258602,0.2373716704527812,-0.0142051815531039,0.2634226877696759,0.1439944574736185,0.2435673768564698,0.1191932149497032,0.4305610634379744,0.3665140594780489,0.5266187094754825,0.3585013089151915,0.4665353217278727,0.4423825891525617,0.5520848684804578,0.4289667622560335,0.3426301914547199,0.2951887419299652,0.360315601642867,0.2852369015723482,2.8402370112981927,2.7178043422879448,3.4574833622786763,2.555102149062802,0.9856634923782032,1.0125844928101195,1.2847379039989737,0.9576296428193468,1.139710963317926,1.2334400652058612,1.425580074775778,1.1543423614271913,1.177391502433673,1.1609216177549824,1.1374516839862436,1.1713441797914357,0.928881064865268,0.9085494723271216,0.9512248468762088,0.9314880928087904,1.6129948519555466,1.5500044124719703,1.5306256491151922,1.5758405552770574,0.1325966850828729,0.0690607734806629,0.0635359116022099,0.0888324873096446,0.0406091370558375,0.0482233502538071,0.2006688963210702,0.1103678929765886,0.0903010033444816,0.2305389221556886,0.1257485029940119,0.1047904191616766,3.8421052631578942,4.638297872340425,1.8,1.972222222222222,69.0,74.2,67.2,74.4,,,,,,,,,,,,,,,,,,,,,
400869029,2016-10-22 19:30:00,2016,regular,8,False,Alabama,SEC,2198.0,982.66,Texas A&M,SEC,814.63,1756.0,33.0,14.0,19.0,-16.5,0.25792572729994,-0.0311657667637412,0.2144995870604915,0.0815987270900158,0.2263710447684541,-0.0417570769684194,0.1842759356630716,0.0544828612813593,0.2766295201490504,0.0403847175603452,0.2361366325642899,0.1540798586156901,0.4848229121831326,0.3059224091435798,0.4541766772662779,0.4062939580017145,0.5262720792064197,0.3897928233282033,0.4842540310643232,0.4684611601915037,0.3519386446134523,0.2639012200096397,0.3438454680497061,0.3143358840241127,3.1524039942897213,2.014996378586801,2.98399679620156,2.742873774104907,1.296803308166746,0.9126840568824182,1.180564440817737,1.1366692485472096,1.9262231393241216,1.243416497966675,1.869002526027968,1.444717274009211,1.2325252108021374,1.2184315466431876,1.2142912849822176,1.1742396119667022,1.0051698862677272,0.9751110056247914,1.0210940070287695,0.9482012892549988,1.628929461464257,1.5928591375893255,1.5402523753373103,1.5529091386152976,0.140625,0.1015625,0.0390625,0.1507936507936507,0.0846560846560846,0.0661375661375661,0.2265795206971677,0.1459694989106753,0.0806100217864923,0.2266355140186916,0.1542056074766355,0.072429906542056,4.0,2.2978723404255317,2.0408163265306123,2.051282051282051,67.5,71.9,67.9,69.4,,,,,,,,,,,,,,,,,,,,,
400869609,2016-10-22 16:00:00,2016,regular,8,False,Kansas State,Big 12,1637.0,505.29,Texas,Big 12,838.97,1586.0,24.0,21.0,3.0,-3.0,0.152153644415813,0.0831853972003186,0.2014024734954986,0.1889876038805789,0.1216639798722855,0.0050671352043533,0.1909401725074473,0.0971885860797191,0.2152894341986586,0.2219273924757681,0.2336610901820511,0.3078501660590148,0.4502799478878195,0.4064735334337749,0.4692208545142478,0.4113725801539624,0.4975005797393818,0.4686828403303374,0.5249226645449773,0.4438895998591023,0.3341074833674197,0.3108547412757332,0.3165136775046063,0.3521514392824852,2.963296816434935,2.6695836355042935,3.1190734715941275,2.8633733205956866,1.1709554602722587,0.9854920567643828,1.1232213283131738,1.0499697168185824,1.3251714027765282,1.2145383155772014,1.2635904398929692,1.279589084434546,1.1274378516747756,1.164343627435806,1.148854258519736,1.249677900826213,0.912447544814395,0.8985401674209258,0.956800899422904,0.9495810958259792,1.5637768404653367,1.5540049761927386,1.52316542964696,1.734964321557961,0.1679586563307493,0.0956072351421188,0.0723514211886304,0.1141732283464567,0.0688976377952756,0.0452755905511811,0.1556728232189973,0.1055408970976253,0.050131926121372,0.168859649122807,0.1293859649122807,0.0394736842105263,3.3684210526315788,3.813953488372093,3.1621621621621623,3.7,68.4,71.7,71.0,73.5,,,,,,,,,,,,,,,,,,,,,
400869616,2016-10-23 00:00:00,2016,regular,8,False,Texas Tech,Big 12,1505.0,604.93,Oklahoma,Big 12,777.48,1890.0,59.0,66.0,-7.0,13.0,0.2801831069098243,0.2546944731547402,0.2690398352041678,0.1685738343305098,0.1188236870979136,0.2174098879042324,0.1411305603224542,0.061691548165871,0.3766999302292425,0.2888982669368565,0.3786360328967003,0.2871862073352459,0.4911567100029225,0.4721979185484264,0.4924533306379731,0.3769123953132735,0.5107045027829609,0.4911768355752665,0.509368132651675,0.4323124769127126,0.3723997936647984,0.3778347837673055,0.371536932309642,0.3289914894577646,2.7008718222644736,3.106820930748507,3.093919772561451,2.8188008582156456,1.0747738297873406,1.220186225763045,1.1701344570334604,1.0615839758700072,1.23895504006654,1.5500014306839678,1.4192042589172362,1.2311370825000938,1.2796221293637202,1.221112749306524,1.2420774396235146,1.2550662706010107,0.9469323210297392,0.9934192580017548,0.9553260068906374,0.954839370822958,1.6472235532021455,1.6061379528849686,1.6615689768699642,1.706985094403874,0.1485148514851485,0.1014851485148514,0.047029702970297,0.1354401805869074,0.1038374717832957,0.0316027088036117,0.1223404255319148,0.0718085106382978,0.050531914893617,0.1629464285714285,0.0959821428571428,0.0669642857142857,4.783783783783784,5.0,5.0,3.395348837209302,70.6,71.4,70.4,69.2,,,,,,,,,,,,,,,,,,,,,
400869645,2016-10-23 00:00:00,2016,regular,8,False,Penn State,Big Ten,1569.0,742.52,Ohio State,Big Ten,902.46,2203.0,24.0,21.0,3.0,20.0,0.1501900750557368,0.150706040996011,0.2515921414489412,0.025271910659294,0.0645924368911879,0.1421434505830613,0.2414047538166623,0.0091019445887757,0.262636399654885,0.1810643712697818,0.2611603496544402,0.1006792825413481,0.4459991743224468,0.4073448578854088,0.533286276278492,0.3683845256224262,0.4755863996003923,0.4550792546333579,0.5521887843721577,0.4295558336805333,0.3408196781115626,0.3295826447594039,0.3740144714395401,0.2954373412260107,2.6797229935201883,2.851394344040822,3.388147288504383,2.6285042512283945,1.1366810299862806,1.181668306451619,1.289230279583658,0.9761762477122335,1.412946740294163,1.5375900712339758,1.3855826409888352,1.2513471169365782,1.2075211458860782,1.2237064491099103,1.124363459003734,1.162922456223244,0.9649009827643966,1.0057459385170044,0.9384034866003614,0.9257443560124902,1.642266540777202,1.5786276668293449,1.5426950368649823,1.5775954964313432,0.1931540342298288,0.1418092909535452,0.0513447432762836,0.102127659574468,0.0531914893617021,0.0489361702127659,0.1879350348027842,0.1345707656612529,0.0533642691415313,0.2141119221411192,0.1240875912408759,0.0900243309002433,3.863636363636364,4.303571428571429,3.8846153846153846,2.292682926829268,65.7,71.6,67.5,74.6,,,,,,,,,,,,,,,,,,,,,
400868881,2016-10-29 19:30:00,2016,regular,9,False,Texas,Big 12,1586.0,838.97,Baylor,Big 12,619.18,1853.0,35.0,34.0,1.0,3.5,0.1963260316536392,0.1914050261736008,0.2060066099736317,0.0960086172774839,0.1810292313417399,0.1069072700605855,0.162690219024215,0.1172859240098681,0.2315042967066334,0.3041913253048652,0.2565354809904888,0.1060683374859427,0.4704334866842259,0.4205146193391302,0.4609714858221772,0.4120473910866422,0.5259370787157018,0.4536702107952977,0.5085598797396459,0.4546646311588428,0.3156450440650979,0.3556211973110197,0.3367763818365028,0.3172012782670097,3.0952743089499415,2.879148205189841,3.174789138935284,2.9223519228344106,1.134331683497574,1.0682018315492283,1.1482882152454477,1.0521577621289353,1.2590280116033763,1.267443432905125,1.3108676858665278,1.1877221617374938,1.1397151693184833,1.2335191363383256,1.1917253753487478,1.1526128207804895,0.9473493030976734,0.9479904366120702,0.9539176278496878,0.9284608039276728,1.5186904087144826,1.6947341940547158,1.6164743754388826,1.5678375019319664,0.1228070175438596,0.075438596491228,0.0473684210526315,0.1276102088167053,0.0719257540603248,0.0556844547563805,0.1666666666666666,0.1254681647940075,0.0411985018726591,0.1985294117647058,0.1127450980392156,0.0857843137254902,3.56,3.941176470588235,3.8222222222222224,2.5675675675675675,70.7,73.4,66.9,73.6,,,,,,,,,,,,,,,,,,,,,
400869035,2016-10-29 19:30:00,2016,regular,9,True,Georgia,SEC,1643.0,872.0,Florida,SEC,798.44,1761.0,10.0,24.0,-14.0,7.5,0.1421350107790754,0.1364372980934766,0.1596377303415299,0.0138835879674412,0.094036525637598,0.0785033257269889,0.0816433546687479,0.0524919731103994,0.2101073951622788,0.2225441282578437,0.2430543634220911,0.0437732297972969,0.4312681148914121,0.409448193368957,0.4350922590329376,0.3582352643934434,0.4826404700277283,0.4575957828197938,0.4771117704445918,0.4279326566081324,0.3269659832058991,0.3253296351166821,0.3511894856745387,0.2838569605784166,3.0437088484033388,2.7795344858387914,2.9682286582767543,2.8268926937727348,1.2247899955486992,1.0575478790635973,1.0879508461279153,1.013185380651903,1.2346077614491462,1.274342556184512,1.2300494585169757,1.228012800997509,1.1763037681396054,1.1994538252109874,1.1716897918533853,1.1983463038392388,0.9261651754175422,0.937886720385481,0.9015696747611291,0.9205379615018444,1.5865359360961386,1.597158704127557,1.5929272180139578,1.68813120057045,0.1594827586206896,0.1034482758620689,0.0560344827586206,0.1334841628959276,0.0701357466063348,0.0633484162895927,0.1861702127659574,0.101063829787234,0.0851063829787234,0.1939890710382513,0.1092896174863388,0.0846994535519125,2.5849056603773586,3.4489795918367347,3.6052631578947367,1.5882352941176472,69.7,71.3,70.6,74.2,,,,,,,,,,,,,,,,,,,,,
400869601,2016-10-29 23:00:00,2016,regular,9,False,Oklahoma,Big 12,1876.0,777.48,Kansas,Big 12,491.0,1028.0,56.0,3.0,53.0,-38.5,0.2924808445405669,0.1983315040205996,0.0270608239820407,0.1723959338157864,0.1279602703526228,0.0952385185183032,0.0415799158224752,0.1772926164116448,0.4428306072269663,0.2936982693832989,0.0699066513838338,0.1935967734019141,0.4969769656725877,0.3918415125970744,0.3587439374976259,0.4307630256203011,0.5123612740207837,0.4352856126387245,0.4231672318133553,0.4783600677897262,0.3847831392155197,0.3494191634417091,0.2857499955221858,0.336292973322646,3.0621949414399525,2.905974583086228,2.64680106479433,2.9415346136451457,1.1592078173319802,1.102594754865676,1.0033654668363774,1.299081148133041,1.503788813439619,1.2424137190066578,1.2728579200232712,1.4923453508560245,1.2653935993065708,1.2756749785203716,1.1744030871291593,1.2103848231619665,0.9519564579787247,0.9653994344787864,0.9213558886109776,1.0050794584949383,1.7006036283264054,1.6891003573167935,1.5564296345596305,1.6083552835389612,0.1307692307692307,0.0942307692307692,0.0365384615384615,0.2096774193548387,0.1313364055299539,0.0783410138248847,0.1433691756272401,0.082437275985663,0.060931899641577,0.1919831223628691,0.1329113924050632,0.0590717299578059,4.7894736842105265,1.935483870967742,3.7358490566037736,3.7586206896551726,70.5,70.1,69.2,64.1,,,,,,,,,,,,,,,,,,,,,
400869646,2016-10-29 19:30:00,2016,regular,9,False,Ohio State,Big Ten,2192.0,902.46,Northwestern,Big Ten,613.55,1579.0,24.0,20.0,4.0,-24.0,0.232754315421874,0.0174646662516282,0.1156008516646401,0.1314249913537301,0.2239715193147057,0.0177775599267954,0.0473385117974252,0.0946725498960511,0.2601435554916902,0.0848114405312348,0.221695495411602,0.1950113914474918,0.5052224350728972,0.3554856700439436,0.419899385158952,0.4166265450921895,0.5400824465723533,0.4231899887812325,0.4750159969756589,0.48554446885147,0.3569049519334959,0.288109385948145,0.3170339960935458,0.3070591534554518,3.315684474465421,2.594465725553434,2.7451331870458073,2.896309901286151,1.2773906824185732,1.014038363599891,0.9621890065044152,1.0698122685419902,1.4484683686162163,1.286258804661612,1.2778647895415085,1.2486353351131108,1.1346619721276363,1.1747917662349625,1.184256710419274,1.1634911659292593,0.9402377812290084,0.932490441609686,0.9217356002766692,0.9427160104172412,1.5661952661384275,1.5915858814437898,1.5652529249801563,1.512010540471498,0.118705035971223,0.0683453237410072,0.0503597122302158,0.1842105263157894,0.1052631578947368,0.0789473684210526,0.2144373673036093,0.1252653927813163,0.0891719745222929,0.1563169164882226,0.0920770877944325,0.0642398286937901,4.142857142857143,3.4347826086956523,2.3617021276595747,2.78,68.6,73.8,70.4,72.0,,,,,,,,,,,,,,,,,,,,,
400869043,2016-11-05 23:30:00,2016,regular,10,False,Kentucky,SEC,1467.0,652.07,Georgia,SEC,872.0,1629.0,24.0,27.0,-3.0,2.5,0.1726377403731765,0.200327977498376,0.1348879937045744,0.1276547911587087,0.139511511211022,0.1614947573295164,0.0891124835227739,0.0819141742682103,0.2198238050567364,0.2477889242198978,0.2032130223693024,0.2062080386568996,0.4340718594686522,0.4776879501861738,0.4254833477835052,0.4045832629466664,0.4992902021669497,0.5123773096950975,0.4732367085261348,0.4473497510418177,0.2976684418189778,0.3617726254179987,0.3288621682583184,0.3307030329132122,2.971025660870057,3.298219976576009,3.0046612303675597,2.775722249891673,1.1521272889243022,1.144257810941023,1.2116872282450268,1.0117535813143226,1.4573486197920658,1.1299530551813994,1.224107062954667,1.2255404504367724,1.2034481260950356,1.1400143360815855,1.1738616424411898,1.1962336530961275,0.9629420205971644,0.8828310989531155,0.9221708359026488,0.9363299735211092,1.6926247987329566,1.6045099729251155,1.583405651420887,1.6058999423109874,0.1753731343283582,0.126865671641791,0.0485074626865671,0.1666666666666666,0.1104651162790697,0.0562015503875969,0.1365935919055649,0.0809443507588532,0.0556492411467116,0.18,0.1044444444444444,0.0755555555555555,3.1041666666666665,2.672727272727273,3.507936507936508,3.5,70.2,69.2,69.9,69.9,,,,,,,,,,,,,,,,,,,,,
400869044,2016-11-06 00:00:00,2016,regular,10,False,LSU,SEC,1889.0,917.72,Alabama,SEC,982.66,2201.0,0.0,10.0,-10.0,7.0,0.2263725641766771,0.0397175187704882,0.260356551507359,-0.0356071205452031,0.1932987620190993,0.0176001967108485,0.2119849117759014,-0.0166896441614881,0.2473924016663711,0.1352369313156564,0.2942247308412269,0.0081720772212214,0.4607709268775717,0.3584917327974688,0.5000052990357563,0.3056151807758098,0.4854711967698435,0.4230679559117187,0.5408626419845814,0.3856691015968058,0.3619830624782311,0.2952076513794442,0.3547163837532048,0.2671185737315227,3.194052546103645,2.811378623135711,3.15159440105619,2.0755403454887844,1.3112109138607255,0.8911418607784347,1.2713487150170333,0.9680889537663376,2.038207515698004,0.9737947986829288,1.908420098900807,1.2659634277070348,1.2380366663417066,1.1506684752443412,1.2056113975616431,1.2336998568512287,1.0282550059885611,0.8958312558120817,0.9796226873786398,0.9806503962089022,1.6081971991219846,1.5847886104561455,1.6239202498524672,1.6222495539359936,0.1518691588785046,0.102803738317757,0.0490654205607476,0.1481481481481481,0.1094276094276094,0.0387205387205387,0.1703406813627254,0.1002004008016032,0.0701402805611222,0.2319391634980988,0.1520912547528517,0.0798479087452471,3.3333333333333335,3.869565217391304,2.2045454545454546,2.0727272727272728,71.6,73.0,67.6,72.0,,,,,,,,,,,,,,,,,,,,,
400869593,2016-11-03 23:30:00,2016,regular,10,False,Iowa State,Big 12,1415.0,552.17,Oklahoma,Big 12,777.48,1926.0,24.0,34.0,-10.0,19.5,0.1623900720381392,0.2352310074586749,0.3000489022363299,0.1787331673924686,0.1234632376569708,0.2033907498467586,0.1312832139990077,0.0911744641387131,0.2002033687271658,0.2574213634326444,0.4654399596167728,0.2666286855013631,0.4476399505512406,0.47942224324784,0.4952322910697503,0.3906743266465039,0.5008950257336892,0.5208229192173748,0.5110010756668559,0.4346827729292663,0.3219780297586889,0.3466135285378756,0.3894851542035444,0.3416515263716361,3.1600636423958512,3.062799752043267,3.0993014034087,2.8840990537902043,1.119664701313802,1.1549871396214295,1.18109830098183,1.0887550408885271,1.164029892225559,1.546977000896324,1.6062392316372982,1.2118281097973571,1.1730312017297826,1.1749077383254976,1.274321080154914,1.2637220264873483,0.901009223255686,0.9610572981978386,0.9656906665771426,0.9620500198880252,1.6028923635761705,1.5629882297018003,1.6974702176473786,1.6750075826126842,0.1604477611940298,0.0951492537313432,0.0652985074626865,0.1319796954314721,0.093062605752961,0.038917089678511,0.1473880597014925,0.0820895522388059,0.0652985074626865,0.1522435897435897,0.0897435897435897,0.0625,3.409090909090909,4.888888888888889,4.7727272727272725,3.526315789473684,72.5,71.7,70.7,70.5,,,,,,,,,,,,,,,,,,,,,
400869630,2016-11-05 16:00:00,2016,regular,10,False,Texas Tech,Big 12,1536.0,604.93,Texas,Big 12,838.97,1594.0,37.0,45.0,-8.0,4.0,0.2901055680092556,0.2609495211717011,0.1960892151837585,0.1887421035870295,0.1464471671753615,0.1833605464974956,0.1728354873776559,0.1186502807535371,0.3691250712107012,0.3425480170897189,0.2388515540272363,0.3011297988232918,0.4941974511936811,0.4731226264159167,0.4698153404783131,0.4221135146428413,0.5104830052571079,0.4950072393040297,0.5294194024423634,0.4577101939240288,0.3929616816801233,0.3877238036648432,0.3088444813754332,0.3571258727437316,2.8067759754835437,3.0474830304760614,3.1214464921272773,2.907555641110378,1.1013814203316423,1.1894659062560755,1.1456451102345535,1.1041398482608276,1.2026180421527646,1.582673009831961,1.3709396964883815,1.379540311203071,1.2827103995195368,1.2276119029430632,1.139053385929854,1.2203169219043954,0.946168491844483,0.9779358036395264,0.9410068385256234,0.937074876876906,1.6318531325758632,1.6406909619762828,1.5414616609393503,1.712009401370835,0.1289256198347107,0.0859504132231405,0.0429752066115702,0.1304347826086956,0.0838509316770186,0.046583850931677,0.1148148148148148,0.0592592592592592,0.0555555555555555,0.1753554502369668,0.1295418641390205,0.0458135860979462,4.6415094339622645,3.655172413793103,4.444444444444445,3.618181818181818,72.1,70.7,70.4,73.9,,,,,,,,,,,,,,,,,,,,,
400869647,2016-11-06 00:00:00,2016,regular,10,False,Ohio State,Big Ten,2179.0,902.46,Nebraska,Big Ten,691.61,1712.0,62.0,3.0,59.0,-15.5,0.2355812482901718,0.0322571944187879,0.1573307580744616,0.116598021340373,0.21828251034664,0.0252752678627172,0.0629623457853091,0.1153531903273263,0.2703021592396802,0.0932627643421172,0.3017072402562528,0.1324032557487615,0.5016739225587347,0.3611174480176359,0.4493196220885176,0.4190721401047736,0.533825538803577,0.4227163363781022,0.4742562122334305,0.4616904407130595,0.3623073625022871,0.2959593783413211,0.3654962062071769,0.3321708884489753,3.3003716669680863,2.57375173667836,2.7670896014562407,2.905949914089443,1.2647537778048143,1.0169740708919128,1.064720018840917,1.1034025507295848,1.489744337670871,1.3352790037714517,1.24203368851526,1.5765220410915406,1.1427469261696048,1.1882791037085652,1.196929236375866,1.1858448247283389,0.9510061139153608,0.9420063141936068,0.8914664132264021,0.9828260501587184,1.5696409625522922,1.6042211706680525,1.7239883034381849,1.5099032053324202,0.1194267515923566,0.0668789808917197,0.0525477707006369,0.159322033898305,0.0932203389830508,0.0661016949152542,0.1978021978021978,0.1153846153846153,0.0824175824175824,0.1826923076923076,0.1,0.0826923076923076,4.130434782608695,3.65625,2.519230769230769,2.803921568627451,69.1,74.0,67.1,68.9,,,,,,,,,,,,,,,,,,,,,
400868883,2016-11-12 17:00:00,2016,regular,11,False,Oklahoma,Big 12,1907.0,777.48,Baylor,Big 12,619.18,1702.0,45.0,24.0,21.0,-15.5,0.3026819319130331,0.1756571613288723,0.1886589662995668,0.1295767759512111,0.1144058430228056,0.0898039675816994,0.1705420738782621,0.1539875948388716,0.4895477003498975,0.2664712707709958,0.2210113209331078,0.1188825889993756,0.4967942873448831,0.385224060085348,0.4477790065995592,0.4259127359932322,0.5136880249462329,0.4250479116460834,0.5036738690626443,0.4716297492481898,0.3952611737884019,0.341583168552276,0.3247786574802588,0.3229487309787198,3.059149359188419,2.882261530822774,3.2061906163793976,3.0252579361911542,1.1684232933752243,1.081322366278843,1.145329564997835,1.148358218475355,1.539492532242138,1.22361608673556,1.3307822092756127,1.4408963243500987,1.2637354407897068,1.2682977946261844,1.187630972835844,1.1713041129001918,0.9482824986478025,0.9713484120224628,0.9474850687249288,0.9632076926533496,1.7056431727461758,1.6821808556972813,1.635300149213287,1.5987959357839052,0.1345291479820627,0.0941704035874439,0.0403587443946188,0.1440129449838187,0.0841423948220064,0.0598705501618122,0.1512481644640235,0.0866372980910425,0.0646108663729809,0.1829268292682926,0.1080139372822299,0.0749128919860627,4.785714285714286,3.78125,3.6333333333333337,3.1724137931034484,70.4,70.5,69.9,72.5,,,,,,,,,,,,,,,,,,,,,
400869049,2016-11-12 17:00:00,2016,regular,11,False,Alabama,SEC,2196.0,982.66,Mississippi State,SEC,679.14,1651.0,51.0,3.0,48.0,-28.5,0.259459084028927,-0.0625420032949961,0.1646845346263729,0.1704234370940996,0.2192862003430322,-0.0359917100172403,0.1674149968962207,0.055487662405616,0.2821605658209585,-0.0153730235642208,0.1598292806339482,0.3155211974021544,0.4957776753499088,0.2982109961814232,0.4365242705118167,0.4054183023067186,0.536819759559072,0.376364869606056,0.4887102633114354,0.433576794782332,0.358597598140856,0.2546747767457056,0.3217769374421264,0.3552445741995065,3.128735618681336,2.0596750987173507,3.117919781896424,2.7381828146437006,1.2960570906875228,0.9334997702925744,1.1982549004064895,0.9858740832110148,1.8855433363858445,1.1951961716177482,1.492325084647626,1.1471793175844476,1.202610537412016,1.2280542396850809,1.1760406924382771,1.238771930332789,0.9875419036773077,0.9708245441184236,0.9676985298246086,0.91457703661116,1.6247239380088063,1.6256342764884726,1.5507496239656997,1.6971468581137283,0.1581325301204819,0.1189759036144578,0.0391566265060241,0.1780366056572379,0.1064891846921797,0.0715474209650582,0.2357019064124783,0.1542461005199306,0.0814558058925476,0.166077738515901,0.1166077738515901,0.0494699646643109,3.6447368421052633,2.901639344262295,1.9655172413793105,3.64,68.0,71.7,69.5,74.8,,,,,,,,,,,,,,,,,,,,,
400869052,2016-11-12 20:30:00,2016,regular,11,False,Georgia,SEC,1624.0,872.0,Auburn,SEC,865.36,1975.0,13.0,7.0,6.0,8.0,0.1304309190006028,0.1257075221863851,0.240511552382664,0.0972057875633622,0.0813074142568519,0.0925715384771712,0.167874731557538,0.037424623795058,0.2081140675109036,0.1940441267990088,0.3437257336544057,0.1950544689010128,0.4286364193897143,0.4024804157605601,0.4891223316640894,0.3963329541438766,0.4805220008982783,0.4415761244884104,0.5161402169471154,0.4382071092137213,0.3284675440249253,0.3283483116709377,0.3689163358647677,0.3360195208236949,2.994037463229075,2.823619011358676,3.2312558004536767,2.768721931082104,1.2241824441344304,1.031140215756692,1.1748788614882135,0.9696802441680168,1.214492139022012,1.2762889747393324,1.5626204537168915,1.2570317568154332,1.159490685204419,1.187844694315171,1.1572096804119183,1.1838582057043447,0.9102339391200952,0.9377975636342316,0.9592089222064066,0.9296730456150204,1.5924440842791563,1.6028286661730506,1.659672524062216,1.5917278354935431,0.1669477234401349,0.1129848229342327,0.0539629005059021,0.1282051282051282,0.0954415954415954,0.0327635327635327,0.1725490196078431,0.1019607843137254,0.0705882352941176,0.1984615384615384,0.1076923076923077,0.0907692307692307,2.746031746031746,3.970149253731343,3.627450980392157,2.7540983606557377,70.0,69.9,72.7,72.9,,,,,,,,,,,,,,,,,,,,,
400869631,2016-11-12 17:00:00,2016,regular,11,False,Texas,Big 12,1605.0,838.97,West Virginia,Big 12,654.64,1764.0,20.0,24.0,-4.0,1.0,0.1916877182012528,0.1728184020035931,0.1897026787211359,0.1007301574700102,0.1736230573034201,0.1147375995669547,0.1353429618020238,0.0711500573588125,0.2325028334125061,0.2734771223872355,0.2571078573119568,0.171550875098019,0.4668531664700509,0.4174435947079439,0.4553266497465699,0.3907154022530116,0.529677010222242,0.4574075489652746,0.4888822577183878,0.4510030716723695,0.3088917926558676,0.3489253066886109,0.3609140693618881,0.3049787811734719,3.1555550563833563,2.914624760786406,3.087345208272966,2.9786881874789817,1.1493433118227736,1.097025414910502,1.2752944281558851,0.982705032076038,1.5084176212969291,1.4014149333689112,1.5038341010516876,1.1094769345082232,1.136835200276897,1.2023708056717757,1.1848160160599934,1.179844211502071,0.939379341558778,0.93099731814447,0.9918865654607004,0.9047647854250626,1.5310068352769008,1.6770541255451774,1.5316805093797246,1.6294473784005412,0.1335149863760218,0.0790190735694822,0.0544959128065395,0.1236363636363636,0.0818181818181818,0.0418181818181818,0.1743869209809264,0.1239782016348773,0.050408719346049,0.1308411214953271,0.0747663551401869,0.0560747663551401,3.6231884057971016,3.671875,3.7096774193548385,3.0,70.2,74.1,70.9,71.0,,,,,,,,,,,,,,,,,,,,,
400869648,2016-11-12 20:30:00,2016,regular,11,False,Maryland,Big Ten,1383.0,651.99,Ohio State,Big Ten,902.46,2296.0,3.0,62.0,-59.0,28.0,0.1796868531504095,0.1621842278768294,0.2606571831727803,0.0008255833429769,0.1689110368266307,0.1338814680714922,0.2255804762741596,0.0199771804239532,0.1910704771321124,0.2199065124124373,0.3143188151945048,0.0418612302310301,0.4402515548489242,0.4614655076758523,0.5164351671120686,0.3551425967734501,0.4755596542328303,0.5096582089024907,0.5498597518183824,0.4085365411470069,0.3453106876430385,0.3363764754866709,0.3771217021305086,0.2985925638777811,2.9512274326938335,3.194923167917147,3.3493959399289053,2.59527759646277,1.2858901285867443,1.2458943681658528,1.2691425425872145,1.0142134525319153,1.7808951477461816,1.505065257041825,1.4518241934433118,1.298669970238287,1.236953343989187,1.1703659235960282,1.1345604674842924,1.1829064661079354,1.0424640865710668,0.9288743962493292,0.9365830659301576,0.9393791564285084,1.5878616449221543,1.6306683015739876,1.560655215602304,1.5981448843943546,0.1880650994575045,0.1247739602169981,0.0632911392405063,0.1145251396648044,0.0656424581005586,0.0488826815642458,0.1400329489291598,0.0922570016474464,0.0477759472817133,0.2102649006622516,0.1158940397350993,0.0943708609271523,2.905660377358491,4.233766233766234,3.230769230769231,2.392857142857143,71.4,69.1,69.3,73.7,,,,,,,,,,,,,,,,,,,,,
400869059,2016-11-19 17:00:00,2016,regular,12,False,Georgia,SEC,1650.0,872.0,Louisiana,SEC,421.37,1251.0,35.0,21.0,14.0,-21.0,0.1151954562027822,0.1009788763145795,0.0993451491106091,0.1621812415562021,0.070597732528859,0.096227990388135,0.0773008967733052,0.0353864989419459,0.1914166449266883,0.1422596932259764,0.1641134647385801,0.3124001667180888,0.4271855228049354,0.3910149320508703,0.3984291435000847,0.4301745008063764,0.4803260663725636,0.4343086329424074,0.4499283331315102,0.4652684244271869,0.3232682169004336,0.3234901754117175,0.3243317889262155,0.335004019591674,2.942255672428732,2.8289311311952696,2.9330723096874425,2.684391489730391,1.2331785182355977,1.0118905715158306,1.0467551333621827,0.990706294571599,1.1567520348283074,1.2128272087898222,1.1626495949566404,1.043945346315006,1.1560811171789325,1.1778837412318397,1.1501079194548367,1.1895690462222142,0.9012384128100596,0.9388883584699498,0.9027566216682724,0.918664380703854,1.6008934870829052,1.580279436879978,1.6092005251386716,1.6021256311772851,0.1684053651266766,0.1132637853949329,0.0551415797317436,0.1666666666666666,0.119047619047619,0.0476190476190476,0.1740674955595026,0.1012433392539964,0.0728241563055062,0.1683168316831683,0.1148514851485148,0.0534653465346534,2.5942028985507246,2.7454545454545456,3.555555555555556,3.636363636363636,69.9,70.7,71.3,71.6,,,,,,,,,,,,,,,,,,,,,
400869603,2016-11-19 20:30:00,2016,regular,12,False,Kansas,Big 12,1007.0,491.0,Texas,Big 12,838.97,1609.0,24.0,21.0,3.0,21.0,0.0208884826618152,0.1873933326365133,0.1911075705200552,0.1652666796308571,0.0537393467935053,0.1735904626879164,0.1759962787362175,0.1038992742093303,0.0374021238309849,0.2304385409776994,0.2278333538327562,0.2671291261597962,0.3636614093177217,0.4344714940453944,0.4726606246810119,0.4098998023479795,0.4217253213666722,0.478188499490273,0.5314780369530587,0.4500876982713914,0.280280850469585,0.3494197359233789,0.3159377835935869,0.3527443624571554,2.695929392868771,2.8703244513341315,3.1583028389874004,2.872770117872045,0.993042011105605,1.335495608662001,1.1498725086339945,1.0613238970833103,1.2422800196949424,1.8145970393121087,1.5028827247245773,1.342314825752198,1.1778032337550783,1.2309604348577137,1.1268045265193167,1.2089220522805726,0.9287068645267846,1.0468345855982206,0.9327575316868184,0.9256617888607266,1.551606103584254,1.6093992773577326,1.5137276308798069,1.683973541105129,0.1840490797546012,0.1134969325153374,0.0705521472392638,0.1351674641148325,0.0789473684210526,0.0562200956937799,0.1728571428571428,0.1171428571428571,0.0557142857142857,0.1769801980198019,0.125,0.0519801980198019,2.148936170212766,3.513157894736842,3.988095238095238,3.681159420289855,70.7,65.6,69.9,73.3,,,,,,,,,,,,,,,,,,,,,
400869617,2016-11-20 01:00:00,2016,regular,12,False,West Virginia,Big 12,1760.0,654.64,Oklahoma,Big 12,777.48,1936.0,28.0,56.0,-28.0,2.5,0.1864237722803567,0.1027383336277691,0.3116221935660528,0.1758204818370072,0.1279928764624713,0.0783861663945343,0.1238295960475254,0.1072652473618544,0.2539456563794297,0.1658217645362436,0.5028466595160689,0.2520244849471166,0.4559452109914862,0.3955318309925181,0.5049282837903537,0.3836402042271167,0.4825569610138103,0.4547172966780355,0.5182857742971733,0.4207228692076652,0.3694275202923761,0.3138198293654205,0.4009047075752096,0.347600520566612,3.0541796163246504,3.003790289271822,3.069251741629432,2.92155287879475,1.2477587742316616,0.9707720673786936,1.1544365229885496,1.0747465977527817,1.4329825473882989,1.0925402499375398,1.5564376229180747,1.197098944011033,1.1924297125134933,1.1656569583408312,1.2638817055361913,1.2777218766164775,0.9919244430889576,0.8930534017064865,0.9529105930768568,0.9920834389950268,1.5371709599873575,1.6070925265858054,1.704577748051663,1.6803918810840293,0.1330128205128205,0.0881410256410256,0.0448717948717948,0.1315436241610738,0.0926174496644295,0.0389261744966442,0.1334379905808477,0.075353218210361,0.0580847723704866,0.1541450777202072,0.082901554404145,0.0712435233160621,3.647887323943662,4.907894736842105,2.9344262295081966,3.560606060606061,70.3,70.5,70.8,70.9,,,,,,,,,,,,,,,,,,,,,
400869649,2016-11-19 17:00:00,2016,regular,12,False,Michigan State,Big Ten,1661.0,719.7,Ohio State,Big Ten,902.46,2357.0,16.0,17.0,-1.0,23.5,0.1890135919722489,0.1633592657615242,0.2708401952275411,-0.0147380724931326,0.0880016093726976,0.0954612719020052,0.2324494728599447,-0.0030374686418308,0.2934214891340889,0.2611914298970389,0.3213252751277985,0.038193993280445,0.4423062482490527,0.4126812459322477,0.5279546647736595,0.3389923466251218,0.4869613793635077,0.4522952370593241,0.5617741378100026,0.3963971174126726,0.333876853218682,0.3504151884314074,0.3762340610901806,0.2903430456751121,2.959204978572113,2.645357333922461,3.3608332841208943,2.528821124299461,1.1440883694598487,0.993162254823719,1.307854673087652,0.9738601180517352,1.4167447122226855,1.3127339863845235,1.4711357185534382,1.2155647120721162,1.206826636177765,1.2161812500941078,1.131557379549846,1.181273290140607,0.9018318485065044,0.9775678135096472,0.9424421365463682,0.9403063013617476,1.6670741612750344,1.600955457858042,1.5267946508318333,1.589657664195513,0.1574074074074074,0.103395061728395,0.0540123456790123,0.1171284634760705,0.0642317380352644,0.052896725440806,0.1276595744680851,0.0769230769230769,0.0507364975450081,0.2113095238095238,0.1235119047619047,0.087797619047619,3.0,4.311111111111111,3.810344827586207,2.3620689655172415,70.7,71.6,68.1,73.9,,,,,,,,,,,,,,,,,,,,,
400869068,2016-11-26 20:30:00,2016,regular,13,False,Alabama,SEC,2267.0,982.66,Auburn,SEC,865.36,1949.0,30.0,12.0,18.0,-20.0,0.2587307843490378,-0.0854405334496067,0.2198302510375836,0.0763900034423827,0.2102512056213024,-0.0436159094938204,0.1704329858078731,0.0218626637105977,0.2972335595633983,-0.053017083286024,0.2945664599081316,0.1745328448119627,0.4968911476091421,0.2913058639207524,0.4828416065007316,0.3900811765580824,0.5370623027389427,0.3719959528222341,0.5069988449611416,0.4353082717256646,0.3592441442162896,0.2535343239984509,0.3666071856740372,0.3304143489106762,3.130634157665163,2.0483077555179454,3.2164941390241935,2.7170062287248737,1.3001391332876395,0.88462389881484,1.171105032780348,0.971552223477486,1.8771961222072908,1.1489223358540488,1.5395305049446844,1.224099184285817,1.198667713979421,1.2251759164653684,1.1478945212593863,1.180368315531683,0.9870501372326914,0.9752291167797638,0.9637835668670964,0.9218621356031412,1.6155400464388776,1.6070364503775412,1.6338315915472186,1.5973901716519543,0.1571815718157181,0.1192411924119241,0.037940379403794,0.1337748344370861,0.0966887417218543,0.0370860927152317,0.2332317073170731,0.149390243902439,0.0838414634146341,0.1964285714285714,0.1085164835164835,0.0879120879120879,3.697674418604651,3.9,1.7727272727272727,2.5970149253731343,66.7,71.0,71.7,72.9,,,,,,,,,,,,,,,,,,,,,
400869070,2016-11-26 17:00:00,2016,regular,13,False,Georgia,SEC,1646.0,872.0,Georgia Tech,SEC,582.55,1614.0,27.0,28.0,-1.0,-4.5,0.1151425477280644,0.1069340433553692,0.2079890602130261,0.2158402342720287,0.0728442675248738,0.103059390777891,0.1297191423363703,0.15610950437314,0.1948349663059319,0.1406483766826314,0.371232797158616,0.2697062914639845,0.4263498782503265,0.3973777572808216,0.4328132190729637,0.4743730000310709,0.4787857935900962,0.4397613716899871,0.4850489046521571,0.5229301276617754,0.3243760782836179,0.3252573051296977,0.3164861497530504,0.3475298203599709,2.9277323010690006,2.87557566030832,2.935571095737977,3.1173247862482465,1.2313058644031676,1.047527088114595,1.1246428279014906,1.1738396556793944,1.2666504213844605,1.2658164417886968,1.74366121122128,1.3270142944556311,1.162358465280254,1.1846656361499348,1.2665830114323124,1.1723365634954432,0.905708634210538,0.9549242853794274,1.0528771024541448,0.952713567690874,1.6182587177502676,1.576486956139796,1.8043955865877612,1.491666201661539,0.1712328767123287,0.1150684931506849,0.0561643835616438,0.1652613827993254,0.1399662731871838,0.0252951096121416,0.1690363349131121,0.0979462875197472,0.0710900473933649,0.1276595744680851,0.0808510638297872,0.0468085106382978,2.5733333333333333,3.2586206896551726,3.672413793103448,3.175675675675676,69.5,71.1,71.1,71.5,,,,,,,,,,,,,,,,,,,,,
400869650,2016-11-26 17:00:00,2016,regular,13,False,Ohio State,Big Ten,2329.0,902.46,Michigan,Big Ten,852.78,2141.0,30.0,27.0,3.0,-7.0,0.2582562847146714,-0.0111508756342684,0.2581600554785543,0.0129005088515379,0.2256634889991721,0.0116211511879121,0.1894375846592823,0.0075617087431467,0.3029583721437723,0.0276971906112875,0.3352487445320899,0.0582327971785996,0.5247330088399724,0.3374437677938731,0.4919715432062638,0.3228037704291223,0.5611208623252,0.3968853919432711,0.5167612358162484,0.3875019538947565,0.3730887759288751,0.2861583110248638,0.3713032960071152,0.2743034861265038,3.364953463729455,2.528620091097322,3.024265050603722,2.330852522120721,1.3210802914660331,0.9842580576681602,1.188211351439044,0.9755795352697084,1.4780342136047608,1.3073470378483043,1.6012663739635646,1.2946078399965513,1.1217007836475958,1.1859923942693018,1.2026731642277118,1.2263434699485438,0.9397666218251074,0.9557187721912777,0.9969160085726324,0.988104699739258,1.5170162914301524,1.597723743141667,1.619248393872273,1.625063311634688,0.1183294663573085,0.0672853828306264,0.0510440835266821,0.1466165413533834,0.0977443609022556,0.0488721804511278,0.2098765432098765,0.1234567901234567,0.0864197530864197,0.2473841554559043,0.1696562032884903,0.077727952167414,4.175257731958763,4.417582417582418,2.4098360655737703,2.0535714285714284,67.9,74.2,65.3,73.1,,,,,,,,,,,,,,,,,,,,,
400869618,2016-12-03 17:30:00,2016,regular,14,False,Oklahoma,Big 12,1991.0,777.48,Oklahoma State,Big 12,631.68,1794.0,38.0,20.0,18.0,-14.0,0.323270447645238,0.1801764960246844,0.2341662840900481,0.1777544501789243,0.1320512274026554,0.1273915176753243,0.1233749690765082,0.1208514147366009,0.5413514748524716,0.2405131973746315,0.3461578021193527,0.2482828365797494,0.510821090620544,0.3947691072959698,0.4727214223446129,0.4330381114997495,0.5250380883030908,0.4335640120612759,0.5026505987841814,0.484993108586395,0.3938244507881239,0.3472558272882121,0.3690692019004885,0.3282416769618264,3.096595188654858,2.9962796275765595,3.003449944075242,2.9912796222477396,1.1732382707661175,1.1090266068741192,1.2371217359919973,1.230644329654354,1.5554281276253614,1.3965465778175643,1.4555090454273278,1.642049036924703,1.2600518720674911,1.2724816060927246,1.254129926892146,1.1915523278033984,0.94932888433208,1.003021729630705,0.9553862113921968,0.9981915772856784,1.724690406495178,1.6700027758650031,1.6893940015822382,1.503172168845356,0.1262135922330097,0.0885922330097087,0.0376213592233009,0.1537450722733245,0.1051248357424441,0.0486202365308804,0.1543062200956937,0.0849282296650717,0.069377990430622,0.1632911392405063,0.1025316455696202,0.060759493670886,4.940476190476191,4.188888888888889,3.4594594594594597,3.803030303030303,70.5,71.1,69.3,72.3,,,,,,,,,,,,,,,,,,,,,
400926943,2016-12-03 21:00:00,2016,regular,14,True,Florida,SEC,1708.0,798.44,Alabama,SEC,982.66,2278.0,16.0,54.0,-38.0,21.5,0.1081614091510987,-0.011111729871208,0.2597511006490191,-0.0942727076264886,0.0518972518866662,0.0268416639141255,0.2106841714771872,-0.0561015610618593,0.1873553798537544,0.0223659162743486,0.3046272614604111,-0.0575702887796339,0.4229788561294402,0.3529895170183134,0.4984530054632645,0.2859489829289742,0.4678775160302519,0.4001623172597967,0.5377547013544397,0.3676624534420039,0.3375582679527094,0.3100144452690029,0.3592135658444689,0.2542807017828578,2.8995198604397197,2.7788161762467554,3.1220514883054995,1.9769238917409384,1.0324192191445951,1.0024206433930674,1.3043443557165977,0.8502418318680558,1.161838941174738,1.062449755241136,1.8773165314342544,1.068304814388718,1.147648067717239,1.200214405971872,1.190216356933769,1.219534793892864,0.8714826446876283,0.913436944698198,0.992410861193945,0.9660280743527514,1.5946304295570426,1.7111632670549757,1.599275631619998,1.623229154344265,0.1615487316421895,0.0987983978638184,0.0627503337783711,0.1605839416058394,0.1228710462287104,0.0377128953771289,0.1928057553956834,0.1194244604316546,0.0733812949640287,0.2354609929078014,0.1489361702127659,0.0865248226950354,2.8701298701298703,3.702127659574468,2.1403508771929824,1.7671232876712328,69.5,73.6,67.2,70.6,,,,,,,,,,,,,,,,,,,,,
400953404,2017-12-30 01:30:00,2017,postseason,1,True,Ohio State,Big Ten,2104.0,959.12,USC,Big Ten,934.0,1839.0,24.0,7.0,17.0,-9.5,0.2889466820492525,0.0435887646570947,0.2282796690641007,0.1242397888244863,0.2318038582505962,0.0033145205792401,0.0787167556519333,0.1025754819597602,0.3441181225124926,0.0943461888074252,0.3779685820362296,0.1505058394287398,0.5315253904284902,0.3386367325181608,0.4600337045671459,0.4011127977166849,0.5632885610675993,0.3962279968876266,0.4972245460611805,0.457044244399017,0.3778499161263524,0.2871670420132177,0.3558972017623802,0.3127963127427476,3.285042339385659,2.5093461951992833,2.9146290305048836,2.9397105266339514,1.2211502792352529,0.884964334103634,1.118252875068481,1.1507398217012,1.7700107955435112,1.1603314552031714,1.5555209966078436,1.346794456557694,1.1549661226454115,1.234928393475509,1.2483324933279607,1.2488479649446418,0.9099791677563682,1.0018856071618394,0.9588593180959352,0.956418133017517,1.5902945950275529,1.556625809474078,1.6557377134582407,1.6911057478153069,0.1195542046605876,0.07193515704154,0.0476190476190476,0.1253886010362694,0.0746113989637305,0.0507772020725388,0.2080459770114942,0.1298850574712643,0.0781609195402298,0.1845744680851063,0.0994680851063829,0.0851063829787234,4.352380952380952,3.451923076923077,2.620253164556962,3.340909090909091,70.2,69.0,70.4,70.1,,,,,,,,,,,,,,,,,,,,,
400953412,2018-01-01 22:00:00,2017,postseason,1,True,Oklahoma,Big 12,2070.0,801.67,Georgia,Big 12,930.34,2040.0,48.0,54.0,-6.0,2.5,0.3964751453455822,0.1198356129291011,0.2950497731793984,0.0207386750157396,0.2038594791318433,0.0903754745776425,0.2078802375231637,0.0181614605856392,0.588167918535602,0.1755173916244714,0.4291485677697114,0.0582729688483474,0.5497924210146523,0.3979266117306942,0.4685234805927295,0.3437324810109898,0.5674575539661362,0.4515997321165931,0.4945711193446492,0.4061862135024111,0.4062600664080246,0.3125091103704212,0.3619051401066273,0.2848989543695923,3.177954698929038,2.799429926657561,3.0826189647982174,2.808236393083816,1.309430463368498,1.0699820689606443,1.2747451860346832,0.9858769629673452,1.742409799662738,1.2139906158731169,1.7907743155019378,1.0853038785024165,1.2739603974673326,1.2424717306544817,1.2562964544423272,1.158170731192428,0.9846402799120464,1.034617216031079,1.0843526268880443,0.9055436265351612,1.707329367220876,1.6138092716610102,1.7161676400394887,1.591813933987852,0.108167770419426,0.0728476821192053,0.0353200883002207,0.1113956466069142,0.0755441741357234,0.0358514724711907,0.1358574610244989,0.0890868596881959,0.0467706013363029,0.17092866756393,0.1036339165545087,0.0672947510094212,4.564814814814815,3.88659793814433,3.4597701149425286,3.0166666666666666,68.2,70.0,67.7,71.2,,,,,,,,,,,,,,,,,,,,,
400953413,2018-01-02 02:00:00,2017,postseason,1,True,Clemson,ACC,2141.0,853.65,Alabama,ACC,997.57,2206.0,6.0,24.0,-18.0,3.5,0.2274096999014583,-0.0010156587071228,0.2644470867626904,0.0246243255361165,0.1958435154207576,0.0193538303281721,0.2624500141726613,-0.0127644778050858,0.2556852696955128,0.0082173796631223,0.2581600001437001,0.0929424602394638,0.4843134863890496,0.3368374745609824,0.4846612842583465,0.338445943924778,0.5233940219203348,0.4117302299961981,0.516470462585162,0.4028473748896968,0.326895492249191,0.2651121061493139,0.3511976331788092,0.2770223109155189,3.160495411866023,2.6005680454392923,3.344057502274203,2.621491015404803,1.1519889432419574,0.965797651539032,1.3302682135356705,0.8913787298358882,1.376161184745985,1.0544449600268262,1.667939575801083,0.9496942989288052,1.141710008036275,1.1777827175790174,1.216395411288874,1.1865264889936729,0.9712282855932644,0.9169399452010776,1.0379493244188205,0.9137951819416474,1.4425941737615957,1.6159729758534953,1.650804256577033,1.5744733449322867,0.1411378555798687,0.0919037199124726,0.049234135667396,0.1208935611038107,0.0814717477003942,0.0394218134034165,0.2236340533672172,0.1410419313850063,0.0825921219822109,0.2022471910112359,0.1179775280898876,0.0842696629213483,3.9625,3.957894736842105,2.4461538461538463,2.3125,67.0,68.7,65.4,72.6,,,,,,,,,,,,,,,,,,,,,
400953415,2018-01-09 01:00:00,2017,postseason,1,True,Georgia,SEC,2047.0,930.34,Alabama,SEC,997.57,2236.0,23.0,26.0,-3.0,3.5,0.2950497731793984,0.0207386750157396,0.2644470867626904,0.0246243255361165,0.2078802375231637,0.0181614605856392,0.2624500141726613,-0.0127644778050858,0.4291485677697114,0.0582729688483474,0.2581600001437001,0.0929424602394638,0.4685234805927295,0.3437324810109898,0.4846612842583465,0.338445943924778,0.4945711193446492,0.4061862135024111,0.516470462585162,0.4028473748896968,0.3619051401066273,0.2848989543695923,0.3511976331788092,0.2770223109155189,3.0826189647982174,2.808236393083816,3.344057502274203,2.621491015404803,1.2747451860346832,0.9858769629673452,1.3302682135356705,0.8913787298358882,1.7907743155019378,1.0853038785024165,1.667939575801083,0.9496942989288052,1.2562964544423272,1.158170731192428,1.216395411288874,1.1865264889936729,1.0843526268880443,0.9055436265351612,1.0379493244188205,0.9137951819416474,1.7161676400394887,1.591813933987852,1.650804256577033,1.5744733449322867,0.1113956466069142,0.0755441741357234,0.0358514724711907,0.1208935611038107,0.0814717477003942,0.0394218134034165,0.17092866756393,0.1036339165545087,0.0672947510094212,0.2022471910112359,0.1179775280898876,0.0842696629213483,3.88659793814433,3.957894736842105,3.0166666666666666,2.3125,67.7,71.2,65.4,72.6,,,,,,,,,,,,,,,,,,,,,
400933872,2017-10-01 01:00:00,2017,regular,5,False,Alabama,SEC,2173.0,997.57,Ole Miss,SEC,795.7,1566.0,66.0,3.0,63.0,-30.0,0.2405727336344243,0.0991814415842184,0.1706408021971525,0.1245852453909737,0.2308453694184017,0.0244805899964797,0.0649464381129338,0.05804105322699,0.2678416612031318,0.1897008023713532,0.2837673604071201,0.2178438742644738,0.5286957100736984,0.3843704954083435,0.4190375816719768,0.4143882910413131,0.5441162790504306,0.441459681997336,0.4655852590112348,0.4628108308279647,0.3473586441429406,0.3096847460720757,0.32821851519135,0.3198692656716998,3.3123467500037473,2.6191278826129984,2.8311868993384035,2.8430515207809615,1.317686690976243,0.9391029111294448,1.0319583982876692,1.119033930077839,1.540903504125717,1.0487754766154809,1.1292480597820511,1.2834078860726792,1.1670619242034077,1.1773192618778745,1.2250976397477515,1.1692867881780833,0.9624929653765516,0.8954016285169308,0.8936177415334845,0.9178701791629232,1.5967719135601992,1.549843218131572,1.6893371216537882,1.5659306931146733,0.0627177700348432,0.048780487804878,0.0139372822299651,0.1773049645390071,0.0992907801418439,0.0780141843971631,0.2116182572614107,0.0912863070539419,0.1203319502074688,0.1698113207547169,0.10062893081761,0.0691823899371069,3.6222222222222222,2.7272727272727275,2.4,3.357142857142857,62.5,72.3,71.1,70.2,,,,,,,,,,,,,,,,,,,,,
400933878,2017-09-30 19:30:00,2017,regular,5,False,Tennessee,SEC,1636.0,817.34,Georgia,SEC,930.34,1753.0,0.0,41.0,-41.0,10.0,0.1291938318457306,0.1589900173098898,0.159408824321389,0.0297910057698419,0.0694499492377801,0.1267002834048066,0.0813031367563583,0.0321979057396435,0.2050491067479554,0.2117867490016309,0.2714196853623608,0.0808451771437361,0.4347438105399979,0.4438249375701824,0.3865650975714467,0.3089129147332853,0.4634111597093905,0.5097964577638441,0.4337233144494437,0.3945901122253051,0.3500202930929204,0.3112213435073914,0.3288970874015463,0.2930471346518478,2.792736256141018,3.00357811763346,2.661794925612122,2.76084909860658,1.0996904841217885,1.0687884024612413,1.0673454675703618,0.9371946731834764,1.4055870140994318,1.4274584057551736,1.3501656462366594,1.096297271514303,1.194452507913306,1.1436309823215125,1.2288223717746494,1.1790511088690587,0.9161897575126424,0.8907279048011477,1.0420440465739629,0.9599571718700096,1.5823780148019169,1.5714358894756937,1.6050848151599122,1.5578520925434312,0.2,0.1073170731707317,0.0926829268292682,0.1398963730569948,0.0984455958549222,0.0414507772020725,0.1596244131455399,0.1032863849765258,0.056338028169014,0.1627906976744186,0.1069767441860465,0.055813953488372,2.4285714285714284,3.6333333333333337,3.928571428571429,2.9642857142857144,65.9,74.3,67.0,67.5,,,,,,,,,,,,,,,,,,,,,
400934521,2017-09-29 00:00:00,2017,regular,5,False,Iowa State,Big 12,1566.0,559.34,Texas,Big 12,811.03,1644.0,7.0,17.0,-10.0,5.0,0.2040364388532546,0.1612767097283481,0.1598233829389877,0.0585826624954707,0.1196090741425225,0.0609812898346598,0.126637275113894,0.0239815907562726,0.2919413297156041,0.2568639286708179,0.2274463061985822,0.1835252292304595,0.4420723196796222,0.4411612456420377,0.4449550289894848,0.3844501556347968,0.4953178895962535,0.4828651513064173,0.4723089282543342,0.4534109590133309,0.3238902464325609,0.320371528061212,0.3555322301838685,0.3087295775808438,2.8827423578087816,2.739445414609251,2.995869334036061,2.7600650601468644,1.1391257861895565,1.048578080530372,1.1706423208309402,1.0175034080963503,1.4341269894088855,1.2789673403771242,1.2109872698135506,1.3076347599592226,1.2104166298158856,1.2269784026853852,1.210536074039992,1.2069010724014697,0.9710239091492638,0.9238125560178052,0.9491867553968129,0.936583021345242,1.5932689375215092,1.6361656921037322,1.588017768201288,1.6082974401139698,0.136986301369863,0.0616438356164383,0.0753424657534246,0.1491935483870967,0.0967741935483871,0.0524193548387096,0.1944444444444444,0.1527777777777778,0.0416666666666666,0.1477832512315271,0.0788177339901477,0.0689655172413793,3.590909090909091,3.586206896551724,3.055555555555556,2.48,69.2,71.3,65.2,67.9,,,,,,,,,,,,,,,,,,,,,
400935369,2017-09-30 23:30:00,2017,regular,5,False,Rutgers,Big Ten,1204.0,574.78,Ohio State,Big Ten,959.12,1990.0,0.0,56.0,-56.0,28.5,0.1128055308334542,0.1251644427156337,0.2102216112432583,0.1036499237081716,0.0346691734674439,0.0186804258233045,0.1863066091091237,0.0043239137419621,0.2118723402372756,0.2640659883032042,0.2549065881371565,0.2106140812706185,0.400347956390149,0.4112792856014501,0.5248515424012339,0.3577816724057098,0.4453943585792279,0.4670117921991897,0.5400600503794201,0.4194084499554149,0.3307860204248206,0.3163712072061391,0.3742510756202434,0.311481825868687,2.764472109857243,2.7697708976242086,3.308158182901685,2.6529967100857093,1.0327867541566391,1.0601464764765818,1.3066532067318797,0.9715297709500402,1.1323767163669969,1.08576473280997,1.400770405497026,1.1759973469085687,1.160051521128971,1.1626360433739389,1.1321172779333464,1.2318061363164077,0.8808165227869402,0.8893063336731993,0.8710538979550383,0.9565388462386324,1.56733751481146,1.6127901207412958,1.526147958700713,1.6070598955672215,0.1597938144329896,0.0824742268041237,0.0773195876288659,0.0923566878980891,0.054140127388535,0.0382165605095541,0.145631067961165,0.0679611650485436,0.0776699029126213,0.2210884353741496,0.1360544217687075,0.0850340136054421,2.8461538461538463,3.8857142857142857,3.142857142857143,2.212121212121212,65.0,71.6,70.6,73.5,,,,,,,,,,,,,,,,,,,,,
400933884,2017-10-07 23:15:00,2017,regular,6,False,Texas A&M,SEC,1672.0,807.27,Alabama,SEC,997.57,2284.0,19.0,27.0,-8.0,26.5,0.170766971191517,0.1420271295394173,0.2764222809042697,0.0549186147575702,0.1634059976595927,0.0752371272926444,0.2549289226761594,0.030857902120683,0.2083859605432254,0.2127365280403678,0.298181997968569,0.1171202953560482,0.403484821750829,0.3971997125689884,0.5080542484769672,0.3682724980788705,0.4451633805748278,0.4441297314430735,0.5335262471579661,0.4365964257104019,0.3439306987928829,0.340019872514827,0.3511205184078698,0.2882374392152761,2.9052836299811866,2.763907335813024,3.3575177500447877,2.6259701740922736,1.2288278054179664,1.0890843311279972,1.330535185370093,0.9457446654939357,1.6567324165088153,1.327946490892433,1.6541779452148802,1.132242441628274,1.2298591714109537,1.248162039982743,1.1960519152252669,1.1797837394938966,1.0600069178938545,0.9665880733707864,1.0022619405124005,0.9113455901433132,1.6223862995247342,1.6372660093081546,1.6278992967304908,1.5536381054076045,0.1818181818181818,0.1034482758620689,0.0783699059561128,0.0633608815426997,0.0440771349862259,0.0192837465564738,0.2332155477031802,0.1484098939929328,0.0848056537102473,0.2289562289562289,0.1178451178451178,0.1111111111111111,3.9473684210526314,4.036363636363636,4.027777777777778,2.032258064516129,66.6,68.0,62.3,73.4,,,,,,,,,,,,,,,,,,,,,
400933885,2017-10-07 16:00:00,2017,regular,6,False,Vanderbilt,SEC,1442.0,607.68,Georgia,SEC,930.34,1860.0,14.0,45.0,-31.0,17.0,0.1323355343266475,0.143389268079239,0.1634683994271578,-0.0070564887188653,-0.0597983384569839,0.164665695800571,0.1157756152997091,0.0126467098809899,0.320835461532039,0.1397077134060028,0.2452331962291397,0.0458985800362886,0.3562705367869425,0.3987969167563684,0.4036570347415939,0.3143772141610481,0.4251825201521158,0.4700181733216116,0.4416475873907509,0.3927593011173981,0.2873599779010561,0.2960857007229115,0.3328511025857663,0.2858753323550922,2.4862159395222525,2.990738430265683,2.773212725439147,2.7534965701368104,0.8552574786291777,1.224267254231216,1.099099981127282,0.9379476802258624,0.9716319260804752,1.439807751010102,1.3582266976081143,1.1543660357469,1.2332755835205285,1.2024561826768718,1.218044010947737,1.1635027662321953,0.9145936934907324,1.020515217955148,1.0581990395320275,0.9510310144940848,1.6398136790326314,1.5540095857625855,1.6005866017514316,1.5388843075570795,0.1759259259259259,0.0833333333333333,0.0925925925925925,0.146067415730337,0.1011235955056179,0.0449438202247191,0.1752577319587628,0.1030927835051546,0.0721649484536082,0.198501872659176,0.1235955056179775,0.0749063670411985,4.538461538461538,3.658536585365854,3.8846153846153846,2.8620689655172415,70.4,70.1,65.8,68.4,,,,,,,,,,,,,,,,,,,,,
400934523,2017-10-07 16:00:00,2017,regular,6,False,Oklahoma,Big 12,1989.0,801.67,Iowa State,Big 12,559.34,1552.0,31.0,38.0,-7.0,-30.5,0.2910018114815567,0.0862872271176574,0.1768760782900215,0.1572090763966362,0.0721498053018342,0.0254915443870126,0.114425770093057,0.0538996359526834,0.4936672223620209,0.1725325524546881,0.2273222180488292,0.2586014531843003,0.5285076865507422,0.4146086818513486,0.4250530244915046,0.4154592535128237,0.5407489087301371,0.4610091557523938,0.4822498463832702,0.4726445896808582,0.3845237655048882,0.3188890397911701,0.3137983948845563,0.3079881045514927,2.880621754313844,2.721657434575831,2.8928636959958056,2.6836853228581794,1.2192863688533897,0.9747531912207316,1.1212794003154138,0.9380672613731864,1.466801999084042,1.0616623766999902,1.3992753994532092,1.2047647498583065,1.2436068966601015,1.17621507114932,1.2107055600903365,1.2206645110185406,0.900378446358902,0.9536962098033988,0.9746900976329248,0.934366154134445,1.6895724935101282,1.532043749151835,1.563272748172111,1.6298594217967133,0.1390977443609022,0.1052631578947368,0.0338345864661654,0.1619047619047619,0.0619047619047619,0.1,0.1484098939929328,0.1095406360424028,0.03886925795053,0.1838565022421524,0.1345291479820627,0.0493273542600896,4.7631578947368425,3.185185185185185,2.7096774193548385,2.88,67.9,69.3,68.8,71.6,,,,,,,,,,,,,,,,,,,,,
400934524,2017-10-07 23:00:00,2017,regular,6,False,Texas,Big 12,1658.0,811.03,Kansas State,Big 12,517.85,1733.0,40.0,34.0,6.0,-5.5,0.1471010225983308,0.016221828247619,0.1386474847321726,0.102889266536773,0.1092354738585864,0.0166839814700267,0.1264358164008289,0.0448399467479992,0.2245972746327254,0.1159455705452636,0.1929953734527318,0.1949047135327674,0.4235990366318226,0.3752745608979483,0.460942649678276,0.3919332120027465,0.4644313446317401,0.4415062201989415,0.5223292935713563,0.4371177029145922,0.3442317426384145,0.301307927459171,0.3145368707044063,0.3170784978043416,2.9230328159281727,2.7541338255675885,3.0620659829206858,2.7392579229813614,1.0654550894739678,0.9950547708911796,1.2623705122599511,0.9499033968666322,1.1343537097240424,1.2482458291763046,1.2369012093271397,1.3790132689655945,1.204332032539431,1.20648246882233,1.1266900650790137,1.2132068112129033,0.951733118423984,0.9393489961109948,0.9241048902880784,0.9628035041227808,1.5806106148037224,1.5782472193603174,1.5164331181694055,1.583297718386785,0.1529051987767584,0.0978593272171253,0.055045871559633,0.1435643564356435,0.0891089108910891,0.0544554455445544,0.1647940074906367,0.0749063670411985,0.0898876404494382,0.1944444444444444,0.1,0.0944444444444444,3.361111111111111,4.461538461538462,2.3,1.6428571428571428,66.8,67.8,60.9,67.9,,,,,,,,,,,,,,,,,,,,,
400935375,2017-10-07 20:00:00,2017,regular,6,False,Ohio State,Big Ten,2057.0,959.12,Maryland,Big Ten,696.21,1391.0,62.0,14.0,48.0,-30.0,0.2482582645357553,0.0679766098202235,0.1175113228405819,0.1574470491458715,0.2209699517840967,-0.0176868859945077,0.1018621648351668,0.1155159897032611,0.2839538475998938,0.1759055273361032,0.2299499586324658,0.2363779188175383,0.5165261167043917,0.3557015804213376,0.4530941000603992,0.431657287003269,0.5397505087778023,0.418729158340947,0.5062286544108888,0.4715657831604624,0.3758335510091402,0.2986454353293489,0.3071477385947713,0.3345049988741304,3.361795678572008,2.595517866419798,2.7683135896679207,2.840865564330484,1.3411463564278554,0.9274056489136988,1.159959011331256,1.0436676323264762,1.562590879671277,1.149430915456085,1.4892182190086514,1.3358706250174632,1.1603522674752031,1.2180790597606077,1.1907264663073178,1.2116488369218366,0.8926713917935782,0.940886782777602,0.9562523319505912,0.9686890058795252,1.575274332134584,1.5984140383032803,1.6162010728989202,1.5598732913188786,0.1023622047244094,0.0603674540682414,0.0419947506561679,0.1379310344827586,0.1034482758620689,0.0344827586206896,0.2292817679558011,0.1381215469613259,0.0911602209944751,0.1596244131455399,0.0938967136150234,0.0657276995305164,4.1395348837209305,4.3,2.0277777777777777,4.15,70.2,69.1,63.4,73.8,,,,,,,,,,,,,,,,,,,,,
400933886,2017-10-14 23:15:00,2017,regular,7,False,Alabama,SEC,2256.0,997.57,Arkansas,SEC,717.01,1474.0,41.0,9.0,32.0,-37.0,0.2609492364381877,0.0374515067526499,0.1704036154229302,0.1944777864653757,0.2366702210280555,-0.0001021486958151,0.091748773232203,0.1368857447710391,0.2897124550775108,0.0998385440329294,0.2599665374918499,0.2720342412212063,0.4906012261280573,0.3618658217389707,0.4469293823056813,0.4449317055684781,0.5126520961741384,0.4331806531750387,0.4755316545210348,0.4848223734844711,0.3600557616178015,0.2759859962369483,0.3466452194006442,0.3433326642427697,3.2901304088618817,2.6018778768645356,2.9587057059284945,3.033505127243562,1.2556486653826249,0.9020669323406268,1.0946638448069277,1.0577259379054942,1.7316635234247484,1.0648797893049882,1.257302827140632,1.303881771575703,1.1977737006922506,1.1869611086928755,1.226871025750761,1.1977736562588277,1.0221967150764006,0.8986432346768427,0.9024351989027544,0.9623752885135712,1.6161872946262337,1.5775745962211407,1.7233681136386174,1.5966738810880858,0.0883720930232558,0.0627906976744186,0.0255813953488372,0.1629629629629629,0.1111111111111111,0.0518518518518518,0.2288828337874659,0.1226158038147139,0.106267029972752,0.1535580524344569,0.0786516853932584,0.0749063670411985,3.8412698412698414,4.086956521739131,2.1621621621621623,3.407407407407407,62.7,73.2,68.4,72.1,,,,,,,,,,,,,,,,,,,,,
400933888,2017-10-14 23:30:00,2017,regular,7,False,Georgia,SEC,1897.0,930.34,Missouri,SEC,623.33,1264.0,53.0,28.0,25.0,-29.0,0.2130616436831541,0.0065858839161769,0.1955755114093571,0.2245827214315704,0.1527844136120006,0.0124230621264388,0.1171136931054079,0.1338796160973123,0.2955583142092257,0.0558586897952368,0.2834575264365389,0.3206525180211297,0.4385886141153749,0.3288543266138182,0.4355133180184353,0.4446930140332802,0.470952995020406,0.3954095855700612,0.4911238081482674,0.4813142854816646,0.3373029186853309,0.2865040518909887,0.3209965483955344,0.351032246312925,2.9391073710071285,2.705682764911413,3.05063953189966,2.8850477509855494,1.2043901608194902,0.9460337164378247,1.1915587360554745,1.0464889596042182,1.480841086027898,1.166391283792083,1.3455682421302957,1.4726093734524268,1.2197910751828325,1.1792642497400805,1.2313414224622103,1.226255152214354,1.0534673431728474,0.9653991800347148,0.9389094252504708,0.9940879266933156,1.6089852842381227,1.550196130402184,1.695133598416203,1.619429077282175,0.1369047619047619,0.0982142857142857,0.0386904761904761,0.1412103746397694,0.0749279538904899,0.0662824207492795,0.2,0.11875,0.08125,0.1201044386422976,0.0966057441253263,0.0234986945169712,3.7708333333333335,2.1904761904761907,3.03125,3.558139534883721,66.3,69.2,71.0,68.3,,,,,,,,,,,,,,,,,,,,,
400934528,2017-10-14 19:30:00,2017,regular,7,True,Texas,Big 12,1669.0,811.03,Oklahoma,Big 12,801.67,1937.0,24.0,29.0,-5.0,9.0,0.1670372341344345,0.0502279918563684,0.3119681653202761,0.1040806071686858,0.1470559737882251,0.0264442670849335,0.1064784558136721,0.0111263700128698,0.2169475352064052,0.1451619141224547,0.521715174878472,0.2352006946970011,0.45002450389511,0.3856225189781452,0.5450454799983211,0.4176052436547198,0.4880108081929925,0.4426187535305905,0.5467310137203952,0.4591733491836805,0.3506825239466773,0.3133337436181524,0.4029829975930777,0.331055174249096,2.9571444075672724,2.733325709315209,3.0194429700426944,2.6620424837298944,1.0797318021715654,1.0111234242672993,1.268874152907568,0.9715866780612776,1.1322804901808892,1.2453604548267303,1.4826769172822871,1.0200581995595852,1.1784573961452716,1.215788111527421,1.2360333800831274,1.1868460515925163,0.9638585035381524,0.940207086155882,0.91109075615662,0.9320455085622074,1.5070895211818194,1.594017017594536,1.6693676844282537,1.5942681119642108,0.1455847255369928,0.0906921241050119,0.0548926014319809,0.1313432835820895,0.0985074626865671,0.0328358208955223,0.1671732522796352,0.0851063829787234,0.0820668693009118,0.144927536231884,0.1043478260869565,0.0405797101449275,3.363636363636364,4.711111111111111,2.526315789473684,3.0,67.8,69.1,67.1,69.8,,,,,,,,,,,,,,,,,,,,,
400935381,2017-10-14 23:30:00,2017,regular,7,False,Nebraska,Big Ten,1530.0,693.46,Ohio State,Big Ten,959.12,2113.0,14.0,56.0,-42.0,24.0,0.1148546470136558,0.1477786391284772,0.2658204488167554,0.0445996868751802,0.0903396766058469,0.0957506384174101,0.2186604228665942,-0.0311043211446142,0.1838763287251372,0.2266367196554607,0.3108135698144718,0.1450669656120751,0.4277266724606712,0.4529527887964213,0.5170733930017961,0.3315542958486445,0.4659557850547143,0.4953319474741618,0.5449960476985942,0.4031961598873116,0.3363843791246628,0.3338586348846827,0.3769277776172794,0.2846202313327521,2.916378693640818,2.69901950249654,3.359188506634207,2.5149396595641575,1.1045949914338609,1.083335114861078,1.3283813135445257,0.9112141324787748,1.165006983113731,1.347472921397177,1.533566196199284,1.154000683750209,1.222546673472624,1.1415926229749591,1.156645881507908,1.2280541801886973,0.9255002113575987,0.946914319734836,0.8981455061480365,0.9704957300287468,1.6729856505340712,1.4484167775708516,1.5685654977862598,1.5970336958979416,0.2,0.1035294117647058,0.0964705882352941,0.1049250535331905,0.0642398286937901,0.0406852248394004,0.1528822055137844,0.1027568922305764,0.050125313283208,0.2422062350119904,0.1558752997601918,0.0863309352517985,3.2222222222222223,4.415094339622642,3.0526315789473686,1.951219512195122,73.0,71.8,69.2,68.9,,,,,,,,,,,,,,,,,,,,,
400933893,2017-10-21 19:30:00,2017,regular,8,False,Alabama,SEC,2258.0,997.57,Tennessee,SEC,817.34,1521.0,45.0,7.0,38.0,-36.5,0.2544850555014504,0.0343368408702257,0.0877719163488033,0.1542846288667579,0.2549184841544649,-0.022853244386826,0.062101135334312,0.1441632042956949,0.2707440371984732,0.1067832345950867,0.1380637834998083,0.1869752483938177,0.4911915809918199,0.3481019290500589,0.4202862888441207,0.4576329544354344,0.5161358812256682,0.4137444030089678,0.4520408493792219,0.5084990812934387,0.3602255973420846,0.2850429405972781,0.3405388858221724,0.3236498551866004,3.3336776124102734,2.544863504102526,2.849018126918244,3.146906655923223,1.292658749813813,0.8926799524007825,1.116312646414751,1.119939265104303,1.7644420259924731,1.020229729328482,1.4640676756503042,1.3738059652971328,1.1904202180174823,1.1991492827116914,1.1546395124734412,1.1078749491612343,1.0250858984862687,0.8968615486636864,0.9061987347066234,0.9011346831384056,1.6045570182055713,1.6074278394961672,1.5622209957976925,1.5447097083799433,0.0967741935483871,0.0685483870967741,0.0282258064516129,0.2285714285714285,0.1365079365079365,0.092063492063492,0.2318181818181818,0.1272727272727272,0.1045454545454545,0.1440677966101695,0.0988700564971751,0.0451977401129943,3.887323943661972,2.3076923076923075,2.0930232558139537,3.5,62.9,73.2,67.9,70.9,,,,,,,,,,,,,,,,,,,,,
400934534,2017-10-21 20:35:00,2017,regular,8,False,Kansas State,Big 12,1676.0,517.85,Oklahoma,Big 12,801.67,1926.0,35.0,42.0,-7.0,15.0,0.1282174029030597,0.1307667006087643,0.3133089639647967,0.1078598539858665,0.0824664841981907,0.0698832118944621,0.129239509017695,0.0172137345891687,0.1971239124349922,0.2141794783641561,0.4976889988319637,0.2121179870284264,0.4305904494161189,0.4289662044751759,0.5371703571216475,0.4049043261445795,0.4864426338074814,0.4643784993925959,0.5432209736658369,0.4510111758074975,0.3168403831556401,0.3374198005077227,0.3984637628407898,0.3251694300381208,2.911473673341757,2.735456228002399,3.058398761006381,2.701107769539024,1.1665024884519433,0.92552207809187,1.2791939072465142,0.986951654668543,1.2059134351472125,1.2019900795461382,1.457253155700061,1.0333093429882554,1.1409088900373143,1.164840116570825,1.2284002717873652,1.196279202435155,0.9312661834536424,0.95208389733613,0.9186600793723422,0.952814118248182,1.5531049917201738,1.4924789759710433,1.6759381330790524,1.5984916140265808,0.1697530864197531,0.1049382716049382,0.0648148148148148,0.128395061728395,0.0938271604938271,0.0345679012345679,0.1613832853025936,0.0864553314121037,0.0749279538904899,0.1405152224824356,0.1007025761124121,0.0398126463700234,3.8205128205128207,4.56,2.655172413793103,3.0681818181818183,63.9,69.5,67.6,70.7,,,,,,,,,,,,,,,,,,,,,
400934535,2017-10-21 16:00:00,2017,regular,8,False,Texas,Big 12,1680.0,811.03,Oklahoma State,Big 12,633.57,1946.0,10.0,13.0,-3.0,7.0,0.1635737341246806,0.0659605142631862,0.3073969354882722,0.0546275117252912,0.1723941233559687,0.0478636831072332,0.1642509162154347,0.0246941465487715,0.1899412159375167,0.1513714931465295,0.4422100143596668,0.1189584792943272,0.4441647221764981,0.390112396649912,0.482486736178048,0.3938752683645482,0.4842280985295712,0.4455140561074073,0.4827783236507432,0.442954197357324,0.3443487872117381,0.3192633268083813,0.4145180837748241,0.3259619862028734,3.027771240126489,2.766477886480958,2.973870856419203,2.417507846173818,1.0986355174050149,1.0423615549055776,1.1665314641868447,1.0418160417296944,1.1472065157850786,1.238631190338264,1.6783570143977178,1.1801030097595044,1.1845120433978469,1.2099816486635937,1.3202196937505906,1.1848161276315083,0.9746134192286012,0.9512474868151406,1.0334677338446263,0.9844611202535644,1.510170212946061,1.6024764597879664,1.7348786091635615,1.5431010875197082,0.1417165668662674,0.0898203592814371,0.0518962075848303,0.1291759465478842,0.0801781737193764,0.0489977728285077,0.1578947368421052,0.0827067669172932,0.075187969924812,0.1827956989247312,0.1139784946236559,0.0688172043010752,3.38,4.037037037037037,2.604651162790698,2.4468085106382977,69.0,69.3,72.6,69.8,,,,,,,,,,,,,,,,,,,,,
400933898,2017-10-28 19:30:00,2017,regular,9,True,Florida,SEC,1672.0,793.83,Georgia,SEC,930.34,1896.0,7.0,42.0,-35.0,13.5,0.130014247864194,0.1327174278672712,0.2381723242074724,0.0172332193191133,0.084433034113082,0.0732980865135334,0.1807871002141658,-0.0124379357194488,0.1977786756207339,0.1953908170992299,0.3289752621645285,0.0991743149706945,0.4271787555984231,0.4027078437678185,0.437720986540124,0.3242998712480053,0.4789919138517692,0.4458755789747807,0.4686329918457875,0.3910345170312531,0.3132807278832731,0.3362009903807032,0.3485484794715213,0.2885992714370763,2.8236333462172034,2.6958035058197556,2.96165384420357,2.5913860310465036,1.0670745509915411,1.1154628206013373,1.241509361196016,0.9142768599521868,1.309471146500424,1.3081774661805652,1.6335353176805056,1.128237784595162,1.1723742844044636,1.2339095090438437,1.241064675856007,1.1939526502950149,0.926487576010249,0.9817347962584042,1.0672352778809735,0.9543652770698928,1.6087541628111006,1.6717825345241648,1.6827916090646675,1.6093813631015748,0.1813333333333333,0.12,0.0613333333333333,0.1342925659472422,0.0959232613908872,0.0383693045563549,0.1761786600496278,0.1091811414392059,0.0669975186104218,0.1924119241192411,0.1111111111111111,0.08130081300813,4.24,3.9322033898305087,2.7045454545454546,3.264705882352941,72.9,69.8,66.9,69.5,,,,,,,,,,,,,,,,,,,,,
400934538,2017-10-28 16:00:00,2017,regular,9,False,Baylor,Big 12,1445.0,657.22,Texas,Big 12,811.03,1691.0,7.0,38.0,-31.0,10.0,0.1478400326724239,0.194040164438071,0.1452861430307213,0.0326678241080272,0.0896712199065628,0.1163912319671314,0.1472416186985091,0.0219899446422967,0.2168624166012579,0.2977024532014409,0.1752238130587752,0.1262941443311897,0.3775429804010389,0.4322602617567919,0.4385109518828611,0.3859529295978374,0.4283346409089929,0.4869075639980452,0.4813006937156239,0.4454992130101175,0.3117105566774144,0.3419662115070578,0.3357573800753832,0.315589484563452,2.704310094347547,2.81208335264441,2.9058596385520783,2.723390721587411,1.1249387676738096,1.12362160275225,1.0624683232750154,1.0274376953153026,1.4795176077294514,1.719868591178448,1.1178026581409135,1.144258984099598,1.3103783508010218,1.230694415056532,1.169054135314545,1.1723458536376754,1.0272504824719595,0.99022439843508,0.962238111976806,0.9395775175153316,1.7989882498157848,1.671795218246914,1.4965417028908652,1.5526251154993909,0.2127659574468085,0.1334622823984526,0.0793036750483558,0.1506129597197898,0.0963222416812609,0.0542907180385289,0.1628352490421455,0.1091954022988505,0.053639846743295,0.1591836734693877,0.0877551020408163,0.0714285714285714,2.6842105263157894,3.314814814814815,3.8666666666666663,2.489795918367347,71.3,66.8,69.7,70.4,,,,,,,,,,,,,,,,,,,,,
400934539,2017-10-29 00:00:00,2017,regular,9,False,Oklahoma,Big 12,1921.0,801.67,Texas Tech,Big 12,574.93,1537.0,49.0,27.0,22.0,-20.5,0.3287435410925338,0.1257946620775285,0.2040737368766406,0.1389554848313483,0.1512790858715142,0.0507562053115809,0.0985600539575213,0.0483046917904231,0.4944020239191139,0.220639761948451,0.304644112762265,0.2435605198867752,0.5463130698115414,0.4083884132282163,0.464591037364826,0.4414883069419704,0.5542385231096304,0.4524498948698697,0.5084181602053991,0.4841147365952334,0.403290666924408,0.3271291217923871,0.3328295985317662,0.3299851655247764,3.113788860889267,2.691989011895977,2.887673515443858,2.8899386038037527,1.329937507543705,0.995000003221251,1.026252283121885,1.0671875245676554,1.5218854831936028,1.166523111054646,1.5211043346547997,1.2913681743580776,1.2253746031339263,1.2138711540032148,1.1898694243895096,1.161569455036189,0.93358558933544,0.9885730148067596,0.934837317191504,0.9020113402745724,1.657697005827117,1.6113330397656676,1.5590656325402945,1.5304440378386848,0.125514403292181,0.088477366255144,0.037037037037037,0.1474358974358974,0.0982905982905982,0.0491452991452991,0.1428571428571428,0.1055900621118012,0.0372670807453416,0.1486199575371549,0.0743099787685774,0.0743099787685774,4.559322033898305,3.4918032786885247,3.326530612244898,4.288461538461538,66.1,69.4,68.8,70.2,,,,,,,,,,,,,,,,,,,,,
400935394,2017-10-28 19:30:00,2017,regular,9,False,Ohio State,Big Ten,2163.0,959.12,Penn State,Big Ten,779.26,2070.0,39.0,38.0,1.0,-7.0,0.2809679440820983,0.0524873764085225,0.2079399439197302,0.0580094888044384,0.2363692097335434,-0.0539096130556531,0.1230493149893568,0.061403043520395,0.3258134012618622,0.1662544397522134,0.2851654589439546,0.0964041637821513,0.5304924490389865,0.3376828182791314,0.4787505280144606,0.3567754552657601,0.5563134609558024,0.4033571280725532,0.5074404011615773,0.428143395037502,0.3836854968262545,0.287145469580741,0.3535770571887815,0.2803975467652966,3.415817017617786,2.474891384363924,2.6490427117243804,2.736231934872475,1.3152876482243427,0.8857913617371791,1.169210609311278,1.068487717126488,1.5515045731590835,1.140376820041991,1.6655943613959183,1.061996905476532,1.1558292331320217,1.2426397312763402,1.224715747950687,1.186443805750826,0.8999511105960556,0.9645498395830564,1.0035251517983916,0.9551334334904416,1.5656611400649578,1.6145152384810508,1.550721227151682,1.569062026121145,0.1012658227848101,0.0669077757685352,0.0343580470162748,0.1573896353166986,0.1170825335892514,0.0403071017274472,0.225,0.1375,0.0875,0.2071823204419889,0.1316758747697974,0.0755064456721915,4.639344262295082,3.278688524590164,1.9333333333333331,1.5121951219512195,69.9,69.6,60.9,70.9,,,,,,,,,,,,,,,,,,,,,
400933904,2017-11-05 00:00:00,2017,regular,10,False,Alabama,SEC,2279.0,997.57,LSU,SEC,907.1,1761.0,24.0,10.0,14.0,-20.5,0.2421317715999111,0.0245540268096091,0.1893904371778101,0.1413402782395065,0.2351732723320104,-0.0181611001315075,0.1439268096325332,0.1271230134731136,0.2544110901474719,0.1007163603268384,0.2629200384422829,0.1775697722821992,0.4833993111060778,0.3320734377967747,0.4664378105539272,0.4140066272537354,0.5093776371016412,0.4052496094065484,0.5202561245891888,0.4555657915331953,0.3576977719298617,0.2753821468366557,0.3108400985961141,0.3320129004081732,3.3020407998429993,2.5223366341639872,3.217605300362945,3.0687843369816967,1.296696891536434,0.8902152306085185,1.1816852625630896,1.153527294738383,1.689317991201864,1.0257265844587609,1.4531225803891314,1.3170537407039893,1.1992479086362775,1.1957675440958866,1.1543068671924956,1.1672675777804569,1.0363625283156028,0.8974182469308841,0.8915800390947016,0.9748103600159296,1.6021851992909482,1.5968692108795464,1.6878079385620102,1.5374846548381589,0.0981067125645439,0.0671256454388984,0.0309810671256454,0.1356673960612691,0.0919037199124726,0.0437636761487965,0.2350515463917525,0.134020618556701,0.1010309278350515,0.1772428884026258,0.0897155361050328,0.087527352297593,3.935897435897436,3.196078431372549,1.9148936170212767,3.116279069767442,63.9,73.0,71.3,72.0,,,,,,,,,,,,,,,,,,,,,
400933906,2017-11-04 19:30:00,2017,regular,10,False,Georgia,SEC,1960.0,930.34,South Carolina,SEC,702.52,1575.0,24.0,10.0,14.0,-23.5,0.2585907030687928,0.0214645853814968,0.1293489007800891,0.1242762988672049,0.1873608176687509,0.0117927334844281,0.046899068541697,0.0586401259975643,0.3518548619847581,0.0843450809100463,0.2281794281411564,0.2059967679134288,0.4387821563610087,0.3249158731683341,0.4092664613067712,0.4360373074264456,0.465962941276279,0.3941821753438144,0.4710758514944005,0.4875575522894106,0.35062477150991,0.2842171661659987,0.3065549134253351,0.3248704412855046,2.9656293156749243,2.681860485127015,2.8284836277934646,2.8337924588013856,1.2463883805053038,0.93794017979602,1.0146310593465069,1.048494227988096,1.8003359222462063,1.16249023651639,1.1287142938943031,1.123393471271517,1.267404965138481,1.1874798388859504,1.170586961864488,1.143803356422107,1.1095275570125809,0.9455331732117552,0.9056018721030474,0.9340154388149352,1.7090642363890378,1.6033691410562187,1.569914173724762,1.4737259607991242,0.1394335511982571,0.0980392156862745,0.0413943355119825,0.1587301587301587,0.0932539682539682,0.0654761904761904,0.1954022988505747,0.1172413793103448,0.0781609195402298,0.1675213675213675,0.0974358974358974,0.07008547008547,3.8333333333333335,3.0,3.189189189189189,2.807017543859649,67.4,69.9,68.5,71.1,,,,,,,,,,,,,,,,,,,,,
400934544,2017-11-04 20:00:00,2017,regular,10,False,Oklahoma State,Big 12,1938.0,633.57,Oklahoma,Big 12,801.67,1936.0,52.0,62.0,-10.0,-1.5,0.265186992400503,0.0317196378184255,0.3387719526874013,0.1321709070722973,0.1236305177694119,0.0083302115156216,0.184289477266812,0.0561127987398397,0.3942357260047137,0.1028365719012339,0.4744989471999746,0.2283014205645142,0.4837963429762684,0.378921030918088,0.5488472332126636,0.4062593940634509,0.4900715058512747,0.4350243967899749,0.5616210113846783,0.455149648496841,0.3990717326513817,0.3104848041668281,0.395624181750462,0.3233120263593017,2.8782293984246383,2.2220307735998825,3.1941421628642304,2.7447764323350015,1.1366419932074052,0.9678292011263248,1.3581661287738735,0.9968817011823824,1.5654687256809114,1.1179422682131477,1.5919664356036929,1.123406953890704,1.2813320519495477,1.170711970830569,1.227371519368015,1.2263702973989796,1.0283775727361752,0.96924107218733,0.9466260148770717,0.9867328620006108,1.6819659577621833,1.535810028032413,1.651698212670741,1.63654344975594,0.1473851030110935,0.0919175911251981,0.0554675118858954,0.1199294532627865,0.0811287477954144,0.0388007054673721,0.194078947368421,0.1167763157894736,0.0773026315789473,0.1374321880650994,0.0976491862567811,0.0397830018083182,3.8356164383561646,4.746268656716418,2.5357142857142856,3.339622641509434,70.9,70.7,67.5,69.3,,,,,,,,,,,,,,,,,,,,,
400934545,2017-11-04 23:15:00,2017,regular,10,False,TCU,Big 12,1816.0,672.81,Texas,Big 12,811.03,1747.0,24.0,7.0,17.0,-7.5,0.1926233595552967,0.0552319345444083,0.1340407163207266,0.0157003648331835,0.0843998630532243,-0.0162862715041735,0.1302854101158745,0.006095645338267,0.3209624330665183,0.1551824176470917,0.1689798112044638,0.1072160703719502,0.4555265804080721,0.3205468771854542,0.4362715619316959,0.379809517544777,0.4759707541699793,0.3827043847624203,0.4759137899611936,0.4387659417182147,0.3702041899230018,0.2908699177850107,0.3354773265027022,0.309673097142072,2.9018899415923047,2.3909596019846773,2.857825665261756,2.6082765328129223,1.1181398001298564,0.8979422114112416,1.0670566545579638,0.999214439804738,1.4018694294903706,1.1279293980502638,1.1690345849081265,1.075367962355255,1.1925560742508106,1.257685325290615,1.168044277346646,1.1655789050924783,0.9301236423968724,0.9689717499551244,0.9905082787459014,0.919472547167722,1.6352872316173184,1.6880924042311862,1.4569951376942885,1.5481807422596687,0.1594488188976378,0.1181102362204724,0.0413385826771653,0.1524105754276827,0.0979782270606531,0.0544323483670295,0.1913043478260869,0.108695652173913,0.0826086956521739,0.168141592920354,0.0973451327433628,0.0707964601769911,3.4827586206896552,3.230769230769231,2.7,2.5294117647058822,67.4,70.9,68.2,70.9,,,,,,,,,,,,,,,,,,,,,
400935397,2017-11-04 19:30:00,2017,regular,10,False,Iowa,Big Ten,1671.0,592.95,Ohio State,Big Ten,959.12,2161.0,55.0,24.0,31.0,21.0,0.1342674621521153,0.0752001360006972,0.2799450251552822,0.0540006104913925,-0.0211770333702691,0.0677860697275796,0.2185949120857641,-0.0420204059804973,0.319907487774746,0.1145611063370653,0.3323467118641894,0.1673126066195298,0.4088263588501043,0.418244218616899,0.5360754676335668,0.3288360756282769,0.4532513169116103,0.4653690580277127,0.5616870740702464,0.3903467257878013,0.3206647160349583,0.3251311930479008,0.3788175592849034,0.2930898951201146,2.7056965706155554,2.9316553981038673,3.432267019585789,2.384867763648426,1.0071235480820966,1.0765075933182806,1.311557518556827,0.8720214843277331,1.1505767079382392,1.197204076470598,1.5485861904730631,1.1355026391602476,1.1962129598819562,1.1364281738074469,1.1497904969158426,1.257783511366452,0.864377560112823,0.9012007777913916,0.8842449095579216,0.9888117149566124,1.6926475899192936,1.5141597497135273,1.559306359752322,1.630987242307932,0.1717557251908397,0.1221374045801526,0.049618320610687,0.1026856240126382,0.0710900473933649,0.0315955766192733,0.1770657672849915,0.0860033726812816,0.0910623946037099,0.2275229357798165,0.1449541284403669,0.0825688073394495,3.357142857142857,4.628571428571429,2.0338983050847457,2.269230769230769,68.9,69.0,69.4,69.0,,,,,,,,,,,,,,,,,,,,,
400933913,2017-11-11 20:30:00,2017,regular,11,False,Auburn,SEC,1988.0,867.43,Georgia,SEC,930.34,1957.0,40.0,17.0,23.0,2.5,0.1908213650384502,0.0250781618779691,0.2605006101856149,0.0207711821238323,0.1371404060084847,-0.0017634569546569,0.1808292083578922,0.0047423414466114,0.2576477705655052,0.089340078566333,0.3819527909624067,0.086345058730989,0.4610828679256506,0.3557096134331446,0.4415101236130646,0.3269948423597215,0.5005215395599135,0.4190026439411983,0.4654623865380487,0.3919829907142259,0.3346372021819973,0.2970430884736406,0.356937260803672,0.2867020690481512,2.955685437565875,2.673629624582379,2.97005038286794,2.7059307323114954,1.068629601727795,0.8954330174006276,1.2311308874806597,0.9383965407278444,1.4894395531399869,1.1912333891875804,1.7359373296428733,1.161285429496034,1.1826051172369123,1.1730628302062898,1.2597567500539557,1.1882896538864445,0.939442054140153,0.9071390827314612,1.094703561630316,0.943420352582212,1.6887288122378152,1.5721033890851732,1.692594727387763,1.5911626577673716,0.1557093425605536,0.1176470588235294,0.0380622837370242,0.1345794392523364,0.0934579439252336,0.0411214953271028,0.1800356506238859,0.1194295900178253,0.0606060606060606,0.2004089979550102,0.1145194274028629,0.0858895705521472,3.121212121212121,3.7945205479452055,2.3773584905660377,3.047619047619047,67.7,65.3,67.3,70.6,,,,,,,,,,,,,,,,,,,,,
400933916,2017-11-12 00:00:00,2017,regular,11,False,Mississippi State,SEC,1795.0,701.06,Alabama,SEC,997.57,2267.0,24.0,31.0,-7.0,14.5,0.1707111231121003,0.0352224995181746,0.2391188947663212,0.0173795457530659,0.2064752469669435,0.0392888355313395,0.2287932965608542,-0.0068706596064774,0.133949669440602,0.0725844793689938,0.2542481579731036,0.0785871807964336,0.4703329128411744,0.386381635303058,0.4717229480064492,0.3345563738260756,0.5107832386469225,0.4335579907894739,0.5025246253257657,0.4044287739062991,0.3317453693979739,0.3163875054866517,0.3501109702346494,0.2768540279877219,3.2964170021663146,2.8329449360455143,3.271012370766591,2.599699563906243,1.1691680796597737,1.0080148528755024,1.2785248726450071,0.8773051866094966,1.372355106886716,1.3507867535794782,1.641137057223148,1.0506352356794624,1.1321752690514917,1.1892241747097794,1.2034528895797325,1.1844543642679022,0.9537902925824888,0.9340234068735258,1.0298665144705732,0.8962254945555721,1.5109499514945397,1.6128562938291109,1.6147539671033162,1.5833324387817056,0.1306532663316583,0.0536013400335008,0.0770519262981574,0.1105919003115264,0.0716510903426791,0.0389408099688473,0.1851851851851851,0.1069958847736625,0.0781893004115226,0.2289803220035778,0.1323792486583184,0.0966010733452593,3.6984126984126986,3.987951807228915,2.3095238095238093,1.96078431372549,69.0,69.0,64.1,73.7,,,,,,,,,,,,,,,,,,,,,
400934546,2017-11-11 23:00:00,2017,regular,11,False,Texas,Big 12,1716.0,811.03,Kansas,Big 12,512.24,970.0,42.0,27.0,15.0,-32.0,0.1233491222241242,0.0061602793222401,0.0907034001188616,0.2245539213271388,0.1184342581821511,0.0105076835403223,0.066049409448735,0.0726301640861563,0.158053432196392,0.0854736237262567,0.1327572612915492,0.4242889362185242,0.430262414097324,0.3763687606161355,0.3694397565291857,0.4657366674358478,0.4746715375724873,0.4378038703027256,0.4221832916458148,0.5029604017850645,0.3246052888576553,0.3033067574392853,0.301012203473294,0.3572139217017097,2.826827214526538,2.6137999162804806,2.5403743516411077,2.7813136522539095,1.0474162622290093,0.9980826990538952,0.9921504294181912,1.1685562852276987,1.151050545602347,1.0758104224814111,1.3886070495999538,1.4209776813492236,1.1715009471518254,1.153827566967765,1.2152960425766983,1.2192288374507123,0.9787953188615406,0.9232310306562994,0.9894447195168098,0.9468353234396888,1.463358291435882,1.5355611003514733,1.5931439670183374,1.674851591575864,0.1669004207573632,0.1051893408134642,0.061711079943899,0.2016666666666666,0.1216666666666666,0.08,0.1611893583724569,0.0970266040688575,0.0641627543035993,0.1585365853658536,0.1202090592334494,0.0383275261324041,3.1,3.243243243243243,2.732142857142857,4.455882352941177,69.0,70.8,72.3,63.8,,,,,,,,,,,,,,,,,,,,,
400934550,2017-11-12 01:00:00,2017,regular,11,False,Oklahoma,Big 12,1957.0,801.67,TCU,Big 12,672.81,1847.0,38.0,20.0,18.0,-6.0,0.3743498017777579,0.1368291123975276,0.1916642505463364,0.0421494886762126,0.1925133890312358,0.0788509160653793,0.0933631270037461,-0.0233089168680818,0.5361399293899917,0.2133442445098508,0.3122752347826596,0.1357674517720683,0.5514090506814364,0.4027899838044445,0.4515765881965501,0.3147777767263691,0.5630042613736651,0.4536626147365045,0.4740969033192875,0.3824408995388626,0.4057890465419632,0.3231060001979149,0.3640375255630599,0.2797976125428915,3.2100301810346568,2.8189676459446495,2.8932430001618634,2.409113589248735,1.3477662667562793,1.02872918854189,1.1087458512752129,0.8947769403606622,1.6338735646824487,1.1955015456698928,1.396293887937552,1.1160947170353783,1.255641295356913,1.248302730869448,1.1829476196414626,1.2646630510692207,0.9497645689253724,0.9959881069217382,0.9355154578300704,0.9577379401380234,1.703841976019329,1.660620168228001,1.6209703072824868,1.7041237431870957,0.1213063763608087,0.0839813374805598,0.0373250388802488,0.1529209621993127,0.1151202749140893,0.0378006872852233,0.1419656786271451,0.0920436817472698,0.0499219968798752,0.2056603773584905,0.1169811320754717,0.0886792452830188,4.5394736842105265,3.587301587301587,3.634920634920635,2.555555555555556,68.3,69.6,67.7,71.5,,,,,,,,,,,,,,,,,,,,,
400935407,2017-11-11 17:00:00,2017,regular,11,False,Ohio State,Big Ten,2005.0,959.12,Michigan State,Big Ten,680.94,1651.0,48.0,3.0,45.0,-17.5,0.2780837081791896,0.0736581510546358,0.140315055954882,0.0662253898941276,0.2194646226803636,-0.0126827236920329,-0.0257801766668048,-0.0379352784006679,0.3298011179322602,0.1811216970913691,0.3202187170813687,0.1878172586559468,0.5411399343518771,0.3495000194840965,0.4371761566581039,0.3684096803170729,0.569461178522935,0.40699755375484,0.4514974779724205,0.4120818790403189,0.3774719666181842,0.3000969241283278,0.3660810452010173,0.3254871260679012,3.3944549858285913,2.4916687887674387,2.6395406885134887,2.5711735124363235,1.2913755681745065,0.8967727764307099,0.9731338719563688,0.8851296248704994,1.5419786829659274,1.2539106983491215,1.3973948725302463,1.0377502138854122,1.136450323086914,1.242425544508868,1.1958078809450905,1.1944205277446276,0.8817060600342437,0.9917703491893808,0.8929519996757096,0.9204190357165836,1.5394938618024951,1.590112288799725,1.6184968975220888,1.575720344526622,0.1117478510028653,0.0687679083094555,0.0429799426934097,0.1595900439238653,0.1068814055636896,0.0527086383601757,0.2123176661264181,0.1345218800648298,0.0777957860615883,0.1720067453625632,0.1062394603709949,0.0657672849915683,4.371794871794871,3.0,2.721311475409836,2.9019607843137254,69.7,69.0,69.8,71.5,,,,,,,,,,,,,,,,,,,,,
400933925,2017-11-18 20:30:00,2017,regular,12,False,Georgia,SEC,1904.0,930.34,Kentucky,SEC,671.45,1490.0,42.0,13.0,29.0,-23.5,0.2540025508921539,0.0401790476132408,0.1373668705014141,0.1836722852129258,0.1644986050013269,0.0251383366769324,0.0611787383302488,0.1004455374092386,0.3746295036702093,0.0993548142672933,0.243168603893099,0.2483012652777494,0.4394933861085623,0.3434202759319367,0.4341010365241315,0.4547632746161911,0.4669080472603369,0.407388136560239,0.4753799353173463,0.5087029196065053,0.3484722763133402,0.2911432495338683,0.3321130760516619,0.3226066224487781,2.9359156265385655,2.8060594891360866,2.8030722378028345,2.930227734230001,1.192982411107225,0.984481317652718,1.0454430673157349,1.0735451805983989,1.6536806325093978,1.1472342532276654,1.361331495182417,1.1979308246115616,1.2648379811710295,1.1744117477925708,1.1873597476245692,1.17493967937569,1.085770082657749,0.9223852432784424,0.9938574922659994,0.9223500840448204,1.7085666455167052,1.5980601199415356,1.5464398442948055,1.5328750563526865,0.1206030150753768,0.083752093802345,0.0368509212730318,0.1629502572898799,0.1132075471698113,0.0497427101200686,0.1737588652482269,0.0992907801418439,0.0744680851063829,0.1598746081504702,0.0987460815047022,0.061128526645768,3.769230769230769,3.53125,3.142857142857143,3.078125,67.2,70.6,66.7,66.4,,,,,,,,,,,,,,,,,,,,,
400934553,2017-11-18 20:30:00,2017,regular,12,False,Kansas,Big 12,996.0,512.24,Oklahoma,Big 12,801.67,1987.0,3.0,41.0,-38.0,39.5,0.0897138132726685,0.218726000281541,0.3775008996565318,0.143153002168959,0.0652969354866749,0.0735468106217269,0.184918013557776,0.0971915547882073,0.1279541526034737,0.409821322958294,0.5490421802479213,0.2038115516588665,0.3745308699511769,0.4530175584954387,0.5500875234956752,0.4038427407939273,0.4245373176698171,0.492544742709734,0.5643355184816229,0.4608226640356856,0.30273637733212,0.3515193831890341,0.4018015342091592,0.3147900404950045,2.55771972313037,2.751403696486564,3.177213280415602,2.8965693573450744,0.9958147464847906,1.1244636138076174,1.3139393312601515,1.0677783864624928,1.3689965482385442,1.3827840409645742,1.6585152288933398,1.1774972199494504,1.2140510338045425,1.2334690432873443,1.26641635068528,1.2552829010116269,0.979615546095585,0.9587802205225188,0.9622619307657164,0.9949415628466208,1.597244347996652,1.6931642985327815,1.7140541492602686,1.680657659042371,0.2091310751104565,0.1296023564064801,0.0795287187039764,0.1095505617977528,0.0758426966292134,0.0337078651685393,0.160741885625966,0.1205564142194745,0.0401854714064915,0.1296296296296296,0.084045584045584,0.0455840455840455,3.340909090909091,4.559523809523809,4.298701298701299,3.5211267605633805,71.8,64.0,69.0,69.8,,,,,,,,,,,,,,,,,,,,,
400934554,2017-11-18 17:00:00,2017,regular,12,False,West Virginia,Big 12,1700.0,613.18,Texas,Big 12,811.03,1690.0,14.0,28.0,-14.0,-3.0,0.2303047441852744,0.150477472141941,0.1156792797701613,0.0007335072405579,0.0774140538903137,0.1405760189972715,0.11873116469124,0.0085938317352333,0.3526469828956263,0.1908239122720077,0.1406062059277017,0.0772893210860578,0.4645761852516513,0.4042712637740913,0.4208002043356419,0.3806116853913141,0.5185240452714848,0.4565360120581908,0.4651937741450088,0.4389061939154082,0.3130038541327619,0.321603884629952,0.3215938756836565,0.305138971734338,3.0644463403180264,2.9695311295199622,2.8085043460124393,2.616919329289192,1.0773451031048311,1.1417561242473713,1.013804816478475,1.000183005785305,1.2012825707358696,1.5443450804711505,1.1188230378500583,1.0530226601774475,1.2311783523852695,1.2285110897721323,1.1828540389226272,1.1487046004755002,0.909549865794111,1.037517209484672,0.9913740667854696,0.9109891877517128,1.624756185350693,1.6336286930796264,1.4736205693582425,1.535659268789252,0.1589595375722543,0.0751445086705202,0.0838150289017341,0.1679389312977099,0.1068702290076335,0.0610687022900763,0.1745689655172413,0.098419540229885,0.0761494252873563,0.1727019498607242,0.107242339832869,0.0654596100278551,3.935483870967742,3.1012658227848102,3.3733333333333335,2.857142857142857,69.4,68.8,68.6,70.6,,,,,,,,,,,,,,,,,,,,,
400935414,2017-11-18 20:30:00,2017,regular,12,False,Ohio State,Big Ten,2091.0,959.12,Illinois,Big Ten,538.83,1257.0,52.0,14.0,38.0,-41.0,0.2879649485425932,0.0589502868874121,0.0811988248672724,0.1765000109860192,0.2406483295410015,0.0145587157500175,0.0644581124608823,0.118427533620957,0.3259759699396508,0.1271885207849336,0.1254786054649781,0.2522156146250578,0.5450471297127499,0.3454313945178319,0.4004159824453562,0.4563710681021792,0.5735431969457058,0.4039371683463347,0.448720144340511,0.4904860298024506,0.3806694787643443,0.2951641016644979,0.3165127697211969,0.3497274082695073,3.4086883137581987,2.5321911018940333,2.6931770271710302,3.074674088074817,1.3056726434521968,0.915637482120879,1.0996245046245292,1.196220409459266,1.6581745758174211,1.247407149120672,1.140948405822178,1.247069745499079,1.1386483464495678,1.2304828510680592,1.178480974840735,1.153659624540374,0.9013290191231854,1.0017168918072352,0.925547187482312,0.9169739295086567,1.535497524258461,1.5575300917905432,1.5979610829684858,1.6098788369488382,0.1124183006535947,0.0666666666666666,0.0457516339869281,0.2393026941362916,0.1458003169572107,0.0935023771790808,0.2125181950509461,0.1353711790393013,0.0771470160116448,0.1422764227642276,0.0921409214092141,0.0501355013550135,4.380952380952381,2.5283018867924527,2.515151515151515,3.445945945945946,69.9,69.7,68.9,67.1,,,,,,,,,,,,,,,,,,,,,
400933932,2017-11-25 20:30:00,2017,regular,13,False,Auburn,SEC,2030.0,867.43,Alabama,SEC,997.57,2247.0,26.0,14.0,12.0,5.0,0.2128939094965819,0.0040256810004754,0.262201300067641,0.0260584767576947,0.1551631917208557,-0.012042496029573,0.2467596246378679,-0.00281477375328,0.2736567462464493,0.0534509002688093,0.2780179395204483,0.0875013007530208,0.476935878456962,0.3469244853327468,0.4834588887270672,0.3381640371984805,0.5156732382288977,0.4112088932949869,0.516355653654399,0.4074318378208761,0.3370310899234881,0.2879674272692127,0.3486635003012202,0.2742432918366974,3.0650694897812785,2.6308575004608965,3.3159223159932116,2.6122517784005197,1.116467481668566,0.8751475442527796,1.3127472479958704,0.8959873106862505,1.5209443415522748,1.110315188462114,1.660946381490595,1.0006344238036844,1.1778459047005394,1.184879293313002,1.2122752043522438,1.1856612220103415,0.9393472127574548,0.9045326715524352,1.0273837686189935,0.9085785511523788,1.6905003542410544,1.594580401538984,1.6500207712785002,1.5867914458942458,0.1337931034482758,0.0993103448275862,0.0344827586206896,0.12,0.08,0.04,0.1685714285714285,0.11,0.0585714285714285,0.2148499210110584,0.1232227488151658,0.0916271721958925,3.2435897435897436,4.067415730337078,2.5,2.1379310344827585,68.5,66.4,65.3,73.3,,,,,,,,,,,,,,,,,,,,,
400933934,2017-11-25 17:00:00,2017,regular,13,False,Georgia Tech,ACC,1636.0,574.35,Georgia,ACC,930.34,1934.0,7.0,38.0,-31.0,11.5,0.1935412493473145,0.1213580391384892,0.2749593065683501,0.0395491024931865,0.1951723845919968,0.0891082560445336,0.1965631501219999,0.0278549992953122,0.1943891780961685,0.1815510505140181,0.3876314576803092,0.0891480023236387,0.4750881627254834,0.4262687825760998,0.4526098277584884,0.3530488716650754,0.504052193076942,0.484209947384995,0.4770593040422474,0.414373699729075,0.3401377038576174,0.3144968178027838,0.3582722333571585,0.2931450918213891,3.126135528655672,2.943685300221824,3.029794562165949,2.8026093153854323,1.094143964007943,1.1061910440637983,1.247521264421496,0.9925890440874718,1.675876997760563,1.2603534946753585,1.7815909974096145,1.141288070337695,1.1526287137362836,1.1268507068112774,1.264636838382882,1.1628263234215033,0.9583787552615288,0.9087906138981896,1.095167170987281,0.9150694988166252,1.839261180348132,1.5258738810312351,1.700714442662042,1.5927127042075366,0.1479374110953058,0.1180654338549075,0.0298719772403982,0.116030534351145,0.0778625954198473,0.0381679389312977,0.148036253776435,0.0891238670694864,0.0589123867069486,0.168,0.096,0.072,4.195652173913044,3.9166666666666665,3.225806451612903,3.150943396226415,66.8,67.0,67.6,70.5,,,,,,,,,,,,,,,,,,,,,
400934557,2017-11-25 01:00:00,2017,regular,13,False,Texas,Big 12,1723.0,811.03,Texas Tech,Big 12,574.93,1503.0,23.0,27.0,-4.0,-7.5,0.1164283177731952,0.0055081860758581,0.185702808583992,0.1612972125870653,0.1210722489593326,-0.0019549318641147,0.0772070617941797,0.0767579070632869,0.1383985097721368,0.0871767788728905,0.2824772216039147,0.2631131073285611,0.422175528754331,0.3799159211007369,0.4655824978698589,0.4467735951907485,0.4711638990613719,0.4394657930602917,0.5088287815694357,0.4897964698054785,0.3134350757760711,0.3018727353254579,0.3316195268667542,0.3381793545573092,2.8185808914400865,2.576449841157545,2.970068649485013,2.859229800358841,1.0409444873396685,0.9965995076391758,1.0472840365860403,1.0765614797899006,1.147089953683577,1.0354613060443738,1.3503836784887804,1.4020800419299002,1.1898713072056637,1.1484277394640408,1.1704432441402817,1.1617191094614998,0.9897364845274552,0.8992358044970712,0.8842562756370165,0.9177788316722864,1.4923464633582524,1.5406790169305018,1.5475292610843443,1.5190401504831004,0.1649122807017544,0.1029239766081871,0.0619883040935672,0.1394736842105263,0.0907894736842105,0.0486842105263157,0.173076923076923,0.1076923076923077,0.0653846153846153,0.1450777202072538,0.0764248704663212,0.0686528497409326,3.057471264367816,3.2738095238095237,2.791044776119403,4.132530120481928,68.7,71.1,69.7,71.4,,,,,,,,,,,,,,,,,,,,,
400934560,2017-11-25 20:45:00,2017,regular,13,False,Oklahoma,Big 12,1983.0,801.67,West Virginia,Big 12,613.18,1667.0,59.0,31.0,28.0,-23.0,0.3679837281475374,0.1250261372250391,0.2315855172200977,0.1504921293845704,0.1824147164041766,0.0775012732343285,0.0705867909854458,0.1451292991455515,0.5398480300061249,0.1900631428962194,0.3567285168076913,0.1848647017541577,0.5425388731603696,0.3968926630719125,0.4611323049925018,0.405963083841724,0.5594564721558387,0.454654171229555,0.5175253897947558,0.4640043675219203,0.4017855114118921,0.3086634247772323,0.308434262674825,0.3128129463478902,3.1644508088596903,2.8140364421963446,3.005654116399563,2.9848686944223877,1.3003858807419513,1.045231585221018,1.0656842095861023,1.1727476710287166,1.6194242914538943,1.137111536156609,1.177120390802774,1.5767157878627924,1.2621182212578927,1.2429394327062968,1.2314015123963298,1.2354885216412266,0.9561811208877312,0.9914056477169968,0.9003149645070396,1.038534687218013,1.7071188397031003,1.6548712511636228,1.6270064965295832,1.650479010401018,0.1121019108280254,0.0764331210191082,0.0356687898089171,0.1604774535809018,0.0782493368700265,0.0822281167108753,0.1348167539267015,0.087696335078534,0.0471204188481675,0.1705882352941176,0.0947712418300653,0.0758169934640522,4.608695652173913,3.803030303030303,3.4657534246575343,3.301204819277108,68.6,69.6,70.1,68.9,,,,,,,,,,,,,,,,,,,,,
400935420,2017-11-25 17:00:00,2017,regular,13,False,Michigan,Big Ten,1839.0,874.28,Ohio State,Big Ten,959.12,2102.0,20.0,31.0,-11.0,12.5,0.1282280997593156,0.0188141116889931,0.2797897381103558,0.0544517029636587,0.1343176202736659,0.03230569093267,0.2318938308886562,0.0074987810195769,0.1434922567641452,0.0365867419883713,0.3297571383922276,0.1198919467372812,0.4179993798819624,0.3204010684031469,0.5401692180909258,0.3378542913794378,0.4561471971066089,0.3910443992935123,0.5731310163873856,0.3979184104699583,0.3300699453007263,0.2670640329277647,0.3768644185015052,0.2888511443992099,2.9014687621319677,2.492835386211061,3.3665203483863397,2.528241415118182,1.127883729460459,0.9762357886098264,1.2647797163892829,0.9162086762428756,1.6332399473613268,1.4492789643962725,1.7075746843984203,1.2371608034797263,1.2134853502072578,1.2317088134998118,1.133433107604295,1.2291774816192091,1.01159249203768,0.9998149757574916,0.8887890636517165,1.0061810846530426,1.6482291961801354,1.642298263279002,1.5491550593051786,1.5531634495965754,0.1628532974427994,0.1211305518169582,0.0417227456258411,0.1137162954279015,0.0668229777256741,0.0468933177022274,0.2417168674698795,0.1694277108433735,0.072289156626506,0.2153635116598079,0.1358024691358024,0.0795610425240054,3.028169014084507,4.489130434782608,2.6440677966101696,2.5441176470588234,66.0,70.8,69.4,70.5,,,,,,,,,,,,,,,,,,,,,
400955153,2017-12-02 21:00:00,2017,regular,14,True,Auburn,SEC,2071.0,867.43,Georgia,SEC,930.34,1984.0,7.0,28.0,-21.0,1.5,0.2186828758991914,-0.0020084854921946,0.2932451681997602,0.0285337783386895,0.1477050894377528,0.0103326882181803,0.2010081735969748,0.0243483165206588,0.2925232052102682,0.0338866935916236,0.4121813179928097,0.0819921162049324,0.4788608857372334,0.3483378433741663,0.4672511172188308,0.3452617693804772,0.5132053370185736,0.4122188908330763,0.4902817398938502,0.403733813488867,0.3450883394162287,0.2847594588092016,0.3676864095398823,0.2923730620226797,3.0688858486969424,2.6866496376736935,3.084772716206671,2.767386604284683,1.1203814224837438,0.8986584957481271,1.261645129635547,0.9740035910071672,1.4634794466869474,1.1162700540853654,1.7492844399564262,1.1180282532618753,1.1749484931944605,1.188836736211141,1.2583578794158148,1.172435920012701,0.941555206840024,0.9179636106367932,1.0838647005862962,0.9285709827503424,1.6746625661224734,1.589677872950466,1.7122167434548816,1.604068739226571,0.1305970149253731,0.0970149253731343,0.0335820895522388,0.1117318435754189,0.0754189944134078,0.0363128491620111,0.1655716162943495,0.1090670170827858,0.0565045992115637,0.1705882352941176,0.1,0.0705882352941176,3.297619047619047,3.966666666666667,2.484848484848485,3.107142857142857,68.0,66.5,67.6,70.9,,,,,,,,,,,,,,,,,,,,,
400955156,2017-12-03 01:00:00,2017,regular,14,True,Wisconsin,Big Ten,2027.0,639.76,Ohio State,Big Ten,959.12,2103.0,21.0,27.0,-6.0,3.5,0.2188123473091866,0.0081800524438095,0.2910104800490987,0.0504725824234892,0.1206127197254121,0.0369655181519484,0.2241103298542397,0.0147512852758057,0.382249359657614,0.0418316494291247,0.3449352574959915,0.1144535920696215,0.469974967221568,0.351409090133528,0.5377940274450121,0.3387523848196168,0.4857740721379338,0.4098693510065718,0.5677907049961002,0.3956293018425718,0.3831569952691294,0.2873556281919915,0.3854628131901682,0.2881480087260021,3.0490400539613187,2.7890559171940636,3.310043099889257,2.5235647189714414,1.156378008267525,0.9596591692331884,1.2615046750762384,0.9215124599056632,1.5195770863980669,0.9998600985970184,1.708421062487206,1.2072722209776046,1.2000723904333883,1.1724946352766945,1.1487169440060965,1.243683711405047,0.9376667937355966,0.913307763880655,0.903457752810758,1.0124986887559564,1.75965865142217,1.6110849406855308,1.5723261571136844,1.5752930262584228,0.1396063960639606,0.0891758917589175,0.050430504305043,0.1199563794983642,0.0730643402399127,0.0468920392584514,0.2402777777777777,0.1319444444444444,0.1083333333333333,0.2125786163522012,0.1345911949685534,0.0779874213836478,4.010869565217392,4.44,1.8412698412698416,2.6575342465753424,65.6,70.8,69.6,70.5,,,,,,,,,,,,,,,,,,,,,
400955157,2017-12-02 17:30:00,2017,regular,14,True,Oklahoma,Big 12,2020.0,801.67,TCU,Big 12,672.81,1860.0,41.0,17.0,24.0,-7.5,0.3930769572829755,0.1278313340735916,0.1890218653245722,0.0301172449317251,0.1966215059928797,0.105160388097342,0.1051203995449907,-0.0249774949886823,0.5613535102705554,0.1808826472238393,0.2996086874326618,0.1337255626283528,0.5504058964684551,0.3955479113337445,0.4507555654335147,0.3271553955512168,0.5667870608049049,0.4496558776914022,0.4785655224273211,0.3915058854462871,0.4102687444790657,0.3108046482684493,0.3604571408953157,0.2775426096702104,3.170195981026096,2.834054881423028,2.857735774308655,2.4704174738930837,1.311620600681505,1.0739187023054058,1.131152246677152,0.913552060703282,1.7481756889767543,1.233214048388199,1.3973285452868447,1.170087323088131,1.2712819423383226,1.250679055403269,1.187023890993982,1.2519014965350062,0.9796099603186196,1.02885721041634,0.9400403726363455,0.937517433611614,1.7036625319664287,1.6531153250037012,1.6392000118723262,1.7027939999203934,0.107398568019093,0.0727923627684964,0.0346062052505966,0.1505791505791505,0.1171171171171171,0.0334620334620334,0.1327751196172248,0.0873205741626794,0.0454545454545454,0.1873315363881401,0.1078167115902965,0.0795148247978436,4.683168316831683,3.5454545454545454,3.506172839506173,2.3484848484848486,68.1,69.8,67.9,72.5,,,,,,,,,,,,,,,,,,,,,
401032085,2019-01-01 22:00:00,2018,postseason,1,True,Ohio State,Big Ten,2018.0,984.3,Washington,Big Ten,772.88,1861.0,28.0,23.0,5.0,-6.5,0.2714723567473738,0.1348047492828372,0.2024177040213526,0.0768351061908287,0.0855665654835752,0.1173892425726551,0.1100399292529358,0.0359265723330639,0.4558955558607476,0.1820107018004582,0.334099633596732,0.1447167853274172,0.5093028523797566,0.3943954865877341,0.4685356686293762,0.3910404892784932,0.5318685943359409,0.4545858975089918,0.5204670489320945,0.4513855828713439,0.3906207681484366,0.300959085390093,0.3379155570495403,0.3051660109935232,2.954527305453373,2.5452743099130117,2.8861664358681525,2.8594882111577915,1.0825555282987065,1.1680981029742916,1.1102811397095431,0.9284682411867904,1.1236962507324166,2.01116677204295,1.3017814240733774,0.9360388153138264,1.1928786212189997,1.2698796412101805,1.17735255090823,1.132758261735936,0.9058934789169784,1.101909812796095,0.9234764627277532,0.9325026842702374,1.5643026323298934,1.563497772956714,1.6766050616557824,1.4498919105387054,0.1152398871119473,0.0747883349012229,0.0404515522107243,0.1491336633663366,0.0996287128712871,0.0495049504950495,0.1985458612975391,0.1258389261744966,0.0727069351230425,0.1421383647798742,0.0767295597484276,0.0654088050314465,3.946428571428571,3.2021276595744683,3.158536585365854,2.958904109589041,68.9,75.2,70.8,71.1,,,,,,,,,,,,,,,,,,,,,
401032086,2019-01-02 01:45:00,2018,postseason,1,True,Georgia,SEC,2035.0,964.0,Texas,SEC,861.2,1742.0,21.0,28.0,-7.0,-13.0,0.330580657319413,0.0523829013429395,0.2038938027176133,0.1329702898201115,0.223542519326918,0.0569034641166855,0.1050679300398584,0.0565100687093779,0.4644716407506162,0.1013075125467765,0.3150240162252526,0.2335098262078351,0.5242434793962811,0.3958942257673656,0.4577916905176228,0.4249034973295363,0.547072347743259,0.451748888107782,0.4961357997375765,0.4718426485555711,0.384146454035992,0.316404823938074,0.3467063920360408,0.3339923863465836,3.198026331806462,2.718271102889495,2.9798964073701977,2.7255772443971886,1.359494697142194,1.031780538888833,1.0504129261056985,1.0212931642776906,1.8729771452026496,1.1532065595809555,0.8769012385997785,1.101441828459223,1.2216870501109722,1.14256862073216,1.171757269030714,1.1839700170486216,1.0073403198007274,0.94779454196852,0.9209441551642684,0.8953648781791965,1.6394608069249277,1.4601678075551112,1.5517087516650598,1.6287940497734246,0.1312883435582822,0.0920245398773006,0.0392638036809816,0.1323076923076923,0.0851282051282051,0.0471794871794871,0.1640826873385013,0.0956072351421188,0.0684754521963824,0.1825568797399783,0.1229685807150595,0.0595882990249187,4.311111111111111,4.127659574468085,3.246376811594203,3.783132530120482,71.0,71.7,71.3,71.4,,,,,,,,,,,,,,,,,,,,,
401012292,2018-09-29 16:00:00,2018,regular,5,False,Alabama,SEC,2237.0,978.54,Louisiana,SEC,376.68,1168.0,56.0,14.0,42.0,-49.0,0.2804300578084954,0.0524220713243733,0.1767727262357,0.2485969800673673,0.119200621636929,0.0720027798989962,0.1098856643261617,0.1810006592941638,0.4622696842625728,0.0680573732702615,0.2601710800385511,0.3217815696076566,0.5052620461634216,0.3366508808687021,0.4137657353985469,0.5076392258515057,0.5276905488725115,0.3979196455617982,0.4363101412340323,0.5401697335112201,0.3476856927198844,0.3140506215978857,0.3433635530931132,0.3421926686398482,3.073748828547048,2.663316864918708,2.79321487988898,3.15397965738495,1.183072165094491,1.085576583748824,1.1226453884208072,1.2533288539662093,1.2586684129797376,1.3819007598156774,1.589083357831678,1.4334381535755651,1.2450028289720665,1.2523276677853707,1.273531816121229,1.2353843557474125,0.9355476502457556,1.0287922969427958,1.0145232675779186,0.9960630938614824,1.735528169302512,1.5640596089270629,1.6739260981787816,1.6476584741712654,0.111913357400722,0.0830324909747292,0.0288808664259927,0.2110091743119266,0.1651376146788991,0.0458715596330275,0.2153024911032028,0.1049822064056939,0.1103202846975089,0.1059602649006622,0.0927152317880794,0.0132450331125827,4.6521739130434785,3.466666666666667,2.914285714285714,4.7407407407407405,67.5,74.3,71.4,71.4,,,,,,,,,,,,,,,,,,,,,
401012295,2018-09-29 19:30:00,2018,regular,5,False,Georgia,SEC,1962.0,964.0,Tennessee,SEC,826.98,1346.0,38.0,12.0,26.0,-30.0,0.2282820961958473,0.0469557503764109,0.1331041580720124,0.1834169155269439,0.1289767654074725,0.0261399089502962,0.0899778103706703,0.0934855314368135,0.3680070173135777,0.127591373195896,0.2145533686885197,0.294746414440142,0.4700039458384324,0.4163644152223562,0.4139384776333961,0.4066221490894478,0.5066332739394749,0.4843599335464776,0.4661625134055093,0.4719586377068085,0.3333319748464555,0.3156123642707519,0.3247956162996401,0.322539730231109,2.9303438051730635,2.57728797138826,2.741083770615534,2.948560638811686,1.1941063383713937,1.0190659749696285,1.0731253607699345,1.059715365045213,1.5743333084248274,1.0129183552860666,1.451695083165545,1.339979221425281,1.2305361783461828,1.140969275516671,1.1959262662424313,1.23548354812817,0.9880215442102188,0.913330154764602,0.9680089810370188,0.9855159350168377,1.6494356798872256,1.4583920495885296,1.5850344260704945,1.623511343628491,0.1134020618556701,0.0876288659793814,0.0257731958762886,0.2085308056872037,0.1563981042654028,0.0521327014218009,0.1666666666666666,0.0675675675675675,0.0990990990990991,0.1437125748502994,0.1137724550898203,0.029940119760479,4.074074074074074,3.1875,2.636363636363636,3.823529411764706,71.7,70.1,70.7,72.7,,,,,,,,,,,,,,,,,,,,,
401013030,2018-09-29 19:30:00,2018,regular,5,False,Oklahoma,Big 12,1982.0,843.79,Baylor,Big 12,668.37,1487.0,66.0,33.0,33.0,-22.5,0.2766779016309397,0.1721613462775428,0.189667307060702,0.1538315132778597,0.1530101456734422,0.1193141092478987,0.1138097112946355,0.1207486442773506,0.4118198616751053,0.2453488912123856,0.2676974458981924,0.1958750360625435,0.4958669980813986,0.454997456355118,0.4511112789339638,0.411727324343863,0.5135012478419938,0.5108198247926904,0.4724255068927246,0.4654499017132748,0.3575969068355009,0.316698665893562,0.3488099667402166,0.3224006064027233,3.210236162022958,2.887408151764623,2.8339765913564996,2.8115031939616384,1.4033996485958458,0.9950544025340602,1.1981534971461223,1.1064949058892692,1.70074509395268,0.9926286790623458,1.1998739446873483,1.6619057608304242,1.2899662341932252,1.220367820242449,1.2264822611395658,1.2306150620386551,1.000857543584699,0.9669474213881732,0.9516101660075114,0.9842107737948672,1.7424110183771095,1.6517881139321384,1.6430317504616785,1.631439587651589,0.1275720164609053,0.0823045267489712,0.0452674897119341,0.1735159817351598,0.1278538812785388,0.045662100456621,0.157190635451505,0.1103678929765886,0.0468227424749163,0.1614583333333333,0.0885416666666666,0.0729166666666666,4.696969696969697,4.0,3.6774193548387095,3.2272727272727275,70.7,72.4,72.2,73.1,,,,,,,,,,,,,,,,,,,,,
401013060,2018-09-29 19:30:00,2018,regular,5,False,Kansas State,Big 12,1533.0,547.43,Texas,Big 12,861.2,1726.0,14.0,19.0,-5.0,8.5,0.1191057643783337,0.1938135564366109,0.1593291986941173,0.1382696708306672,0.0559160193403393,0.110810490319453,0.0737735617093626,0.0484416617852733,0.2206871037074018,0.2872135664963509,0.264663020322861,0.259522153574623,0.4066469546956107,0.4689992896288229,0.4469437820352157,0.3818017795544591,0.4651555310016568,0.5060531369073857,0.4941560655967104,0.438389495192646,0.3180235616567791,0.3421084241013087,0.3246794219433566,0.3186883333183069,2.740529889642178,3.1522845680054963,2.854933186396105,2.5189978122453245,1.0894686922519707,1.1744896782968095,1.0637609131326269,0.9836562780973608,1.1448248307305946,1.5046805625016426,0.9727144826328232,1.1358727969177622,1.2074469450005938,1.2162499097781072,1.1956884646330437,1.241408958305955,0.9578771478854474,0.946167945915623,0.9274666405040668,0.9884321303799588,1.629300076484254,1.6300645304088834,1.6255279847773318,1.6525105529646509,0.1968085106382978,0.1702127659574468,0.026595744680851,0.1585760517799352,0.0938511326860841,0.0647249190938511,0.1127450980392156,0.0392156862745098,0.0735294117647058,0.1919014084507042,0.1144366197183098,0.0774647887323943,2.5294117647058822,3.7222222222222223,3.136363636363636,3.533333333333333,71.8,69.6,69.5,69.2,,,,,,,,,,,,,,,,,,,,,
401013347,2018-09-29 23:30:00,2018,regular,5,False,Penn State,Big Ten,2076.0,834.24,Ohio State,Big Ten,984.3,2064.0,26.0,27.0,-1.0,3.5,0.2518992988087279,0.1188060035838204,0.2746288448394922,0.1191371717025377,0.2255857381206878,0.0940673352966247,0.1395117538950685,0.0642883782073049,0.2832174924436311,0.1712886942419592,0.4199881175672384,0.2008365697152128,0.4903015391577767,0.3883227848690548,0.5231444199781636,0.3793366673893096,0.5169828287460814,0.4467313955846047,0.5275345982139835,0.4268845412884795,0.3544303216751746,0.3108812540202366,0.3699374206234864,0.3197495331669849,3.248132806638276,2.7808466373484095,3.066294261465983,2.473125584404567,1.365581994790912,1.1792877477234267,1.1448840975342391,1.0516261808939893,1.7549420023068187,1.33087501099347,1.3531855609749663,1.761119362453242,1.2373505543831502,1.2288843247806291,1.2304067258326876,1.2810958119955689,1.0178907538907114,0.992237284439087,0.9640530162497628,1.0635846826436302,1.6116518046442485,1.6281328532711683,1.6223409172806205,1.606045586335859,0.1333333333333333,0.087719298245614,0.0456140350877193,0.0952380952380952,0.0666666666666666,0.0285714285714285,0.2194719471947194,0.1468646864686468,0.0726072607260726,0.2269230769230769,0.1538461538461538,0.073076923076923,5.17948717948718,5.151515151515151,3.068965517241379,1.9615384615384617,65.9,74.2,68.7,76.4,,,,,,,,,,,,,,,,,,,,,
401012300,2018-10-06 16:00:00,2018,regular,6,False,Arkansas,SEC,1345.0,694.63,Alabama,SEC,978.54,2235.0,31.0,65.0,-34.0,35.0,0.1223646592396917,0.0972264854981609,0.3031355351715847,0.0609830981319533,0.1242764058314343,0.0640330539123187,0.1324591446014321,0.0979304653634723,0.1219500976998511,0.1466246951295562,0.5348917352986573,0.043297384878401,0.3945695641357269,0.4042485990160951,0.506594408469984,0.3486304930178748,0.4489530600468479,0.4624209928785313,0.5294162057086419,0.4158143908027349,0.3117914074187239,0.3187581198526769,0.3539752992139739,0.3091711787521641,2.9364113792657425,2.81009025328298,3.1589060740855657,2.808789494987994,1.1006955516627608,1.0202503478555265,1.222119828679589,1.086745857516211,1.4856347538084256,1.0765404565061925,1.1884629706344876,1.3661119804735753,1.196957666378314,1.156553557399029,1.2430189451297842,1.251891093627477,0.9813911391092568,0.9493900717101884,0.9251647915197686,1.0259587497575675,1.555559805730184,1.5095274056715335,1.761742698434721,1.5735979276611674,0.2186379928315412,0.1146953405017921,0.1039426523297491,0.1061946902654867,0.0766961651917404,0.0294985250737463,0.1857638888888889,0.109375,0.0763888888888889,0.2138643067846607,0.1047197640117994,0.1091445427728613,1.9545454545454544,4.611111111111111,3.34375,3.0526315789473686,75.1,66.0,67.0,74.5,,,,,,,,,,,,,,,,,,,,,
401012302,2018-10-06 23:30:00,2018,regular,6,False,Georgia,SEC,1965.0,964.0,Vanderbilt,SEC,611.99,1505.0,41.0,13.0,28.0,-26.5,0.238550123107304,0.0550642352119078,0.1612204925169845,0.1496506036314306,0.1412630450569686,0.0337744504217908,0.0758188546401306,0.0952437796084083,0.3808762984366571,0.1335834158904461,0.2791650696927207,0.2419082074000751,0.4806403767724874,0.4234461170846648,0.4468534853895998,0.4384867605602721,0.5147320732728033,0.48184346204216,0.496897643023818,0.4866869648449363,0.3346373850960988,0.3211845410303952,0.3227891052470129,0.329846579932767,2.9722394917239585,2.640580461180514,2.8815930020952014,3.060357953094047,1.2163767374057228,1.0276056372715692,1.1602363906070086,1.1980851929642815,1.4893468323207777,0.9728975648795496,1.234499836569179,1.224134823667351,1.2217212981284986,1.144020419398187,1.2007632082794748,1.1401955794930383,0.9911918422753968,0.911135132919072,0.9342703840878844,0.9200287409526609,1.611493516934654,1.4684616990673394,1.6205731002881998,1.547759405622732,0.1115241635687732,0.0929368029739776,0.0185873605947955,0.2058823529411764,0.125,0.0808823529411764,0.1753731343283582,0.0820895522388059,0.0932835820895522,0.1564625850340136,0.1054421768707483,0.0510204081632653,4.484848484848484,3.4375,2.769230769230769,3.176470588235294,71.7,70.7,72.2,72.7,,,,,,,,,,,,,,,,,,,,,
401012855,2018-10-06 20:00:00,2018,regular,6,False,Ohio State,Big Ten,2066.0,984.3,Indiana,Big Ten,564.04,1535.0,49.0,26.0,23.0,-27.0,0.2595443323747903,0.1032720374338457,0.1460747839704997,0.1460465134493453,0.1215399409716152,0.0683568731335542,0.0505645849236582,0.103727077831501,0.4217886121341809,0.1695251573375391,0.2732557549241394,0.1993401827609381,0.5037649351124162,0.3576561695885233,0.4580101558636272,0.4074464409692064,0.5265568672525723,0.4242715830648025,0.4934934806017292,0.4556456604316254,0.3558115304044379,0.306633008102231,0.33908303614154,0.3240482916981416,2.9522851842921525,2.4682105283574027,2.955730308060993,2.786652279275025,1.101270846154019,1.0901357484053222,1.0623261331451723,1.05511383092429,1.238003660398034,1.703555806390897,1.241708273440086,1.494320888018588,1.222194679793401,1.2943481997034478,1.1473356819500695,1.249888789665079,0.961798166586825,1.0748831550917457,0.916235278806392,1.0193788802895165,1.5901519563556832,1.6227147743689423,1.486490011797847,1.5896818778550033,0.0997442455242966,0.0664961636828644,0.0332480818414322,0.1362467866323907,0.0745501285347043,0.0616966580976863,0.2291666666666666,0.1577380952380952,0.0714285714285714,0.1969230769230769,0.1292307692307692,0.0676923076923076,4.658536585365853,3.323529411764706,2.088235294117647,3.103448275862069,69.2,75.7,71.5,73.8,,,,,,,,,,,,,,,,,,,,,
401013067,2018-10-06 16:00:00,2018,regular,6,True,Oklahoma,Big 12,2014.0,843.79,Texas,Big 12,861.2,1722.0,45.0,48.0,-3.0,-7.0,0.317589051756777,0.1831066988486814,0.1632288900589361,0.1300855537146133,0.1531758204908917,0.1205149056522395,0.0679442770235203,0.0620546133310124,0.5156914009527394,0.2662799832003585,0.2864312264769044,0.2375689632403018,0.4956977811515475,0.4466713355190842,0.4561798703197396,0.3798977821776613,0.51333990756754,0.5152469425605507,0.5061064301242114,0.4245135260506599,0.3588826460617237,0.3159885172779755,0.3271768553492888,0.3245661007064112,3.1759102940313935,2.8684356503152375,2.758180738538819,2.5736235907170797,1.3971315216676536,0.948799976097726,1.0659088165865622,0.972686235578194,1.763453469415038,0.9461377349293436,0.9360241425455716,1.0695962891001376,1.330972260260275,1.2173368513896812,1.1703482200711797,1.244051691397938,1.0166083114391462,0.962757645050301,0.926902955860158,0.9935716454777308,1.802654129575356,1.6234025421613036,1.540055375165419,1.6413374945940524,0.125,0.0844594594594594,0.0405405405405405,0.1511936339522546,0.0954907161803713,0.0557029177718832,0.1571072319201995,0.1047381546134663,0.0523690773067331,0.1824712643678161,0.1135057471264367,0.0689655172413793,4.948717948717949,3.6,3.625,3.636363636363636,69.4,72.7,70.3,69.9,,,,,,,,,,,,,,,,,,,,,
401012307,2018-10-13 23:00:00,2018,regular,7,False,Alabama,SEC,2231.0,978.54,Missouri,SEC,595.14,1661.0,39.0,10.0,29.0,-28.5,0.3507248094495744,0.048809878318854,0.1919512848965564,0.1464364824855932,0.1573833129236511,0.0803853378932536,0.1208127878042508,-0.0012379997957514,0.5982107568639699,0.0514471950614671,0.2908372918843485,0.3257367914302621,0.5245180088467918,0.3619640924763086,0.4839519293858212,0.3850093680109485,0.532291563695045,0.4228547464706781,0.5166837968735684,0.4484539637142585,0.3788405599752957,0.3160733776952662,0.3452645693779598,0.3250630916544996,3.2088498627487474,2.8193078426084424,2.785095852417126,2.491956435207962,1.254186685786493,1.0869624473456636,1.140630669404472,0.935634890504707,1.2625424897440771,1.3445787330418888,1.4197665169952407,1.045178610302596,1.257202273278136,1.2332604570635592,1.175441823570014,1.264477095840249,0.9334129108170612,0.9880711167746006,0.9367940336916036,0.975181358962162,1.7636406608599082,1.5837288996267191,1.5809086458085244,1.6936602746307203,0.1052631578947368,0.0726817042606516,0.0325814536340852,0.1396648044692737,0.0586592178770949,0.0810055865921787,0.2153284671532846,0.1131386861313868,0.1021897810218978,0.1549295774647887,0.1056338028169014,0.0492957746478873,4.590163934426229,3.4318181818181817,3.340909090909091,3.3421052631578947,67.3,73.7,70.5,71.7,,,,,,,,,,,,,,,,,,,,,
401012310,2018-10-13 19:30:00,2018,regular,7,False,LSU,SEC,1811.0,889.91,Georgia,SEC,964.0,1988.0,36.0,16.0,20.0,7.0,0.1749028169641092,0.1203198716764627,0.2788146682998739,0.0499424147002751,0.1101986112811783,0.0753489104942941,0.1658070420941751,0.0190422397149419,0.2663978280605297,0.1838820990113634,0.4135297865687617,0.1431819806617317,0.4510469020595907,0.3925423585411941,0.5077086701068247,0.42162737749907,0.4818836562942569,0.4573377561980656,0.5277693160243911,0.476560065978045,0.3348452387953182,0.3160222232040636,0.3480881355840881,0.3247346357368371,2.883928136101871,2.934792647091524,3.03104061142467,2.632782094945421,1.0226603657859203,1.0756551869807498,1.2660769165994523,1.0193899902513277,1.265146895974294,0.9622410693755244,1.5354712675302422,1.0310965101964702,1.1735456304742604,1.2003741268805097,1.229978483303182,1.1423797574196428,0.9498799233543332,0.9458771057318516,0.98487712012328,0.913602441720688,1.6110355059126231,1.583028536520917,1.6257983486428065,1.487406899441816,0.1746031746031746,0.1031746031746031,0.0714285714285714,0.1130952380952381,0.0892857142857142,0.0238095238095238,0.1685714285714285,0.0714285714285714,0.0971428571428571,0.1793313069908814,0.0851063829787234,0.094224924012158,3.577777777777778,4.55,3.75,2.5757575757575757,68.6,74.3,72.7,71.2,,,,,,,,,,,,,,,,,,,,,
401013032,2018-10-13 19:30:00,2018,regular,7,False,Texas,Big 12,1737.0,861.2,Baylor,Big 12,668.37,1457.0,23.0,17.0,6.0,-14.0,0.1901189046463944,0.1510410152986201,0.2062705290655681,0.2325555725290571,0.0831352778113108,0.079477999343951,0.1601911704043263,0.1883168429384081,0.3100269715009682,0.2548131527300251,0.2461760648579311,0.2733454322510437,0.4577408051829248,0.3973802346166985,0.4675641737875946,0.4340100788936881,0.5048518309709759,0.4470390009490197,0.5034218143485385,0.4761601456794559,0.328403193432809,0.3253811219647313,0.3519684458009864,0.3358818365124631,2.8227326833610875,2.6353010281684477,2.947280973415571,2.8857740789589164,1.0745848806763654,1.0214068998568633,1.1895821806051918,1.1801224625339923,0.9519774351843328,1.1258693739548478,1.2833790341265106,2.192059151869437,1.1797154574058968,1.241659362002169,1.194333337412479,1.301450789685353,0.9439030040387322,0.9924853717578198,0.952517937843378,1.0643199559158911,1.540671430207278,1.632636669341634,1.564533028900948,1.6561157924410248,0.1343612334801762,0.0859030837004405,0.0484581497797356,0.1630695443645084,0.1151079136690647,0.0479616306954436,0.1859605911330049,0.1194581280788177,0.0665024630541872,0.1666666666666666,0.1013071895424836,0.065359477124183,3.9183673469387754,3.7551020408163263,3.973684210526316,3.823529411764706,70.1,70.1,71.8,71.5,,,,,,,,,,,,,,,,,,,,,
401013331,2018-10-13 16:00:00,2018,regular,7,False,Ohio State,Big Ten,2070.0,984.3,Minnesota,Big Ten,588.97,1490.0,30.0,14.0,16.0,-29.5,0.2767335569934611,0.0991575299109059,0.1312962891276114,0.1512942029585108,0.1077282671734419,0.0589774879533518,0.1149948076392023,0.1127379837060945,0.4573006383102603,0.1589739347075143,0.1495391389439767,0.2043864139898646,0.5046815902088413,0.3559806118019299,0.4171058543644025,0.4022439193579152,0.5269518793775527,0.4291139427765842,0.4727290067289937,0.4432509406513112,0.3621341085255243,0.2993776264571333,0.3188908705839167,0.3256973133692982,2.951546312793762,2.4377100855635128,2.983755168233697,2.7524501305674702,1.0580750082835677,1.1043567801901362,1.0211976921852648,1.0752810140810511,1.098276064169483,1.765429345378258,1.1354424380551678,1.5444248505836655,1.228600014775013,1.2949717137120331,1.2156507522102686,1.2635142661443617,0.9564861246335395,1.0759225523850922,0.951890323943515,1.0444702956215592,1.6014701379387333,1.614329818005156,1.6470911944959397,1.582662569554245,0.0933609958506224,0.0622406639004149,0.0311203319502074,0.1788617886178861,0.1056910569105691,0.073170731707317,0.2352941176470588,0.1495098039215686,0.0857843137254902,0.1666666666666666,0.1018518518518518,0.0648148148148148,4.66,3.7906976744186047,2.3333333333333335,2.484848484848485,69.1,74.6,70.3,73.4,,,,,,,,,,,,,,,,,,,,,
401012318,2018-10-20 19:30:00,2018,regular,8,False,Tennessee,SEC,1394.0,826.98,Alabama,SEC,978.54,2245.0,21.0,58.0,-37.0,29.0,0.1516331833348677,0.188974291447726,0.3350248719296834,0.0301615983888035,0.041661521994082,0.1215756763880246,0.1494247700720358,0.0668917064037993,0.304845792605851,0.2753307655309858,0.5927182824955551,0.0304275799020639,0.4278250760275772,0.4200224039584862,0.5257880706057555,0.3433059467281861,0.4567757392370533,0.4760957596136472,0.5376698470461847,0.4051284273124161,0.3400449513738908,0.3272889365930308,0.3765233057507406,0.3105512018752374,2.64737155760516,3.029492279194947,3.240391655930362,2.7983478209889356,1.032126822682291,1.0692507532796018,1.2649060467725235,1.069942855659043,1.3642463943398444,1.2148337413853465,1.1807727805746289,1.3137391281186142,1.2261238673005617,1.2261336497979642,1.2390411834329715,1.237261021355913,0.9591224771283254,0.9920669335050076,0.911202231644016,0.9942676307385244,1.6590902578045286,1.5958633847818575,1.7658069588870664,1.5936104927651158,0.2042682926829268,0.1524390243902439,0.0518292682926829,0.1090146750524109,0.0754716981132075,0.0335429769392033,0.1362229102167182,0.1052631578947368,0.0309597523219814,0.2150423728813559,0.1175847457627118,0.097457627118644,2.793103448275862,4.428571428571429,4.0,3.2291666666666665,70.0,73.4,67.2,73.6,,,,,,,,,,,,,,,,,,,,,
401013068,2018-10-20 16:00:00,2018,regular,8,False,TCU,Big 12,1704.0,671.88,Oklahoma,Big 12,843.79,1999.0,27.0,52.0,-25.0,8.0,0.0907097562925906,0.1074125382903291,0.3564745952549232,0.1881843683724675,0.0843479714842594,0.0637559729923879,0.1922687271732026,0.1268803931515901,0.1261721195333143,0.1980486096334434,0.5330923656732687,0.2667038432341571,0.4315881103401734,0.3889694233425462,0.5170210443960864,0.4375453455994525,0.4934215288493262,0.4498550539961604,0.5366059992521174,0.5121877918961982,0.3100840313449602,0.3183377277989333,0.365746994743794,0.312874766424321,2.99005744285987,2.742061914151553,3.3176039052840904,2.913856501597637,1.0904258306600674,1.0728397187233096,1.4539743637031686,0.9425789262320518,1.2484421987163692,1.2266486293397063,1.8993980390182597,0.9227527434041702,1.1791443334469167,1.204477318841223,1.3256690939260634,1.216184970972012,0.96450324680757,0.9574864190605582,1.0213822086166986,0.973483499960662,1.5433894190922968,1.6122249499527523,1.7669234284945894,1.5920493075881363,0.195710455764075,0.1179624664879356,0.0777479892761394,0.1384180790960452,0.096045197740113,0.0423728813559322,0.1472222222222222,0.0944444444444444,0.0527777777777777,0.1401673640167364,0.0941422594142259,0.0460251046025104,2.4054054054054053,5.090909090909091,2.6451612903225805,3.938775510204082,68.5,71.1,69.7,72.1,,,,,,,,,,,,,,,,,,,,,
401013348,2018-10-20 23:30:00,2018,regular,8,False,Purdue,Big Ten,1686.0,520.48,Ohio State,Big Ten,984.3,2057.0,49.0,20.0,29.0,12.5,0.2079617837894274,0.1624136496448428,0.2748932959260752,0.1105808896333001,0.1279458553864236,0.1304529180466365,0.0980338212090965,0.068370108176745,0.2839091228973468,0.2143976064938309,0.4561274135102889,0.1673502244932205,0.440829333930694,0.4311957683379576,0.5057809632951902,0.375634602494471,0.4672155598003578,0.4884123563400586,0.5332168160997522,0.4384166225623256,0.3508465156197988,0.3243168599331887,0.3618418475922124,0.3053702853217581,2.894923770831775,2.9462026849138097,2.9553810678943586,2.5172997757782216,1.1595446644563268,1.124536030258107,1.0586107176897896,1.1480038498487275,1.871551608866567,1.3342624649620285,1.0524287905677685,1.8017868867018592,1.2485233704322556,1.2117727326970555,1.2232696761136752,1.285604219763343,1.0231178463870434,0.9876908245222552,0.950473775849929,1.0780882868003163,1.6041289967433334,1.5782295808273368,1.5922175224930395,1.604018484645217,0.1540178571428571,0.0982142857142857,0.0558035714285714,0.1087344028520499,0.071301247771836,0.0374331550802139,0.1557562076749435,0.09255079006772,0.0632054176072234,0.2375809935205183,0.1447084233261339,0.0928725701943844,3.9318181818181817,4.491228070175438,3.577777777777778,2.3333333333333335,71.8,70.7,69.7,74.8,,,,,,,,,,,,,,,,,,,,,
401012320,2018-10-27 19:30:00,2018,regular,9,True,Georgia,SEC,1922.0,964.0,Florida,SEC,831.78,1691.0,36.0,17.0,19.0,-7.0,0.2652955419225486,0.0577694430525257,0.211269725048618,0.0959782130759161,0.1571975742607531,0.0547860515667802,0.1671174804750116,0.0815287346711715,0.3863190132174665,0.1184820048214504,0.265649257759637,0.1304539003279803,0.4999038655927305,0.4122063247234508,0.4812979268647093,0.3851530143078024,0.5268190528790258,0.4687339907886272,0.5042787532435059,0.4302966833271924,0.3467102624378115,0.3211355854672958,0.348238497925834,0.3280017732181988,3.0476951071447713,2.7099552436580066,3.086671918459213,2.7170998385472664,1.28054922609737,1.0454128795874442,1.144292020486173,1.0648005019969249,1.5482873862623756,1.1951245399525452,1.5413498388461666,1.4941501035992908,1.227125412724688,1.1356277459725048,1.1925728281798456,1.203344208427383,0.9812585610351476,0.9327155152508698,0.9790889046794728,0.9432488180261592,1.6187164478147995,1.477314453012985,1.594096436788199,1.6403544234823235,0.1296758104738154,0.0947630922693266,0.0349127182044887,0.137844611528822,0.0802005012531328,0.0576441102756892,0.1614457831325301,0.0795180722891566,0.0819277108433735,0.2057416267942583,0.1291866028708134,0.0765550239234449,4.4222222222222225,4.146341463414634,2.951219512195122,2.4054054054054053,72.8,70.8,68.0,74.2,,,,,,,,,,,,,,,,,,,,,
401013062,2018-10-27 19:30:00,2018,regular,9,False,Oklahoma,Big 12,2032.0,843.79,Kansas State,Big 12,547.43,1603.0,51.0,14.0,37.0,-24.0,0.3696123870201251,0.1813560226609113,0.1522051676081757,0.1777667997828936,0.2035408738151087,0.1157799324273998,0.1566612178468435,0.1244463643472949,0.5462589759120559,0.2627414691090488,0.1650118299098173,0.2388138219531616,0.5182927775396535,0.4280885817487391,0.4277219658863716,0.4806575798133562,0.5433668387387722,0.5042500598652451,0.4586786731970242,0.5304006050833081,0.3629270138725631,0.3055415431988341,0.3393640845310315,0.3417571566905123,3.333795500029589,2.9380148354719693,3.0672959523196095,3.0411291418341126,1.495760366465832,0.9400225255345416,1.2134001149066316,1.1868813641464042,1.977216927165805,0.893191190711609,1.4256316399239883,1.5440749310036637,1.32661778946903,1.2108321742593382,1.2246319140145463,1.1662263300096924,1.0383370023265834,0.967482547878184,1.0281934314390968,0.947861834182168,1.754181024243506,1.5978726154403973,1.588188359203603,1.5060980504593933,0.1334894613583138,0.0889929742388758,0.0444964871194379,0.1662404092071611,0.1355498721227621,0.0306905370843989,0.1439252336448598,0.0915887850467289,0.0523364485981308,0.1270207852193995,0.0715935334872979,0.0554272517321016,5.111111111111111,3.303030303030303,3.814814814814815,3.1463414634146343,70.1,71.4,72.0,70.1,,,,,,,,,,,,,,,,,,,,,
401013320,2018-10-28 00:00:00,2018,regular,9,False,Oklahoma State,Big 12,1692.0,645.01,Texas,Big 12,861.2,1731.0,38.0,35.0,3.0,2.5,0.2188014008521717,0.1552002040546791,0.1792912489198168,0.1447276444754562,0.1549773879237445,0.0779179997380944,0.075818503691668,0.0597796148493152,0.2808685480384627,0.2385601459698594,0.3014458062975687,0.257832621109481,0.4456007737738029,0.4012987494470647,0.4511853131217216,0.4066505925528187,0.4765332434193892,0.440795728118386,0.4913948585043169,0.4484693815265055,0.3555185732319426,0.3293152699692721,0.3343900595359207,0.3285385702323594,2.969035178692411,2.793224745032048,2.849908158467626,2.592212025788631,1.2012199563962054,1.1058568540217208,1.0439699029016891,0.9959959146199976,1.5704951860453005,1.323421101141155,0.9028059839547448,1.0642793059006963,1.2706348503043798,1.2673900280709909,1.1688507830638342,1.2296368229385513,1.0148924145374083,1.020238769326122,0.9353828452493776,0.9664567512600644,1.6767053707391109,1.6173169527902969,1.533725451531847,1.6365961651222989,0.1795366795366795,0.1254826254826254,0.054054054054054,0.1266294227188082,0.0800744878957169,0.0465549348230912,0.1743295019157088,0.132183908045977,0.0421455938697318,0.1893305439330544,0.1244769874476987,0.0648535564853556,4.521739130434782,3.6607142857142856,3.875,3.9069767441860463,70.3,72.0,70.4,71.0,,,,,,,,,,,,,,,,,,,,,
401012326,2018-11-03 19:30:00,2018,regular,10,False,Kentucky,SEC,1635.0,670.27,Georgia,SEC,964.0,1950.0,17.0,34.0,-17.0,9.5,0.1389207180925606,0.0910089908602995,0.2776740240341106,0.052189565811939,0.1081805027018261,0.034369795444766,0.154363583503479,0.0561198746798536,0.1845931914878283,0.1863065032706787,0.4272040391514682,0.1100354590913564,0.418659685834362,0.3478190377580802,0.4955833035445658,0.406842239728828,0.4591337896921477,0.4125978155034344,0.523083210733946,0.4627802082486951,0.3183705411445579,0.3092025616953632,0.3499404241934441,0.3230217231301523,3.0428023011458287,2.6498335218236004,3.0259448284076793,2.772173668309328,1.1884498253857776,0.9698896396441788,1.2582312310003103,1.070813879555149,1.4022159858374064,1.0722740509920103,1.494684370062752,1.1757720692815368,1.212170747433264,1.2177575715192448,1.2256953262335002,1.1286829948279824,0.9984911777549268,0.9394193605859186,0.9848313636612408,0.9249798827309432,1.600894423781198,1.6528881009316914,1.6345625800824273,1.476353548432803,0.1958997722095672,0.1389521640091116,0.0569476082004555,0.1321961620469083,0.091684434968017,0.0405117270788912,0.2017543859649122,0.125,0.0767543859649122,0.1582278481012658,0.0822784810126582,0.0759493670886076,3.1794871794871793,4.314814814814815,2.358974358974359,3.136363636363636,71.5,74.6,71.9,71.4,,,,,,,,,,,,,,,,,,,,,
401012327,2018-11-04 00:00:00,2018,regular,10,False,LSU,SEC,1899.0,889.91,Alabama,SEC,978.54,2252.0,0.0,29.0,-29.0,14.0,0.1684416508945865,0.0700232484849484,0.3405062469968666,0.0177100720332278,0.1272523286868413,0.0483686210294755,0.154872685915962,0.0383941866242627,0.2305796367111961,0.1185399283139073,0.5820324643145705,0.0503393288610164,0.4351322608177447,0.3686127646061611,0.5197826826292945,0.335138275590344,0.4738391268629852,0.4351323600547702,0.5344047295872578,0.3951197496445874,0.3251246155607716,0.3135843123980058,0.3798182324489347,0.3071719116787882,2.8997716972779317,2.941892617793066,3.2505035457381872,2.724278501107847,1.017452233705113,1.0720519167931009,1.2830186176808795,1.052513500172357,1.3180061696698968,0.9926298926017364,1.166838696259041,1.316507027402209,1.1513533514995298,1.1748346434226569,1.2473202349267671,1.2507052467537687,0.9635750870462776,0.9245392992266952,0.9161529501945284,0.9875087181548758,1.6000456375417555,1.5638991098351185,1.7856257605920134,1.6274877908382146,0.1539888682745825,0.0909090909090909,0.0630797773654916,0.1072727272727272,0.0727272727272727,0.0345454545454545,0.1761006289308176,0.0733752620545073,0.1027253668763102,0.2248576850094876,0.1337760910815939,0.0910815939278937,3.610169491525424,4.512820512820513,3.3333333333333335,3.25,68.3,74.8,67.6,73.8,,,,,,,,,,,,,,,,,,,,,
401013069,2018-11-04 00:00:00,2018,regular,10,False,Texas Tech,Big 12,1669.0,561.59,Oklahoma,Big 12,843.79,2083.0,46.0,51.0,-5.0,14.0,0.1784137425761117,0.1583347555524639,0.3925882834302021,0.180356489684072,0.0642065688605883,0.080172580915515,0.2308295246238401,0.1057772789504623,0.2787916595180131,0.2466629680448181,0.5659411650864199,0.2724017649751274,0.475283667514726,0.4118618027582221,0.5219018961252758,0.4260589239719016,0.5099653712554031,0.4788490026514451,0.5474107377096642,0.5015280986197787,0.356194368412906,0.3178552407997132,0.366833175245684,0.3057628580864119,2.624333898343119,2.7668701525323662,3.3216844622990673,2.873188651260703,1.0564114866646706,1.1181531181848872,1.5146323751606692,0.9360422676185916,1.1399999725619638,1.5370591656186166,2.080447450573714,0.950751940049426,1.1718257357166275,1.237168192062864,1.3306051188297587,1.2059860442611623,0.9400281907994024,0.970932983998828,1.0566463696136272,0.9607323604988728,1.4727482473575382,1.6180152396236518,1.762095773144449,1.5952688626101672,0.1423948220064725,0.0809061488673139,0.0614886731391585,0.1224899598393574,0.0843373493975903,0.038152610441767,0.1698841698841698,0.1003861003861003,0.0694980694980695,0.151360544217687,0.0986394557823129,0.0527210884353741,4.314814814814815,5.1,3.2857142857142856,3.8596491228070176,71.3,72.0,70.6,72.0,,,,,,,,,,,,,,,,,,,,,
401013188,2018-11-03 19:30:00,2018,regular,10,False,Texas,Big 12,1730.0,861.2,West Virginia,Big 12,646.91,1767.0,41.0,42.0,-1.0,1.0,0.1940578593388139,0.1410302279420147,0.2211514057234092,0.1139438029816785,0.0961556131661022,0.0405084005438274,0.0725756682954683,0.0577524446604396,0.3018637773654487,0.272925458272128,0.3515171589792033,0.2047252957410159,0.4578555331257612,0.41209635666942,0.4661507022691948,0.4046533692167182,0.4973930804620085,0.4528741113274239,0.4975451414649037,0.4677085619964213,0.3394625077661654,0.3318988422681472,0.3459651508324964,0.317835745634061,2.903822965541776,2.5990585447755348,2.9027358334728484,2.5663075916927185,1.0560051433585198,0.9990089885889162,1.0995803550945744,1.1061532331530477,0.8692396539153491,1.048525708726833,1.3755219231285192,1.2185555798279493,1.168013173796092,1.2267757452993644,1.2546958920961726,1.232726709977812,0.9440852247382436,0.9431306428366404,0.9667273614966094,0.977430258185224,1.5082138570982186,1.6733536428520095,1.613301116171437,1.627629727272598,0.1299342105263158,0.0789473684210526,0.0509868421052631,0.1632124352331606,0.1113989637305699,0.0518134715025906,0.1880570409982174,0.1274509803921568,0.0606060606060606,0.2101449275362318,0.1473429951690821,0.0628019323671497,3.9344262295081966,3.537037037037037,3.9615384615384617,4.051282051282051,71.5,70.5,68.5,72.1,,,,,,,,,,,,,,,,,,,,,
401013341,2018-11-03 16:00:00,2018,regular,10,False,Ohio State,Big Ten,1929.0,984.3,Nebraska,Big Ten,711.22,1410.0,36.0,31.0,5.0,-17.5,0.2573688210740432,0.1355382320840485,0.2197839725746147,0.1726218034162291,0.0938484567375682,0.0926055447314884,0.1890474703596568,0.1111471550440923,0.4148687797036025,0.1914147843643732,0.2546558040359812,0.2443119596625367,0.4988187306740081,0.3822492343531279,0.4830764386400489,0.4214926571489644,0.5226997575349823,0.4410958963612824,0.5249261554956446,0.4516598978271284,0.3700395841286999,0.3098036204430338,0.3400710465740975,0.3528179787268094,2.964072644514741,2.5149376121524245,3.0406215871059072,2.751354354712632,1.0478592126371875,1.1687757721709524,1.309262634859227,1.0658953817894905,1.0284591786948225,1.8547131324007524,1.832136227647192,1.4373785355336022,1.206613230579421,1.3129101002655854,1.214384009385775,1.2755507882663382,0.9476160639131592,1.100251157218948,1.0198492030591055,1.031255168079807,1.5436834616312984,1.6249518981375417,1.5471909511323625,1.6605291104878217,0.106060606060606,0.0636363636363636,0.0424242424242424,0.1708253358925144,0.1343570057581574,0.036468330134357,0.2261682242990654,0.1401869158878504,0.0859813084112149,0.1620111731843575,0.0893854748603352,0.0726256983240223,4.0588235294117645,2.9583333333333335,2.641509433962264,3.6153846153846154,70.2,75.0,74.2,67.6,,,,,,,,,,,,,,,,,,,,,
401012331,2018-11-10 20:30:00,2018,regular,11,False,Alabama,SEC,2290.0,978.54,Mississippi State,SEC,729.97,1841.0,24.0,0.0,24.0,-22.5,0.3515148660044019,0.0056330565920097,0.2230282307918762,0.0247931347908157,0.1903103342062365,0.0236069688053418,0.2835825759394774,0.0219598245393973,0.5599902094421815,0.0310951638770273,0.1625725757532146,0.057033952786214,0.5291658870997089,0.3309416891911774,0.4862021430477592,0.3746538658241,0.5443550928136555,0.3885195965515752,0.5218815102268992,0.4328753747631133,0.3845441707114478,0.3027369996510578,0.344556157230223,0.3159589283210445,3.2968870983420455,2.674169951707114,3.4692639631256457,2.808635176096834,1.3436214895716214,1.0184250915916468,1.4280111465709129,1.0706648293978795,1.2987313343144578,1.260968439997395,1.832946797026625,0.9665859799937122,1.2470842393440094,1.245744911633763,1.198720576172457,1.1571415757681274,0.9281625130203428,0.9854203907060743,0.9979133522954348,0.9336430739583104,1.7619243616953155,1.6008822723286262,1.6229526044549831,1.5538119966260409,0.1126984126984127,0.0746031746031746,0.0380952380952381,0.1245136186770428,0.0642023346303501,0.0603112840466926,0.2325383304940374,0.1371379897785349,0.0954003407155025,0.1650485436893204,0.0970873786407767,0.0679611650485436,4.423529411764706,3.924528301886793,3.0727272727272728,2.3461538461538463,68.5,73.9,72.6,68.4,,,,,,,,,,,,,,,,,,,,,
401012334,2018-11-11 00:00:00,2018,regular,11,False,Georgia,SEC,1960.0,964.0,Auburn,SEC,827.37,1776.0,27.0,10.0,17.0,-13.0,0.2898401519181557,0.0516896566410004,0.1523671299850281,0.0919120275933132,0.1794904008762373,0.0393183069549691,0.0402792925768324,-0.0085181671884576,0.4336763919319883,0.1149934632658988,0.2695785773053971,0.2042860550595897,0.5141032329128248,0.4160042608964523,0.4347300359860509,0.3667505556346765,0.5344790711796159,0.4697117593080904,0.4763996092121177,0.4197557000104153,0.363967382680289,0.323842038216761,0.3160766572757573,0.3236101381739707,3.035381310639958,2.7589311307238846,2.726734735621183,2.622751881725323,1.3042962080012306,1.0477820567830416,0.9990528509725404,1.0713244084696871,1.6872535114917666,1.0720894071647444,0.9179905480327496,1.1819694679520627,1.211586969632119,1.1239508168337176,1.1931024567447632,1.2132469601399716,0.9918348460765206,0.9187963658566722,0.939599011999432,0.9358336149541316,1.6123088609446392,1.4705745460794772,1.5819922839446463,1.6941873201470523,0.1293900184842883,0.0905730129390018,0.0388170055452865,0.1697416974169741,0.1143911439114391,0.055350553505535,0.1539888682745825,0.085343228200371,0.0686456400742115,0.1963087248322147,0.1275167785234899,0.0687919463087248,4.193548387096774,3.35,3.163265306122449,2.298245614035088,71.7,71.6,67.8,72.4,,,,,,,,,,,,,,,,,,,,,
401012886,2018-11-10 17:00:00,2018,regular,11,False,Michigan State,Big Ten,1722.0,658.85,Ohio State,Big Ten,984.3,1915.0,6.0,26.0,-20.0,3.5,0.1238001900094744,0.0680872055625566,0.2476284483295115,0.1388159816909867,0.0399189485351989,-0.0927316092950269,0.093074837020321,0.0863538621164032,0.2192410640241358,0.2171392229037428,0.4001836777583273,0.2050727933834621,0.421073026127322,0.3686496716006733,0.499997105327756,0.39796682483543,0.4593081804676582,0.4260132037226261,0.5282667895579696,0.4593191877986286,0.3269000185777989,0.3078255393826595,0.3699477859574962,0.3064382839038198,2.6137684932137266,2.142672175042697,3.0024662641569666,2.534043085686396,0.9144492442373282,0.8017821995704171,1.0655542864715968,1.1561589328115056,1.229355140517147,0.9511181627018443,1.1046103242140586,1.7234548024629563,1.1826796921309948,1.204092522786663,1.1941228823333567,1.2696751667104769,0.9522246155821537,0.9471551078764698,0.9329623446159386,1.0645271103651388,1.5495756565271948,1.5388044262903346,1.542812080341801,1.5922571720727496,0.1742424242424242,0.1,0.0742424242424242,0.1147540983606557,0.0696721311475409,0.0450819672131147,0.1983739837398374,0.1105691056910569,0.0878048780487804,0.2103559870550161,0.1326860841423948,0.0776699029126213,2.935483870967742,4.013513513513513,2.4716981132075473,2.85,70.7,71.7,70.0,75.0,,,,,,,,,,,,,,,,,,,,,
401013070,2018-11-10 20:30:00,2018,regular,11,False,Oklahoma,Big 12,2065.0,843.79,Oklahoma State,Big 12,645.01,1679.0,48.0,47.0,1.0,-22.0,0.4111602193479525,0.190088930514627,0.2152175535024736,0.1767281023033685,0.2655438282282857,0.1078869647402665,0.1559276933708189,0.123805574455732,0.5742582832421049,0.2847653006012531,0.2841822520751324,0.2336259853667547,0.529144335200118,0.4291380813115495,0.4519068629814038,0.4045360474360843,0.5557507078735728,0.5020181879732527,0.4877781712931952,0.4500665127998349,0.3700420549064856,0.3076361798280552,0.3578065988660526,0.3280579507556349,3.4590707034739956,2.856822589544434,3.040194516727111,2.8839791818170166,1.5780882060440482,0.920814518460733,1.2065463672027514,1.138804763386299,2.145556166260441,0.9734722856481376,1.442038027066193,1.4568526573504696,1.3265548340983346,1.204488814392605,1.2497985682205923,1.2746529129843251,1.0511045526394225,0.96213367179565,0.9903495339834136,1.0388502909703003,1.7592111452275958,1.579805590789274,1.6683577633770197,1.6136476096535692,0.117595818815331,0.0740418118466899,0.0435540069686411,0.1681159420289855,0.1188405797101449,0.0492753623188405,0.1497730711043872,0.096822995461422,0.0529500756429652,0.168693009118541,0.1231003039513677,0.0455927051671732,5.117647058823529,4.396825396825397,4.078125,4.101694915254237,71.3,71.5,70.3,73.0,,,,,,,,,,,,,,,,,,,,,
401013321,2018-11-11 00:30:00,2018,regular,11,False,Texas Tech,Big 12,1687.0,561.59,Texas,Big 12,861.2,1731.0,34.0,41.0,-7.0,2.0,0.1863779002376915,0.1747298257649931,0.2096109033345518,0.1610786190732694,0.0648809581819476,0.1025464605431622,0.1040336622099724,0.0544027769937794,0.2865518956542939,0.2563292576034186,0.3263326914547709,0.2907977481857881,0.4754848020406932,0.4191225486140346,0.4689145944377113,0.4244285194733692,0.5114238160266212,0.4856236046290581,0.5030403703233958,0.4624077973769785,0.3592050796656468,0.317524336147588,0.3490317015959393,0.3386219064290999,2.604293469141803,2.9102305972995466,2.9675738526262654,2.658524059466024,1.0517522954594425,1.152622981146497,1.0623645792935823,1.0283126780313216,1.15440278691994,1.5513075451593612,0.8489877771008202,1.0914215547754162,1.1722194064578195,1.238784656186711,1.1662706378904133,1.2287350620782111,0.94132339159192,0.9632142571131472,0.9399732281424996,0.9553174454924171,1.4725779694626835,1.6316785935177645,1.5189111842834269,1.652914236429066,0.1418234442836468,0.0810419681620839,0.0607814761215629,0.1301169590643275,0.0804093567251462,0.0497076023391812,0.1590909090909091,0.0883838383838383,0.0707070707070707,0.1810344827586207,0.1199059561128526,0.061128526645768,4.491803278688525,4.029411764705882,3.56140350877193,4.017241379310345,70.9,72.5,71.0,71.0,,,,,,,,,,,,,,,,,,,,,
401012341,2018-11-17 21:00:00,2018,regular,12,False,Georgia,SEC,1980.0,964.0,Massachusetts,SEC,388.91,1156.0,66.0,27.0,39.0,-41.5,0.2954331756264913,0.0453635921190429,0.1298293891531058,0.2306346930906158,0.1953223726060501,0.0442553288897306,0.0370956058899579,0.1667900709209893,0.4240022235010918,0.1060536374052214,0.2492133247663736,0.3349604627210011,0.5145578288766381,0.4196808339747331,0.4168139373786851,0.4977959427421579,0.5319333441508277,0.4727738727809476,0.4680041335431762,0.5206910353111052,0.3690692223406876,0.3236991163984209,0.3315486394983471,0.3725069143056571,3.0966781788237983,2.7575071839912018,2.7675132133150857,2.9884321379342733,1.305000318417046,1.0727633017115343,1.0316313767003424,1.3227896250861728,1.7535009980301206,1.1347461216539716,1.1107949425308563,1.7845717907293055,1.2160834391443829,1.1117684390096934,1.2429355777313016,1.2270360372862046,0.9986379867724068,0.9236921515838412,0.9477052712427858,1.026475039822482,1.6381150158759306,1.4168709731114415,1.6431149396774225,1.671523753024078,0.130718954248366,0.0915032679738562,0.0392156862745098,0.2054208273894436,0.1312410841654779,0.0741797432239657,0.1557788944723618,0.0871021775544388,0.0686767169179229,0.1265474552957359,0.0866574965612104,0.0398899587345254,4.057971014492754,3.6,3.055555555555556,4.333333333333333,71.8,72.1,70.6,66.0,,,,,,,,,,,,,,,,,,,,,
401012878,2018-11-17 17:00:00,2018,regular,12,False,Maryland,Big Ten,1485.0,725.94,Ohio State,Big Ten,984.3,1945.0,51.0,52.0,-1.0,14.0,0.1657968317791507,0.088293828805096,0.2382212713758819,0.1296171576591078,0.1935524920248598,0.0838973487151375,0.0840790785630654,0.0836663090691342,0.1550457976461571,0.1295149663168406,0.3896266422436811,0.1930745294697569,0.4009917567624877,0.4052001817801258,0.4952072500950715,0.3910919255768574,0.445491893180079,0.470306451765909,0.5270610430426494,0.4516954545528143,0.3252893330093734,0.3046009213310378,0.3638669163944588,0.303956494441772,2.9797511908208394,2.9541327582131593,2.988409307610884,2.469426849493875,1.325326575493691,1.0018855434373255,1.049223266876348,1.1402384021451302,2.039704951777952,1.1352551475392394,1.0985802358540029,1.7267357885438497,1.2997561711101462,1.1878236710602637,1.1801196136190089,1.261514052357132,1.0977964067841486,0.9135439195151978,0.9189645435981836,1.069401511563587,1.7906625970529182,1.7461731198847406,1.5246291625975898,1.5706752935857615,0.1653160453808752,0.119935170178282,0.0453808752025931,0.1159509202453987,0.0717791411042944,0.0441717791411042,0.1482014388489208,0.0834532374100719,0.0647482014388489,0.2030791788856304,0.1224340175953079,0.0806451612903225,3.407407407407407,3.738095238095238,3.5,2.765625,71.7,70.4,69.4,75.6,,,,,,,,,,,,,,,,,,,,,
401013046,2018-11-18 01:00:00,2018,regular,12,False,Texas,Big 12,1741.0,861.2,Iowa State,Big 12,575.76,1732.0,24.0,10.0,14.0,-2.0,0.2236447544213033,0.1634300651615864,0.1761491985901313,0.0889820393459096,0.1095875317474537,0.0465992041957991,0.0569007699494498,0.0229050235408851,0.338383519703327,0.2984836019965757,0.334525771335281,0.1812159185741302,0.4692739581847372,0.4372477345607052,0.4309355987642408,0.3994013428462753,0.4995509391612249,0.4777006205073499,0.4585858079388925,0.4387466460222572,0.3529184249277123,0.3402890672441627,0.3475646100856011,0.3371115833900057,3.007159355392635,2.7339776961812983,2.7725636422202338,2.691567794191445,1.0686953776797945,1.0538894603295028,1.0735282978253806,0.9952754176579702,0.8985208757744613,1.127552762669318,1.1321410129323686,1.0017929994319197,1.1782286582057702,1.2005939009521422,1.21725553758204,1.200397508690375,0.9323787620361036,0.9139113307637932,0.9652428550902046,0.920181969473556,1.54008356265503,1.6343767987736797,1.655161634709542,1.6146446888694097,0.1276041666666666,0.0794270833333333,0.0481770833333333,0.141156462585034,0.0986394557823129,0.042517006802721,0.1782246879334258,0.1199722607489597,0.058252427184466,0.1937007874015748,0.1228346456692913,0.0708661417322834,4.090909090909091,3.875,3.939393939393939,2.982456140350877,71.2,71.1,71.2,70.8,,,,,,,,,,,,,,,,,,,,,
401013055,2018-11-18 00:30:00,2018,regular,12,False,Oklahoma,Big 12,2053.0,843.79,Kansas,Big 12,517.1,1278.0,55.0,40.0,15.0,-35.0,0.4209431692386827,0.2028957159969125,0.1102711711365748,0.1941584538545846,0.2863803664999044,0.1221239259064921,0.0130825147525073,0.0984660256512655,0.5634956703180054,0.2927437993585928,0.2273549833257684,0.2930095773286648,0.5303535531746489,0.4359529745710185,0.3861751409533814,0.4539732563699595,0.558790608501367,0.5074063134986353,0.4311535024310596,0.4775831086186511,0.3705783167816263,0.3112172428240722,0.3169249717684172,0.3650861612283849,3.463598376174109,2.8874941289408285,2.7113716512438177,2.9048475853194033,1.536154473190562,0.9307472894629564,1.073941235367883,1.261016523765318,2.188162254096441,1.0035526969066453,1.5202867224953205,1.281735206667817,1.324059586681974,1.2193100051999888,1.2484704509951805,1.2294000343239808,1.0606999044163086,0.9824014480349068,0.9817866651178891,0.9898151655568528,1.7727927480450916,1.5648295451955658,1.645431263371462,1.5840598756404802,0.1142638036809816,0.0743865030674846,0.0398773006134969,0.1806451612903225,0.1274193548387096,0.0532258064516129,0.1512717536813922,0.0937081659973226,0.0575635876840696,0.1540930979133226,0.1043338683788122,0.0497592295345104,4.897435897435898,2.830188679245283,4.1506849315068495,3.8545454545454545,71.4,71.5,70.0,71.9,,,,,,,,,,,,,,,,,,,,,
401012350,2018-11-24 20:30:00,2018,regular,13,False,Alabama,SEC,2304.0,978.54,Auburn,SEC,827.37,1857.0,52.0,21.0,31.0,-26.5,0.3405865288944658,-0.0215582012486752,0.1540855601988105,0.0665166676019319,0.169567259677689,0.0020845770564551,0.0503046973885735,0.005350408433072,0.541909114122213,0.0152669109110002,0.2660128233799096,0.1644931881621001,0.527797545964482,0.3205266406352465,0.4381364185004778,0.3562926374628697,0.543021041800091,0.3754889296504231,0.4783540070686636,0.4031282261558659,0.3892026243070819,0.2974837844898326,0.3192498558655287,0.3225624479070895,3.3023010202489433,2.5541301241938865,2.8258933074664507,2.6569290360140037,1.3305713113916524,0.97973180626004,1.0534530418942205,1.065720795626439,1.248366994115318,1.2368376479172802,0.9575229916859196,1.2698753712971562,1.2326199100558328,1.238222422679116,1.1691113428004822,1.221689944442673,0.9193424360945184,0.9844476578066969,0.9376708591732624,0.9510837984355202,1.753908500764349,1.583052120679262,1.5373537467293836,1.717420146663327,0.1180654338549075,0.081081081081081,0.0369843527738264,0.1591240875912409,0.1065693430656934,0.0525547445255474,0.2397798742138364,0.145440251572327,0.0943396226415094,0.199724517906336,0.1239669421487603,0.0757575757575757,4.3478260869565215,3.306666666666666,2.913793103448276,2.1884057971014492,68.5,73.4,67.6,73.1,,,,,,,,,,,,,,,,,,,,,
401012352,2018-11-24 17:00:00,2018,regular,13,False,Georgia,SEC,1995.0,964.0,Georgia Tech,SEC,583.49,1701.0,45.0,21.0,24.0,-17.0,0.3229109905240463,0.0613177558299855,0.2524162440558767,0.2150967521080526,0.2279680284821343,0.060558550095594,0.2330178427330277,0.1246934901595321,0.4369533142279123,0.1205975849303857,0.2689313462574556,0.322100890301378,0.521509592842135,0.4169650358245866,0.5194250811304475,0.4940038021674687,0.5427107448366651,0.4707236063762068,0.5553274025425318,0.5140298843411859,0.3762762139210883,0.3208291996195568,0.3545160329998137,0.3824562111341086,3.176372124432254,2.793248577866045,3.4480075024330277,2.9985482540124604,1.3487815145041149,1.060596496420712,1.242637313764713,1.1409540382063124,1.89205712091613,1.1795134137070349,1.478408890968542,1.0153632170583955,1.225441579772535,1.1171574704653833,1.121995941391273,1.1727667739722638,1.0171195523515604,0.9333373321810108,0.9453030617331736,0.9272179764949616,1.6430956001443349,1.4266929571780589,1.7512572431895628,1.551609514241597,0.129080118694362,0.0934718100890207,0.0356083086053412,0.1306240928882438,0.1146589259796806,0.0159651669085631,0.1531393568147013,0.0842266462480857,0.0689127105666156,0.1450858034321372,0.0904836193447738,0.0546021840873634,4.220779220779221,3.975,3.084745762711864,4.344262295081967,71.7,71.9,69.0,71.4,,,,,,,,,,,,,,,,,,,,,
401012895,2018-11-24 17:00:00,2018,regular,13,False,Ohio State,Big Ten,1926.0,984.3,Michigan,Big Ten,862.35,2035.0,62.0,39.0,23.0,4.5,0.2499435973267067,0.1445063758030098,0.2661179895267894,0.0043349306788887,0.0910909579698122,0.1050936199010108,0.1856859748967962,0.0299831986212262,0.4061832311639321,0.1985183622835644,0.3922219740466144,0.0014726628225939,0.5068011695214275,0.3944145883296565,0.493570613793604,0.3370553438694195,0.5329875700861827,0.4532374198274241,0.5303693294611591,0.3953006621509371,0.3769067736042677,0.3040430138469802,0.3511258992469214,0.2858728077748527,3.0189715028876853,2.455456385042552,3.116623723308365,2.5178921385505495,1.0682013909008992,1.131176965905417,1.053701761621107,0.9270166256632248,1.0899670621773647,1.9417353543899256,1.5489543528296086,1.218740978751482,1.174532215616725,1.2823251074156128,1.2093882997614496,1.2641674159063967,0.9164092072667268,1.0958844795536142,1.0003434356706895,1.0418415308279558,1.5056202664084288,1.5961348746614457,1.6617193095794474,1.619488202864852,0.1130099228224917,0.0700110253583241,0.0429988974641675,0.1181818181818181,0.074025974025974,0.0441558441558441,0.2063172043010752,0.1323924731182795,0.0739247311827957,0.1904761904761904,0.1274961597542242,0.0629800307219662,3.74468085106383,3.6666666666666665,2.8309859154929575,2.189655172413793,69.6,75.2,66.5,69.6,,,,,,,,,,,,,,,,,,,,,
401013056,2018-11-23 17:00:00,2018,regular,13,False,Kansas,Big 12,1306.0,517.1,Texas,Big 12,861.2,1768.0,17.0,24.0,-7.0,15.5,0.138492907552473,0.1989089108404201,0.2206274442413331,0.1496255128701833,0.0592350265021346,0.1268025348293564,0.1113547984448794,0.0548764442639259,0.2352208724731925,0.2735647666327125,0.3348298806621901,0.2637332770353656,0.3993129051638883,0.4605982787208201,0.4662742702739577,0.4293820036463524,0.4467047108836182,0.4811427632202082,0.5004637943404142,0.4780088834127586,0.317184502475758,0.3773588124318257,0.3503973496899009,0.3296841791645455,2.820450738724775,2.9690289628956252,3.018479062563524,2.7316529247987247,1.1569448946909544,1.2685536257199497,1.0704261850292154,1.0558385528573218,1.7433810356536332,1.2846978357844807,0.9163559755321726,1.126221822933227,1.2525777820415869,1.2231408287494123,1.169576890585019,1.1984268493575547,1.003194218020638,1.0024043648142509,0.9324934973581742,0.9098842431659856,1.639390769385512,1.5560029460477764,1.5296079505633395,1.6355988990575707,0.1722627737226277,0.1182481751824817,0.0540145985401459,0.1279904306220095,0.0837320574162679,0.0442583732057416,0.1510791366906475,0.1007194244604316,0.0503597122302158,0.1854942233632862,0.1251604621309371,0.0603337612323491,3.0166666666666666,4.097560975609756,4.031746031746032,3.76056338028169,70.1,71.7,71.3,71.3,,,,,,,,,,,,,,,,,,,,,
401013071,2018-11-24 01:00:00,2018,regular,13,False,West Virginia,Big 12,1849.0,646.91,Oklahoma,Big 12,843.79,2025.0,56.0,59.0,-3.0,3.0,0.2548196211660946,0.1428387304325186,0.4260581035662615,0.2254938775037969,0.0975851038884395,0.0830469209179828,0.3039906228399436,0.1567887001348993,0.3768143359011404,0.2373691634011396,0.5430335933549347,0.2994824855907734,0.4802226040991222,0.4299792584199415,0.5369763060763432,0.4474322139734634,0.5106687005412611,0.4839627038160773,0.561749016430647,0.5193763328486787,0.3567323623402658,0.3281733091790926,0.3841132674000833,0.3117413638016018,2.9326876988854975,2.6796431047232665,3.527512427113372,2.98888711232474,1.1428895448970366,1.156595924601182,1.5490903015573698,1.0006847006745712,1.435542418304412,1.1904684305848388,2.180662235641693,1.1836949718368688,1.259609203380771,1.1978160977519097,1.318338669036515,1.2217641450374843,0.9876687734085092,0.9529425402837888,1.0700311939454314,1.0002124660540213,1.5931066612330342,1.5839790815420705,1.7479035797303972,1.558470326112007,0.1554160125588697,0.0989010989010989,0.0565149136577708,0.1153314917127071,0.0738950276243094,0.0414364640883977,0.2087227414330218,0.1401869158878504,0.0685358255451713,0.146551724137931,0.0886699507389162,0.0578817733990147,3.7160493827160495,4.930232558139535,4.186440677966102,4.175,67.8,72.4,71.3,71.5,,,,,,,,,,,,,,,,,,,,,
401056698,2018-12-01 17:00:00,2018,regular,14,True,Oklahoma,Big 12,2019.0,843.79,Texas,Big 12,861.2,1749.0,39.0,27.0,12.0,-9.5,0.4337403341778083,0.2248979037043653,0.2031290473579984,0.1407555270275761,0.2976568584024988,0.1334939410019125,0.103504635099931,0.068849349427124,0.570231167745026,0.3234904210148634,0.3138002456048692,0.2297412998342193,0.5392703302550147,0.4437984749913774,0.4582977214842905,0.4271839784829327,0.560409245604367,0.5141599064837343,0.497570668527915,0.4744514905760147,0.398077283865564,0.3116838189436401,0.3448037688083873,0.330104801620133,3.482286680882651,2.886814428676016,2.9822005805781022,2.7613965374211538,1.5431848626887124,1.003103696674023,1.051792318385805,1.05419684102845,2.2950840223924405,1.1481586277054636,0.8936502260737876,1.1377641053071614,1.3248763053359929,1.245570346753474,1.1610884276740785,1.1991068379185188,1.0628218115721468,1.000803406150672,0.9231992385403398,0.9103358615234496,1.769413475819808,1.6020732872727053,1.52991583853986,1.6354064423490209,0.1132911392405063,0.0740506329113924,0.0392405063291139,0.1313465783664459,0.0849889624724061,0.0463576158940397,0.1496674057649667,0.0875831485587583,0.0620842572062084,0.1880896226415094,0.1255896226415094,0.0625,4.71578947368421,4.137931034482759,4.290697674418604,3.6447368421052633,71.2,71.7,71.0,71.0,,,,,,,,,,,,,,,,,,,,,
401056702,2018-12-02 01:00:00,2018,regular,14,True,Ohio State,Big Ten,1995.0,984.3,Northwestern,Big Ten,608.89,1664.0,45.0,24.0,21.0,-16.5,0.2661184848978248,0.1335702085424686,0.1005203940844031,0.1156691917332931,0.0990143513101102,0.1032899195244879,0.0348490098642226,0.0290440433822189,0.4339520018110789,0.1953291952220168,0.1870717043957933,0.2281020261807448,0.5084169651803613,0.3926564731463221,0.4115362397184257,0.4034121246951624,0.5318113616862191,0.450597463367949,0.4624660676152433,0.4550531726710168,0.3855279008686254,0.3057324006789106,0.3097359816589656,0.3124893546232337,2.9671255334926787,2.5148228961548593,2.648189124036704,2.670035469058241,1.08016366883184,1.1425606085736648,0.8201012976110467,0.971064971610642,1.1671093083004074,1.877636982508892,0.8852127569284525,1.2379252524534416,1.1872179199179531,1.2732629176384946,1.2010316434788997,1.1653600998835854,0.9278713070728628,1.087253902811668,0.9391937651249684,0.995435095170826,1.5313213013429388,1.588379395621063,1.5552600721593233,1.447848382316501,0.1133333333333333,0.0702564102564102,0.043076923076923,0.1566265060240964,0.0788608981380065,0.0777656078860898,0.1981818181818181,0.1254545454545454,0.0727272727272727,0.1694711538461538,0.0961538461538461,0.0733173076923077,3.854368932038835,3.2093023255813953,3.102564102564102,2.8732394366197185,69.1,75.2,68.7,71.4,,,,,,,,,,,,,,,,,,,,,
401056705,2018-12-01 21:00:00,2018,regular,14,True,Georgia,SEC,2023.0,964.0,Alabama,SEC,978.54,2336.0,28.0,35.0,-7.0,12.0,0.3216217560594272,0.0476981883567066,0.3586197249969932,-0.0156975790754892,0.2304151406662066,0.0455042871817849,0.1851812878173386,0.0165545872214681,0.4399239111697894,0.1097027692512364,0.5532921125814505,0.0085799518111049,0.5226235870926337,0.4010659512331423,0.5321475655927295,0.3226629998422468,0.5457461910929959,0.4578794945734875,0.5469222872661698,0.377447590539175,0.3812358717502007,0.3143023326564977,0.3965055265833,0.2934458309771261,3.191004078169703,2.720309757456049,3.3209308435147813,2.624825907805893,1.3774539863979811,1.003841260920378,1.3389362552130346,0.958271488090432,1.9145149196264415,1.0781951269564352,1.2441014244027313,1.1687327418295266,1.2189630617351517,1.1246577902583703,1.239884557664619,1.2422661492686708,1.0158704731133967,0.9373549242291872,0.9284941976529016,0.9762810543471996,1.638203292692861,1.437357416985556,1.7371581764114672,1.611884867843851,0.1261872455902306,0.0936227951153324,0.0325644504748982,0.112565445026178,0.0772251308900523,0.0353403141361256,0.1587078651685393,0.0926966292134831,0.0660112359550561,0.226056338028169,0.1359154929577465,0.0901408450704225,4.285714285714286,4.469387755102041,3.161290322580645,2.9047619047619047,70.8,71.7,68.6,73.1,,,,,,,,,,,,,,,,,,,,,
401135278,2019-12-28 21:20:00,2019,postseason,1,True,LSU,SEC,2207.0,906.17,Oklahoma,SEC,869.53,1984.0,63.0,28.0,35.0,-12.5,0.3599479499638391,0.0796249996206256,0.3368565432807258,0.1062288817361869,0.1814681495768457,0.0185978887571132,0.2122334426900381,0.092051554469525,0.4986877236644845,0.1713711477765151,0.4922856923629622,0.1586099031586887,0.5504703709268458,0.3506392277195883,0.5392898070348646,0.3767358980631176,0.5777188257195178,0.4180924079661757,0.5697570527769624,0.437484297902332,0.401260979784947,0.2811120333288864,0.3968511812754573,0.3068041513426464,3.2470376976393647,2.693669675951596,3.312823544133048,2.786518367892942,1.2740513893383123,0.969522293226747,1.4482135949784978,1.0885196487310114,1.5901253628263774,1.3095624268268498,1.8424112961282315,1.4142372778329584,1.223680911058087,1.2792195457711435,1.218455955323294,1.2262857549202315,0.9478973262794712,0.9588588743643915,0.9526363630196324,0.9852078793372356,1.576434363525164,1.703346107629635,1.7202483263311226,1.6358891349300435,0.1649484536082474,0.0939289805269186,0.0710194730813287,0.1724969843184559,0.1194209891435464,0.0530759951749095,0.2448484848484848,0.1333333333333333,0.1115151515151515,0.2519893899204244,0.1856763925729443,0.0663129973474801,4.601694915254237,4.053763440860215,3.1466666666666665,3.883116883116883,70.5,74.0,71.5,72.0,,,,,,,,,,,,,,,,,,,,,
401135279,2019-12-29 01:20:00,2019,postseason,1,True,Ohio State,Big Ten,2373.0,973.56,Clemson,Big Ten,863.03,2396.0,23.0,29.0,-6.0,2.5,0.38307190494111,0.0170307012850077,0.3066842438180018,-0.0149204161624748,0.2553326744279248,0.0315671097468465,0.2528220044929198,-0.005693378026702,0.5099030794980157,0.028140477071076,0.3499195511905736,0.0300181144958194,0.5298261868656233,0.3388365560761809,0.4981908407713804,0.3387412186867262,0.5476069903345172,0.4039719712616546,0.5241293815469996,0.4102594190317727,0.4091656872391647,0.2695256885861435,0.3977317734334226,0.2528773946744405,3.3948540606806628,2.513678373780171,3.3521885471031214,2.6203014871705337,1.363090841073098,1.0053270871696445,1.436214874479428,0.9790701054296648,1.780514294263464,1.0706431658962676,1.5925517139516865,1.0276479048655864,1.2737019505291474,1.2066232484161734,1.2400720560803236,1.1513685008461396,1.0272928019620815,0.974214222125198,0.9834742713600376,0.9110772698104248,1.665412476265403,1.5831543471587808,1.6496953951532447,1.6150989663955315,0.1212121212121212,0.0939393939393939,0.0272727272727272,0.1438202247191011,0.0842696629213483,0.0595505617977528,0.2836185819070904,0.1845965770171149,0.0990220048899755,0.2709163346613545,0.1713147410358565,0.099601593625498,4.582677165354331,4.546296296296297,2.5172413793103448,3.1153846153846154,67.0,73.8,69.9,75.6,,,,,,,,,,,,,,,,,,,,,
401135285,2020-01-01 00:30:00,2019,postseason,1,True,Texas,Big 12,1760.0,877.91,Utah,Big 12,620.35,1937.0,38.0,10.0,28.0,7.0,0.2760947752502631,0.1677581387089473,0.2648183149587351,0.0130819400600213,0.1966021232021594,0.0529754956512778,0.1520108429373803,-0.0012489957167841,0.3328328879693903,0.2920669167746641,0.4278208041568682,0.0612037274752594,0.485998965637658,0.4292995521502299,0.4717325625532971,0.3607227153832208,0.518485923745679,0.4774065734528094,0.5163933593510757,0.4228285413381317,0.3740873790682411,0.3431263878520125,0.3461920436113692,0.2911657555459346,3.3371763899789326,2.878930683812731,3.01176166047987,2.4100082949266066,1.273466922495989,1.1398213679613192,1.2105547819396554,1.049215002364843,1.3072511908919864,1.1810136119531678,1.4066593985008389,1.0905282203452773,1.2254875762756667,1.2051658692765694,1.2289866827084184,1.216746778625718,0.9642398837863406,0.920131778021672,0.9913347736871968,0.9659769541080871,1.5883201154548323,1.6329052019888397,1.6715307279854652,1.5501782802321165,0.1875693673695893,0.1154273029966703,0.0721420643729189,0.157035175879397,0.1118090452261306,0.0452261306532663,0.1784897025171624,0.11441647597254,0.0640732265446224,0.2298050139275766,0.1114206128133704,0.1183844011142061,4.182795698924731,3.931034482758621,3.3516483516483517,2.65,72.0,71.6,70.8,73.2,,,,,,,,,,,,,,,,,,,,,
401135286,2020-01-01 18:00:00,2019,postseason,1,True,Alabama,SEC,2160.0,984.96,Michigan,SEC,853.4,1984.0,35.0,16.0,19.0,-7.5,0.3398797892559053,0.0488065969202027,0.2190208616947559,0.0521305769783843,0.1753010918280363,0.0527245199544894,0.1204966021675818,0.0270812562901954,0.4756710327807045,0.1167205674927183,0.3220844440598834,0.1112742268066899,0.5303026665889261,0.3844979105454709,0.4598561115990817,0.3640864176478062,0.5501548533092275,0.4385050796098468,0.5034330864866713,0.4269649254711694,0.4052257833248918,0.3075951772276127,0.3345927387345823,0.2752715664595775,3.1372233350750873,2.825321442809668,2.9838321683827935,2.5578307919812935,1.1884382460426708,1.0453495555065742,1.0943594952711762,0.805082391284667,1.2930337542217976,1.1630489854278032,1.2109430216208197,0.986922162399509,1.2644724198435708,1.1793679715326233,1.214793884739106,1.1847104751823232,0.9312494470035726,0.937489359835504,0.9519500877284508,0.9317731365015376,1.7396257521829843,1.6018462597792864,1.623325886117954,1.573104667954158,0.1637347767253044,0.1177266576454668,0.0460081190798376,0.1868263473053892,0.1101796407185628,0.0766467065868263,0.2324966974900924,0.1387054161162483,0.0937912813738441,0.2262958280657395,0.1428571428571428,0.0834386852085967,4.670588235294118,4.108695652173913,2.805555555555556,3.1641791044776117,67.3,72.2,69.1,72.6,,,,,,,,,,,,,,,,,,,,,
401135289,2020-01-02 01:45:00,2019,postseason,1,True,Baylor,Big 12,1831.0,668.9,Georgia,Big 12,960.16,1992.0,14.0,26.0,-12.0,3.5,0.2045572808357443,0.0587158523854585,0.1966286396698335,0.0514147255441188,0.1380354017054705,0.0235809356102932,0.0924866549847265,0.0062870242102843,0.2824357890445578,0.1318469091394518,0.3077726966241121,0.1204247913166453,0.45801678056509,0.3990488738346694,0.4761743111948567,0.3661038814578429,0.4898150223998636,0.4490803924035644,0.5380010512827302,0.4331703525541523,0.3686556234689155,0.3252907853495581,0.3201426550895646,0.280092991111635,2.9264741315449028,2.746974776874227,3.045628130056997,2.613898407557403,1.1793760402302378,0.9753448047874748,1.214010367516776,0.9146493735283856,1.6253500801418643,1.0469242900165885,1.3713388985531292,0.8305808024776589,1.216390408417606,1.1411897173143553,1.1607793982733714,1.1546125370134457,0.9719486950598852,0.9330556101203756,0.91843475101993,0.9083347731986612,1.6272129540675602,1.478342905405512,1.609139280072424,1.5149773437964835,0.2266500622665006,0.1606475716064757,0.0660024906600249,0.1471652593486128,0.0892641737032569,0.0579010856453558,0.2684268426842684,0.1749174917491749,0.0935093509350935,0.187012987012987,0.1,0.087012987012987,3.5058823529411764,3.7176470588235295,2.7333333333333334,2.2181818181818183,70.8,72.5,70.2,74.9,,,,,,,,,,,,,,,,,,,,,
401110806,2019-09-28 19:30:00,2019,regular,5,False,Alabama,SEC,2140.0,984.96,Ole Miss,SEC,717.92,1484.0,59.0,31.0,28.0,-38.0,0.2973988669691617,0.0661536098004735,0.1377325192079917,0.155406336758847,0.1365645584970745,0.0180770505229829,0.0457458552172383,0.0543851579435592,0.4347830337989868,0.1555051041602523,0.2758754791862813,0.2694106630633883,0.5020895174154426,0.3760667653957807,0.4365747245747245,0.4106429165667857,0.5235404766219988,0.4259656361906391,0.4734801241016353,0.4450922860157957,0.3645100560288485,0.3226988797984575,0.3309232989189526,0.3428754912566449,2.975031667670405,2.771642950784289,2.7628643205066155,2.776535355088271,1.06750784535008,0.953110514234077,1.0717605714872724,1.0320838229363702,1.4731226954514296,1.0608620514411369,1.3334526919123704,0.8775129138849654,1.253319061854812,1.170208751359226,1.1684698532247906,1.2527484584056894,0.9470984173477256,0.910141316028578,0.8936295384624963,0.9402348665137158,1.6298855948439677,1.5559576953328151,1.5787434758307817,1.618826579470526,0.1697416974169741,0.1365313653136531,0.033210332103321,0.2568807339449541,0.1238532110091743,0.1330275229357798,0.1962962962962963,0.1444444444444444,0.0518518518518518,0.2614678899082568,0.1834862385321101,0.0779816513761468,5.40625,2.35,2.0,2.25,70.8,71.8,71.9,72.4,,,,,,,,,,,,,,,,,,,,,
401112117,2019-09-28 16:00:00,2019,regular,5,False,Oklahoma,Big 12,1897.0,869.53,Texas Tech,Big 12,577.21,1567.0,55.0,16.0,39.0,-27.0,0.2724587154083895,0.1676488828944824,0.1383779689394599,0.1293205592763681,0.1736724402136929,0.0985416365735167,0.1129778132108837,0.0809111598817022,0.3638500316532891,0.2529890373686082,0.175701009590698,0.2069749763319099,0.5052183964744998,0.4047135499520203,0.4116749958319713,0.3952782010215728,0.5220128019644943,0.4527715618626025,0.4725785857930555,0.4427710575763862,0.3608172868706083,0.334193777462962,0.3312310625728349,0.3277271550099369,3.0815404883921644,2.889749155108369,2.8915181198434365,2.830082943184989,1.3453748715728395,1.1514799589301186,1.073871299574125,0.9377615127261564,1.943195205701141,1.46466968702863,1.190131517655554,1.2556744309875687,1.2427262123269445,1.2308069046540957,1.2078416390076985,1.190925557294421,0.9938346284024112,0.993513303884481,0.9654167382704216,0.9287792303772536,1.61139711648149,1.5788642756577147,1.5512760488935926,1.589653924524565,0.1496062992125984,0.1181102362204724,0.0314960629921259,0.2012578616352201,0.0754716981132075,0.1257861635220125,0.2105263157894736,0.1654135338345864,0.0451127819548872,0.1773049645390071,0.1205673758865248,0.0567375886524822,4.9523809523809526,2.8125,4.35,3.0,73.0,72.4,70.5,77.7,,,,,,,,,,,,,,,,,,,,,
401112241,2019-09-28 23:30:00,2019,regular,5,False,Nebraska,Big Ten,1566.0,729.47,Ohio State,Big Ten,973.56,2157.0,7.0,48.0,-41.0,17.0,0.1810462827008963,0.0994463105843066,0.2700609237599027,0.0581643150984617,0.1080823300574919,0.0678237703139437,0.1699205833960461,0.0361787372109717,0.2849791658845073,0.1759103157256039,0.3621033712638967,0.1252735417962337,0.4296748870301278,0.397424111473129,0.5116220570923433,0.3617200579786751,0.4965131789482006,0.4365892942426554,0.5409360325997342,0.4317034343182866,0.3241603128714329,0.3312655533840378,0.3458891686334738,0.301435956494935,2.675351175311083,2.7224275250388583,3.218286783625875,2.591189063904433,1.1066303703643066,1.0242511720991705,1.2714361093357245,0.9177542944608752,1.5268902107508675,1.215204735926095,1.471732356528294,1.0304398907519603,1.2214780809914378,1.21353540061098,1.2188236858064234,1.1754927860834483,0.982401847814879,0.9639479486165174,0.9809324208580896,0.92043715433048,1.5882897063116186,1.5833214955484929,1.5711880924988908,1.5662122560341227,0.2159468438538206,0.1827242524916943,0.0332225913621262,0.120274914089347,0.1030927835051546,0.0171821305841924,0.4152823920265781,0.2624584717607973,0.1528239202657807,0.2950191570881226,0.2030651340996168,0.0919540229885057,3.9642857142857144,4.9743589743589745,3.260869565217391,1.736842105263158,70.7,71.3,68.0,75.8,,,,,,,,,,,,,,,,,,,,,
401110816,2019-10-05 23:00:00,2019,regular,6,False,Tennessee,SEC,1331.0,830.34,Georgia,SEC,960.16,1991.0,14.0,43.0,-29.0,24.5,0.1175265797124019,0.1838798452998635,0.2315034568015113,0.0909927338586974,0.0729345857705643,0.1204522333054472,0.1427991058538402,0.0875093606425982,0.1956484550128137,0.2535539598395826,0.3237213017669207,0.133012733413848,0.4119666431120852,0.4546704703112517,0.5125490817519063,0.3863170857087674,0.4678751810731409,0.4680477335134071,0.5493667258489395,0.458548902453299,0.3174831289231836,0.3597176427183903,0.3375413375187947,0.3035109644977405,2.965051775515697,3.0707961750677155,3.135646783811328,2.8775282914976716,1.0100853780270465,1.1297751492307098,1.3289424408070392,1.021653315315696,1.1739990259008926,1.0758013952710146,1.5883414670955591,1.2033815832006909,1.1644885011434254,1.195277625763232,1.1550071027316071,1.1706359670745288,0.9066789907942644,0.9572285993417676,0.9586260599633428,0.941227117089029,1.5825618776755612,1.583849899614972,1.535648086670453,1.5443945142176112,0.2180094786729857,0.1279620853080568,0.0900473933649289,0.1632653061224489,0.1224489795918367,0.0408163265306122,0.1682242990654205,0.102803738317757,0.0654205607476635,0.2435233160621761,0.1139896373056994,0.1295336787564766,3.0,4.321428571428571,3.1379310344827585,2.066666666666667,69.2,67.1,70.0,75.6,,,,,,,,,,,,,,,,,,,,,
401112101,2019-10-05 16:00:00,2019,regular,6,False,Kansas,Big 12,1376.0,528.62,Oklahoma,Big 12,869.53,1966.0,20.0,45.0,-25.0,32.5,0.1578500848549022,0.1755842218102665,0.3061520648357002,0.1515970992066271,0.0970345835613872,0.0970407236069502,0.1958780797049865,0.0986107658889591,0.2466970518070133,0.2887773850078504,0.4051323712756045,0.2260506646748903,0.4130967048124702,0.4580772396139665,0.526372523587485,0.3890061058349583,0.4736569852159614,0.4983489794679812,0.5408691150759743,0.4341700932103086,0.3173431836342201,0.3480117488583077,0.3686631625911173,0.3296419976655259,2.91884098691219,2.961877681369375,3.118037284915871,2.8959840617365677,1.1663558227381672,1.105866125261144,1.409665400853931,1.1680531533541951,1.5392926177105668,1.0768199107270078,1.9153980556542036,1.502384081063736,1.211958624920382,1.1490037961316968,1.2623006070808962,1.2341307185772976,0.970322091186618,0.8912047808227909,1.010426703965684,1.0126310566053447,1.5901085708285174,1.580856931048718,1.6424802887529488,1.5879799864938555,0.2307692307692307,0.1752136752136752,0.0555555555555555,0.1761658031088082,0.1398963730569948,0.0362694300518134,0.2256097560975609,0.1432926829268292,0.0823170731707317,0.2211055276381909,0.1658291457286432,0.0552763819095477,3.761904761904762,5.071428571428571,3.53125,3.9615384615384617,72.3,70.0,72.4,72.4,,,,,,,,,,,,,,,,,,,,,
401112137,2019-10-05 19:30:00,2019,regular,6,False,West Virginia,Big 12,1645.0,639.11,Texas,Big 12,877.91,1760.0,31.0,42.0,-11.0,10.5,0.1310002881379646,0.1581126099147229,0.2426457644883615,0.1867077281272386,0.0663851623213712,0.1090200911800665,0.1209698150829509,0.0688633159850615,0.2141885314043592,0.2247194885001218,0.3304933588380691,0.313091924725176,0.4114445635852537,0.4575455744464377,0.4990753687239952,0.4381779532925012,0.468582047472646,0.5019904600861609,0.5218397931313951,0.4757222517912907,0.323894722830885,0.3354308936456129,0.358192615539518,0.3499769444495025,2.7492924651956794,3.0255015817362523,3.1338431299712664,2.8492880707298935,0.9773302807672236,1.1708605251596589,1.207006054308864,1.0592530175632666,1.1407108031207498,1.0275751117550178,1.1702554897067206,1.0267597890987,1.1959921485367724,1.1432458118038709,1.209493760881088,1.2066214081419602,0.9436761995280452,0.9041175578810764,0.9184971121345284,0.9108488466029808,1.562215165869661,1.553404780166067,1.5804381102377183,1.58959406282854,0.3098591549295774,0.2253521126760563,0.0845070422535211,0.1666666666666666,0.11,0.0566666666666666,0.2176870748299319,0.1462585034013605,0.0714285714285714,0.2067796610169491,0.1220338983050847,0.0847457627118644,3.125,4.2631578947368425,4.411764705882353,3.28125,66.7,71.3,69.9,74.6,,,,,,,,,,,,,,,,,,,,,
401112216,2019-10-05 23:30:00,2019,regular,6,False,Ohio State,Big Ten,2203.0,973.56,Michigan State,Big Ten,688.74,1728.0,34.0,10.0,24.0,-20.0,0.3112214190551053,0.0346973643625063,0.1609906770820852,0.097801786078153,0.2015428232253516,0.0548235161817665,0.0422023644407759,0.0095516690508935,0.4038355208382517,0.05282338240587,0.302498128710973,0.2076993905012355,0.538753500076668,0.3595784246990867,0.4462814163387343,0.3876299794228306,0.5579348043059863,0.4267363651726368,0.492332598163974,0.4333660687900624,0.3593740838798669,0.2932864181997933,0.3286785111088186,0.3227636835150627,3.329523153124315,2.703951530276102,2.7236635538427496,2.489478082290603,1.339544971445268,0.9693101726843242,0.980332193968524,0.9176805068566602,1.593786297926643,1.105274907109639,1.1375620379158715,1.0758502747726222,1.215422579989613,1.1591590107901784,1.1749031396178,1.1722534488702248,0.986755080169273,0.9246076299351824,0.9152803132113724,0.9303172346636756,1.5738777155732415,1.5499117240255629,1.5756836437578037,1.5144086553076646,0.1168478260869565,0.0978260869565217,0.0190217391304347,0.1653116531165311,0.086720867208672,0.078590785907859,0.2965299684542586,0.2050473186119873,0.0914826498422713,0.3435582822085889,0.2423312883435582,0.1012269938650306,4.84,3.444444444444444,1.818181818181818,2.8275862068965516,67.9,76.2,68.1,73.1,,,,,,,,,,,,,,,,,,,,,
401110817,2019-10-12 16:00:00,2019,regular,7,False,Georgia,SEC,1997.0,960.16,South Carolina,SEC,762.68,1547.0,17.0,20.0,-3.0,-21.0,0.2525272507053719,0.0883684866894422,0.0833254850333177,0.144461069645773,0.1440674290583773,0.0761544604702606,0.0797962152390712,0.0648568350425688,0.3602505190052399,0.1392666509368177,0.1131079079575789,0.2772862332426054,0.5235123197288607,0.3826935340657724,0.4146904807072958,0.3716693154213333,0.5775663230041096,0.4447792384650846,0.4754428989823621,0.4358141326291814,0.3398907042709691,0.3032877004521707,0.3069046765889314,0.3117024011148898,3.159942332731723,2.8101929863764896,2.9217351874618904,2.827562245519019,1.3369734358152785,1.052139056387562,1.0224364932957577,1.0793048491698023,1.6034754625129988,1.1785239429346208,1.2758085735995397,1.2778109084899518,1.1460114871711893,1.2007033786706742,1.1604625520837448,1.2094694772040102,0.9336799535562096,0.9408526695047128,0.8951906242078475,0.9377700105495682,1.544012035034848,1.5822281775646452,1.555582442093821,1.623651023129291,0.1412639405204461,0.0966542750929368,0.0446096654275092,0.193103448275862,0.1206896551724138,0.0724137931034482,0.2598425196850393,0.1377952755905512,0.1220472440944882,0.2711864406779661,0.1559322033898305,0.1152542372881356,4.27027027027027,2.310344827586207,1.631578947368421,3.08,70.4,76.4,70.4,72.9,,,,,,,,,,,,,,,,,,,,,
401110822,2019-10-12 19:30:00,2019,regular,7,False,Texas A&M,SEC,1746.0,848.89,Alabama,SEC,984.96,2144.0,28.0,47.0,-19.0,17.0,0.1513692478137479,0.1470210170387764,0.3329552841513128,0.0673876813619882,0.0472587229222442,0.0713721047511248,0.1450324979035357,0.0374775942071245,0.2583613137418257,0.2389694636475331,0.4765973232591081,0.1555323081058961,0.4894436201692583,0.3941033152357408,0.5210892592011905,0.3811562403419218,0.5143229846264055,0.4378914723768725,0.538432767241684,0.425530040072952,0.3619349005302216,0.3301962307624467,0.3862217327225356,0.3119049790815691,2.769948114308996,2.7474532856033833,3.098298028200797,2.796544853779039,1.041589710284838,1.0538175138785897,1.142181919312209,0.9604297426024844,1.271581610084214,1.2228383847211546,1.400915168437093,1.044637149137924,1.137755092272772,1.2165613337789458,1.265139238396087,1.1923120655196773,0.8434619159932075,0.9318418313378378,0.9277213492512352,0.9313483592726308,1.5350520642077377,1.5889498039416006,1.6771240790659494,1.585420850776136,0.2070175438596491,0.0982456140350877,0.1087719298245614,0.1799410029498525,0.135693215339233,0.0442477876106194,0.2415094339622641,0.1433962264150943,0.0981132075471698,0.1944444444444444,0.1305555555555555,0.0638888888888888,3.71875,5.190476190476191,3.3076923076923075,2.4166666666666665,66.2,76.0,69.3,72.2,,,,,,,,,,,,,,,,,,,,,
401112118,2019-10-12 16:00:00,2019,regular,7,True,Texas,Big 12,1773.0,877.91,Oklahoma,Big 12,869.53,1969.0,27.0,34.0,-7.0,11.0,0.2534897599918858,0.192932654052793,0.3373199845203553,0.1454259723732588,0.1393702920031554,0.0740314200695393,0.2191158571492843,0.0914355132077799,0.326898541233288,0.3090471841578157,0.4236985430267443,0.221014216774309,0.4904901382736157,0.4310593324491063,0.5424169647869113,0.3792693322272659,0.5296952738438775,0.4654779747283508,0.5614816420812302,0.4196295436021226,0.3494589044669417,0.3483840030581222,0.3856653835118794,0.3250886628189953,3.1699052926068645,2.850941954471465,3.195609389334719,2.860759097337374,1.2183691337249078,1.089272784815481,1.4406909028699024,1.1415107315995958,1.2146961559141258,1.027100667589164,2.148047528010479,1.5302573476217134,1.2187642278033235,1.2270752881772498,1.2605536288962005,1.2580975086732986,0.9305591046798116,0.9158660868226496,1.023990129656725,1.0382471302327103,1.5903274050719352,1.609163961766798,1.6404173611903503,1.6042761568437662,0.1623036649214659,0.0994764397905759,0.06282722513089,0.1891891891891892,0.1351351351351351,0.054054054054054,0.2027397260273972,0.1150684931506849,0.0876712328767123,0.2084942084942085,0.1544401544401544,0.054054054054054,4.25,4.864864864864865,3.3947368421052633,4.0,69.4,73.6,71.7,73.5,,,,,,,,,,,,,,,,,,,,,
401110824,2019-10-20 01:00:00,2019,regular,8,False,Alabama,SEC,2151.0,984.96,Tennessee,SEC,830.34,1373.0,35.0,13.0,22.0,-35.0,0.3274721168210167,0.0699657059429265,0.1076915659482193,0.1909460114407495,0.147101384435748,0.0631801743219177,0.0543408779852121,0.1236543108822756,0.4671795998890135,0.145750276888683,0.2048166466957478,0.2673873801873541,0.5299868164705889,0.3776529312775503,0.4081801307986756,0.4424549687961961,0.5417516941661328,0.434497731434462,0.4600828945083443,0.4804507036273026,0.3881912436376114,0.3089776518662556,0.3165748641516356,0.3510382502332139,3.1192778749391805,2.828646580222118,2.893908579626416,3.0515721729586556,1.1556723223922198,0.989647260749706,1.025607310191578,1.1504100620770386,1.3779756334417643,1.131024389654957,1.1403667231825998,1.0850766706217374,1.2607226433350731,1.1886106079392034,1.1951461660168918,1.1950882255598467,0.9218061577336653,0.9487822499354268,0.9129322679011892,0.95131218188421,1.6911380360388415,1.5700810994998422,1.6373597765546668,1.593986572788985,0.1724137931034483,0.1231527093596059,0.0492610837438423,0.2175226586102719,0.1359516616314199,0.0815709969788519,0.2453703703703703,0.1458333333333333,0.099537037037037,0.1965317919075144,0.130057803468208,0.0664739884393063,5.04,2.7058823529411766,2.707317073170732,3.2857142857142856,67.1,72.9,70.6,69.7,,,,,,,,,,,,,,,,,,,,,
401110826,2019-10-19 22:00:00,2019,regular,8,False,Georgia,SEC,1962.0,960.16,Kentucky,SEC,672.74,1579.0,21.0,0.0,21.0,-24.0,0.2097502881924018,0.1041770774328253,0.1224198529589003,0.1819539845253468,0.1332417464495038,0.0719447769961222,0.1063653624235366,0.1473865375775763,0.2793754090583873,0.1699293382061831,0.1574236110361109,0.2145044386971547,0.5219518757258484,0.3870927064910658,0.415917306929811,0.4468186954346518,0.5642726481724377,0.4443389408798602,0.4686750391293289,0.472013873627628,0.3404939619222378,0.3080848369361607,0.317620756493915,0.3609681351951622,3.197466749969759,2.8222686210255388,2.9456770318260435,2.980988833968075,1.2937289832862529,1.0465066974310926,1.0913917261445576,1.188125194258734,1.5128694893831676,1.1308656384310245,1.3909698035319795,1.5169073036458702,1.1410420624152864,1.1976054676517909,1.210484850296372,1.2061483221327396,0.9187761913387036,0.938050472842005,0.9651708880398402,1.0204052913173407,1.5410680169270137,1.586526353693803,1.594543303098032,1.5307375038514024,0.147945205479452,0.0904109589041095,0.0575342465753424,0.302158273381295,0.1606714628297362,0.1414868105515587,0.2314814814814814,0.1265432098765432,0.1049382716049382,0.2030456852791878,0.098984771573604,0.1040609137055837,3.977272727272727,3.95,1.619047619047619,3.4761904761904763,71.8,76.3,71.7,72.0,,,,,,,,,,,,,,,,,,,,,
401112102,2019-10-19 23:00:00,2019,regular,8,False,Texas,Big 12,1778.0,877.91,Kansas,Big 12,528.62,1373.0,50.0,48.0,2.0,-21.0,0.2465752028131757,0.1693633192857086,0.1490785493919718,0.1975722789398995,0.1491846240669169,0.0703327815557553,0.0877505396833132,0.1230895367500184,0.3046420576223747,0.2857722408046718,0.2390816401465837,0.2977774736825428,0.4875469608326803,0.4203074024529064,0.4079192843983294,0.4746950981655532,0.5230916333116334,0.4673328392720905,0.4674622677190965,0.5127954892209228,0.3528236433069304,0.3385812604087467,0.3128131569599686,0.3575322540874346,3.1811030499392783,2.882409046500443,2.884751624384994,3.04009875977599,1.1893462053411834,1.119158637072566,1.1396556372600442,1.1340819199928065,1.2766639689815986,1.0907339648583525,1.5353710500741549,1.2410417440982835,1.211203385140344,1.2117863593816258,1.2308642789268234,1.1503457213005197,0.945316307604246,0.9133493186370312,0.981334935530093,0.9086684535885508,1.57294196061475,1.6126498073500055,1.6046372471790995,1.577090279773743,0.2096069868995633,0.148471615720524,0.0611353711790393,0.2176870748299319,0.1632653061224489,0.0544217687074829,0.1939953810623556,0.1085450346420323,0.0854503464203233,0.2258883248730964,0.1395939086294416,0.0862944162436548,4.30188679245283,3.8461538461538463,3.3191489361702127,3.682926829268293,71.1,72.2,73.5,69.7,,,,,,,,,,,,,,,,,,,,,
401112119,2019-10-19 16:00:00,2019,regular,8,False,Oklahoma,Big 12,1964.0,869.53,West Virginia,Big 12,639.11,1589.0,52.0,14.0,38.0,-32.0,0.3091309039400716,0.1437077828875106,0.126349906457248,0.1500658823465185,0.205956968048388,0.1063209428498993,0.0495234725338037,0.1200835225137509,0.3957620185525629,0.2028186960067164,0.2183266339054126,0.2065029416215319,0.5247044287152438,0.3746138655458128,0.4019521851533461,0.4365346893305511,0.5507792020094082,0.4170402702301071,0.4560013622160548,0.494366410370669,0.3718106289881794,0.3319860166877553,0.318316967918494,0.3248678368356847,3.2285951817809972,2.860012704606647,2.6734210753562584,2.9997801553020484,1.4450344117297802,1.115892362342442,0.98240103837056,1.167960532532704,2.1633295081972124,1.5811172821926478,1.082312849009935,1.019683816265809,1.2476126934323388,1.249312705088027,1.19712325040117,1.1596465040013135,1.000723421318004,1.0368055940338237,0.9184092949744428,0.9159240878223824,1.645662878349304,1.5823826078554346,1.5786545348671168,1.5797500997311775,0.1804281345565749,0.1223241590214067,0.0581039755351682,0.2899262899262899,0.2014742014742014,0.0884520884520884,0.2626865671641791,0.208955223880597,0.053731343283582,0.2249443207126948,0.1380846325167037,0.086859688195991,4.5,3.3125,4.111111111111111,4.428571428571429,70.4,74.6,68.9,69.5,,,,,,,,,,,,,,,,,,,,,
401112248,2019-10-19 00:30:00,2019,regular,8,False,Northwestern,Big Ten,1563.0,612.62,Ohio State,Big Ten,973.56,2214.0,3.0,52.0,-49.0,27.0,0.0709572949140595,0.0961545551988448,0.3190583713923343,0.0320907639845582,0.0663714611819764,0.0579858154264178,0.2165953182211403,0.0554248417960819,0.1085173104273042,0.1846178039057648,0.3814410919618927,0.0574781608788172,0.4090151464806054,0.391240406078666,0.5279246810893227,0.3609861591341167,0.4595695743335345,0.467009429284014,0.5489385009688594,0.4196728752777305,0.3183769056909383,0.2967876535630118,0.3614576804769747,0.3009866877424327,3.0383303697407427,2.732659201939612,3.395093719904436,2.727111838851539,1.1440702043483797,0.9691542775741806,1.3286379506054702,1.009272014655767,0.9818806997155524,1.1660137018302874,1.749050630665472,1.1163144980162942,1.1459603445476112,1.153483490947803,1.228537464363574,1.1702845900242118,0.9108429742268556,0.949685082014112,1.0079773051015857,0.9200231436512742,1.5569774932839031,1.5254356862200331,1.580617651212915,1.5759103917472328,0.3573333333333333,0.232,0.1253333333333333,0.1196388261851015,0.0993227990970654,0.0203160270880361,0.2147147147147147,0.1306306306306306,0.084084084084084,0.2924281984334204,0.1984334203655352,0.0939947780678851,2.310344827586207,4.5964912280701755,2.5416666666666665,1.7241379310344829,71.0,70.5,68.7,75.1,,,,,,,,,,,,,,,,,,,,,
401110831,2019-10-26 23:00:00,2019,regular,9,False,Alabama,SEC,2133.0,984.96,Arkansas,SEC,707.72,1319.0,48.0,7.0,41.0,-32.0,0.3152547396073272,0.0736334062584285,0.1270920778118811,0.2247890357659486,0.1494055671714023,0.0671486334020423,0.0540886557615141,0.108189382123801,0.4622954610346841,0.1388485905002187,0.201786776242298,0.3454707064466117,0.5278113989590631,0.3811162398973933,0.4053738239383495,0.453414177744283,0.5435454470366682,0.429964860810844,0.4469543237228056,0.4879453228282001,0.383418064863061,0.3170036997453644,0.3260691523820387,0.354800800607139,3.155612029398769,2.8083172424632235,2.830305540486097,2.95989491337288,1.1697668131399903,0.9767239242212702,1.0775148398894985,1.18174161448004,1.3286831125880467,1.1526575531597312,1.3172322440831086,1.6736516406973188,1.2438668669175268,1.1863052224469122,1.2615459768730817,1.2178879648038183,0.9146239237668794,0.9547551317810364,0.9693104928961362,0.9513380067331528,1.6879494669257935,1.5636798789279365,1.6322476394056755,1.6139942409517185,0.1659482758620689,0.1206896551724138,0.0452586206896551,0.285377358490566,0.1320754716981132,0.1533018867924528,0.255578093306288,0.1582150101419878,0.0973630831643002,0.1963048498845265,0.1131639722863741,0.0831408775981524,4.912280701754386,2.7714285714285714,2.5434782608695654,3.7333333333333334,66.9,72.7,70.9,70.2,,,,,,,,,,,,,,,,,,,,,
401112110,2019-10-26 16:00:00,2019,regular,9,False,Kansas State,Big 12,1616.0,543.49,Oklahoma,Big 12,869.53,2025.0,48.0,41.0,7.0,23.5,0.1416883412247501,0.1393974374426303,0.3204387760688165,0.1323194117303079,0.0842309051361594,0.1363487769871483,0.1946395047971398,0.086251662560479,0.2480680582527042,0.1632932423310395,0.4561533830484693,0.2068518737434591,0.4118755164847755,0.3928805643720046,0.5350918882198843,0.3578057266517572,0.4631876704730012,0.4576615104884579,0.5639424254437716,0.4083307960076328,0.3191015186726997,0.311760929388408,0.3685562977745602,0.317293288749082,2.830691297233949,2.949655411815928,3.1842032806896032,2.736994536325204,1.0956483457503792,1.1770245273621929,1.4512819285543426,1.047266569033532,1.277779941817491,1.707380554187898,2.010313052559104,1.4794373124085027,1.1861425854055077,1.2091176447259884,1.237171390787396,1.264472092426458,0.961725622660531,1.0138382133983943,0.9841856439712614,1.0367462722497207,1.5951564913559355,1.5809932267586415,1.65444857992011,1.604465448373776,0.2670807453416149,0.201863354037267,0.0652173913043478,0.1886304909560723,0.1291989664082687,0.0594315245478036,0.2183544303797468,0.120253164556962,0.0981012658227848,0.2807017543859649,0.225563909774436,0.0551378446115288,3.7941176470588234,4.622641509433962,2.5714285714285716,4.153846153846154,69.1,73.7,70.9,74.8,,,,,,,,,,,,,,,,,,,,,
401112132,2019-10-26 19:30:00,2019,regular,9,False,TCU,Big 12,1621.0,691.63,Texas,Big 12,877.91,1773.0,37.0,27.0,10.0,-1.0,0.1841521134013631,0.0960608873837364,0.2585070901495238,0.1937101694566608,0.1786272770067138,0.0526002805444132,0.1780907924993941,0.096274088034121,0.1781244328171466,0.1847069198780462,0.3028657666873071,0.2968689714250144,0.4311043201634099,0.3724718414352366,0.4871568425758519,0.4287366509226242,0.4628392436015903,0.4185998745500091,0.5196073956348823,0.4664992636304088,0.3422176522348419,0.326555759191719,0.360997782042446,0.3497862082373096,3.1546085341092756,2.5003479210298787,3.263226428209847,2.9187257469865178,1.1829546441081589,0.942331508741952,1.226790033031406,1.15542922406431,1.417204436047057,1.2594381928198255,1.3277826346642394,1.2780448090343854,1.208572911117686,1.2042630899434414,1.2162486330674904,1.232986282185074,0.9899172840359602,0.955131444238185,0.9721539962390884,0.9404380954041808,1.6121524678748616,1.6046760857502758,1.5612664405557617,1.6371981207995483,0.2654639175257732,0.1623711340206185,0.1030927835051546,0.2150735294117647,0.150735294117647,0.0643382352941176,0.2131147540983606,0.1344262295081967,0.0786885245901639,0.1926782273603083,0.1136801541425818,0.0789980732177264,3.973684210526316,4.409836065573771,4.137931034482759,3.5172413793103448,69.0,71.0,72.0,71.0,,,,,,,,,,,,,,,,,,,,,
401112254,2019-10-26 16:00:00,2019,regular,9,False,Ohio State,Big Ten,2277.0,973.56,Wisconsin,Big Ten,675.8,2038.0,38.0,7.0,31.0,-14.5,0.3337066586192467,0.0211250049661849,0.2269135169596782,0.0232620684158848,0.222969763961488,0.0496350415428904,0.1412872927160399,0.0444759709617989,0.4175405798709908,0.0291139625448975,0.3409200207012601,0.0559020926196995,0.5163698265163738,0.3533379056058798,0.4897872215586149,0.3173412853778292,0.5355523528371356,0.4189193191778866,0.5318575802863125,0.3847473125549781,0.3652013400750247,0.2879214068950566,0.3405076292517507,0.2830919622245135,3.3221675551759797,2.6805288969397725,3.1235262648357,2.494677087277101,1.3143344665089007,1.01356552617041,1.1179999476220737,0.982381797211963,1.8848022746930917,1.0964317970043247,1.3660256484119353,1.2498585386300312,1.26303650826826,1.1589511714263128,1.1615186986934525,1.2305478141379609,1.0495801820354271,0.9293206874284232,0.9394202782740636,0.9948075072356324,1.594325179003066,1.5636468435764836,1.555335454788477,1.56289004542526,0.1222879684418146,0.0966469428007889,0.0256410256410256,0.1597633136094674,0.126232741617357,0.0335305719921104,0.2876106194690265,0.1814159292035398,0.1061946902654867,0.3914141414141414,0.2398989898989899,0.1515151515151515,4.606060606060606,4.547169811320755,1.65625,2.185185185185185,67.8,75.4,66.8,72.6,,,,,,,,,,,,,,,,,,,,,
401110838,2019-11-02 19:30:00,2019,regular,10,True,Florida,SEC,1777.0,835.68,Georgia,SEC,960.16,1974.0,17.0,24.0,-7.0,6.5,0.2000086007643971,0.1260795482271745,0.2052222941982718,0.0836434560967475,0.0679627170824246,0.1010470134038694,0.1424489438486015,0.0757895607383095,0.3237400607872396,0.1697710318353643,0.2610006872969486,0.1354649543679317,0.4523411201340901,0.396002961885109,0.5036206642870811,0.3792822986758652,0.4645179540325103,0.4564934911409214,0.5546997664155328,0.4401529911560115,0.3587683624961904,0.3118038694948743,0.3273714484097917,0.2994795554369072,2.7522213036591756,2.942287785836982,3.1839815859598373,2.8839671483727503,1.0133862902064557,1.050056138844356,1.2887638822360392,1.0575606196709553,1.4066347778146402,1.4447458832949365,1.5235026910127172,1.114345238961302,1.2561554152414605,1.2119188723846297,1.1452812823378795,1.18778021045641,0.9989794063743396,0.9771405070585713,0.9404485764326066,0.9435302824812284,1.597456086114598,1.5747136033075522,1.5426744874969622,1.5873152573868063,0.2063882063882063,0.1203931203931203,0.085995085995086,0.1428571428571428,0.0904761904761904,0.0523809523809523,0.2467866323907455,0.1516709511568123,0.0951156812339331,0.2219251336898395,0.1176470588235294,0.1042780748663101,3.2115384615384617,4.170212765957447,3.4186046511627906,1.3076923076923077,69.6,71.9,72.1,75.2,,,,,,,,,,,,,,,,,,,,,
401110842,2019-11-09 20:30:00,2019,regular,11,False,Alabama,SEC,2154.0,984.96,LSU,SEC,906.17,2008.0,41.0,46.0,-5.0,-6.0,0.3194894695295278,0.0538776762620195,0.2903302952882479,0.0823014119699832,0.1569546938560957,0.0614558081830606,0.1291457461394594,-0.0029011022170769,0.4571960643675262,0.1127146891489882,0.4218390218208054,0.2169204160397555,0.5283884088970311,0.3889263811875942,0.5293094368000576,0.3559656266089009,0.5438131795800857,0.4378548671961928,0.5620215071958546,0.4136412941875248,0.3997960821725022,0.3149488636739407,0.3634193130537371,0.3038062862200028,3.13083469181115,2.8559889114410515,3.103729446516135,2.601113335864106,1.1364172727048416,1.0004837291805873,1.1802638044049214,0.8485966370152738,1.3049572265398992,1.162118814177107,1.347488838663772,1.167156752989696,1.2263743043660138,1.1657996017045398,1.1917916856065658,1.2291947052537708,0.9202465547954842,0.9295995980293114,0.9354029942025998,0.9241622579828448,1.6660634391743008,1.5700524299127046,1.5585361303987073,1.6349569980434346,0.1610486891385767,0.1179775280898876,0.0430711610486891,0.1976284584980237,0.108695652173913,0.0889328063241106,0.2677595628415301,0.1530054644808743,0.1147540983606557,0.2716049382716049,0.1502057613168724,0.1213991769547325,4.938461538461539,4.5394736842105265,2.34,3.4166666666666665,66.2,73.2,71.1,74.7,,,,,,,,,,,,,,,,,,,,,
401110845,2019-11-10 00:00:00,2019,regular,11,False,Georgia,SEC,1969.0,960.16,Missouri,SEC,642.83,1732.0,27.0,0.0,27.0,-18.5,0.217041389203117,0.0863835440787957,0.1650790229240619,0.0976512612697998,0.1244741918770332,0.0630078473916063,0.1072096845778806,0.0755023442073368,0.316183012170399,0.1414398215202881,0.242597437391031,0.1380520306541741,0.5018447980259368,0.3816324832312581,0.4317294784085047,0.3695352235487465,0.550938446749485,0.4457489003794311,0.4918981693021895,0.4080419694965272,0.3342687518074771,0.2962830850063086,0.314293831836853,0.3197773754834145,3.07922887288594,2.88211658682962,2.9674068598410988,2.708344440435856,1.2361243558336077,1.0416598985634045,1.1128841283420627,0.917580123283216,1.461517371358355,1.0755647356772584,1.3430691393969327,1.233606416416299,1.1504318744457551,1.189217873740514,1.167063198374402,1.247318015046884,0.9310892899702612,0.9439851705624616,0.9230401167332444,0.9855319779217814,1.5685972102175791,1.5776006858808076,1.5949661361930143,1.6625096172455842,0.1408163265306122,0.0897959183673469,0.0510204081632653,0.2037735849056604,0.120754716981132,0.0830188679245283,0.2107728337236534,0.1053864168618267,0.1053864168618267,0.2802690582959641,0.1771300448430493,0.1031390134529148,3.925925925925926,2.9791666666666665,1.6451612903225803,2.909090909090909,72.0,75.5,71.8,74.2,,,,,,,,,,,,,,,,,,,,,
401112092,2019-11-10 01:00:00,2019,regular,11,False,Oklahoma,Big 12,1990.0,869.53,Iowa State,Big 12,597.15,1816.0,42.0,41.0,1.0,-14.5,0.3446681890928112,0.1327981169424438,0.2549228977590063,0.1245204151483181,0.2165676304086485,0.0901444964228728,0.1275098126269919,0.0809022349448071,0.4627888654026183,0.2043817982803142,0.3522068367401747,0.1955738714769216,0.5360547564661973,0.362592774755358,0.4831671861185489,0.4201832081199863,0.5619858618837685,0.4106647407297505,0.507174187242078,0.4868317751466217,0.3791752385805448,0.3175813065625195,0.3678814857620686,0.3122452078947372,3.1705220126774205,2.737678959538868,3.057072310147646,2.859762799648317,1.4602164734237015,1.053076856311821,1.221174774687887,1.061638073459627,2.0182014738545933,1.491867685192498,1.357361463326126,1.124358565038607,1.2493874479722868,1.2657729936718418,1.2539310135128636,1.1489577596232734,0.9932035074204584,1.0332139860973435,0.9684792273005388,0.9321421425442084,1.6694479863049336,1.6037279170067753,1.6174810225913945,1.5255073845979508,0.1918735891647855,0.128668171557562,0.0632054176072234,0.2761506276150627,0.1234309623430962,0.1527196652719665,0.2672413793103448,0.2112068965517241,0.0560344827586206,0.2439516129032258,0.1370967741935483,0.1068548387096774,4.0,3.775862068965518,4.066666666666666,3.2888888888888888,71.1,73.4,66.4,72.8,,,,,,,,,,,,,,,,,,,,,
401112111,2019-11-09 20:30:00,2019,regular,11,False,Texas,Big 12,1744.0,877.91,Kansas State,Big 12,543.49,1695.0,27.0,24.0,3.0,-7.0,0.271635354912881,0.1927680779632027,0.1611493378704286,0.1272040098877976,0.1899462384925853,0.0895930319490223,0.1038233344444422,0.1391980259834919,0.3116023229781874,0.3092134921688923,0.2609093449811293,0.1468495620676511,0.4809908888777681,0.4374781930534533,0.4210158234840431,0.386012992569084,0.5116867236759504,0.4744401806994998,0.4719570604021026,0.4538504119866193,0.3675331930372543,0.3575813226486354,0.3184765614082027,0.3010742639394593,3.260620330832291,2.941435239297858,2.905155735498542,2.960066393990498,1.2334049207412976,1.1538085417318302,1.1072024915020258,1.1655861882603753,1.2994136176761302,1.2026403440687017,1.2405893682938742,1.5898288486797436,1.2301652953464626,1.214917472109978,1.1856821829578514,1.2034015879841584,0.9710245877473314,0.9332619262496128,0.9712242823805946,1.00905261017683,1.59112956705297,1.6409084982158233,1.605434638639914,1.5759082588224615,0.2179487179487179,0.1362179487179487,0.0817307692307692,0.2219827586206896,0.1659482758620689,0.0560344827586206,0.1966101694915254,0.1254237288135593,0.0711864406779661,0.2099056603773585,0.115566037735849,0.0943396226415094,4.313432835820896,3.9166666666666665,3.5538461538461537,2.1063829787234045,71.8,70.5,67.7,73.4,,,,,,,,,,,,,,,,,,,,,
401112209,2019-11-09 17:00:00,2019,regular,11,False,Ohio State,Big Ten,2332.0,973.56,Maryland,Big Ten,703.94,1355.0,73.0,14.0,59.0,-42.5,0.3613547934226401,0.0039310940568955,0.1057125528324051,0.2055890788735654,0.2517378748744477,0.0415633657489794,0.1499560913014707,0.1474024881015533,0.4239806290100926,0.0187054998997267,0.0767174567114679,0.2862289791881365,0.5185202360444506,0.3461047571244978,0.3974357061865098,0.4558320350494309,0.5385783590977523,0.4150998943368893,0.4444132330979388,0.5014721422587658,0.3761903241914862,0.278291405163528,0.3118219863375653,0.3358166854561275,3.403694857968038,2.6576835710087336,2.8773261919966857,2.98159380767547,1.3594864143532308,1.0008360366005091,1.0931857746455675,1.1554003025215671,1.924571583907885,1.075252253421722,1.6618999574384632,1.1959446094401998,1.2753396306252447,1.1623820690230886,1.2549911680134862,1.184092152834176,1.0532724243948204,0.9449729926637452,1.0356351222370137,0.9571271593138312,1.6091287995160697,1.56408653302619,1.5806180414395392,1.5646778258886094,0.1189655172413793,0.0948275862068965,0.0241379310344827,0.2079395085066162,0.1266540642722117,0.0812854442344045,0.2948207171314741,0.199203187250996,0.095617529880478,0.1795302013422818,0.1124161073825503,0.0671140939597315,4.684931506849315,3.026315789473684,1.6666666666666667,4.0,68.2,74.9,69.6,73.2,,,,,,,,,,,,,,,,,,,,,
401110849,2019-11-16 20:30:00,2019,regular,12,False,Auburn,SEC,1946.0,843.93,Georgia,SEC,960.16,2012.0,14.0,21.0,-7.0,3.0,0.197885475516607,0.0253808376898942,0.221742065974006,0.0676594039427692,0.1363370631479519,-0.0149794014850844,0.1177761469305512,0.047098552273212,0.2765296192100662,0.1327487148010837,0.325661952288475,0.1291859791390637,0.4612924257532033,0.3315048760868494,0.4964666685642723,0.3760146835470809,0.492021798566135,0.3806927296552435,0.5498432895812839,0.4368990875382275,0.3600504190037736,0.3047275848210808,0.3290059310874904,0.2929413306244476,3.1000480105396457,2.5396155911970433,3.081624600687064,2.827736142893277,1.141798195444656,0.9774874438020716,1.2190548666395555,1.0238679001688535,1.431672271098772,1.1019489833276273,1.4697368054519984,1.0545504887413155,1.169155784148633,1.2098365598187832,1.1541343179036785,1.1819994443368764,0.941833765311935,0.9607220333067344,0.9284476964120242,0.938218757798703,1.6165723873711766,1.587252747138626,1.5894194277487663,1.5615022698208376,0.1691616766467066,0.1272455089820359,0.0419161676646706,0.1336898395721925,0.0855614973262032,0.0481283422459893,0.2492113564668769,0.1545741324921135,0.0946372239747634,0.2061855670103092,0.1030927835051546,0.1030927835051546,4.363636363636363,3.8524590163934422,2.568965517241379,1.5,68.9,71.5,71.4,75.6,,,,,,,,,,,,,,,,,,,,,
401110851,2019-11-16 17:00:00,2019,regular,12,False,Mississippi State,SEC,1651.0,732.68,Alabama,SEC,984.96,2135.0,7.0,38.0,-31.0,19.0,0.2484347763525632,0.1581013508722832,0.3371958465796291,0.0633195071602341,0.202789986938796,0.0804616544075298,0.1555156499771149,0.0749683447374996,0.2733028006669469,0.2783072639970317,0.4712006766999649,0.1303386475598982,0.477185698565798,0.431780930569387,0.5263410921611388,0.3988067320159305,0.5150637991522892,0.4714673415531599,0.5432832149674764,0.4488824226930313,0.3539678557044443,0.3503443070189576,0.4038545984692591,0.3180441616875508,3.275643196360271,2.8992733959180677,3.1180199685042016,2.885440325527952,1.3432932481514457,1.1978169412058082,1.170708676171179,1.0371207998386198,1.5522346654445205,1.2906848597737934,1.329844084925128,1.154343075457522,1.2115885458246058,1.2242744288972975,1.2529279897099284,1.168396570733711,1.0028363018691795,0.9487158260279438,0.9266060065588134,0.9274578973156908,1.5876528246270896,1.6555459387804117,1.6975441233896558,1.5753506182938422,0.2192691029900332,0.1295681063122923,0.0897009966777408,0.1697171381031613,0.1198003327787021,0.0499168053244592,0.2446428571428571,0.1321428571428571,0.1125,0.2456418383518225,0.1458003169572107,0.0998415213946117,4.409836065573771,4.956521739130435,4.161290322580645,2.75,72.9,67.7,67.3,72.3,,,,,,,,,,,,,,,,,,,,,
401112082,2019-11-17 00:30:00,2019,regular,12,False,Baylor,Big 12,1673.0,668.9,Oklahoma,Big 12,869.53,1985.0,31.0,34.0,-3.0,10.5,0.218714834570619,0.0756462926034471,0.3635580178925319,0.1407128236347404,0.1320659604955612,0.025132476201478,0.2271201799864636,0.091200562160288,0.3026015592222393,0.1677131784702913,0.4773162133266007,0.2253550451414309,0.4575362583408713,0.4046182569541897,0.5338789092593325,0.3693585151460956,0.4741991088106311,0.4521504948371114,0.562381890406763,0.4207241996062957,0.3852749867286633,0.3245307590897073,0.3857130306952541,0.3171396803638874,2.8575537025889823,2.647537596327831,3.1877490289628105,2.7227528752020547,1.1246162124021142,0.9734850620025316,1.501604623729217,1.083053750465351,1.6578241188965928,1.1576827757943766,2.0053504126815107,1.4827088616522504,1.2399432624655733,1.1790125403161722,1.266164307894997,1.2707063747811802,1.0006269772861267,0.961554140261874,0.9950867813495652,1.0200207894456172,1.6043470942050686,1.53067954570888,1.6999099965430424,1.6275736219482304,0.2454545454545454,0.1763636363636363,0.069090909090909,0.1925343811394892,0.1296660117878192,0.0628683693516699,0.3112582781456953,0.2036423841059602,0.1076158940397351,0.2537593984962406,0.1917293233082706,0.0620300751879699,3.3620689655172415,4.140625,2.62,4.166666666666667,72.6,71.5,71.4,72.7,,,,,,,,,,,,,,,,,,,,,
401112093,2019-11-16 20:30:00,2019,regular,12,False,Iowa State,Big 12,1821.0,597.15,Texas,Big 12,877.91,1744.0,23.0,21.0,2.0,-7.0,0.2690701530797476,0.1334357563917345,0.2786367554905578,0.1890924488506433,0.1254957457635762,0.088682168698931,0.1951914218805818,0.0621955831706679,0.3760413862837751,0.2100390289623507,0.3165626744995844,0.329066932626292,0.4895527673972721,0.4180006466461946,0.4881412653192551,0.4360741207329152,0.5151126236069801,0.4862282942958641,0.5192977968768109,0.4738035546372634,0.372196408289676,0.3128784866057598,0.3738396399352202,0.359440553132607,3.023421918772838,2.866029271477584,3.2835131673135223,2.8725049229432247,1.2473882508347005,1.102105174771958,1.2559772979728328,1.11090022932676,1.3510368874080216,1.1613967945326094,1.3081118199823976,1.189521673608001,1.2609737499966729,1.1698336857236789,1.224091319484941,1.2223726415106635,0.9606328943351105,0.939013554105103,0.966540220705014,0.9302997403855532,1.6386965584714583,1.5588355790464092,1.587527242840395,1.6476699040164569,0.2619047619047619,0.1153846153846153,0.1465201465201465,0.2043478260869565,0.1289855072463768,0.0753623188405797,0.2384341637010676,0.1370106761565836,0.1014234875444839,0.1956521739130435,0.1273291925465838,0.0683229813664596,3.8955223880597014,4.27027027027027,3.5208333333333335,3.442857142857143,66.4,72.9,71.7,71.0,,,,,,,,,,,,,,,,,,,,,
401112255,2019-11-16 20:30:00,2019,regular,12,False,Rutgers,Big Ten,1040.0,587.28,Ohio State,Big Ten,973.56,2384.0,21.0,56.0,-35.0,52.0,0.0133470207235677,0.2321621948624099,0.3763137178736556,-0.0008260564780351,0.0183222526903517,0.1715100139130634,0.2651320400985195,0.0370864087076264,0.082706255660767,0.2963965690610992,0.4314109803033376,0.0234689354395974,0.3472742149166773,0.4532063697245403,0.5261036325229895,0.3442488781760031,0.4073692295599888,0.4948058702219054,0.5444675119491837,0.4152719591197774,0.2863724293303522,0.3466491640573854,0.3940385370477334,0.267056326932285,2.611073532484474,3.073430225006616,3.422436472021776,2.645086029900285,0.8933652790174164,1.0716939703065127,1.387016449904376,1.0250691155920897,1.0341381301793404,1.4835690009989155,1.917934570324026,1.0509434431637503,1.1662953882813396,1.2208319716564118,1.2686565872434723,1.1731457986181724,0.9369679128056088,1.0020380380031195,1.0481127405934187,0.958019467960352,1.61438086256485,1.5863563693479266,1.6019264241516074,1.5701544216528027,0.199288256227758,0.1352313167259786,0.0640569395017793,0.1125925925925925,0.0874074074074074,0.0251851851851851,0.1650485436893204,0.0857605177993527,0.0792880258899676,0.3018181818181818,0.2036363636363636,0.0981818181818181,2.736842105263158,4.825581395348837,4.303571428571429,1.9473684210526316,72.4,71.9,67.2,74.7,,,,,,,,,,,,,,,,,,,,,
401110857,2019-11-23 20:30:00,2019,regular,13,False,Georgia,SEC,2020.0,960.16,Texas A&M,SEC,848.89,1811.0,19.0,13.0,6.0,-12.0,0.2182916733107515,0.0597473068657485,0.1997168727758219,0.1215931915882408,0.1145563950749353,0.0385404289578829,0.1513919208062258,0.082002475166666,0.321859130751397,0.1160811767475234,0.2429348758343298,0.1910848577824859,0.4886805290814128,0.375629800711907,0.4935057481406906,0.3953038683316056,0.5474523601163204,0.4389892377121714,0.533633504944066,0.449511506312476,0.3185896794170993,0.2886830996898121,0.3553885742921951,0.3189984000581545,3.076137258494167,2.7390245924803898,3.04377427556013,2.5834908456078196,1.1975117493356344,0.9875548343837046,1.1261495348423176,1.125969101408822,1.4613123918134747,0.9782890863127728,1.5551015733303666,1.3267229324124827,1.1564423142858282,1.1694191273157937,1.135210754900738,1.238651020375408,0.9281845070317504,0.9302880399228411,0.9216281368871312,0.974001501813074,1.5901957785643337,1.5279793603750418,1.486691351086383,1.6308228008460792,0.141025641025641,0.0865384615384615,0.0544871794871794,0.2025117739403453,0.1051805337519623,0.097331240188383,0.1978984238178634,0.1050788091068301,0.0928196147110332,0.2321724709784411,0.1260364842454394,0.1061359867330016,3.890625,4.15,1.625,3.094339622641509,71.2,75.7,68.8,73.6,,,,,,,,,,,,,,,,,,,,,
401112083,2019-11-23 20:30:00,2019,regular,13,False,Baylor,Big 12,1686.0,668.9,Texas,Big 12,877.91,1744.0,24.0,10.0,14.0,-4.0,0.2138654542064552,0.073436896239334,0.2645823916759259,0.1709978307576252,0.134367977255144,0.022065298569217,0.1673269046851635,0.0500792318311654,0.2896486529049769,0.1698137915382153,0.3235867793918685,0.3038789063053572,0.4709043555503119,0.4126529467295294,0.4783550830147003,0.4327520507375293,0.4925525461606989,0.4574355973408622,0.5073968538782726,0.4787743434074701,0.3832033675808556,0.3371537284906455,0.3757779624725048,0.3473657314015073,2.9041590445446728,2.7331723296166173,3.218823286118433,2.847704542392288,1.1329651818337083,0.96440876263361,1.2169937985616346,1.108019883346572,1.6529257902162218,1.0834351279737358,1.2582901898095131,1.1534523052199863,1.2188229930344132,1.1469697892990198,1.2267524244068977,1.2093545308824538,0.9764550036242676,0.9329394689794605,0.9571978752378892,0.923402436749525,1.596020019642456,1.4990213321840948,1.589329919099982,1.6337322762175035,0.2404643449419568,0.1724709784411277,0.0679933665008291,0.2023809523809523,0.1256613756613756,0.0767195767195767,0.2928571428571428,0.1914285714285714,0.1014285714285714,0.1900826446280991,0.1212121212121212,0.0688705234159779,3.484375,4.32051282051282,2.75,3.3376623376623376,72.3,71.7,71.7,71.3,,,,,,,,,,,,,,,,,,,,,
401112120,2019-11-24 01:00:00,2019,regular,13,False,Oklahoma,Big 12,1972.0,869.53,TCU,Big 12,691.63,1631.0,28.0,24.0,4.0,-18.0,0.3604964780519488,0.1416415504717949,0.1660266814557378,0.1175236624915269,0.2232344255298496,0.0970136296424174,0.1841057637859152,0.061268779666081,0.4793081332444882,0.2180476455356469,0.1604841435599753,0.2167661482639195,0.5453470323634164,0.3835952655410977,0.4406824774722571,0.3686949816807354,0.5699495774752655,0.4399101839793363,0.4689905293632155,0.4146052822915427,0.4022771974844628,0.3158389615291839,0.3588687871720401,0.3197868621175601,3.272772978209216,2.795061706634882,3.1536304782692306,2.582509527550976,1.4963190543033658,1.095169143144893,1.2076240331727714,0.9594119665302538,1.9290335459114976,1.481768819644928,1.3502160461566866,1.3220470482034423,1.2339506996671137,1.2504019879449206,1.170859835207154,1.2348997852761814,0.9643628570474968,0.992446925750452,0.9681746377718016,0.9646486460252848,1.679434718687271,1.6259780559500616,1.6115220004126125,1.672610242698146,0.1900826446280991,0.1272727272727272,0.0628099173553719,0.2099447513812154,0.1381215469613259,0.0718232044198895,0.2478632478632478,0.1863247863247863,0.0615384615384615,0.2041884816753926,0.1099476439790576,0.094240837696335,4.04054054054054,3.636363636363636,4.216666666666667,3.9375,71.5,72.4,69.2,72.0,,,,,,,,,,,,,,,,,,,,,
401112256,2019-11-23 17:00:00,2019,regular,13,False,Ohio State,Big Ten,2343.0,973.56,Penn State,Big Ten,857.34,1995.0,28.0,17.0,11.0,-20.0,0.3782062417294974,0.0055923166208795,0.2256913900925449,0.0861467729959284,0.248197206815209,0.03568978122146,0.1126014551904716,-0.006918980106149,0.4662409962923401,0.0260482388253829,0.3383689843924521,0.2144643202350492,0.5269806751465057,0.3372506788498188,0.4490395141814104,0.347121066568693,0.5493765942544158,0.4068049627259103,0.4990722418222978,0.3915626066795495,0.3918220454426468,0.2620825567026571,0.3236984176748509,0.3099239134405416,3.412700460484191,2.565728401697598,2.81267915283014,2.4798239073223227,1.379569169051048,0.999422181810176,1.0431956360140688,0.8937266653654459,1.8172247951125209,1.041058085366588,1.3939751313721933,0.9721495365936468,1.266576995160909,1.188645388055184,1.260907421108485,1.2685334994944242,1.021470761214324,0.9637182233583724,0.9753935946620886,0.957225796256166,1.62050727612245,1.5833060383124102,1.677761439142747,1.6724629529717625,0.1155378486055776,0.0876494023904382,0.0278884462151394,0.2032786885245901,0.1393442622950819,0.0639344262295081,0.2922077922077922,0.1964285714285714,0.0957792207792207,0.2272024729520865,0.1576506955177743,0.0695517774343122,4.757575757575758,4.287878787878788,2.1463414634146343,2.7719298245614037,67.1,74.1,67.7,75.5,,,,,,,,,,,,,,,,,,,,,
401110865,2019-11-30 20:30:00,2019,regular,14,False,Auburn,SEC,1938.0,843.93,Alabama,SEC,984.96,2164.0,48.0,45.0,3.0,3.5,0.1897778625264033,0.0187272403929981,0.3381887945383682,0.044877773303275,0.1293673959869152,-0.0267232160104936,0.1572041195164933,0.0558444933705049,0.2687624430973864,0.1167639375316051,0.4942919904011326,0.1093460661895717,0.4627695191592972,0.3273811000055615,0.5226792880185112,0.3842952836205434,0.4932409344999037,0.378753540542728,0.5417798026593971,0.4381177309198523,0.3586474958060074,0.2979224802717697,0.4040171894658405,0.3062667570076846,3.053757252659627,2.546229995326315,3.097540287485024,2.8267510929610777,1.1193076896833545,0.9668083986394552,1.1686691485080742,1.0081688852529511,1.365231793289035,1.0576294073404016,1.2785420753687369,1.1388234732065492,1.157728733092797,1.207237190631791,1.2600107351448382,1.1741187471277093,0.9315365545890364,0.9542718458016122,0.9291633851412968,0.933633945015233,1.585330253515952,1.5881577736651602,1.7328261234286773,1.586186817598489,0.1671087533156498,0.1259946949602122,0.0411140583554376,0.1633888048411497,0.1180030257186081,0.0453857791225416,0.2453371592539454,0.1492109038737446,0.0961262553802008,0.2412790697674418,0.1424418604651162,0.0988372093023255,4.194444444444445,4.935064935064935,2.6721311475409837,2.6875,69.0,71.6,66.7,72.7,,,,,,,,,,,,,,,,,,,,,
401110867,2019-11-30 17:00:00,2019,regular,14,False,Georgia Tech,ACC,1306.0,629.1,Georgia,ACC,960.16,2017.0,7.0,52.0,-45.0,28.5,0.1214202556561422,0.200682702922805,0.2061932237891009,0.05710470535487,0.0788278490769457,0.162693130510309,0.1039249602036633,0.0178280531684605,0.1803757732709228,0.254156922960723,0.3220615391261048,0.1177778355079461,0.3996920878528632,0.4392252715082475,0.4837823440094197,0.3716179888627721,0.455823699533493,0.4721558581533746,0.547682389024697,0.4405935220507129,0.2976676172429893,0.3556042430205379,0.3127028034923646,0.2833922767642148,2.8471667320927097,2.9818402687885905,3.0253397740346393,2.632094890700164,1.203257706596569,1.0501333119869178,1.180498387208352,0.9665235238110436,1.46083209879745,1.4442376460368591,1.4291674129538126,0.9243191722201022,1.2289376827040368,1.2050963001841444,1.1460531313840567,1.164909266703399,0.9691282087241831,0.9786244067591816,0.9183896999723956,0.9231538660336732,1.6716272844494433,1.6312349723566717,1.5974771608351266,1.5063576171891224,0.2430668841761827,0.1843393148450244,0.0587275693311582,0.1426491994177583,0.0917030567685589,0.0509461426491994,0.1782312925170068,0.1156462585034013,0.0625850340136054,0.1952755905511811,0.1039370078740157,0.0913385826771653,2.6041666666666665,3.8285714285714287,3.4155844155844157,1.7727272727272727,73.9,67.5,70.7,75.5,,,,,,,,,,,,,,,,,,,,,
401112121,2019-12-01 01:00:00,2019,regular,14,False,Oklahoma State,Big 12,1660.0,644.42,Oklahoma,Big 12,869.53,1965.0,16.0,34.0,-18.0,14.0,0.2061735887061138,0.140726615789183,0.3372800714362532,0.1342980301716197,0.1692331519273095,0.0816680913441444,0.2185968277198734,0.1011127806620747,0.2660524548534359,0.2169717013744451,0.4738731932062716,0.1997300915900615,0.4472490358203125,0.413897486443516,0.5471939290008173,0.3826958561803473,0.5024381026789083,0.4566308264877236,0.5725141421882052,0.4460573372398248,0.3184647022152098,0.3387559933662086,0.4038820115346583,0.3070799003100956,2.9494365638814988,2.8242497724132427,3.327607864313467,2.787904450828782,1.1790311248114038,1.085043816114264,1.488348278473165,1.0967667275031794,1.9801894134385705,1.1675083686965295,1.901149316264218,1.5372951834081838,1.2355978318870806,1.2136693763134463,1.2213549047905168,1.2390191700310644,1.0351052057563124,0.9534107675993736,0.9516778792561572,0.989209468541132,1.6213639544181426,1.6079136798811902,1.706580385065463,1.6232028048668528,0.2137096774193548,0.1545698924731182,0.0591397849462365,0.1828737300435413,0.1233671988388969,0.0595065312046444,0.224764468371467,0.1117092866756393,0.1130551816958277,0.2440570522979397,0.1806656101426307,0.063391442155309,3.4285714285714284,4.0,3.647887323943662,4.090909090909091,72.0,71.4,71.4,72.2,,,,,,,,,,,,,,,,,,,,,
401112138,2019-11-29 17:00:00,2019,regular,14,False,Texas,Big 12,1711.0,877.91,Texas Tech,Big 12,577.21,1586.0,49.0,24.0,25.0,-8.0,0.2596821996828931,0.1651441663221906,0.1543161943153403,0.1830938610726085,0.1866708326114836,0.0472113142404678,0.1145764338973581,0.0834262837166753,0.3075140594387974,0.29863176070027,0.2039624924490941,0.297589034455227,0.4780943834975493,0.4291509626339393,0.4347005730602075,0.4177640719030659,0.5111704940143033,0.4790539891928292,0.4751505000826812,0.4466712320256911,0.3698042738783433,0.341618105478722,0.3371675833474575,0.3630151521593233,3.2761478455778725,2.8713589152060455,2.998505384718495,2.7362816414513698,1.2332965918686132,1.131620402780484,1.1042747976560494,1.0365510276366037,1.3462007550931947,1.1721088622668518,1.0971798535100727,1.343845047007607,1.2211887184411574,1.1986515853195547,1.1882489537134733,1.268920206590057,0.9596003468891746,0.9177181363707076,0.9609287963647714,0.9781054215607016,1.576937495979468,1.635177828302817,1.5327325937803835,1.691240816079394,0.2,0.1224242424242424,0.0775757575757575,0.1958762886597938,0.1018041237113402,0.0940721649484536,0.1820480404551201,0.1163084702907711,0.0657395701643489,0.2053333333333333,0.1426666666666666,0.0626666666666666,4.08235294117647,3.430555555555556,3.4691358024691357,3.194029850746269,72.0,71.6,70.9,73.4,,,,,,,,,,,,,,,,,,,,,
401112228,2019-11-30 17:00:00,2019,regular,14,False,Michigan,Big Ten,2027.0,853.4,Ohio State,Big Ten,973.56,2338.0,27.0,56.0,-29.0,9.0,0.2228950168733323,0.0353123384525604,0.3635075655230243,0.0127085321628192,0.1287508976120409,0.0131524395399547,0.2453721840707295,0.0349575235087207,0.3219082695168596,0.0923577211464049,0.4746937959016445,0.0206647889839124,0.4611232072240268,0.3593228137108177,0.5239220656345045,0.3422782397076088,0.506185367647986,0.4228946053549341,0.5418387356297065,0.4116673845833549,0.3328348313557211,0.2698267604309473,0.4029033283663685,0.2636387597018354,3.025592666079181,2.538979490947277,3.3518453270355653,2.5711888592531484,1.0877554618716003,0.8160212054666394,1.364953566366423,1.0033265860375096,1.2043405880724891,0.966698949246052,1.815839603072253,0.9985977759484496,1.2117773831381564,1.169148579142261,1.2612163125823783,1.1806979588073414,0.9492630218393348,0.9259941025019208,1.026072137198035,0.9580971040305564,1.6262694736744838,1.5363514783527472,1.6088368854322683,1.5641090480038826,0.1780104712041884,0.1073298429319371,0.0706806282722513,0.1235011990407673,0.0959232613908872,0.02757793764988,0.238095238095238,0.1484593837535014,0.0896358543417367,0.2909896602658788,0.1949778434268833,0.0960118168389955,4.0813953488372094,4.62037037037037,2.810344827586207,2.2340425531914896,68.9,73.0,66.8,73.7,,,,,,,,,,,,,,,,,,,,,
401132974,2019-12-07 17:00:00,2019,regular,15,True,Oklahoma,Big 12,1978.0,869.53,Baylor,Big 12,668.9,1837.0,30.0,23.0,7.0,-9.5,0.3402036241888122,0.1216023594391963,0.2181985273212701,0.0614806679981664,0.2232094802327738,0.1030406515989713,0.1477750338605711,0.0345500389906444,0.4809829690467808,0.1745864445099848,0.2970938244401204,0.1237843606734408,0.5472085769499164,0.3892439943704292,0.4688198838758455,0.4058253302136619,0.5780165216055498,0.4467545445818753,0.497529753034977,0.4568660807710261,0.3962704598533558,0.3159936864158075,0.3777192523960224,0.3248415541628196,3.353677422063151,2.8119489475092516,2.948893361148092,2.7878123739137113,1.4852351024649315,1.0894719376265345,1.1803691347916268,1.013004188660232,1.9223206120268217,1.4726147124036808,1.6778008279742798,1.1280276717058453,1.2151943239511582,1.2141560702955814,1.206046972689777,1.1377451141021004,0.952642593762186,0.9883648187784684,0.9747517922719606,0.9330327284506248,1.7076090188777222,1.5820912029813086,1.5802221293429422,1.466829990917932,0.1742021276595744,0.1183510638297872,0.0558510638297872,0.2163978494623656,0.1518817204301075,0.064516129032258,0.2431654676258992,0.1784172661870503,0.0647482014388489,0.2788461538461538,0.1790865384615384,0.0997596153846153,4.0227272727272725,3.569620253164557,3.9859154929577465,2.6,71.3,72.4,71.2,72.3,,,,,,,,,,,,,,,,,,,,,
401132981,2019-12-07 21:00:00,2019,regular,15,True,LSU,SEC,2138.0,906.17,Georgia,SEC,960.16,2061.0,37.0,10.0,27.0,-7.0,0.3544031026296371,0.0909335561108283,0.2074925132347745,0.0450060224230661,0.1840338583346159,0.026281188293784,0.0992973910178894,0.0088636777554835,0.484580868429671,0.1904175531400817,0.3291260862320678,0.1056843133854247,0.5490974348881678,0.3566302828511291,0.4816950617455345,0.3643818720624033,0.5789986923722075,0.4232743748499387,0.5426283355564286,0.4344134457745829,0.3953636414185395,0.2826654189501664,0.3216677343368562,0.2748733750028121,3.2539011711908765,2.717772806996201,3.067448018711778,2.619569482846299,1.2821588393923662,0.9788864866551784,1.2223045674392143,0.923248758981174,1.6143358068972615,1.3404994056405182,1.3992940334458963,0.8563974179426632,1.223432074749938,1.2719124630956642,1.154318198904326,1.154341887808525,0.951203321519256,0.9538193528893912,0.9139984231198284,0.9122576430018056,1.568050548187831,1.7146934865374512,1.6205431685342546,1.5042802079270443,0.1733668341708542,0.0992462311557789,0.0741206030150753,0.1473684210526315,0.0921052631578947,0.0552631578947368,0.2539682539682539,0.1402116402116402,0.1137566137566137,0.1991341991341991,0.1067821067821067,0.0923520923520923,4.6,3.923076923076923,3.323529411764706,1.8085106382978724,70.4,74.1,70.0,75.2,,,,,,,,,,,,,,,,,,,,,
401132983,2019-12-08 01:00:00,2019,regular,15,True,Wisconsin,Big Ten,2012.0,675.8,Ohio State,Big Ten,973.56,2381.0,21.0,34.0,-13.0,16.5,0.2787804384905845,0.0424023179915668,0.3825917520219967,0.0105572992882305,0.184729798247334,0.0455697231933754,0.2587308052619701,0.0268167696120025,0.4100763737097957,0.0706028592552228,0.5002375786924538,0.0227687673542505,0.5144813128652687,0.3397267473737849,0.5273468207392205,0.3428519912159182,0.5536538372792358,0.4000250898743195,0.5441230092700348,0.411769697245064,0.3549073454634626,0.2832849264097889,0.4096255329698454,0.2646709074535858,3.2629528448082974,2.6449286731876507,3.3764492669963335,2.527470288031439,1.2161500406887786,1.0716960170876535,1.358842605659146,1.0104526610446989,1.5154532698320808,1.420324284194171,1.8327238412626587,1.0192456070659552,1.1443328377460014,1.2829583803379596,1.2756920143599748,1.1833647050609246,0.936274896828268,1.0256002360632803,1.0359339451204062,0.9609008868004374,1.5788155307194918,1.5942244245521828,1.6424545987119932,1.5603859456563711,0.151624548736462,0.1227436823104693,0.0288808664259927,0.1229418221734357,0.0954994511525795,0.0274423710208562,0.3048951048951049,0.1818181818181818,0.123076923076923,0.2901069518716577,0.1898395721925133,0.1002673796791443,4.149425287356322,4.683760683760684,2.9473684210526314,2.490566037735849,68.5,72.4,67.0,73.5,,,,,,,,,,,,,,,,,,,,,
401331228,2021-12-30 02:15:00,2021,postseason,1,True,Oklahoma,Big 12,1857.0,895.38,Oregon,Big 12,885.75,1628.0,47.0,32.0,15.0,-7.0,0.2836371688845679,0.1826584926551561,0.2493172627198602,0.1637331576455842,0.2217177798122508,0.0697019024279171,0.2308100047182235,0.1308555032249123,0.3227908360397118,0.3253861049406494,0.2727618237436629,0.2136287355668749,0.4718709687080641,0.422327580645759,0.4899225830104224,0.4291571476026884,0.5153180030650237,0.4764297973456131,0.5409369960261109,0.46719308542159,0.3382560164818774,0.3211577690208284,0.326671702116894,0.3433701842077322,3.062475987014321,2.7798283329382003,3.382590653082429,2.911352450135074,1.2250566948645245,1.0996351500820354,1.181197866473492,0.9862305853901864,1.7467142373729678,1.3086330649382127,1.4113517011334862,0.9145193756299788,1.2988692676578968,1.2673663572902596,1.2117747763948237,1.2333223948594076,1.0234675063151355,0.9528870823776868,0.9437734379952946,0.9561796860149416,1.5716015529889675,1.588618790635976,1.5741014836255247,1.5136505786719556,0.1657223796033994,0.1147308781869688,0.0509915014164305,0.1401752190237797,0.0763454317897371,0.0638297872340425,0.1822916666666666,0.1393229166666666,0.04296875,0.1543859649122807,0.0947368421052631,0.0596491228070175,4.632911392405063,4.4375,3.8840579710144927,4.302631578947368,69.5,72.5,70.5,71.2,,,,,,,,,,,,,,,,,,,,,
401331234,2022-01-01 00:30:00,2021,postseason,1,True,Michigan,Big Ten,2065.0,832.6,Georgia,Big Ten,1001.79,2143.0,11.0,34.0,-23.0,7.5,0.2776953748339349,0.0959440952498064,0.2889096735510578,0.0016213239290598,0.214543446252434,0.0487859493149794,0.1986515534258402,0.0322079098014245,0.3385245185836149,0.1693214280133924,0.3773484825613149,0.0430265119079062,0.4751593805147101,0.3676497106158716,0.5068668094885695,0.3226574875016162,0.5180549461092697,0.4281149574724406,0.5324328147499264,0.3837453810765814,0.3348238978516634,0.2785402468586975,0.3617525567940461,0.2699118877531533,3.214332026816484,2.870009097366994,3.3539589661951306,2.724505859215531,1.094453807777111,0.9546465113097946,1.2805428293828711,0.895498120910664,1.4613567449453846,1.1544554156469462,1.209990799439027,0.7412137819133643,1.2391209108150327,1.2362585401673425,1.2290706101620967,1.2381733540932394,0.9721697269538784,0.93485775762326,0.913594418855028,0.945147645631936,1.6117894109218112,1.5554731199591096,1.63314322163905,1.5329469589745852,0.0968468468468468,0.045045045045045,0.0518018018018018,0.1130091984231274,0.064388961892247,0.0486202365308804,0.1735632183908046,0.1022988505747126,0.0712643678160919,0.1917443408788282,0.1198402130492676,0.0719041278295605,4.153846153846154,4.588888888888889,3.033333333333333,1.8983050847457628,68.9,73.9,69.2,74.5,,,,,,,,,,,,,,,,,,,,,
401331235,2021-12-31 20:30:00,2021,postseason,1,True,Alabama,SEC,2220.0,1004.04,Cincinnati,SEC,626.54,1985.0,27.0,6.0,21.0,-13.0,0.3200602064230683,0.0655469226662374,0.2882949426438639,0.070316473337998,0.1219870645327097,0.0057731529889587,0.243941300905149,0.0779781328043947,0.4559150296430469,0.1636597714179067,0.3221787528405129,0.1004979030148126,0.4919426572536666,0.3603431034324651,0.4835675045982244,0.3877898775509996,0.503804212710494,0.4266092933518763,0.5412420277132894,0.4593923692097241,0.3947682592081494,0.2819147569044199,0.3033739196429778,0.2669485876934892,3.005776047923491,2.608732483053595,3.178561797873864,2.983547680755529,1.1573529444883015,0.8960473025413573,1.1434479145064482,0.976055580770154,1.184732751093385,0.887522532673481,1.6479014994080194,0.9827300218143852,1.3134970448765046,1.2580448784961165,1.255661904662714,1.2273075183484532,0.913139657920082,0.9196756246616484,1.0068707462546167,0.9423995661095562,1.7006269702965278,1.5843416126169507,1.5330174174620552,1.5800270784801569,0.1487695749440716,0.1118568232662192,0.0369127516778523,0.1292059219380888,0.0780619111709286,0.0511440107671601,0.1897208121827411,0.1326142131979695,0.0571065989847715,0.2033096926713948,0.1312056737588652,0.0721040189125295,4.483870967741936,4.494117647058824,3.901639344262295,2.9402985074626864,71.0,73.5,66.1,73.6,,,,,,,,,,,,,,,,,,,,,
401331239,2022-01-01 22:00:00,2021,postseason,1,True,Ohio State,Big Ten,2153.0,985.09,Utah,Big Ten,707.72,1931.0,48.0,45.0,3.0,4.0,0.3931972949196509,0.1259254519174865,0.2661623144845664,0.1118780846521092,0.2331173869883559,0.061526319549743,0.2539897973461691,0.1218440940504126,0.4918946670594532,0.2061814709280284,0.2778381388214376,0.1591525681589831,0.5176947004343667,0.4086952788415695,0.4753766658249693,0.3743033600330758,0.5549865219652557,0.4592657981336333,0.5226743179480803,0.4438022537037722,0.3588883047609253,0.316919537305855,0.334830695572326,0.2854233871127282,3.3040143186376465,2.760768768908127,3.390964740800096,2.9917085739466676,1.2316834895668984,1.0940894327862802,1.3645107825008638,1.083829595659664,1.6212894847066237,1.1875484789797277,1.519005722761527,1.1843909615226034,1.3288263684887642,1.2676574609301532,1.2700458142902076,1.280803778766093,1.0016926755155646,0.9616163070303778,1.0572029922389654,1.005397668449798,1.6165207275188158,1.5568154331779565,1.5130380435905226,1.5655645532627671,0.110718492343934,0.0671378091872791,0.0435806831566548,0.1453855878634639,0.0834386852085967,0.0619469026548672,0.2004773269689737,0.1133651551312649,0.0871121718377088,0.2132639791937581,0.1326397919375812,0.0806241872561768,4.880434782608695,4.363636363636363,3.6615384615384614,3.352112676056338,70.4,75.0,68.0,74.1,,,,,,,,,,,,,,,,,,,,,
401331242,2022-01-11 01:00:00,2021,postseason,1,True,Alabama,SEC,2253.0,1004.04,Georgia,SEC,1001.79,2186.0,18.0,33.0,-15.0,3.0,0.3200602064230683,0.0655469226662374,0.2889096735510578,0.0016213239290598,0.1219870645327097,0.0057731529889587,0.1986515534258402,0.0322079098014245,0.4559150296430469,0.1636597714179067,0.3773484825613149,0.0430265119079062,0.4919426572536666,0.3603431034324651,0.5068668094885695,0.3226574875016162,0.503804212710494,0.4266092933518763,0.5324328147499264,0.3837453810765814,0.3947682592081494,0.2819147569044199,0.3617525567940461,0.2699118877531533,3.005776047923491,2.608732483053595,3.3539589661951306,2.724505859215531,1.1573529444883015,0.8960473025413573,1.2805428293828711,0.895498120910664,1.184732751093385,0.887522532673481,1.209990799439027,0.7412137819133643,1.3134970448765046,1.2580448784961165,1.2290706101620967,1.2381733540932394,0.913139657920082,0.9196756246616484,0.913594418855028,0.945147645631936,1.7006269702965278,1.5843416126169507,1.63314322163905,1.5329469589745852,0.1487695749440716,0.1118568232662192,0.0369127516778523,0.1130091984231274,0.064388961892247,0.0486202365308804,0.1897208121827411,0.1326142131979695,0.0571065989847715,0.1917443408788282,0.1198402130492676,0.0719041278295605,4.483870967741936,4.588888888888889,3.901639344262295,1.8983050847457628,71.0,73.5,69.2,74.5,,,,,,,,,,,,,,,,,,,,,
401282089,2021-10-02 19:30:00,2021,regular,5,False,Alabama,SEC,2145.0,1004.04,Ole Miss,SEC,732.02,1739.0,42.0,21.0,21.0,-15.0,0.265744696271458,0.154777685407475,0.3242780734215834,0.2227774333907951,0.1204959988740531,0.0965807018886655,0.2794907118817983,0.2082195177548796,0.4021120069805611,0.2381063289964018,0.3455411055138712,0.2491183856962414,0.4628865334535493,0.3832185392857999,0.4679865252576854,0.4349784457482679,0.4979694390176979,0.4368499173807334,0.4944929136884956,0.4866439199740067,0.323947339437699,0.2978390437941817,0.3282274334139127,0.311020316087906,3.009771824431857,2.8609722279609846,3.2938711936432816,3.117688553038597,1.1034352516768708,1.042749988921747,1.2787906199065469,1.121713538065526,1.343086321733622,1.1508360757783178,1.2155074982355345,1.1426111756495192,1.31602241229255,1.27450309058869,1.3848173718854808,1.2699548470123123,0.95488532262694,0.9798613535740358,1.0799837439860245,1.012199245236294,1.7028997936741248,1.6074096760312366,1.6999572710339168,1.551596056444619,0.1717171717171717,0.1262626262626262,0.0454545454545454,0.1180124223602484,0.0869565217391304,0.031055900621118,0.1780104712041884,0.1151832460732984,0.06282722513089,0.1472868217054263,0.1085271317829457,0.0387596899224806,4.65625,3.75,3.8260869565217392,3.7142857142857144,71.3,73.6,70.4,72.5,,,,,,,,,,,,,,,,,,,,,
401282090,2021-10-02 16:00:00,2021,regular,5,False,Georgia,SEC,2033.0,1001.79,Arkansas,SEC,722.84,1677.0,37.0,0.0,37.0,-16.5,0.2412468396585782,0.0238951180396307,0.2280351412033391,0.1048004904422644,0.124775061610309,0.0596322045806509,0.165563994491749,0.0632382610483625,0.3691839407294591,0.0537567471196712,0.3229298368847541,0.1813019481982695,0.4639477268007965,0.3083103340895342,0.4420739672867145,0.3662505065367958,0.4943875211014653,0.3867025202476187,0.4925070057439629,0.4619939540445958,0.3314670169729837,0.2663476358560251,0.3079151753065002,0.2525646773327503,3.1319226432157654,2.7839501872065653,3.087942243367279,2.697237663285777,1.1660498712038276,0.920421529489096,1.2165158140645558,0.8791951032080669,1.1108862336456502,1.1010100190375676,1.3101383569806624,1.2217062175872118,1.271049156375453,1.2668219171168609,1.2525315797756644,1.2294937982852892,0.930276199551399,0.9684782571719532,0.9768354524784122,0.968096184309709,1.708094618162007,1.6081452267766785,1.6732974538536711,1.517306438997002,0.1254752851711026,0.0684410646387832,0.0570342205323193,0.150735294117647,0.1029411764705882,0.0477941176470588,0.2237442922374429,0.1278538812785388,0.0958904109589041,0.2019230769230769,0.1403846153846153,0.0615384615384615,4.2,3.2580645161290325,1.6521739130434785,1.5882352941176472,69.2,74.0,71.1,71.6,,,,,,,,,,,,,,,,,,,,,
401282813,2021-10-02 19:30:00,2021,regular,5,False,Rutgers,Big Ten,1542.0,573.14,Ohio State,Big Ten,985.09,1934.0,13.0,52.0,-39.0,15.0,0.2073347477718833,0.100630406788946,0.2956660025833066,0.1421140754769931,0.1761969064047157,0.0958494495572035,0.2464746546639356,0.0783480634172841,0.248406445437412,0.1583153157265162,0.332789913253221,0.2245506755704018,0.4676934538956865,0.3498694121183715,0.4866736707333556,0.410364686252881,0.5180317823237767,0.4128917906648581,0.5367033685560434,0.4409548949393768,0.3027655674031297,0.2815145597057844,0.313627531515671,0.3290026016589966,3.231075090892974,2.864541897930481,3.421080905746842,2.8592810427063964,1.025423735957362,0.9655742722578506,1.253640590247253,1.0705308123472297,1.0368838602239498,1.2243002272383698,1.5486053012645398,1.372065865032868,1.1575133328670892,1.2644523094586402,1.3250906674852183,1.3017609920771211,0.9441925411406034,0.9834282649851752,1.0191328067321028,0.9954236712848132,1.4211917822536964,1.5884503969264177,1.6440067218382088,1.5836424502388344,0.1349480968858131,0.1141868512110726,0.0207612456747404,0.0888030888030888,0.0501930501930501,0.0386100386100386,0.225531914893617,0.1489361702127659,0.076595744680851,0.1854304635761589,0.086092715231788,0.0993377483443708,3.2857142857142856,4.352941176470588,3.5714285714285716,4.178571428571429,65.9,74.1,72.8,74.5,,,,,,,,,,,,,,,,,,,,,
401287913,2021-10-02 19:30:00,2021,regular,5,False,Kansas State,Big 12,1536.0,569.65,Oklahoma,Big 12,895.38,1860.0,31.0,37.0,-6.0,12.5,0.2020117408591757,0.1991896158966366,0.1528058696253749,0.1787166578207568,0.1825555503905994,0.0915193447424448,0.1118030432273795,0.1180688302417318,0.2480659816538437,0.3082369771184216,0.2102403639350258,0.2582702318382405,0.4398578604725798,0.4012114433636187,0.4393797585171354,0.4117125559104806,0.5042214547496134,0.4613601602081343,0.488487122291002,0.4801946419482394,0.287449829338871,0.2912537607991365,0.3060918017175058,0.2932986106610044,3.1062928003094985,2.920629351598052,2.976037706660795,2.8353982433088993,1.151785413471322,0.9244719346989058,1.1088389154163074,1.0667759819395433,1.2883229288977491,1.0696305910280255,1.1371307819115408,1.0792042245391942,1.251764004645757,1.2845104181206854,1.1958353591094355,1.2695289827155691,0.9868185803430516,0.9583151199054192,0.9415068368962468,1.0005202068301478,1.5717242709295314,1.591409064894813,1.4459972197278668,1.51819374919503,0.1728395061728395,0.1234567901234567,0.0493827160493827,0.1649484536082474,0.0927835051546391,0.0721649484536082,0.1709844559585492,0.1139896373056994,0.0569948186528497,0.1836734693877551,0.1581632653061224,0.0255102040816326,4.571428571428571,4.48,3.263157894736842,4.095238095238095,67.7,75.7,67.9,72.9,,,,,,,,,,,,,,,,,,,,,
401287915,2021-10-02 16:00:00,2021,regular,5,False,TCU,Big 12,1620.0,698.52,Texas,Big 12,874.19,1903.0,27.0,32.0,-5.0,4.0,0.2334601469086603,0.231379910156062,0.3026711658329465,0.195055379579755,0.1934733679527859,0.1815977712478176,0.2225253433946529,0.1565858606492552,0.2784249950963883,0.3314394218629678,0.3858326121299787,0.2697896540642228,0.4274682988294779,0.4358368312157111,0.4885443982640284,0.4339028345100917,0.472941219510529,0.4637893728608252,0.5163124160411056,0.4994252863194047,0.3173863701681607,0.3349693719878935,0.333277086236439,0.2857878019161414,3.1721691992216,3.308791715577467,3.3290610212502374,2.987747542464602,1.2009125328248755,1.3530782485663544,1.136013518194031,1.1069195034002275,1.4412718986191877,1.2785496390077855,1.4725237209153217,1.3895547181374204,1.341265721776259,1.3280611141341565,1.31171433250037,1.2587293739140566,1.0232716215652018,0.9956815744166214,1.005271749658904,1.0066051814074963,1.6963596722400998,1.76600305038745,1.7063658312140129,1.506093959921182,0.1428571428571428,0.0902255639097744,0.0526315789473684,0.1198501872659176,0.0786516853932584,0.0411985018726591,0.0902255639097744,0.0526315789473684,0.037593984962406,0.1439688715953307,0.1089494163424124,0.0350194552529182,3.727272727272727,5.516129032258064,5.090909090909091,2.533333333333333,70.0,76.0,68.7,71.6,,,,,,,,,,,,,,,,,,,,,
401282097,2021-10-09 19:30:00,2021,regular,6,False,Auburn,SEC,1724.0,840.38,Georgia,SEC,1001.79,2093.0,10.0,34.0,-24.0,14.5,0.2286346655277281,0.1557343310497799,0.2392838488001901,0.02014707623954,0.1948236840062148,0.0948997577666097,0.1429764568455439,0.0515031483314509,0.2624500294824592,0.2569632264421577,0.3518962765916276,0.0693021504238028,0.465553457280481,0.4106611720264119,0.48029652125673,0.3106172113416647,0.5106932596253431,0.4692603565201569,0.5129377992655075,0.386160013187822,0.3218289604934413,0.2976174645652886,0.327449614043643,0.264232196336032,3.3136463982707554,2.7034544057561987,3.2470915634600512,2.7813476917160056,1.2316370425337315,0.9624135851538818,1.1950938105512874,0.9001884636767136,1.4404743592080074,1.2223918760153238,1.0402614130379069,1.0418416643732875,1.2233489562826707,1.247804357959999,1.2202026386729767,1.2380933006928958,0.9688289532123932,0.9852824071602831,0.910342884880086,0.9475942388652931,1.4692468389346245,1.4805005984250612,1.6490283884416843,1.5838886462720647,0.1081081081081081,0.0641891891891891,0.0439189189189189,0.1151515151515151,0.0666666666666666,0.0484848484848484,0.2028469750889679,0.1565836298932384,0.0462633451957295,0.231060606060606,0.1401515151515151,0.0909090909090909,4.21875,4.304347826086956,4.55,1.4615384615384617,71.5,74.7,69.5,74.2,,,,,,,,,,,,,,,,,,,,,
401282103,2021-10-10 00:00:00,2021,regular,6,False,Texas A&M,SEC,1755.0,888.35,Alabama,SEC,1004.04,2155.0,41.0,38.0,3.0,18.5,0.145012528274386,0.095689138921277,0.2661670411891907,0.1500851196791228,0.1339104885498383,0.0571794002183082,0.1086371877821889,0.0700455753223658,0.1894389320056239,0.1717673910517692,0.4116524850331631,0.2552347094610524,0.4165943249083613,0.3761792561319859,0.4778931251659266,0.3874109940837823,0.452350389384184,0.4318094730136673,0.5092234215485392,0.4532619345700848,0.3217429915587492,0.2917550118305156,0.3318906123740211,0.2918797210352625,3.0086125890152955,2.8991005494428506,3.0465187311728017,2.779246053512239,1.2009180997569335,1.1167233696907053,1.0753905213662391,0.9747497751155848,1.495420011547306,1.183050087026549,1.26573262166348,1.0840733633191304,1.2627961810612722,1.2157518263144134,1.27842259708322,1.2474325381522686,0.9795200158882392,0.9387604506553516,0.918258416089872,0.9542443550569918,1.5480933066751985,1.5618036047305128,1.6979222065333737,1.58534379481838,0.1987577639751552,0.1211180124223602,0.077639751552795,0.1496350364963503,0.1131386861313868,0.0364963503649635,0.2005899705014749,0.1150442477876106,0.0855457227138643,0.1692913385826771,0.1181102362204724,0.0511811023622047,3.344827586206897,4.897435897435898,1.818181818181818,4.037037037037037,71.2,72.8,70.4,73.6,,,,,,,,,,,,,,,,,,,,,
401282769,2021-10-09 16:00:00,2021,regular,6,False,Ohio State,Big Ten,1998.0,985.09,Maryland,Big Ten,705.79,1392.0,66.0,17.0,49.0,-21.5,0.3367262256383719,0.1244734151518204,0.2103181508740916,0.1749021497771212,0.2435260822137997,0.0566598558058244,0.1322490176826649,0.1086699342692789,0.3987465831236771,0.214569421833282,0.286549848270113,0.2537942272202658,0.5068604543101085,0.3995818018534631,0.4739832689069188,0.4122670584856873,0.5496782829381514,0.4383975932379052,0.5313280917878975,0.4612320709522199,0.3242048394891719,0.3193884071459726,0.2943181252751025,0.3126068300953757,3.4649346670642553,2.8164556944842287,3.1483771913627345,2.906448883358536,1.2971704719337989,1.0770603934731338,1.1389351508748362,1.055657123168366,1.5702486087028082,1.332986872425418,1.2485826627205694,1.1454413097271023,1.3312588693941203,1.2923060081636115,1.1958637391263174,1.2679677490014625,1.000348115373122,0.9793508663278948,0.9337016055930412,0.9481239490016028,1.684864721000422,1.580841321773418,1.4472652033667848,1.622673335053595,0.0897832817337461,0.0526315789473684,0.0371517027863777,0.1777777777777777,0.1111111111111111,0.0666666666666666,0.1876675603217158,0.0831099195710455,0.1045576407506702,0.2090592334494773,0.1358885017421602,0.073170731707317,4.589743589743589,3.966666666666667,3.875,2.9714285714285715,72.7,74.7,70.7,68.8,,,,,,,,,,,,,,,,,,,,,
401287918,2021-10-09 16:00:00,2021,regular,6,True,Texas,Big 12,1893.0,874.19,Oklahoma,Big 12,895.38,1848.0,48.0,55.0,-7.0,4.0,0.2896519409446789,0.1921116884807023,0.1747649144774654,0.1731199164142862,0.2137174427917136,0.1439394021718816,0.115214821504902,0.0715828526486409,0.3624405019158743,0.2811317357765158,0.2501848145291384,0.2864487670924935,0.4765594312529514,0.4317409429148652,0.4718842712126676,0.4005817998101502,0.511930614787711,0.4888312312771094,0.5152853205249699,0.4685657195462361,0.3355272083262359,0.3015402713299315,0.3229037009423195,0.2986048764327131,3.3220469919726616,3.013647463483712,2.931427598522615,2.745515267868197,1.1206916505930244,1.0948693224224169,1.1689193530601771,1.0903223873814454,1.4902317160711132,1.3272046206318735,1.1516848671180553,1.1498661279104012,1.2863727437368837,1.2337568438789248,1.1779079398764922,1.2707820588388352,0.9956012871050156,0.9814863467541964,0.9260479333540708,0.9614286765074278,1.66698863901833,1.497294389911951,1.4363766634301354,1.5758072914719086,0.1169590643274853,0.0760233918128654,0.0409356725146198,0.1620553359683794,0.1027667984189723,0.0592885375494071,0.1353846153846153,0.1046153846153846,0.0307692307692307,0.182509505703422,0.1520912547528517,0.0304182509505703,5.1,4.515151515151516,2.861111111111111,4.230769230769231,68.3,71.3,66.4,73.5,,,,,,,,,,,,,,,,,,,,,
401282105,2021-10-16 19:30:00,2021,regular,7,False,Georgia,SEC,2115.0,1001.79,Kentucky,SEC,709.07,1671.0,30.0,13.0,17.0,-21.5,0.2551687221099705,0.0094328713094371,0.2205735619758343,0.1407019080575434,0.1603687716836838,0.0489458622650043,0.189177632823587,0.0531049129521672,0.3640467242235312,0.0641724259427866,0.2737410300119962,0.2896611856019379,0.4921512461535548,0.3075453245265255,0.4675727701998519,0.44644338997247,0.5230289783293213,0.3824243351640616,0.5206860530393964,0.5051786431297617,0.3323817344994934,0.2646722204491778,0.3145336501843687,0.3143844496534772,3.329741629557723,2.791013092594436,3.459907029008704,2.925411651757259,1.2013754356067583,0.895016362238868,1.2586944886302245,0.9671812657604104,0.9967938280352932,0.9493464985093836,1.302650042431395,0.9352700178639268,1.2021191130863127,1.2471721809945542,1.2052435955373944,1.167613263788847,0.8950945411767913,0.9473682021742784,0.9342513645113018,0.8854396986564093,1.6351351479167988,1.589147865371038,1.599318672542358,1.5031334265383924,0.105,0.0625,0.0425,0.1580645161290322,0.1064516129032258,0.0516129032258064,0.2083333333333333,0.1279761904761904,0.0803571428571428,0.197452229299363,0.1242038216560509,0.0732484076433121,4.245283018867925,5.0,1.5483870967741935,3.5357142857142856,69.6,74.2,73.4,71.6,,,,,,,,,,,,,,,,,,,,,
401282107,2021-10-16 23:00:00,2021,regular,7,False,Mississippi State,SEC,1568.0,716.17,Alabama,SEC,1004.04,2148.0,9.0,49.0,-40.0,17.5,0.1983400659823276,0.1527805855417953,0.2743585307947726,0.167163800741346,0.0717976126929731,0.0652372510381976,0.1185358154797808,0.0730589449145537,0.2935884926499941,0.2820812283029401,0.4054317185707066,0.2841113780460959,0.4912461516667176,0.3665774385824658,0.4804855807462947,0.3973123259950323,0.5280763953388522,0.4338970988181714,0.5076143708006541,0.4670935184913489,0.3372048473617218,0.2949591954068293,0.3422109533375151,0.29268010202258,3.038474768073098,2.801647699495979,3.086776424466138,2.7559486078079334,1.0749051005653405,1.036141588103252,1.0931277396883292,0.9754884157957262,1.1555045321544932,1.3178604712809474,1.2948245547197483,1.0016741124888382,1.1702916475840546,1.313376226376685,1.2834267167716888,1.2448490501218843,0.8905678083165998,0.9631351717302744,0.9074313515669068,0.9443581165103946,1.3856157233522164,1.6571428982465546,1.6787886376448464,1.5816562236470582,0.1151832460732984,0.06282722513089,0.0523560209424083,0.1432584269662921,0.1039325842696629,0.0393258426966292,0.1912751677852349,0.1174496644295302,0.0738255033557047,0.1602564102564102,0.1089743589743589,0.0512820512820512,3.72972972972973,4.604166666666667,3.7,4.242424242424242,70.6,69.6,70.3,73.8,,,,,,,,,,,,,,,,,,,,,
401287923,2021-10-16 23:30:00,2021,regular,7,False,Oklahoma,Big 12,1859.0,895.38,TCU,Big 12,698.52,1670.0,52.0,31.0,21.0,-12.5,0.2105776029133553,0.1983229348277401,0.2820314936823527,0.2044771701376787,0.1579876418034917,0.0894015250837364,0.2355572306783336,0.2015945283909213,0.2671232444667877,0.3116562876382386,0.3133411294665298,0.2668608093502762,0.467991297979316,0.3982115606477436,0.4486593536876157,0.4372252043597427,0.5204849672721928,0.4701404187300314,0.4741157496962273,0.4734998037762782,0.3167021472996221,0.296979590974578,0.3396696109175571,0.3350005372243925,3.0494946098638405,2.7169588486041967,3.2149038476877316,3.4186392043702627,1.2214224290587528,1.0914958199133882,1.2332962923218076,1.328844261103772,1.4162990426750843,1.222029178733722,1.723918511138739,1.2767495092099268,1.223375013587458,1.319824030426603,1.3347817219346627,1.2877385213997652,0.9656208254167996,0.9839090437310118,1.0645204547471832,0.991948250986848,1.4935598774402097,1.623626986914447,1.6415459303920867,1.669020447395632,0.155688622754491,0.0988023952095808,0.0568862275449101,0.127906976744186,0.0968992248062015,0.0310077519379844,0.1697530864197531,0.1450617283950617,0.0246913580246913,0.1013986013986013,0.0489510489510489,0.0524475524475524,4.666666666666667,4.5,4.2727272727272725,4.137931034482759,66.9,73.1,70.5,73.7,,,,,,,,,,,,,,,,,,,,,
401287924,2021-10-16 16:00:00,2021,regular,7,False,Texas,Big 12,1882.0,874.19,Oklahoma State,Big 12,613.69,1685.0,24.0,32.0,-8.0,-3.5,0.3112901494172861,0.2207060830836666,0.1766786207026152,0.1250556261478141,0.2178952523346948,0.171009675692746,0.0866003149909788,0.1136761070725373,0.3866270423395295,0.3027252191647231,0.3092627823373455,0.1919988464697333,0.4713818820315252,0.423785067836562,0.4066770469991443,0.3791975386451836,0.5094404648388763,0.4876987753906102,0.4737906398965249,0.4385666257667968,0.3310942347272703,0.2975462473211445,0.2944000549315944,0.3006805502227061,3.2988494880047368,3.0928100588922782,2.8307914937467538,2.9495674637376075,1.1135992087652218,1.1238290957806996,0.9871168650827056,0.9159858036352508,1.5442684163743683,1.5445404507894078,1.0936709949194123,1.1993417622282996,1.3251803515524645,1.278073954345363,1.274967239114592,1.2491125660195874,1.0125036158364995,1.0227000460329163,0.9356307688436596,0.9798805622335426,1.7024488659653103,1.5485499882256062,1.695737915336177,1.525417566337147,0.1166253101736972,0.0818858560794044,0.0347394540942928,0.1787709497206704,0.1284916201117318,0.0502793296089385,0.1354679802955665,0.1009852216748768,0.0344827586206896,0.1834862385321101,0.1345565749235474,0.0489296636085626,5.0,3.636363636363636,3.3333333333333335,3.260869565217391,69.0,70.8,70.8,73.6,,,,,,,,,,,,,,,,,,,,,
401282111,2021-10-23 23:00:00,2021,regular,8,False,Alabama,SEC,2192.0,1004.04,Tennessee,SEC,780.83,1636.0,52.0,24.0,28.0,-25.5,0.3005167560178211,0.129942850732412,0.2500779883774046,0.1757622746650738,0.1484670847749719,0.0749894849599849,0.1921251328290227,0.1293325489483967,0.4227087371245889,0.2093888342139727,0.3021029599508577,0.2544149100547036,0.4943408917279761,0.3910487523231865,0.4603448052211346,0.4165100678145497,0.5163335239208569,0.463137496037046,0.5183393493718336,0.4766114977620074,0.3490129424462296,0.2891292603244263,0.310703904307903,0.3085360728702574,3.156216498426599,2.76581513568689,3.2530698536984195,3.0001627407490457,1.1340588655895862,0.9737680725292586,1.2090059451323307,1.1034157234297417,1.2561418775299642,0.9793581321663885,1.4833477295623574,1.190273589920424,1.2957749289535143,1.231830521919806,1.2592970504657013,1.2445678702571774,0.9252015261885164,0.9379470829071568,0.9701083835468954,0.9837854230525228,1.6998365858758395,1.5476174307008044,1.6552809173955243,1.532381315556543,0.1341176470588235,0.1011764705882353,0.0329411764705882,0.1342281879194631,0.1073825503355704,0.0268456375838926,0.1658031088082901,0.1113989637305699,0.0544041450777202,0.1921397379912663,0.131004366812227,0.0611353711790393,4.745098039215686,4.2,3.9210526315789473,3.953488372093023,70.6,74.0,70.4,72.4,,,,,,,,,,,,,,,,,,,,,
401282730,2021-10-23 23:30:00,2021,regular,8,False,Indiana,Big Ten,1536.0,664.25,Ohio State,Big Ten,985.09,2064.0,7.0,54.0,-47.0,21.0,0.0972320178955843,0.1234443941059625,0.3667193062720273,0.1108175655540257,0.105167536974138,0.0748840021199735,0.2508753449445965,0.0520549589578837,0.1373725572589273,0.2409616776673486,0.4347475391312022,0.1999519696628745,0.4019813641499157,0.4031364390472515,0.5063292991030469,0.3862364415240596,0.4709155409510156,0.4702503491966648,0.5438814168906894,0.4192030993236065,0.2816545383956782,0.307157248936466,0.3377528605119111,0.3265057460111002,2.925734489938523,2.9280815661265676,3.4756434535477467,2.7778183848073437,1.0222690505666117,1.0361828551224623,1.2837111865072552,1.0440797403235522,1.1349701673030244,1.118946293479172,1.563873736395933,1.3209676380204474,1.2164927244726074,1.181942593045586,1.356552171835292,1.310720441118552,0.9443754666147646,0.9090044535708424,1.0294663414811858,0.9923407234091616,1.5017866630494847,1.5041746620574916,1.6758304660405494,1.603450953809583,0.1803713527851458,0.0822281167108753,0.0981432360742705,0.0888324873096446,0.0482233502538071,0.0406091370558375,0.1591591591591591,0.09009009009009,0.069069069069069,0.1897321428571428,0.0915178571428571,0.0982142857142857,2.925925925925926,4.857142857142857,3.925925925925926,3.5277777777777777,72.7,71.2,71.8,74.6,,,,,,,,,,,,,,,,,,,,,
401287926,2021-10-23 16:00:00,2021,regular,8,False,Kansas,Big 12,984.0,548.1,Oklahoma,Big 12,895.38,1889.0,23.0,35.0,-12.0,38.5,0.1442747091695688,0.3385480135432883,0.2374991166398651,0.2093321779970337,0.1378103244216732,0.2787494301744417,0.1811533199476552,0.0714528512092504,0.2209314463686889,0.4043578637137001,0.2884371931394364,0.3483740940692331,0.3952300404186595,0.5243694759675334,0.478215312550838,0.4073011422113755,0.4539970099579755,0.5590855009987418,0.5330149266755574,0.4722342620264905,0.291103489480098,0.3323675534906047,0.3137880401239677,0.3072287916533103,3.1300677264730004,3.588611309627169,3.0566959423447715,2.77908527332792,1.04887348370198,1.3716064630148308,1.1960815932387556,1.080078800701887,1.321860321139739,1.2816662477579792,1.5465180947618251,1.1421042604448897,1.2701156274977417,1.2318992893408174,1.2339016060296115,1.310983979841147,0.9842354955429,1.001138681764692,0.9756903988762272,0.947109129751096,1.6215700827469164,1.525200968693364,1.5025075202412317,1.6628537696879373,0.1735015772870662,0.1104100946372239,0.0630914826498422,0.1530612244897959,0.1020408163265306,0.0510204081632653,0.0895522388059701,0.0597014925373134,0.0298507462686567,0.1581632653061224,0.1301020408163265,0.0280612244897959,3.130434782608696,4.82,5.861111111111111,4.051282051282051,68.4,69.7,67.5,73.4,,,,,,,,,,,,,,,,,,,,,
401282117,2021-10-30 19:30:00,2021,regular,9,True,Florida,SEC,1781.0,885.67,Georgia,SEC,1001.79,2114.0,7.0,34.0,-27.0,14.0,0.2471033998477557,0.132695995807362,0.2635225416070132,0.0178961011083328,0.235950145669574,0.1075387145895902,0.1652372958555117,0.0436553124756425,0.2942468558986193,0.1938796660016181,0.3785268949186766,0.0739498544848215,0.4612680508849426,0.4062680073246018,0.4874176334666191,0.3075638006706646,0.5092670920673064,0.466940257353749,0.5213361129695827,0.392017247022552,0.315152178884204,0.3050532817427409,0.3304020689587235,0.2613962372044136,3.3761526734339333,3.0293663252594767,3.2547796026002556,2.7591444361381563,1.3451472620377811,1.1129043657702018,1.2272536314462303,0.8631221233860933,1.6313503976625454,1.127340749952719,1.0972232582050947,0.9254522326972184,1.3017502909636265,1.2281975324150598,1.2113787295375045,1.2378967416879625,1.036659199944878,0.94346091693817,0.9046907889338718,0.9477624261158756,1.5923361800286484,1.574176786676205,1.64691072944371,1.5544278647284129,0.1549295774647887,0.0764587525150905,0.0784708249496981,0.1096196868008948,0.0693512304250559,0.0402684563758389,0.1487068965517241,0.0948275862068965,0.0538793103448275,0.2024691358024691,0.128395061728395,0.074074074074074,4.218181818181818,4.413793103448276,3.425,1.8235294117647056,71.7,72.0,70.3,74.2,,,,,,,,,,,,,,,,,,,,,
401282814,2021-10-30 23:30:00,2021,regular,9,False,Ohio State,Big Ten,2136.0,985.09,Penn State,Big Ten,820.72,1773.0,33.0,24.0,9.0,-18.5,0.388204082155421,0.0973610997431149,0.1525849646650178,0.1128513092968853,0.2568582266067721,0.0202288547667081,0.0709822614820794,0.1249909351385766,0.4629749765529338,0.2075060608089335,0.2410637678597753,0.117336610342899,0.5161108033728833,0.37731842853013,0.4138682517894527,0.40877339531031,0.546196376838886,0.4151314549664969,0.4643045080517761,0.4730695186840488,0.3479247563164382,0.3239537705371616,0.3023979918838366,0.2899964072042723,3.451650003902813,2.6593362505639284,2.8672631499326227,3.0695925803380684,1.3298061575027265,1.0233793303788286,1.0199227258865091,1.1984129652616091,1.5772867405335165,1.2459567209488118,1.1266226523414715,1.096976114231008,1.3645145887358092,1.30611132485407,1.2194086443778205,1.1543493851619768,1.0298587327670652,0.9723113378737436,0.9432996010663904,0.9380836965226016,1.6713150451234713,1.6213922741498978,1.4998514752064385,1.457290432726171,0.0950323974082073,0.0496760259179265,0.0453563714902807,0.1258134490238611,0.0932754880694143,0.0325379609544468,0.2051792828685259,0.1155378486055776,0.0896414342629482,0.148217636022514,0.0825515947467167,0.0656660412757973,5.087719298245614,3.696969696969697,3.526315789473684,2.128205128205128,71.1,74.8,73.3,73.7,,,,,,,,,,,,,,,,,,,,,
401287929,2021-10-30 16:00:00,2021,regular,9,False,Baylor,Big 12,1676.0,660.65,Texas,Big 12,874.19,1849.0,31.0,24.0,7.0,-2.5,0.2665654943797451,0.1788136615145711,0.2854347754847975,0.2085961962172441,0.2290589541494812,0.1419694411048097,0.2243525589649102,0.1570820656362808,0.2973631053034286,0.2570571642730259,0.3353182096780768,0.293271339600174,0.4426863397267374,0.3911616008771466,0.4621029846864612,0.4177156108862439,0.503563554019431,0.4551135169204123,0.5068378669698437,0.4830768613165947,0.302156172883424,0.2890068802101579,0.3212255518459628,0.2974465597088589,3.251094375644159,3.1207816884113413,3.266734357744779,3.0072979103809057,1.2238160667039593,0.9936568893685088,1.1526577107811924,1.1586369786418371,1.4172881560802524,1.1725612533374217,1.524484620444278,1.523809373267504,1.30839944748635,1.2700971587564354,1.318230313722505,1.2664056023153292,1.0689375539962358,0.981066156415452,1.0073452135104168,1.0191870905358151,1.5534223180097584,1.5904271321832968,1.7126583613249489,1.5278163010040602,0.143979057591623,0.1020942408376963,0.0418848167539267,0.120950323974082,0.0863930885529157,0.0345572354211663,0.1766169154228855,0.1218905472636815,0.0547263681592039,0.1372950819672131,0.1004098360655737,0.0368852459016393,4.3,4.846153846153846,3.371428571428571,3.3846153846153846,69.5,75.1,69.9,69.9,,,,,,,,,,,,,,,,,,,,,
401287931,2021-10-30 19:30:00,2021,regular,9,False,Oklahoma,Big 12,1846.0,895.38,Texas Tech,Big 12,607.1,1493.0,52.0,21.0,31.0,-19.0,0.2481538682785812,0.2183116450072866,0.2295815018769316,0.241797009565785,0.1954636107940102,0.0536775285990659,0.1609343587154347,0.1932305633801442,0.2932598614402494,0.3802094824619971,0.3141693747627053,0.2940551413736542,0.4764027407401487,0.4230863067534419,0.4627538596127682,0.4453925591444842,0.5268341978942296,0.4843715097073676,0.5179296535407264,0.5072370262796195,0.3223049063650033,0.3121227217141646,0.3075197964155746,0.2957125343380228,3.088507458209601,2.7148850784702545,3.0729731110603615,3.0459962795490165,1.1969785761016305,1.0369443463053416,1.0781413442330503,1.0635052112190602,1.636312661433815,1.1184643288386145,1.2420080727751213,1.3509464033313807,1.2503648913791223,1.3011464715416727,1.279322411398287,1.2846202390560728,0.9884768690051292,0.933800475407029,0.970313499508168,0.9933254081117436,1.5198023159269995,1.670119595786023,1.6092444939953878,1.6436941708110144,0.147982062780269,0.100896860986547,0.0470852017937219,0.1393805309734513,0.0862831858407079,0.0530973451327433,0.1509846827133479,0.12472647702407,0.0262582056892779,0.1538461538461538,0.090497737556561,0.0633484162895927,4.928571428571429,4.58,4.136363636363637,4.5,67.4,73.6,71.7,72.4,,,,,,,,,,,,,,,,,,,,,
401282120,2021-11-06 23:00:00,2021,regular,10,False,Alabama,SEC,2205.0,1004.04,LSU,SEC,903.72,1624.0,20.0,14.0,6.0,-29.0,0.3110381962126677,0.1369459841421552,0.2332421595836465,0.1838754113535102,0.1582496729399044,0.0587520565196867,0.121038039666181,0.1010267751016574,0.4301631878023836,0.2301433563077059,0.3240497155403667,0.283349834616054,0.4941486784058506,0.3872390944141526,0.4459432499821671,0.4411497209348113,0.508988735471004,0.4603272569714376,0.4762253635458757,0.4925094107251848,0.3602745073168657,0.2905855251296144,0.3388497843696321,0.3318670536576634,3.1752250817608525,2.786806556047241,3.028184482657783,3.0562149105863514,1.149072507629869,0.9452934889431126,1.069288750043214,1.14807587875114,1.201148462108819,0.9628306189936208,1.1481328707898015,1.3081269670518072,1.303522579750338,1.2401505336420644,1.2871208818581772,1.254524289452302,0.9360306883776568,0.9362784353715748,0.9609727886052942,0.9435131927611756,1.7242425934731602,1.5621914130402672,1.6050596244279134,1.626318008599982,0.1295938104448742,0.1025145067698259,0.0270793036750483,0.1752808988764045,0.1056179775280898,0.0696629213483146,0.1602272727272727,0.1102272727272727,0.05,0.1476377952755905,0.1003937007874015,0.0472440944881889,4.819672131147541,4.8,3.975,4.490196078431373,70.2,73.7,72.0,71.3,,,,,,,,,,,,,,,,,,,,,
401282122,2021-11-06 16:00:00,2021,regular,10,False,Georgia,SEC,2142.0,1001.79,Missouri,SEC,647.74,1371.0,43.0,6.0,37.0,-40.0,0.2578940811773679,0.0139960612876352,0.2136839569990911,0.2882941312234524,0.173833347060211,0.0414885998302147,0.1636689114612542,0.2578395323129012,0.3562129812829409,0.0628393699835229,0.2641423903727741,0.3304480066427365,0.491717476433426,0.3181630929431326,0.4398132390516863,0.4858663514275271,0.5225060062863067,0.3971572674628203,0.4979835419849405,0.5185451490117611,0.3311217326631361,0.2675902032641724,0.3104385880628229,0.3324031362572766,3.3064145727892074,2.760713099934742,2.8738520254828828,3.361866339777571,1.232682879957647,0.8530916065593186,1.1600608447027478,1.3064873463836613,1.1257764507555126,0.8737028418763342,1.69058776842286,1.8618782228374189,1.2135798919340215,1.2148142371324808,1.2889773039524797,1.295412157270836,0.9070112667099468,0.938090541653598,1.0307558004128778,1.017286514093097,1.6602087668375922,1.5220531632995806,1.5060855773844155,1.6630409610003185,0.1122244488977955,0.0661322645290581,0.0460921843687374,0.1532258064516129,0.094758064516129,0.0584677419354838,0.1983298538622129,0.1210855949895615,0.0772442588726513,0.1653696498054474,0.1070038910505836,0.0583657587548638,4.3125,4.188679245283019,1.7692307692307692,4.147540983606557,69.4,74.3,72.7,73.7,,,,,,,,,,,,,,,,,,,,,
401282799,2021-11-06 16:00:00,2021,regular,10,False,Nebraska,Big Ten,1698.0,743.7,Ohio State,Big Ten,985.09,2128.0,17.0,26.0,-9.0,14.0,0.2700065241176684,0.1621782333540561,0.3654387166694915,0.1123769153413564,0.1936780706270704,0.071343537922561,0.2319643403271739,0.0191943575889985,0.3471293147347868,0.2707739663899857,0.4527117101712116,0.2253638084349811,0.444391783073475,0.4414438666980521,0.5068705994249305,0.3911195687049986,0.4960737846747349,0.4912068211304042,0.5376279380967858,0.4290533372019867,0.3101987035572409,0.3202230833252521,0.3473184408774747,0.3271796041141212,3.137950888980342,2.9448760626617534,3.343843643359493,2.6411486194280553,1.05448974609045,0.9617838576523864,1.2553407944086337,1.0138239390839667,1.4707596812153387,1.070634120439776,1.6122558097716713,1.2084130500277406,1.3423969750850524,1.1486241287803385,1.35785450494562,1.2910925711400991,1.0407451499781242,0.8773393648551973,1.0144662320233748,0.9701934064757723,1.6571301801962677,1.4490590496017397,1.6765690265431674,1.5845804110848714,0.1616541353383458,0.1109022556390977,0.0507518796992481,0.0998116760828625,0.0583804143126177,0.0414312617702448,0.1607142857142857,0.0982142857142857,0.0625,0.2010309278350515,0.1168384879725085,0.0841924398625429,3.808510638297872,4.861538461538461,3.1818181818181817,3.363636363636364,70.3,71.0,70.6,75.0,,,,,,,,,,,,,,,,,,,,,
401287934,2021-11-06 23:30:00,2021,regular,10,False,Iowa State,Big 12,1856.0,613.6,Texas,Big 12,874.19,1829.0,30.0,7.0,23.0,-6.0,0.2880117018637776,0.1495314560236856,0.2728670014717254,0.198483393178445,0.1984043724884172,0.0642225411154842,0.224289188750977,0.1536969315037151,0.3685953865384799,0.2637216189417469,0.3170129411007638,0.2786931538805197,0.4705618100730926,0.425648534169372,0.4552187630376431,0.42231569955177,0.5144503150449427,0.4756716815467247,0.5035011620424358,0.4843350192304106,0.3158437920624991,0.2997784124539234,0.3140613471085328,0.3018260998512478,3.1354140074173844,2.96079614512797,3.25343720984232,2.9719391706732554,1.183907775485639,1.007862946493968,1.1343775304246997,1.1502665136004784,1.6344483477615246,0.969813247077213,1.5114879265658814,1.500743596228331,1.2827268464249657,1.205763370629476,1.3203417699269202,1.256188633742307,1.033279967858247,0.9158051761061384,1.0182372411642815,1.0104782762610112,1.521362813865949,1.5460231870462111,1.6838207766669877,1.5214196677197187,0.1236203090507726,0.086092715231788,0.0375275938189845,0.1318267419962335,0.0866290018832391,0.0451977401129943,0.1715686274509804,0.1299019607843137,0.0416666666666666,0.142602495543672,0.0998217468805704,0.0427807486631016,4.285714285714286,4.719298245614035,3.255813953488372,3.45,71.3,70.1,69.3,69.6,,,,,,,,,,,,,,,,,,,,,
401282127,2021-11-13 17:00:00,2021,regular,11,False,Alabama,SEC,2187.0,1004.04,New Mexico State,SEC,117.43,1081.0,59.0,3.0,56.0,-50.5,0.2998160337120276,0.118408284067391,0.1141324398645604,0.2870591653581964,0.1363658846939965,0.0582463639252799,0.1400860254497827,0.1647454969352103,0.4283555425306621,0.2029628189713161,0.133095761727737,0.4312540519705102,0.48527035331943,0.3777970162350041,0.4148009750542152,0.5022924120732692,0.502151343788676,0.4500088379205196,0.4792920843446035,0.5339264470008229,0.3623997212820335,0.2854594966751962,0.2984232437309481,0.3336225132679102,3.0596100369425825,2.808640121989282,3.072293056933196,3.29881687006994,1.1063203531763155,0.921816665557278,1.1245774123067178,1.265229326845913,1.1617109856903114,0.9849864483561928,1.187391226681817,1.430233769642647,1.3069773413902117,1.242007468792148,1.19502716801583,1.2770551773836991,0.9324391020312623,0.926509551849932,0.9496712678176704,0.9550286784789928,1.6947772034992488,1.5751220731640168,1.414579819573234,1.652049716716837,0.1413793103448276,0.1103448275862069,0.0310344827586206,0.2062992125984252,0.1149606299212598,0.0913385826771653,0.1689453125,0.1123046875,0.056640625,0.166015625,0.123046875,0.04296875,4.666666666666667,2.659090909090909,3.9318181818181817,3.459016393442623,69.7,73.4,72.8,69.8,,,,,,,,,,,,,,,,,,,,,
401282133,2021-11-13 20:30:00,2021,regular,11,False,Tennessee,SEC,1628.0,780.83,Georgia,SEC,1001.79,2157.0,17.0,41.0,-24.0,19.5,0.2666542346683045,0.1812621853434879,0.2601065409724941,-0.0045904519367412,0.1765324647050561,0.1474009768613192,0.1494844778029486,0.0315106980564624,0.3512144575800261,0.2453744867229425,0.3907829748523659,0.0374641203206754,0.4527031899530822,0.4156987467283314,0.4858980308384771,0.3116192692774688,0.5144967596012129,0.4651476515810769,0.5159593915168937,0.3753939064020237,0.3079647843910434,0.3301781214524649,0.3403403329205575,0.2725854142955776,3.1902417073375924,3.0618551752156633,3.208735349277447,2.7611386826156172,1.2224595209005749,1.1171598233794204,1.207456797958217,0.8768691489212526,1.5061414099278645,1.0965700781625374,1.1068735582249136,0.8403692537279625,1.296241233229177,1.2681798216127194,1.2321049095677132,1.223523895174834,0.981197957866105,1.0004551621396056,0.9002306512379874,0.9458664404507524,1.699583026815177,1.5456745403291046,1.6768037545624888,1.5339742928731488,0.1395985401459854,0.1140510948905109,0.0255474452554744,0.1120996441281138,0.0622775800711743,0.0498220640569395,0.1694915254237288,0.1124807395993836,0.0570107858243451,0.1941391941391941,0.119047619047619,0.075091575091575,4.084745762711864,4.402777777777778,4.258064516129032,1.7045454545454546,70.0,71.9,69.4,74.3,,,,,,,,,,,,,,,,,,,,,
401282812,2021-11-13 20:30:00,2021,regular,11,False,Ohio State,Big Ten,2113.0,985.09,Purdue,Big Ten,644.23,1640.0,59.0,31.0,28.0,-19.0,0.3474791897128786,0.1064617055762413,0.2111108695567114,0.1171369003310385,0.2066851252264405,0.0181294506756742,0.0265485100467194,0.0755388843716033,0.4429028086909085,0.2158998359583792,0.3469953656560179,0.1926866465824552,0.492437662451474,0.3859096580874137,0.4417223359493065,0.3645504253683965,0.5286830841329555,0.4254146132396069,0.4719880478978416,0.4201930051626781,0.343977746988152,0.3184770391530742,0.3357630046191184,0.2932143195504222,3.2583501520522495,2.6665851300065055,2.8648913879935867,2.8664675016186383,1.2249781248841716,1.009797981696405,0.8851127914232654,0.9620748004452276,1.561984129023023,1.1712783191618392,0.9829872128648092,1.2853295930857276,1.3552298288801814,1.2882022415984786,1.2250062474507708,1.312645789221032,1.0090771412562711,0.9553035451610458,0.8759685070156287,0.9984494130293736,1.6557925643203069,1.5951542733558373,1.5054295130746884,1.6510376750480804,0.1056910569105691,0.0601626016260162,0.0455284552845528,0.1595273264401772,0.0989660265878877,0.0605612998522895,0.2024729520865533,0.1190108191653786,0.0834621329211746,0.1978221415607985,0.1161524500907441,0.0816696914700544,4.652777777777778,3.711864406779661,3.2916666666666665,3.2,69.9,75.2,72.7,70.7,,,,,,,,,,,,,,,,,,,,,
401287938,2021-11-13 17:00:00,2021,regular,11,False,Baylor,Big 12,1694.0,660.65,Oklahoma,Big 12,895.38,1888.0,27.0,14.0,13.0,4.0,0.2555381961244929,0.1850607087530513,0.2865285462867531,0.2324823494446649,0.2087321849857043,0.0964242751151304,0.1893291545879803,0.0586929556421022,0.298425085719056,0.3039761325599733,0.3563711721488753,0.4014778605680896,0.4478418780547529,0.387836963322883,0.4890205808300847,0.441600451489797,0.5081453548297783,0.4506126655488833,0.535076969284219,0.4947346509892394,0.3013845866617103,0.2899221023549691,0.3319548770729374,0.3224352814493225,3.151979912637238,2.91498652178397,3.1261804709584684,2.8193285336980893,1.1774062760761117,0.9320577472215832,1.1974360684940666,1.047212893383871,1.3903684464421653,1.1063805020108002,1.57392365551873,1.1353951614381632,1.3068777275697645,1.3019293905488358,1.2764099846347594,1.2704255903848796,1.056659397696565,0.9885566051512888,0.9821620411800012,0.9123524987301326,1.5860927510094778,1.5951295854798582,1.5621910984899308,1.6349302190922523,0.1526418786692759,0.1037181996086105,0.0489236790606653,0.1377245508982036,0.0938123752495009,0.0439121756487025,0.1813186813186813,0.1172161172161172,0.0641025641025641,0.1625239005736137,0.1261950286806883,0.0363288718929254,4.277777777777778,5.064516129032258,3.4375,4.229166666666667,69.7,74.0,67.4,73.7,,,,,,,,,,,,,,,,,,,,,
401287941,2021-11-14 00:30:00,2021,regular,11,False,Texas,Big 12,1776.0,874.19,Kansas,Big 12,548.1,963.0,56.0,57.0,-1.0,-31.0,0.2632494890769807,0.1894012061453624,0.1303138784111816,0.3733358792647124,0.226996208900946,0.1425719968885238,0.1100251972867354,0.3261158827669903,0.2938722126401655,0.2734361464455812,0.2217321690598938,0.4179779849810868,0.448190680166217,0.4188950159410013,0.3947618558813547,0.5264106845614076,0.5032932513202375,0.4817270674698081,0.4591498091601245,0.560162092315912,0.3083755116814481,0.2996992603333874,0.279323951863678,0.349951189588615,3.284349264743072,2.99452336536911,3.029010484659133,3.670644939529886,1.138882186398503,1.1511964451262964,1.0061113328363058,1.4498587540964734,1.476650488786842,1.485493847339872,1.1970666306388271,1.4968021282436776,1.3070461068316883,1.2463700694500257,1.2433669242866183,1.2560020215547971,1.0096599949919325,1.0009957184280942,0.9628861535683916,1.027771900501035,1.667772306640671,1.5175772129115173,1.6070612617847022,1.5465000934528204,0.143581081081081,0.0979729729729729,0.0456081081081081,0.1775510204081632,0.1163265306122448,0.0612244897959183,0.1455696202531645,0.1012658227848101,0.0443037974683544,0.0898661567877629,0.0573613766730401,0.0325047801147227,4.6,3.2058823529411766,3.4328358208955225,5.649122807017544,69.8,69.8,70.2,68.5,,,,,,,,,,,,,,,,,,,,,
401282135,2021-11-20 20:30:00,2021,regular,12,False,Alabama,SEC,2216.0,1004.04,Arkansas,SEC,722.84,1601.0,42.0,35.0,7.0,-20.5,0.3081742113237531,0.1023441535290487,0.2528541092521826,0.1436474961643169,0.1532786418319123,0.0523885082460055,0.1948977570365671,0.072221903844955,0.4192395797098983,0.1894744749884021,0.3064996035214539,0.2619012955084376,0.4867743230999183,0.3635463423968341,0.4429624844203735,0.3937351966320284,0.5030998332470512,0.4387975061786383,0.4960168312978531,0.4785632691465426,0.3737313428948345,0.2776968748033814,0.3054952554558219,0.2588003371408027,3.0764323350650296,2.7688043358570176,3.2718604137849736,2.8236288138202954,1.1378209765753278,0.91524016993655,1.2668395117696034,0.9120426033339976,1.182512916207535,0.9538374102336205,1.3056426972858235,1.095827687165046,1.3023369226959864,1.2472006037499654,1.2595916600456405,1.230081075763837,0.9424147337416848,0.938839997503514,1.0114480887869182,0.9635120128343224,1.6784314701292748,1.5697130953505527,1.6043252181167094,1.5656238492715702,0.1413373860182371,0.1124620060790273,0.0288753799392097,0.1589825119236884,0.1160572337042925,0.0429252782193958,0.1850877192982456,0.125438596491228,0.0596491228070175,0.1595041322314049,0.1,0.0595041322314049,4.77027027027027,3.2698412698412698,3.911111111111111,3.25531914893617,69.8,73.6,72.4,71.9,,,,,,,,,,,,,,,,,,,,,
401282786,2021-11-20 17:00:00,2021,regular,12,False,Ohio State,Big Ten,2134.0,985.09,Michigan State,Big Ten,677.07,1622.0,56.0,7.0,49.0,-19.5,0.3760906386233406,0.1278224057408464,0.252399208711987,0.1705341772504513,0.2230001729070101,0.0271468585261776,0.1770319666872062,0.0707632338348564,0.4627051923930223,0.2417412970077393,0.3345867032352808,0.2567716950258435,0.5074419749337821,0.4037538003916164,0.44677464154203,0.4228517049225601,0.5417329527983745,0.4484528183215405,0.4848561496644307,0.4814760772470727,0.3467482990972698,0.3228072660825789,0.3251144936535221,0.3150644335666957,3.2961060552368453,2.698320769395947,3.0124713883857064,2.9241546686390985,1.228405028118084,1.0345804447846965,1.1885886929254972,0.9899189161575422,1.6553170307017109,1.1442366468486185,1.63648855644768,1.1353172507477458,1.346829465845348,1.278364781449199,1.3251400781005032,1.241297553399573,1.0127835829240557,0.945584265710029,1.0332834086539084,0.9084431611453052,1.63741480172402,1.581721619319162,1.6437406635628808,1.518311329380794,0.1008771929824561,0.0584795321637426,0.0423976608187134,0.1707317073170731,0.1010452961672473,0.0696864111498257,0.1977715877437326,0.116991643454039,0.0807799442896936,0.158998646820027,0.0940460081190798,0.0649526387009472,4.75,3.636363636363636,3.4363636363636365,3.1029411764705883,69.3,75.3,70.1,74.8,,,,,,,,,,,,,,,,,,,,,
401287944,2021-11-20 17:00:00,2021,regular,12,False,Oklahoma,Big 12,1845.0,895.38,Iowa State,Big 12,613.6,1901.0,28.0,21.0,7.0,-3.0,0.2808900820428043,0.2173462595435769,0.283140372616989,0.1565357406680077,0.1948514851016748,0.0778493914281059,0.1689593740615962,0.0752490798295359,0.3410459129549988,0.3722039514309581,0.3766703941542053,0.2646919838182706,0.484225593497621,0.4329945635332379,0.4717038226464229,0.4217671505947903,0.5305112663559767,0.4788214027236744,0.5160510637451639,0.4750786107345309,0.3289082110045338,0.3296154242457874,0.3196462289348856,0.2967981525883073,3.0903798448793567,2.81894939807726,3.101788223050943,3.016482125014102,1.2125980442784388,1.0797604563614152,1.1447369943294914,1.04189153016382,1.554587465129646,1.202001013322609,1.5775310781608758,0.9908607703063798,1.2766093565808736,1.2775817174654072,1.2721771517194604,1.2112094654969416,0.9859178175527326,0.940908859975814,1.024685590972261,0.9169966329561214,1.5612814736431235,1.6332956080510004,1.494631873343119,1.5565238778704016,0.1469026548672566,0.1008849557522123,0.0460176991150442,0.1336717428087986,0.0879864636209813,0.0456852791878172,0.1661184210526315,0.1299342105263158,0.0361842105263157,0.1775700934579439,0.1289719626168224,0.0485981308411214,4.753623188405797,4.301587301587301,4.107142857142857,3.425925925925926,68.3,72.6,71.2,70.6,,,,,,,,,,,,,,,,,,,,,
401287947,2021-11-20 17:00:00,2021,regular,12,False,West Virginia,Big 12,1494.0,611.29,Texas,Big 12,874.19,1725.0,31.0,23.0,8.0,-2.5,0.166076939395246,0.1740257399145036,0.2585455545852077,0.2078935262401801,0.1130240846622522,0.113050175967124,0.215439236070303,0.1479105953176749,0.237672626610904,0.2705157296939953,0.3012013477210447,0.2939369708054127,0.4182456356308576,0.4106848496829716,0.4468342369439065,0.4242280529794693,0.4770274761221497,0.4731491352350314,0.5012197657971115,0.4829224171861258,0.2972139239405723,0.3061549573084406,0.3140047297827848,0.3048285281141753,2.941341938921692,3.006153732690773,3.2763125397561144,3.000806514712051,1.02117852495056,0.963357451085562,1.1347963990183692,1.1386376076393352,1.1561588580773017,1.2258146476253853,1.419066608264164,1.4674681858636365,1.248650178837549,1.2327457310794356,1.3094476440962657,1.2508184403114493,0.9643745686083468,0.9394470717687649,1.0002147469894085,1.003132617682696,1.5052637624948224,1.5519375268391091,1.6694192877233602,1.516996978008564,0.1848739495798319,0.1226890756302521,0.0621848739495798,0.1452095808383233,0.0988023952095808,0.0464071856287425,0.1606837606837607,0.1196581196581196,0.041025641025641,0.1446808510638297,0.0978723404255319,0.0468085106382978,3.9375,4.7101449275362315,3.3220338983050848,3.726027397260274,73.1,69.1,69.5,69.9,,,,,,,,,,,,,,,,,,,,,
401282146,2021-11-27 20:30:00,2021,regular,13,False,Auburn,SEC,1680.0,840.38,Alabama,SEC,1004.04,2195.0,22.0,24.0,-2.0,20.5,0.2630046707292503,0.1461404465330811,0.3180985926765327,0.1175745937706239,0.2128696617680613,0.0739947350127937,0.1403862638158217,0.0364556686192311,0.2905154475454886,0.2586844728385801,0.4531859900584994,0.2181486923458822,0.4673530808763534,0.4150890603836478,0.4967079047819589,0.3714498496714479,0.5161751854053296,0.4727624471631138,0.5102285972282924,0.4380625717728776,0.3226048687720333,0.3098649276011685,0.3903917956050883,0.2833904823792388,3.273470930353278,2.842940199195027,3.092604979073333,2.708509881973854,1.2252539314232962,1.0232971380196598,1.1623116758505905,0.8975509786322589,1.3436066520747914,1.1913057742934987,1.177716851851966,0.941346664793223,1.2460134316215672,1.2242151461177315,1.3044287675523245,1.2658847026726814,0.9905085243431706,0.953092841150222,0.915155829000707,0.9327314662985848,1.490319461115581,1.501147173621536,1.7096726263088111,1.6047131546477924,0.1265822784810126,0.080168776371308,0.0464135021097046,0.1416893732970027,0.1144414168937329,0.0272479564032697,0.1678321678321678,0.116083916083916,0.0517482517482517,0.1858475894245723,0.129860031104199,0.0559875583203732,3.950819672131148,4.607142857142857,3.75,4.163265306122449,73.1,72.6,69.9,73.9,,,,,,,,,,,,,,,,,,,,,
401282148,2021-11-27 17:00:00,2021,regular,13,False,Georgia Tech,ACC,1296.0,707.35,Georgia,ACC,1001.79,2164.0,0.0,45.0,-45.0,35.5,0.1448228038124707,0.2415010996121057,0.2793153166640847,-0.0077455847953289,0.1307282599827599,0.0940053638134065,0.1840236954063695,0.0298438283989716,0.1973357523909336,0.4279654612891471,0.3898220260372703,0.0297207928815124,0.4129794629691141,0.4497101095168078,0.4924734472367688,0.3196555857840191,0.4737288352152278,0.4958462490393577,0.5207467831261868,0.3775220921645753,0.2862421638177285,0.3257652931730331,0.349702960998711,0.2726206215456064,3.160909328149948,3.190646243001037,3.3267116368387963,2.7059756853471204,1.1599046577311962,1.090466988131324,1.2654013033249918,0.8693448832182079,1.616618441300192,1.2154305734621682,1.1723752237481089,0.7946220371692027,1.263784136707179,1.2657858103688315,1.2362772807083824,1.2221663491507893,1.0172602280369427,0.9171815571823196,0.9221690650232448,0.9382425108069116,1.5310999749825087,1.7049154604303902,1.661904947421927,1.5176566158943794,0.1666666666666666,0.1092896174863388,0.0573770491803278,0.1123417721518987,0.0648734177215189,0.0474683544303797,0.1344647519582245,0.0992167101827676,0.0352480417754569,0.1984126984126984,0.1222222222222222,0.0761904761904762,3.0,4.531645569620253,4.161764705882353,1.803921568627451,70.6,71.3,68.5,74.2,,,,,,,,,,,,,,,,,,,,,
401282781,2021-11-27 17:00:00,2021,regular,13,False,Michigan,Big Ten,1929.0,832.6,Ohio State,Big Ten,985.09,2212.0,42.0,27.0,15.0,6.5,0.2684327099382959,0.1050116322537941,0.3875242741674144,0.1190437380485092,0.180961503284337,0.069473026099584,0.2460025457908214,0.0244455621087283,0.3618939845137463,0.166630323920468,0.4805023564975338,0.2186076218964983,0.4566158670338591,0.3710970831324277,0.5181090628996452,0.3944188674131356,0.4983918873164901,0.4341760399605651,0.5549397202154119,0.4420594443104957,0.3307409760066979,0.2739607143462286,0.3536528480886713,0.3151932207207277,3.140531226004065,2.8864507677693365,3.34999013576398,2.671533397872282,1.0428438492733287,0.9850726558933548,1.2504592451130874,1.043179000872912,1.3736587319018632,1.2225343868557803,1.6321223993296392,1.141819886019796,1.2655055294498976,1.2398445091935075,1.3329641510528838,1.2851885997654275,0.9678010302305246,0.9519739362431514,1.0103387896129548,0.9503299146347284,1.6733657495557934,1.5615943979382954,1.6238971748986355,1.5902799001236572,0.0976863753213367,0.0462724935732647,0.0514138817480719,0.1025974025974026,0.061038961038961,0.0415584415584415,0.1775312066574202,0.102635228848821,0.0748959778085991,0.211068211068211,0.1209781209781209,0.09009009009009,3.85,4.850574712643678,2.923076923076923,3.3793103448275863,68.3,73.7,69.9,75.4,,,,,,,,,,,,,,,,,,,,,
401287951,2021-11-28 00:30:00,2021,regular,13,False,Oklahoma State,Big 12,1925.0,613.69,Oklahoma,Big 12,895.38,1858.0,37.0,33.0,4.0,-4.0,0.1744060755688178,0.0277001623235773,0.2813884959918376,0.1904539887195573,0.0840783481071009,0.0268831234484881,0.2206735505723338,0.0642478334578727,0.3087114813297051,0.0876988850858331,0.3270769319346103,0.3393723038269015,0.4340336078804145,0.3416157941912939,0.478639016930073,0.4251576045110475,0.4880136996826656,0.4109152060326,0.5242971542705815,0.4808222198301963,0.3072252956790891,0.2643546715157355,0.3362686377606801,0.3216631087721021,2.947275860909648,2.595577231085937,3.0933172233556143,2.817552584574101,1.0819123956679326,0.9161988256466156,1.2366105128256402,1.1125051788488,1.1112085413377095,1.0327430818221657,1.6728811279513414,1.2982305257101052,1.2235471322699285,1.2185042626755114,1.2833626029367995,1.2696217850440084,0.9157224525235986,0.960924100640054,1.0068893631841749,0.9421623727549944,1.6409747458092436,1.4865817303851985,1.5580749571603063,1.6135837253427892,0.1372549019607843,0.0906862745098039,0.0465686274509803,0.1589085072231139,0.1107544141252006,0.0481540930979133,0.212797619047619,0.1592261904761904,0.0535714285714285,0.1723646723646723,0.1367521367521367,0.0356125356125356,4.0625,4.75,2.64,3.8225806451612905,68.9,74.8,69.2,72.6,,,,,,,,,,,,,,,,,,,,,
401287952,2021-11-26 17:00:00,2021,regular,13,False,Texas,Big 12,1698.0,874.19,Kansas State,Big 12,569.65,1615.0,22.0,17.0,5.0,-2.5,0.2628439779526315,0.2169774529466605,0.2507726348877622,0.1741520896643056,0.2283717240267997,0.1522788287710663,0.195317924820437,0.1027475896938121,0.2992466927982932,0.3042340287145887,0.3171506550680416,0.2817741420929243,0.4510899318079044,0.4312891211698342,0.4395771098913971,0.395657119163018,0.5082320363298175,0.4838401770692692,0.5038287491781241,0.4590260642817431,0.3087003849188431,0.3161796989358308,0.2994506675973771,0.2915087085776928,3.338336563193622,3.031815919524249,3.167492937509431,2.8348597861183675,1.1544822089555984,1.128448351058251,1.2007767387440968,0.8977252866338967,1.4627774845861132,1.4455669295988725,1.4479743941158818,1.228525726034157,1.300599092860669,1.250832832346901,1.2754820676856744,1.275078405521741,0.9981786553666993,0.9869714771257578,0.985190188223948,0.9896445128484046,1.6631298249258892,1.542418247067525,1.6043345644628917,1.5590931704638478,0.1422651933701657,0.0966850828729281,0.0455801104972375,0.175531914893617,0.125886524822695,0.0496453900709219,0.1468354430379747,0.0987341772151898,0.0481012658227848,0.1813953488372093,0.1333333333333333,0.0480620155038759,4.652777777777778,4.236363636363636,3.7875,3.2666666666666666,69.8,70.0,68.9,72.1,,,,,,,,,,,,,,,,,,,,,
401282154,2021-12-04 21:00:00,2021,regular,14,True,Alabama,SEC,2173.0,1004.04,Georgia,SEC,1001.79,2190.0,41.0,24.0,17.0,6.5,0.3031304986295918,0.0778300167723873,0.3014682268430356,-0.0176335979656944,0.12239861467383,0.0045849436029222,0.197692845135751,0.0326652120419969,0.4310906013964367,0.1903457378204254,0.4098203941982404,0.0155162002008665,0.4853060595322468,0.3557957478772617,0.5020645269433054,0.3149819470316151,0.4995599400493195,0.4211757249686803,0.5273254468353623,0.3784911440897376,0.3831284621007335,0.2822130432647119,0.3560717748286365,0.2657667931727618,3.007589272768973,2.6058741338420432,3.353169057354858,2.725619717963922,1.142758850855664,0.8810463185100104,1.2676233647541724,0.879285758068683,1.1772470102173442,0.9090073698211324,1.2290515653339895,0.7327864709054823,1.3033440772972325,1.2665559191230424,1.2364671592228962,1.22499110064549,0.904771770144164,0.927239031285975,0.9199420378914256,0.9371466506568018,1.6976188327951809,1.6048875719103175,1.654410821546412,1.528985936777164,0.1492718446601941,0.1152912621359223,0.0339805825242718,0.1083455344070278,0.0629575402635432,0.0453879941434846,0.1936619718309859,0.1387323943661972,0.0549295774647887,0.1967694566813509,0.1248164464023494,0.0719530102790014,4.511363636363637,4.630952380952381,3.890909090909091,1.7037037037037035,70.6,73.2,68.6,74.2,,,,,,,,,,,,,,,,,,,,,
401442010,2023-01-10 00:30:00,2022,postseason,1,True,Georgia,SEC,2147.0,989.76,TCU,SEC,712.05,1882.0,65.0,7.0,58.0,-13.5,0.3175014718484765,0.0167704752262239,0.2551117231781063,0.1173395159190296,0.1802123172308696,0.0049520529519817,0.1655853341096741,0.126575089264666,0.4071218513468654,0.1209141600417042,0.3190122248119569,0.1784978500025734,0.52841376382527,0.3386044193278275,0.4365067427192733,0.391523435416188,0.5480648896272201,0.4025194129665651,0.4841877686069677,0.4670856269137491,0.3712413998280774,0.2752712010400678,0.3095739643421745,0.2735504889501087,3.1869597606697018,2.7401848890497376,3.160266845464772,2.970117906790231,1.210434273078729,0.8986551948648729,1.2193838068730591,1.0764497900736607,1.5095122276934898,0.9188235778036348,1.7665714450847512,1.2339691139345426,1.2149706550237642,1.246923087425114,1.334970465110567,1.2734013897097247,0.94898451953853,0.9022316657126253,0.9887916516124712,0.9418356417772288,1.5104962504544452,1.5712565581019715,1.731119728560412,1.6515057416142345,0.1104441776710684,0.0732292917166866,0.0372148859543817,0.1380145278450363,0.0932203389830508,0.0447941888619854,0.1620185922974767,0.1022576361221779,0.0597609561752988,0.1689655172413793,0.0919540229885057,0.0770114942528735,4.803738317757009,4.22093023255814,3.169491525423729,4.3604651162790695,68.3,74.0,69.4,71.9,,,,,,,,,,,,,,,,,,,,,
401442015,2023-01-01 01:00:00,2022,postseason,1,True,Georgia,SEC,2146.0,989.76,Ohio State,SEC,983.14,2108.0,42.0,41.0,1.0,-5.5,0.3175014718484765,0.0167704752262239,0.3635466868049301,0.0838937663048866,0.1802123172308696,0.0049520529519817,0.2092383180298165,0.0605623338912113,0.4071218513468654,0.1209141600417042,0.4497288715498807,0.1795394955702161,0.52841376382527,0.3386044193278275,0.5159448714913781,0.3438400336285867,0.5480648896272201,0.4025194129665651,0.5628956258680065,0.4047100534468139,0.3712413998280774,0.2752712010400678,0.3182038435498172,0.2674265432133471,3.1869597606697018,2.7401848890497376,3.3997112161309437,2.7777756993088465,1.210434273078729,0.8986551948648729,1.228299952743279,0.951488208765344,1.5095122276934898,0.9188235778036348,1.4908128041288975,1.1958262423764203,1.2149706550237642,1.246923087425114,1.2946413056034507,1.297674124028994,0.94898451953853,0.9022316657126253,0.964528940771209,0.9744058995493026,1.5104962504544452,1.5712565581019715,1.6419156846128822,1.6451300583061914,0.1104441776710684,0.0732292917166866,0.0372148859543817,0.1220715166461159,0.065351418002466,0.0567200986436498,0.1620185922974767,0.1022576361221779,0.0597609561752988,0.1957390146471371,0.1291611185086551,0.066577896138482,4.803738317757009,5.175824175824176,3.169491525423729,4.020833333333333,68.3,74.0,68.8,74.2,,,,,,,,,,,,,,,,,,,,,
401442018,2022-12-31 17:00:00,2022,postseason,1,True,Kansas State,Big 12,1891.0,584.68,Alabama,Big 12,1016.79,2151.0,20.0,45.0,-25.0,7.5,0.2383604223529351,0.0861943611839878,0.2618258912713349,0.0296270193962969,0.1636651093094064,0.1046931153550874,0.1518631040289583,0.0787960179663165,0.2979070096696911,0.1908473778627093,0.3341074423374828,0.1008663159393647,0.4404148153769268,0.3822659867130312,0.4720108029726672,0.3653991573365458,0.4701844514605015,0.4539631376481758,0.4947665449700982,0.4421359523272257,0.3341555469392303,0.2702272433760412,0.3592741952610598,0.26470260699147,3.2142852603148016,3.1225350225319706,2.926953186783605,2.9439631711575784,1.143796953322331,1.0395036771847894,1.223898355653224,1.0336412609927743,1.5705125793021386,1.1667803431035662,1.702307272925209,0.9689217201411234,1.2849727384027454,1.2227742588511898,1.3006942012372895,1.1817564706186174,0.9926518132334708,0.9181392884421664,0.9837023062632646,0.916431069596332,1.6266520186168745,1.5690723892532052,1.6008366041764728,1.4965457341044033,0.1231527093596059,0.084975369458128,0.0381773399014778,0.1408083441981747,0.0977835723598435,0.0430247718383311,0.1452991452991453,0.0805860805860805,0.0647130647130647,0.1866840731070496,0.1174934725848564,0.0691906005221932,4.177215189873418,4.829545454545454,3.739130434782609,3.685185185185185,68.7,73.1,68.8,73.8,,,,,,,,,,,,,,,,,,,,,
401442033,2022-12-29 22:30:00,2022,postseason,1,True,Florida State,ACC,1850.0,780.76,Oklahoma,ACC,870.34,1660.0,35.0,32.0,3.0,-10.5,0.2941076394902147,0.144548104898184,0.2054910784293332,0.1662249237108179,0.2045278587290009,0.1518029847676654,0.1563944292608087,0.1347817804067346,0.3453959149329736,0.1894229285856508,0.2652247468137997,0.2609541933603627,0.4715169487206771,0.418222793618458,0.4523694516145087,0.4239528605264346,0.5018392852251954,0.4826987715408122,0.5135539225183811,0.4857732501130105,0.3507091513888359,0.2937161732457085,0.2910182367846186,0.3041366470039391,3.186213296000804,3.2931156254540745,3.1991828177213195,3.113342406494378,1.2121740368868827,1.1268455144719336,1.2085203847133712,1.129592247817311,1.6558525578168064,1.079078571618474,1.3848345730249816,1.2075998129768244,1.3275062309942245,1.1939635875695334,1.233944356215284,1.2419905291796551,1.009304172108282,0.9188548380628796,0.96154964377702,0.9624669632972188,1.6756096874634736,1.552910915561521,1.5625355182960674,1.5485146959992366,0.1673306772908366,0.1168658698539176,0.0504648074369189,0.1416957026713124,0.0882694541231126,0.0534262485481997,0.1692094313453536,0.1067961165048543,0.0624133148404993,0.1872294372294372,0.1201298701298701,0.0670995670995671,4.25,3.954022988505747,4.105263157894737,4.057471264367816,66.8,72.1,72.1,73.0,,,,,,,,,,,,,,,,,,,,,
401442034,2022-12-30 02:00:00,2022,postseason,1,True,Washington,Pac-12,1729.0,761.72,Texas,Pac-12,887.45,1931.0,27.0,20.0,7.0,3.5,0.2902729307346186,0.209110871190034,0.2670441055392832,0.0886235452163639,0.1725594726626697,0.1178041574194248,0.2033799082500403,0.0214841543468632,0.3736028605061476,0.3307075795186541,0.3018730768037729,0.2217595374559305,0.4905896438491276,0.4329691314541585,0.4811548818500687,0.374061977587219,0.5147427616332734,0.4799510179834535,0.5337806351590505,0.426916587605757,0.3823176334837429,0.3256434744605489,0.3087728261144045,0.3011750601403533,3.1229437510245637,3.1660663088200445,3.257927280184286,2.906972286300984,0.9909299231576828,1.0559754069429348,1.2182691896191236,0.8851514622894963,1.1937241100746092,0.9566722982062354,1.5892286582541726,1.0221742611201905,1.2538968077913364,1.269043077431693,1.2269670354489504,1.2488767896656374,0.9635438811016556,0.9124210568250772,0.9729562541605364,0.9185967500953712,1.4962470431137236,1.667954798740177,1.516217619873691,1.5736419921663474,0.0991325898389095,0.047087980173482,0.0520446096654275,0.1188118811881188,0.0792079207920792,0.0396039603960396,0.1480484522207268,0.1063257065948856,0.0417227456258411,0.1698537682789651,0.1102362204724409,0.0596175478065241,4.689655172413793,4.441860465116279,4.061538461538461,2.9577464788732395,69.8,73.9,69.7,69.6,,,,,,,,,,,,,,,,,,,,,
401403902,2022-10-01 19:30:00,2022,regular,5,False,Arkansas,SEC,1663.0,741.06,Alabama,SEC,1016.79,2185.0,26.0,49.0,-23.0,17.0,0.1831076434115982,0.1891045909275475,0.2403936078235282,0.0111725792638095,0.0719004156833568,0.1425889532515034,0.150064924988409,0.0155656244273882,0.3337873798958408,0.2764205243075146,0.3203266771835109,0.1330153559074993,0.4923203887532567,0.4213358781677782,0.4851741920772848,0.3321346345348122,0.5296906030637937,0.4694572120836207,0.5091290112356944,0.413310080618613,0.3077792446340356,0.3118672981287408,0.3477246066832584,0.2589841310293589,3.1267290696925696,3.112563459760405,3.1057734889079995,2.56630355145871,1.1295199421938455,1.0867249877415,1.307923755434083,0.9110582372128846,1.29260504630174,1.1826550323351228,1.7156786912755966,0.8819220850830277,1.1922905457438857,1.295291390960975,1.2661835890311277,1.2009711434555614,0.8553100654248692,0.9556060586222213,0.9898301916782716,0.908651365961364,1.6189273378733338,1.6637779502058574,1.554502393819719,1.488617167596646,0.1313131313131313,0.101010101010101,0.0303030303030303,0.1172161172161172,0.0842490842490842,0.0329670329670329,0.2021660649819494,0.148014440433213,0.0541516245487364,0.1975308641975308,0.139917695473251,0.0576131687242798,4.111111111111111,5.175,3.678571428571429,2.8,61.6,72.5,67.8,75.1,,,,,,,,,,,,,,,,,,,,,
401403907,2022-10-01 23:30:00,2022,regular,5,False,Missouri,SEC,1411.0,715.36,Georgia,SEC,989.76,2090.0,22.0,26.0,-4.0,30.5,0.1014742527463666,0.1171743997079996,0.3142711510172009,0.0769919206658296,0.0779555146514251,0.0577966127777719,0.2206956020364547,0.0613982481727131,0.2152841207339995,0.2238890212594743,0.3709817178855333,0.1582105911957869,0.4158627037170792,0.3675325626638916,0.5726611075692905,0.3901323984384414,0.4786592287136903,0.4472397937990964,0.5827736474401725,0.4460090608372755,0.2944205789513055,0.2673827808079287,0.3552374834106149,0.3090544548239753,2.8960588865769963,2.720223373817146,3.364044631093827,2.9489239522892627,1.0952741101788137,0.9453667955383422,1.1942214755366063,1.0354812881409792,1.1288251487609502,1.040033972361541,1.2457944243029988,1.0179732201726146,1.2000279957042592,1.2663600453654922,1.1973032809845492,1.1972701871666371,0.8791746893726955,0.976584536644112,0.9082386840704004,0.8742816093251681,1.5431213839946605,1.5875118456460495,1.4806849378001834,1.4929573708457524,0.1911764705882352,0.1372549019607843,0.0539215686274509,0.0769230769230769,0.0461538461538461,0.0307692307692307,0.1919191919191919,0.1313131313131313,0.0606060606060606,0.1621621621621621,0.0864864864864864,0.0756756756756756,4.15,5.365853658536586,3.95,3.5238095238095237,69.7,70.7,69.0,73.9,,,,,,,,,,,,,,,,,,,,,
401404086,2022-10-01 16:00:00,2022,regular,5,False,TCU,Big 12,1526.0,712.05,Oklahoma,Big 12,870.34,1851.0,55.0,24.0,31.0,5.0,0.2785286169131742,0.1652567738188197,0.2500393536053185,0.1577545359567965,0.1982155619981763,0.1019798518871629,0.1596799096929088,0.1099514333411484,0.3353529231532881,0.2925782173907901,0.3385103406408767,0.2573656398646776,0.4295005722261972,0.4184709317608707,0.4535197909605559,0.4284172641794362,0.4729796665335906,0.4678254312756162,0.4998144945530741,0.4899119438302998,0.3290591654885684,0.3138907246867277,0.3236758141299279,0.3037175029608585,3.1065658670992,3.0792022897018634,3.2870968015462485,3.2062124165673143,1.1779247047490946,0.9959878866001572,1.1377753313629102,1.1626662342121603,1.6795042909064888,1.123985989435992,1.4187477651711222,1.0916567369539447,1.3171401533234683,1.2635151424072242,1.2771742904586476,1.2126810929150635,1.072182677356046,0.910540180440259,1.0220245091509828,0.9422961508053904,1.6402470554311472,1.6167858549073215,1.5755852471783705,1.4974707114296173,0.1367521367521367,0.1196581196581196,0.017094017094017,0.1145833333333333,0.0729166666666666,0.0416666666666666,0.173076923076923,0.0897435897435897,0.0833333333333333,0.2044728434504792,0.1373801916932907,0.0670926517571885,5.105263157894737,4.84375,5.0,3.6206896551724137,69.4,70.6,69.7,75.6,,,,,,,,,,,,,,,,,,,,,
401404087,2022-10-01 23:30:00,2022,regular,5,False,Texas,Big 12,1742.0,887.45,West Virginia,Big 12,662.57,1493.0,38.0,20.0,18.0,-7.5,0.2416851696955312,0.1259494608148652,0.2103564339021615,0.1705917619176414,0.1725211896953107,0.0170825502612829,0.1285207721825896,0.0854008053667065,0.2997576139818063,0.2620150530469806,0.2949614743497482,0.2764021407735057,0.4788047618491114,0.3813121245595549,0.462325267519701,0.4301101859094746,0.5187474507187178,0.4243496565215939,0.492959360994577,0.4577419288140233,0.3114899148930199,0.3157982683506495,0.3224516734816537,0.3378603778325584,3.154295166875855,2.920088213218993,3.1582457956091723,3.014361734742838,1.106281459832925,0.9287591968281128,1.1063673685043924,0.9986400607808064,1.4882604271841935,1.0924536398708131,1.322538543922908,1.0249359994787404,1.2575507190645716,1.2244788086898395,1.2398361393739343,1.2571932373964758,1.053408657862794,0.9230979301882802,0.9476343665651864,0.9652791835625966,1.4797103697278282,1.4957289526516524,1.5457366232094836,1.542326056542791,0.1183673469387755,0.0857142857142857,0.0326530612244898,0.163716814159292,0.0884955752212389,0.0752212389380531,0.1414790996784566,0.0996784565916398,0.0418006430868167,0.143646408839779,0.0883977900552486,0.0552486187845303,4.176470588235294,3.6818181818181817,3.0,5.1875,71.5,63.8,72.0,71.0,,,,,,,,,,,,,,,,,,,,,
401405104,2022-10-01 19:30:00,2022,regular,5,False,Ohio State,Big Ten,2132.0,983.14,Rutgers,Big Ten,631.47,1347.0,49.0,10.0,39.0,-39.0,0.3375474645562061,0.1285667815159539,0.1060078699446581,0.1490081084251463,0.1888605637564149,0.0701143942213267,0.0828532053298239,0.0617195075682713,0.4592396927578765,0.241047849537095,0.1865351361822558,0.2693538551100438,0.5216350772968573,0.3448749338780656,0.4137895900562569,0.4194554696726391,0.5568914729112294,0.4071616572074277,0.4883853680548433,0.4624136319667591,0.3221377023794584,0.2902953315624651,0.273725802438122,0.2981467417163154,3.3721275681654825,2.7273094531078574,3.124766923584723,2.750896818037607,1.1609839383393283,0.997550003541482,1.0381313225358997,1.0026596188400427,1.291683197618139,1.1702457465668727,1.2780980554291703,0.990431118488313,1.2616538296150015,1.2641082107449737,1.185405083224472,1.2374051433466735,0.9065522867554368,0.9701475241964048,0.8635520369836399,0.8782127148329446,1.6521983172954449,1.6016992344409615,1.5083285415461218,1.608482141020858,0.0955882352941176,0.0441176470588235,0.0514705882352941,0.1675392670157068,0.1151832460732984,0.0523560209424083,0.1924686192468619,0.1380753138075313,0.0543933054393305,0.202020202020202,0.1262626262626262,0.0757575757575757,5.621621621621622,2.5294117647058822,4.0,2.8333333333333335,71.0,75.0,67.4,72.4,,,,,,,,,,,,,,,,,,,,,
401403909,2022-10-09 00:00:00,2022,regular,6,False,Alabama,SEC,2190.0,1016.79,Texas A&M,SEC,947.3,1658.0,24.0,20.0,4.0,-24.0,0.2585253996984519,0.0168911646399142,0.1297314241808294,0.1287172081417008,0.1924469795706719,0.0081053247311186,0.0813789251145926,0.0861343350296789,0.3185120536712974,0.1443415004597168,0.2457011739181146,0.2235927567295817,0.4823189948931508,0.3336642735436278,0.4264684417806611,0.4017683534181643,0.5024085501390345,0.4108909019270335,0.4772474971805344,0.4790734848785817,0.3562384800359898,0.2653628191757938,0.3112642911682073,0.2819732427204275,3.014818570547843,2.6090300177253662,2.955461916335018,3.121863696019863,1.291362940925158,0.9400497638606976,1.1975189801102015,1.1178776138838558,1.9633281123398327,0.8860718132734791,1.227931444154348,1.20747773192099,1.303867919655919,1.1862408236218307,1.2316575060360264,1.191681728958083,1.0283546131320318,0.8923259940741572,0.8869722921658927,0.8781331731213443,1.591061380965484,1.5122779247543452,1.6196959864126357,1.5876562592911336,0.1186943620178041,0.0830860534124629,0.0356083086053412,0.2014134275618374,0.1413427561837456,0.0600706713780918,0.1932515337423312,0.1349693251533742,0.058282208588957,0.1372549019607843,0.0700280112044818,0.0672268907563025,5.108695652173913,3.789473684210526,3.2857142857142856,2.4545454545454546,67.9,75.0,71.9,74.6,,,,,,,,,,,,,,,,,,,,,
401403911,2022-10-08 19:30:00,2022,regular,6,False,Georgia,SEC,2058.0,989.76,Auburn,SEC,783.87,1558.0,42.0,10.0,32.0,-28.0,0.3035303367488967,0.0808358553586873,0.1288740648322668,0.1369542311009722,0.2263642481399242,0.0541479593696839,0.0543440424670897,0.0856973593030852,0.3524754991043672,0.1639010813152645,0.246616898625928,0.2329332248647168,0.5570853222986891,0.3784327037715549,0.4130502387424575,0.4178799077582834,0.5689488945178954,0.4355729249531448,0.4648051206122841,0.4588113995618694,0.3636818474859806,0.2989239101589722,0.2991392549499839,0.3261335793489793,3.305781741002765,2.8330766119955495,2.7858782822711596,2.9088568959470837,1.2345715882353965,1.0019085827599197,1.1024488652368254,1.0559440037217125,1.346497067502775,1.1554130384361696,1.127156364642163,1.179047844010723,1.176925002941899,1.2134972357974982,1.2642633743080802,1.2051878193578671,0.9077297091886052,0.906030708653455,0.9556298958595968,0.8996270465018813,1.4679630933336547,1.5185357722494477,1.590565710549891,1.5542066839544353,0.1167883211678832,0.072992700729927,0.0437956204379562,0.2322097378277153,0.1722846441947565,0.0599250936329588,0.1638655462184874,0.0924369747899159,0.0714285714285714,0.1555555555555555,0.1111111111111111,0.0444444444444444,5.0625,2.7727272727272725,3.555555555555556,4.105263157894737,70.0,73.0,72.0,70.7,,,,,,,,,,,,,,,,,,,,,
401404090,2022-10-08 16:00:00,2022,regular,6,True,Oklahoma,Big 12,1721.0,870.34,Texas,Big 12,887.45,1759.0,0.0,49.0,-49.0,7.5,0.2229984631352297,0.1720117351202669,0.2556027629903423,0.1209599213190147,0.1616790923818798,0.1412512234347667,0.1806675194730622,0.0274286600850383,0.2881543439137208,0.251730310422353,0.3214608806274165,0.2435973599474711,0.441217031139735,0.4341233966577024,0.496525829163788,0.3786443406783861,0.4918883174699894,0.4974320898257641,0.5422639153458186,0.4285651135576992,0.3111654555974867,0.2963474318349969,0.3096231954126268,0.3112861811489026,3.2549929406447227,3.221308894613971,3.190971010000158,2.91592338267182,1.1379164212950352,1.163449737063652,1.1101659395051462,0.8773964848547319,1.3519630372492293,1.2919248378517885,1.3999639643205843,1.044731577035826,1.2687831420019693,1.2260589508618729,1.2385748922555126,1.218312666749379,0.9916085654936552,0.9608567867101888,0.9903151668306888,0.9176296033178488,1.5874827250335797,1.524190507716929,1.4885932936465045,1.4989994071290742,0.1192411924119241,0.078590785907859,0.040650406504065,0.1151315789473684,0.0855263157894736,0.0296052631578947,0.1804123711340206,0.1211340206185567,0.0592783505154639,0.1491002570694087,0.0976863753213367,0.0514138817480719,4.7105263157894735,4.325,3.911764705882353,3.176470588235294,69.5,75.2,71.4,65.0,,,,,,,,,,,,,,,,,,,,,
401405110,2022-10-08 20:00:00,2022,regular,6,False,Michigan State,Big Ten,1580.0,693.91,Ohio State,Big Ten,983.14,2150.0,20.0,49.0,-29.0,27.0,0.1842500924190856,0.1537190717017624,0.331387326482915,0.109863629766649,0.1186402538090723,0.0005003788052776,0.2285374606251744,0.0521935258938634,0.288550431734655,0.3160612006026531,0.4110279685787149,0.2275150355165164,0.4477196597660508,0.400305135169716,0.523227413725042,0.3466298960085652,0.5027535065615052,0.4470806579964316,0.5606223941163988,0.4131995540480473,0.3058690666044122,0.3239063758844435,0.3205331806951673,0.277982799559998,3.0318377875481524,2.832049389735225,3.372461145330393,2.7532912024054053,1.1116647456150812,0.9925610694839788,1.2112845520213045,0.9868168674064904,1.1172256410424168,1.2972827946505934,1.4524047905937232,1.107928230259246,1.2235507825948777,1.2450489673268477,1.2679128257294496,1.2526536155376673,0.936867136352498,0.906466033878418,0.9453033287014112,0.9371819539005986,1.509320355261306,1.5640599397310275,1.633081660486429,1.605049887346025,0.1211180124223602,0.0652173913043478,0.0559006211180124,0.1087613293051359,0.0543806646525679,0.0543806646525679,0.154696132596685,0.1049723756906077,0.0497237569060773,0.1932203389830508,0.135593220338983,0.0576271186440678,3.9655172413793105,5.681818181818182,3.3870967741935485,3.9166666666666665,71.9,71.5,69.3,74.7,,,,,,,,,,,,,,,,,,,,,
401403918,2022-10-15 19:30:00,2022,regular,7,False,Georgia,SEC,2087.0,989.76,Vanderbilt,SEC,629.76,1338.0,55.0,0.0,55.0,-37.5,0.3089482006149361,0.0856734525757495,0.1860772052314636,0.2181624464274785,0.255902172473929,0.0530502754766962,0.1420320734103269,0.1002602480428711,0.338657488644756,0.1674060367773562,0.259064121828551,0.3598262605936349,0.5550288733549646,0.3648748651060107,0.4286912702527505,0.4484940884023614,0.5698287318141066,0.4312205398174694,0.5042678590076014,0.4999450575341453,0.358750731795418,0.2919921677130351,0.2830268841003708,0.3162975155863569,3.347427388783666,2.8535109004943955,3.1229390965935337,3.2099710788860074,1.2757944985030167,0.9937744785925868,1.0445436085497704,1.1647751031445148,1.444483851973591,1.131434350229174,1.3072831050095997,1.315871984901006,1.184464736523467,1.224143201864455,1.2289619372747185,1.2670048430244785,0.9317394692844628,0.8926094298281321,0.9418156032352508,0.9539427412180482,1.4511948744628052,1.5468703388462148,1.5512802027742278,1.5743425004919334,0.1072463768115942,0.072463768115942,0.0347826086956521,0.1578947368421052,0.0773993808049535,0.0804953560371517,0.1528239202657807,0.0863787375415282,0.0664451827242525,0.1415929203539823,0.079646017699115,0.0619469026548672,5.054545454545455,4.962962962962963,3.5357142857142856,4.181818181818182,68.8,73.5,71.4,70.4,,,,,,,,,,,,,,,,,,,,,
401403921,2022-10-15 19:30:00,2022,regular,7,False,Tennessee,SEC,1881.0,764.8,Alabama,SEC,1016.79,2179.0,52.0,49.0,3.0,9.0,0.2903768764689164,0.1381665685377186,0.2367063414210481,0.0240744663434615,0.1634540479862261,0.0208696628332965,0.1840841037035033,0.0061556677511869,0.4111497701338736,0.2576985053930976,0.291800853486714,0.1438654001411859,0.5079792789938249,0.4007500907401974,0.475309415911776,0.3327119516061765,0.5479068844170746,0.4428124260693235,0.4912190316585603,0.4152250905179983,0.327475462845041,0.3213745159170753,0.3607443260529648,0.259828740324128,3.077864861597962,2.848192793813642,3.0398270856419427,2.660600487322756,1.06199753879901,0.9619913730840206,1.3154574073263907,0.9346388630153908,1.1795099544256156,1.0940630004472571,1.9475220370158095,0.8966671948523115,1.21166330644525,1.24833369399683,1.2918506376841568,1.1949561938776174,0.8867187330683295,0.9045922413708928,1.0355571362994176,0.8875762188943047,1.5716801513713083,1.5444608859826958,1.5886901273980016,1.5028663409933456,0.1,0.0710526315789473,0.0289473684210526,0.1375921375921376,0.1007371007371007,0.0368550368550368,0.1596858638743455,0.1073298429319371,0.0523560209424083,0.1909547738693467,0.1256281407035175,0.0653266331658291,5.0,4.980769230769231,2.1538461538461537,3.2962962962962963,70.2,72.1,68.1,74.4,,,,,,,,,,,,,,,,,,,,,
401404093,2022-10-15 16:00:00,2022,regular,7,False,Texas,Big 12,1898.0,887.45,Iowa State,Big 12,590.43,1776.0,24.0,21.0,3.0,-15.5,0.2722749250975216,0.0911216792664286,0.122072110679692,0.0711245861525524,0.1934346854004963,0.011707926043818,0.0333701059129689,0.0119336585288767,0.3434348479481064,0.2155953138248968,0.236153434809726,0.2103222949808209,0.4961924524056635,0.3656106822705945,0.3978705558878214,0.392171133998483,0.534781928432576,0.4282079518365562,0.4483698676039857,0.4667905523818681,0.3193216420718742,0.2935005697322319,0.3113029469466951,0.2794815177391545,3.2452201822145046,2.894892913119662,2.907735311234439,2.9536626283441754,1.147396680399404,0.8801735481780313,0.9663741440605508,1.004559740096274,1.3550140862713551,1.0451419457049995,1.1256866370135192,1.104812894340483,1.244580020856625,1.2147249799252462,1.1951429622565002,1.179354115720502,0.9962515069221592,0.9186539300460456,0.8615884694517428,0.8627873527838505,1.507092722372004,1.494636075773628,1.4863761177196804,1.4917052922664045,0.109090909090909,0.0779220779220779,0.0311688311688311,0.1387434554973822,0.0863874345549738,0.0523560209424083,0.1629464285714285,0.109375,0.0535714285714285,0.1644295302013423,0.1208053691275167,0.0436241610738255,4.530612244897959,3.730769230769231,2.918918918918919,2.6,71.0,66.7,72.5,71.6,,,,,,,,,,,,,,,,,,,,,
401404094,2022-10-15 16:00:00,2022,regular,7,False,Oklahoma,Big 12,1582.0,870.34,Kansas,Big 12,574.29,1366.0,52.0,42.0,10.0,-10.5,0.2001797278562457,0.1921029454446975,0.2613639546774269,0.216483324446592,0.1572744312954529,0.1601377947472304,0.1338151259061785,0.1462791669303332,0.2608511035180378,0.2695966293925466,0.3936333401205255,0.3074217810644932,0.4319156276796213,0.4342811526411999,0.4512872584700051,0.4429110280575153,0.4875137695021648,0.4945961676957257,0.4916789466629406,0.4985278210603521,0.2984403551300188,0.303578971067538,0.3282473511982284,0.3158687503413507,3.23017026879391,3.2824908180021506,3.2655914590275725,3.1707401777574393,1.1635082827197694,1.187891894344194,1.1972818237216851,1.0421382678344613,1.3400872961051986,1.2631183220394204,1.3572156512960731,0.9911987009304488,1.2597656023470702,1.2361605325891607,1.2751375875859203,1.227609655665651,1.0052461073365957,0.9675122011397724,0.9588380662495756,0.8935273836378241,1.5785803845362534,1.5425765111240544,1.644763330645045,1.563442752599364,0.1378504672897196,0.0934579439252336,0.0443925233644859,0.1396825396825396,0.092063492063492,0.0476190476190476,0.1641791044776119,0.1087420042643923,0.0554371002132196,0.1377410468319559,0.0771349862258953,0.0606060606060606,4.365853658536586,4.311111111111111,4.232558139534884,4.243243243243243,70.3,74.3,67.2,64.2,,,,,,,,,,,,,,,,,,,,,
401403922,2022-10-22 23:00:00,2022,regular,8,False,Alabama,SEC,2174.0,1016.79,Mississippi State,SEC,725.55,1701.0,30.0,6.0,24.0,-21.0,0.2622690219072704,0.0280038412349385,0.2170914687919283,0.1017068738544215,0.1857760036404718,0.0143274191268399,0.1007315288323748,0.1540414327070394,0.3246536859251613,0.1613317376727225,0.3062276964476655,0.1740268157272751,0.4868216023617084,0.351271280958488,0.481657189181079,0.4038589889971552,0.5045282808645735,0.4298630966433468,0.5222784927377578,0.4599723399924028,0.369864883083,0.2584111268945624,0.3287398753615604,0.305861962922851,3.02562197853583,2.774657938213082,3.0436629373555704,3.1838604967456297,1.2887182788006002,0.9830059612350246,1.0669776927683232,1.1296531048554952,1.9101784267755608,0.8672672447238392,1.1423267220850104,1.2892337512553322,1.2973925230684775,1.1969975298205455,1.1866031021027628,1.2383543517603626,1.0136242580653152,0.8862649375385522,0.8897135781022731,0.9407145813241082,1.593876186890728,1.5291065101739292,1.4266331680827884,1.580048346109536,0.1326530612244898,0.0959183673469387,0.036734693877551,0.1402061855670103,0.0701030927835051,0.0701030927835051,0.1709401709401709,0.1132478632478632,0.0576923076923076,0.1541755888650963,0.0835117773019272,0.0706638115631691,4.918032786885246,4.576923076923077,3.647058823529412,3.3255813953488373,68.8,74.1,69.1,73.1,,,,,,,,,,,,,,,,,,,,,
401404098,2022-10-22 19:30:00,2022,regular,8,False,Oklahoma State,Big 12,1818.0,670.53,Texas,Big 12,887.45,1897.0,41.0,34.0,7.0,6.5,0.1777587276320074,0.1997394733542439,0.2794855187604163,0.0986423625942573,0.1056676822123333,0.0912279950332961,0.1935078332475193,0.0060514613235515,0.2705239202697206,0.3219437117417531,0.3460078491889241,0.2389912256806501,0.4398510351526747,0.4219384495960419,0.4953098850372841,0.3687338000916156,0.4875946277074266,0.4682374982574164,0.5431588606072548,0.4250183864201095,0.3157562537296107,0.3238943466302833,0.3143417634562535,0.295507863448409,2.9303637592143104,2.921375095953759,3.2011164760195463,2.8913700881058886,1.0295558656603991,1.1558915953987738,1.1401455693050333,0.8887467928236127,0.9303312919768778,1.1248002672999522,1.3080233939095829,1.0107068408205393,1.2228647989144228,1.2661749037303447,1.2343803540549467,1.235838489522163,0.9046347398096974,0.9338867621785376,0.960880402728366,0.9265722289828874,1.5547420039078763,1.599548908885491,1.5250855525847864,1.5291334318316825,0.1696202531645569,0.0810126582278481,0.0886075949367088,0.105726872246696,0.0770925110132158,0.0286343612334801,0.1925925925925926,0.1234567901234567,0.0691358024691358,0.154296875,0.103515625,0.05078125,4.871794871794871,4.392857142857143,4.2,2.9047619047619047,69.9,72.7,70.8,67.6,,,,,,,,,,,,,,,,,,,,,
401405119,2022-10-22 16:00:00,2022,regular,8,False,Ohio State,Big Ten,2165.0,983.14,Iowa,Big Ten,681.98,1700.0,54.0,10.0,44.0,-29.5,0.3684167852358071,0.0928236855567626,0.1191529327753005,0.0720913696766325,0.2451838355624087,0.0444086698088236,0.0400773569864454,0.0462407997053819,0.4442599984983286,0.2144355514297155,0.2404062834306025,0.2086058036524034,0.5325642909457492,0.3380771722008057,0.4041334590817741,0.4095821184064394,0.5728062233052014,0.4044514577262036,0.4792286497414764,0.4594821008339512,0.3295940023391018,0.2713893788749073,0.2699853573976518,0.3008730077246935,3.434377354270428,2.7585187309504007,2.9773007556497,2.945363425678072,1.2302261357523865,0.9611953200887308,0.9657254486292836,0.9612773498545732,1.413751766920593,1.0928402952826684,1.1153057598061744,0.9586837214109248,1.278865781396822,1.25783396349931,1.2159734847723944,1.1381754276163012,0.9425426246082708,0.9342633232829746,0.8955882046465502,0.8195625809018551,1.6587498302094588,1.6087273901127677,1.5486841543024934,1.5099484609210745,0.1037037037037037,0.0567901234567901,0.0469135802469135,0.2041522491349481,0.1349480968858131,0.0692041522491349,0.19533527696793,0.1341107871720116,0.0612244897959183,0.1455525606469002,0.091644204851752,0.0539083557951482,5.816326530612245,2.576923076923077,4.0,2.4347826086956523,71.3,74.6,67.7,76.8,,,,,,,,,,,,,,,,,,,,,
401403928,2022-10-29 19:30:00,2022,regular,9,True,Georgia,SEC,2154.0,989.76,Florida,SEC,856.95,1553.0,42.0,20.0,22.0,-23.0,0.3318442290132313,0.0587777187878684,0.211700780592876,0.1961342177559706,0.2511256346675136,0.0389059028465532,0.198629352360892,0.1576141623928846,0.3490902609676203,0.1542425668585167,0.2644396056949734,0.2815077881337351,0.5526125787351875,0.3573088343541405,0.4218407380474563,0.4453538885387582,0.5799614877162285,0.4178405986942504,0.4717398561975546,0.4771665026484369,0.3577111895767421,0.2859610001187789,0.3019759528983222,0.356132444185594,3.3462321441112937,2.833220618786928,3.247172471209366,3.185996894268853,1.245070750380493,0.9491447313375868,1.1831880271184665,1.1110523031902075,1.4369855988644693,1.0812171969589732,1.6319030510381114,1.3257219286400632,1.1816862433368818,1.2234297047619287,1.3001094155298372,1.2440150092239617,0.929661285440151,0.9003816705967107,1.0261803449075504,0.9408767845640592,1.444774629016217,1.5585320181840776,1.5988712490024746,1.596323277334743,0.1108490566037735,0.0754716981132075,0.035377358490566,0.1189189189189189,0.0702702702702702,0.0486486486486486,0.1580459770114942,0.0890804597701149,0.0689655172413793,0.1261904761904762,0.0928571428571428,0.0333333333333333,5.203125,3.4242424242424243,3.3,4.2444444444444445,68.7,74.1,73.3,71.5,,,,,,,,,,,,,,,,,,,,,
401404100,2022-10-29 16:00:00,2022,regular,9,False,Iowa State,Big 12,1777.0,590.43,Oklahoma,Big 12,870.34,1584.0,13.0,27.0,-14.0,1.5,0.1389964601731371,0.0684398945044263,0.2071373115393066,0.1960146812809941,0.0348183997556541,0.0237511444576401,0.1665113120628867,0.1581717192477358,0.2559877298197527,0.2148684752472948,0.2652785296718378,0.2904138095193566,0.4012604441866851,0.4039713983394075,0.4459331286283778,0.4365957310576543,0.4472311751313802,0.4798921104697292,0.498630426632457,0.4956927762797961,0.3130531168851306,0.2725359915183368,0.3077280802206048,0.3039399353388314,2.915083490017918,2.9278824174457925,3.2023802300795645,3.2534278938140373,0.9723043779607572,1.0132978507174388,1.1645232964113297,1.1624354229453695,1.0941048341069564,1.044229369848005,1.365414403670544,1.2648695754743349,1.2150768742419702,1.1623135407964265,1.2413486238936098,1.2485493523122817,0.8887024832902258,0.8626890003904798,0.9834454906866392,0.9700856384206396,1.5124382737340405,1.5069701090735852,1.5379422632641906,1.5592173173543606,0.132286995515695,0.0829596412556053,0.0493273542600896,0.1252336448598131,0.0841121495327102,0.0411214953271028,0.1498637602179836,0.1117166212534059,0.0381471389645776,0.1704119850187266,0.1104868913857678,0.0599250936329588,3.5806451612903225,4.254901960784314,2.78125,4.48,72.8,71.4,70.2,73.5,,,,,,,,,,,,,,,,,,,,,
401405126,2022-10-29 16:00:00,2022,regular,9,False,Penn State,Big Ten,1838.0,830.44,Ohio State,Big Ten,983.14,2233.0,31.0,44.0,-13.0,15.5,0.1908336770574508,0.0867187399937373,0.3633277726254171,0.0551718873462818,0.1106620892784721,0.057553206921225,0.2110132147392775,0.0368230509266157,0.2800268873355873,0.1721417356629219,0.4601135787886796,0.1647734407518357,0.4215095498777067,0.3875079244355755,0.5252788977292174,0.3284894045289826,0.4606345535520947,0.4441952328994415,0.5681834553041712,0.3963831292861257,0.3167462628469426,0.30349196037622,0.3235910538133481,0.2597594258498684,2.944203816994577,2.899633156378835,3.4218967480071165,2.757513002064732,1.0260283387028974,1.094014798976379,1.2062195941493614,0.9522771116375962,1.442654824429275,1.250900868338532,1.3514863840433198,1.0744796536726946,1.2972105418729405,1.22066210645966,1.2715512008058665,1.2459203256109332,0.990730625776642,0.9080308156379344,0.9317016145679368,0.9286737135911948,1.595975589008345,1.5471661322678574,1.6550725029451543,1.5994405932563482,0.125,0.0729166666666666,0.0520833333333333,0.1092077087794432,0.0620985010706638,0.0471092077087794,0.2141453831041257,0.106090373280943,0.1080550098231827,0.2133995037220843,0.1488833746898263,0.064516129032258,4.510204081632653,5.701754385964913,3.3783783783783785,3.9642857142857144,69.5,74.7,68.7,74.7,,,,,,,,,,,,,,,,,,,,,
401403933,2022-11-05 19:30:00,2022,regular,10,False,Georgia,SEC,2155.0,989.76,Tennessee,SEC,764.8,1970.0,27.0,13.0,14.0,-10.0,0.3164973456414252,0.0497177991364485,0.3129799993841814,0.1429125279023846,0.2387453081535804,0.0394089630592873,0.1711389640311995,0.0427222767929982,0.3447669249712721,0.1336679932569814,0.4260929098602961,0.2538112002710745,0.5391157335592142,0.341806706134286,0.5300627591223693,0.4005143534135634,0.5672850550502979,0.4043303064641907,0.5749395548698369,0.4495577889036575,0.3625365218990266,0.280321307754169,0.3200403634143955,0.3140267384288773,3.3036043529347316,2.84226709732079,3.19971535613106,2.826307165252755,1.25912004075973,0.951891114193954,1.0840805624840515,0.9599885004690212,1.4197119672723195,1.009944409610249,1.140806790994811,1.0169647033720204,1.2040678608550053,1.2372049771874118,1.2067517570889843,1.2482582126101966,0.942319905326108,0.8980140020833991,0.8909686685585341,0.9126658260445446,1.47654581959855,1.5909627959364252,1.583614997134945,1.548682911959238,0.1135458167330677,0.0717131474103585,0.0418326693227091,0.087378640776699,0.0640776699029126,0.0233009708737864,0.1551312649164677,0.0930787589498806,0.0620525059665871,0.1590909090909091,0.1041666666666666,0.0549242424242424,5.257142857142857,4.966101694915254,3.2,2.588235294117647,69.1,73.8,68.3,73.0,,,,,,,,,,,,,,,,,,,,,
401403934,2022-11-05 23:00:00,2022,regular,10,False,LSU,SEC,1695.0,872.61,Alabama,SEC,1016.79,2185.0,32.0,31.0,1.0,13.5,0.2566558056752201,0.1304749210686468,0.24552774558638,0.0147021724090505,0.1906924842136215,0.0904184164164534,0.145452182885039,0.0369705578853121,0.2974678429169325,0.2264755769854445,0.3282551533113922,0.1089751364536507,0.4878348076211313,0.3806378294137101,0.4693598899769589,0.344572459175704,0.5372381547634641,0.4321977014250733,0.4934683280975731,0.4222201051279396,0.3183125094995227,0.3092699557757823,0.3582249695243753,0.2540415042417168,3.298059856364444,2.834878493935764,2.865209150058816,2.8157860268228743,1.1821300656009452,0.8947508740824915,1.2327853589499669,0.9697775454438124,1.165486321452001,1.1808819332714189,1.8209596796159224,0.8191050392391446,1.221628942617218,1.2658519805643562,1.307742688143438,1.1955732217475374,0.9408945404949904,0.9199224980445262,1.0007917522418457,0.9014347917571072,1.5118242467226628,1.6531268771082337,1.606897998426338,1.508247879009755,0.1196078431372549,0.0941176470588235,0.0254901960784313,0.1462093862815884,0.1064981949458483,0.03971119133574,0.16,0.1088888888888888,0.0511111111111111,0.1837837837837838,0.1081081081081081,0.0756756756756756,4.73469387755102,4.852941176470588,3.048780487804878,3.1794871794871793,71.5,71.1,68.3,74.3,,,,,,,,,,,,,,,,,,,,,
401404104,2022-11-05 19:00:00,2022,regular,10,False,Oklahoma,Big 12,1636.0,870.34,Baylor,Big 12,666.05,1789.0,35.0,38.0,-3.0,-3.0,0.2095381021030947,0.1763094773405857,0.1926350711465203,0.1407547039805563,0.1601742964745515,0.1382245526377931,0.1395447926545797,0.0967447415458588,0.2714819995305004,0.2739832704733318,0.2963985906203901,0.2210162657934415,0.4477764757143083,0.4246991890373217,0.4528027917477734,0.4154651544479667,0.5045797141446023,0.482317362531779,0.4830494325770467,0.4500411402170403,0.3017338775570351,0.3032389464792899,0.3473165783317991,0.3316484707824511,3.1948785989236934,3.1571913620985534,3.200467732939589,3.005153402964566,1.174177342673858,1.1415248019419144,1.157664702182507,1.0056933126606349,1.3137179903944716,1.2313050977482625,1.2662504790978462,1.0665561749098738,1.227963254956542,1.2500735672826029,1.2519764597828007,1.2250023831558527,0.9635363082749812,0.966673571154274,0.9709977444888334,0.9166271848629614,1.545180005329201,1.552176115049442,1.57857519881862,1.548466306938758,0.131578947368421,0.0871710526315789,0.0444078947368421,0.1131178707224334,0.0807984790874524,0.0323193916349809,0.1731391585760517,0.1116504854368932,0.0614886731391585,0.1867219917012448,0.1058091286307053,0.0809128630705394,4.206896551724138,4.448979591836735,4.232142857142857,4.088888888888889,70.9,73.8,68.4,72.4,,,,,,,,,,,,,,,,,,,,,
401404107,2022-11-05 23:00:00,2022,regular,10,False,Kansas State,Big 12,1841.0,584.68,Texas,Big 12,887.45,1883.0,27.0,34.0,-7.0,3.0,0.2365708094433803,0.0941502453387776,0.2581568259185378,0.1049669890169058,0.1654290312268421,0.0830910515545664,0.1790405094882466,0.021887361886766,0.2986224120157142,0.2118342960445258,0.320051939764171,0.2331052660674242,0.4226240172992524,0.3776152060676839,0.4805828978496957,0.3747600896804448,0.4567112428975633,0.4520850656712712,0.5346979244931052,0.4288351219419894,0.3200204813323203,0.2619920188346732,0.3057911555857312,0.2964066527830541,3.1942217009063327,3.0914562399679646,3.1881180509760236,2.8620824361705037,1.157201259349844,0.9662362021791114,1.1533258265131094,0.8623258667673992,1.6453715680264802,1.0451110586626553,1.3906862410852083,1.0504340699040484,1.2874629815588332,1.2360069689895683,1.2485475169233342,1.2413762182415715,1.022103397654322,0.8940177233358432,0.9608536873695672,0.939223191372836,1.575755012206075,1.6189264674274122,1.5491861537681333,1.5184445322435578,0.1108695652173913,0.0739130434782608,0.0369565217391304,0.1121495327102803,0.0785046728971962,0.0336448598130841,0.1704312114989733,0.0985626283367556,0.0718685831622176,0.1639344262295081,0.1032786885245901,0.060655737704918,4.488372093023256,4.17741935483871,3.5348837209302326,3.12,69.4,72.0,70.0,68.8,,,,,,,,,,,,,,,,,,,,,
401405129,2022-11-05 16:00:00,2022,regular,10,False,Northwestern,Big Ten,1300.0,653.48,Ohio State,Big Ten,983.14,2227.0,7.0,21.0,-14.0,37.5,0.1026219068351135,0.170517898369531,0.3660810108808958,0.0624668433243715,0.0199148120709616,0.1075539004510134,0.1982926168389737,0.0435680677826129,0.2453825922632006,0.2729374156265539,0.4810901592048632,0.1587724511755045,0.4033438064408572,0.4475629694847897,0.5253307600612459,0.3469850167539683,0.4690036213392659,0.4910491508168598,0.5708165976399145,0.4143038335805778,0.2796440105340498,0.3231152407780525,0.3201311474227882,0.259741658558696,2.795073852565902,3.178490497719874,3.3393776093120344,2.804696885607844,0.9008413218187218,1.173044163137343,1.2052954304592427,0.9335892705988444,0.9466691819123468,1.1780226069542936,1.3555119442285846,1.028500122138249,1.1713743885424912,1.1687387174539146,1.286409476956741,1.2405567758566576,0.8651830706212772,0.8789554650160665,0.9361527394313436,0.924390603538793,1.4823111018550743,1.532651943610512,1.6669080780483525,1.5829347603292772,0.1929824561403508,0.0916179337231968,0.1013645224171539,0.1157495256166983,0.0702087286527514,0.0455407969639468,0.1377118644067796,0.0847457627118644,0.0529661016949152,0.2111801242236025,0.1387163561076604,0.072463768115942,3.242424242424242,5.402985074626866,4.045454545454546,4.090909090909091,72.9,70.5,67.9,74.8,,,,,,,,,,,,,,,,,,,,,
401403943,2022-11-12 20:30:00,2022,regular,11,False,Ole Miss,SEC,1694.0,757.39,Alabama,SEC,1016.79,2172.0,24.0,30.0,-6.0,11.0,0.2590655824626411,0.1765091929177419,0.2502397915838708,0.011980192729128,0.2004554987739459,0.1086829844024894,0.1609527909297232,0.0424122254404783,0.3091173915239225,0.2672503111457413,0.3155931615228879,0.1071593334446527,0.4890135091124532,0.4446780878458488,0.4641594039520457,0.3495548913022259,0.5217872964102827,0.5004219005339575,0.4922446611831093,0.4251972323478366,0.3421147914329827,0.298888028888871,0.3500572775044103,0.2632159130768521,3.03473889787833,3.2080836793079417,2.884440442734385,2.833508290915359,1.2267311117874766,1.1022756595828094,1.2438261323380086,0.9836178036183516,1.4564705120285877,1.1604894291975387,1.8281405949647176,0.8746240937321921,1.2820280608559784,1.194017135086166,1.314394911605277,1.1964218816532008,1.0224000485987494,0.8798770629101647,1.013563149496572,0.9060709971593472,1.6327324315576508,1.5570254909923245,1.601182442628589,1.5066607299851114,0.1622073578595317,0.1103678929765886,0.0518394648829431,0.1448818897637795,0.0992125984251968,0.0456692913385826,0.1695501730103806,0.1055363321799307,0.0640138408304498,0.1854838709677419,0.114516129032258,0.0709677419354838,4.138461538461539,4.675675675675675,3.736842105263158,3.441860465116279,71.7,72.6,69.3,74.2,,,,,,,,,,,,,,,,,,,,,
401403944,2022-11-13 00:00:00,2022,regular,11,False,Mississippi State,SEC,1688.0,725.55,Georgia,SEC,989.76,2168.0,19.0,45.0,-26.0,16.5,0.1984057829896675,0.0751146851309499,0.3093876411968119,0.0168038415395967,0.1165170387326368,0.1309097137864524,0.2138616761095666,0.0320262625652101,0.257361348878531,0.1382730845232678,0.3589060631299761,0.1026441353649553,0.4645130582354949,0.3789345634412447,0.5328382638373421,0.3327864137629563,0.5144850568089948,0.4445355545212255,0.5558278736540663,0.4039918162955463,0.3061970866388826,0.2866983112701569,0.3645122029049793,0.2712627897569977,3.0305076811863585,3.041885856087637,3.255914757707812,2.79748470010308,1.081787089792785,1.0968627314429595,1.243800526386626,0.9329761425295826,1.117443495214019,1.288513986907001,1.3861094448258615,0.9649383571727352,1.1900436462948862,1.2559528669278663,1.2095173695837431,1.2289483607381146,0.9090111543139472,0.9570193882392776,0.9446886658649762,0.9070552416229076,1.3949714332292276,1.5991092374488929,1.491369967435273,1.5566924642404143,0.1692307692307692,0.0846153846153846,0.0846153846153846,0.1205673758865248,0.0780141843971631,0.0425531914893617,0.1719532554257095,0.1035058430717863,0.0684474123539232,0.1599190283400809,0.0991902834008097,0.0607287449392712,4.2063492063492065,5.12987012987013,3.631578947368421,3.125,69.9,70.7,68.8,73.7,,,,,,,,,,,,,,,,,,,,,
401404112,2022-11-12 17:00:00,2022,regular,11,False,West Virginia,Big 12,1374.0,662.57,Oklahoma,Big 12,870.34,1640.0,23.0,20.0,3.0,8.5,0.2033382838886659,0.2354587706810506,0.2157255472432093,0.1852341254252589,0.1278620528202317,0.1070508495264567,0.1578053610828096,0.1570552373616619,0.2735357385258605,0.3650916863325178,0.2906601080068346,0.2774667443557826,0.4546566764814225,0.4498825455785831,0.4530976293347643,0.4260273204634789,0.4878321130947374,0.4869417298473161,0.5061508271322664,0.4870270798174165,0.3319114615978675,0.3431685986747029,0.3072995547042979,0.3002945637897127,3.110598540057234,3.028153570625274,3.155386585443984,3.165504940987304,1.0386307617181136,1.038182743543987,1.1842921094993968,1.157651653977103,1.2231812475388415,1.2414517071279507,1.3231831110886203,1.2502717469822393,1.2128082787212362,1.2874277040919158,1.2390383081877232,1.256791469716957,0.920640698588257,0.944933134833138,0.9694522699900572,0.9825931688697992,1.5085135995230272,1.6280467067080426,1.5633018598990147,1.552585764717246,0.1620209059233449,0.0836236933797909,0.078397212543554,0.1372239747634069,0.0867507886435331,0.0504731861198738,0.1319702602230483,0.0910780669144981,0.0408921933085501,0.1832298136645962,0.1211180124223602,0.062111801242236,3.9791666666666665,4.140625,4.528301886792453,4.296875,73.2,70.5,71.1,72.9,,,,,,,,,,,,,,,,,,,,,
401404113,2022-11-13 00:30:00,2022,regular,11,False,Texas,Big 12,1893.0,887.45,TCU,Big 12,712.05,1677.0,10.0,17.0,-7.0,-7.5,0.2702223515781728,0.1052365274537431,0.2592634474693324,0.1559303577215743,0.1789642427593579,0.0231097633738266,0.1772647560479397,0.1285770932051514,0.3322099238868506,0.2369268421278526,0.3265071055308091,0.241674411013666,0.4903408067773461,0.3799331530065991,0.4364301840526154,0.3933376959608707,0.5334737262060991,0.433715214156892,0.4902585604376362,0.4593292697648451,0.322112510626369,0.301713991462237,0.3062594977989744,0.2881465446621077,3.2066640098351855,2.8906316884211978,3.1588360097389017,3.0410062248029037,1.1784569856062304,0.895169225255989,1.2387535449030744,1.0484658797129809,1.515305149116181,1.0202385682580764,1.698455613649866,1.2206288777420444,1.2379212580019567,1.2486857253751795,1.3420579445614638,1.2959451751362998,0.9579047383726296,0.9325866854142943,1.001099342215359,0.9506950129623932,1.5343102610672728,1.5444831688558234,1.7559043786310549,1.6783965912942378,0.1089108910891089,0.0775577557755775,0.0313531353135313,0.1384335154826958,0.0965391621129326,0.0418943533697632,0.1644640234948605,0.1042584434654919,0.0602055800293685,0.1694915254237288,0.0932203389830508,0.0762711864406779,4.3088235294117645,4.508771929824562,3.267857142857143,4.681818181818182,70.0,69.4,69.6,70.6,,,,,,,,,,,,,,,,,,,,,
401405139,2022-11-12 17:00:00,2022,regular,11,False,Ohio State,Big Ten,2184.0,983.14,Indiana,Big Ten,680.74,1312.0,56.0,14.0,42.0,-40.5,0.3606398476488468,0.0489320592496839,0.1262971207992945,0.1470270935121702,0.2079565617261622,0.0396290502613185,0.0746479427617261,0.0352585941999089,0.4528275718593492,0.149501001137466,0.1972859761291512,0.3343271551242717,0.512161202231442,0.3446727484946352,0.3992516423727117,0.4356117262198357,0.5582482054059331,0.4212089027047228,0.4739076243963687,0.4840093134976483,0.3154725806406708,0.2485987656893692,0.2649415987663994,0.3211897584853958,3.364040282915722,2.7533042353035886,2.837162048341729,2.892509003272159,1.2074988307622905,0.9496758950656612,0.9722457979074334,0.9240544162213604,1.4197943081291586,1.0084190074466115,1.1265276856283852,1.1121554237468003,1.294121302775767,1.2407684946592188,1.22256558773529,1.1861645464904964,0.9622972769275452,0.9361621112675652,0.9342103918862008,0.8782505892092871,1.6578176551142398,1.586052524936722,1.456330139031197,1.520017624440687,0.1156462585034013,0.0663265306122449,0.0493197278911564,0.2144026186579378,0.1309328968903437,0.0834697217675941,0.1949910554561717,0.1288014311270125,0.0661896243291592,0.1421800947867298,0.0932069510268562,0.0489731437598736,5.394366197183099,3.5384615384615383,3.944444444444444,3.896551724137931,67.8,74.6,72.7,70.5,,,,,,,,,,,,,,,,,,,,,
401403949,2022-11-19 20:30:00,2022,regular,12,False,Kentucky,SEC,1583.0,737.33,Georgia,SEC,989.76,2184.0,6.0,16.0,-10.0,22.5,0.1443240781266999,0.1093709338728223,0.3182214984299208,-0.0005216711750399,0.0922692411901851,0.0832025441792375,0.1966640026016477,0.0343897286623711,0.2454549047623686,0.2050059570665741,0.3899430338967236,0.0723685960787647,0.3976488141466051,0.3562748915760488,0.5286086366087813,0.3243250197507211,0.4576263264332953,0.422713492667792,0.5494116205278256,0.396127433320992,0.2898874900012339,0.2765761265701623,0.3706434286725799,0.2664614318393153,3.0845898079753127,2.91189961117419,3.189326454637934,2.8165180275288857,1.089567094523202,0.9495218092589596,1.1955803103246685,0.9273162614413304,1.195919821570928,1.241923712920952,1.433880342829757,0.9367751103664872,1.2599302263829495,1.270378255298747,1.2222113677883808,1.2250611319773712,0.8942187652533515,0.97361691459848,0.9546454817701868,0.9071670173309,1.70415436329462,1.5849795660838673,1.5041486715426706,1.543718280328605,0.1941923774954627,0.132486388384755,0.0617059891107078,0.1230283911671924,0.0788643533123028,0.0441640378548895,0.1464737793851717,0.0867992766726944,0.0596745027124773,0.1586452762923351,0.0962566844919786,0.0623885918003565,3.1176470588235294,5.071428571428571,3.306122448979592,3.066666666666667,72.2,70.1,69.0,73.2,,,,,,,,,,,,,,,,,,,,,
401404116,2022-11-19 20:30:00,2022,regular,12,False,Kansas,Big 12,1429.0,574.29,Texas,Big 12,887.45,1862.0,14.0,55.0,-41.0,9.0,0.287691455653295,0.2095598559572956,0.2458828897503713,0.0855200986985624,0.1578989992989978,0.1543842028887067,0.1566983102915703,0.0277067529827374,0.4249150924963438,0.3187635293742138,0.3070339398351914,0.2087868802633433,0.4524407147350133,0.4560603398639475,0.4743070829752951,0.379544370987007,0.4906275591648794,0.5027409120980251,0.5246644510038322,0.4342207716792183,0.3322683606772542,0.3364660200965569,0.3082032397116462,0.2988258300245356,3.2838410996694307,3.19391814778381,3.119876041966833,2.917884578926617,1.1649048812077705,1.0444870102168138,1.1613555188315123,0.912522952576556,1.6359703339374685,0.994220934473986,1.4807723210525383,1.1028877128971315,1.3155878238090444,1.2014072530421454,1.2330191194870648,1.23486231038739,0.9748513379898258,0.9127127857046782,0.95241057165256,0.918425363294968,1.6898927253441312,1.5286405902539977,1.5284466134842312,1.5451911944427996,0.1542553191489361,0.0992907801418439,0.0549645390070922,0.1199400299850075,0.0794602698650674,0.04047976011994,0.1225352112676056,0.0661971830985915,0.056338028169014,0.169761273209549,0.1140583554376657,0.0557029177718832,4.28169014084507,4.169014084507042,3.8472222222222223,2.90625,69.1,66.2,70.7,68.9,,,,,,,,,,,,,,,,,,,,,
401404118,2022-11-20 00:30:00,2022,regular,12,False,Oklahoma,Big 12,1635.0,870.34,Oklahoma State,Big 12,670.53,1589.0,28.0,13.0,15.0,-7.0,0.2063670255238804,0.1772712866742756,0.1519660029043086,0.1967521273107311,0.1608189403848275,0.1466173112895449,0.0757283172983087,0.0999935137394566,0.2660671366610618,0.2748450314092954,0.2551632522396784,0.3375441480201032,0.4538378618643591,0.4271091372418453,0.4205864422433029,0.4020229218720925,0.5116597283759311,0.4864297198941009,0.4646066490950721,0.4520490211005132,0.2982587364131554,0.3056460201944675,0.3116300901348756,0.3205634957927326,3.19496785914709,3.1221491492303275,2.8900789176355435,2.9371414206576665,1.19279881910844,1.1532425844607288,0.9576669676597068,1.114911547587398,1.3812491767199768,1.2379391864231026,0.9369453632852014,1.3291815647102438,1.2286829624211075,1.249188875816574,1.2188916027834715,1.3113052190074697,0.965981728368181,0.9746147491635998,0.9036543690072666,0.9595819751189169,1.5529397779394645,1.5574371082260323,1.5386728873484492,1.6560599108719365,0.141025641025641,0.0897435897435897,0.0512820512820512,0.1835260115606936,0.0953757225433526,0.088150289017341,0.1851851851851851,0.1262002743484225,0.0589849108367626,0.1680790960451977,0.1073446327683615,0.0607344632768361,3.971830985915493,4.233333333333333,4.211267605633803,3.838709677419355,71.5,72.7,70.9,71.2,,,,,,,,,,,,,,,,,,,,,
401405144,2022-11-19 20:30:00,2022,regular,12,False,Maryland,Big Ten,1561.0,680.22,Ohio State,Big Ten,983.14,2201.0,30.0,43.0,-13.0,26.0,0.2238298700675291,0.099895564076498,0.3712272677830619,0.0450763541402127,0.1538952803429868,0.1074974671432823,0.2038320255788112,0.0495512569072068,0.2813899873737144,0.1676274279939024,0.484251165928387,0.1277623246891173,0.4307621986998409,0.4024299560834221,0.5132965505466409,0.3431078551847496,0.5076785002266834,0.4685264655680954,0.5542391716763593,0.4116029761370519,0.2667207610599886,0.2871168964254133,0.3270160642128618,0.2541873152102588,3.106609545009423,3.063751808638244,3.370356775300779,2.811511049416216,1.024244292936485,1.0493240724031565,1.230936053335906,0.9656268328296808,1.396529182483795,1.1744248562560744,1.5397068048758686,1.0333378591493918,1.255793660246645,1.186750051502542,1.30723355631755,1.2407363693860598,0.9653625681102902,0.9294632566925256,0.9674210154963764,0.9362394179394252,1.5499476649632042,1.4778164022479674,1.671919259665729,1.5960799259029477,0.15,0.1044117647058823,0.0455882352941176,0.1195158850226928,0.0680786686838124,0.0514372163388804,0.1399730820995962,0.0861372812920592,0.053835800807537,0.2022471910112359,0.1332263242375602,0.0690208667736757,4.403225806451613,5.358974358974359,3.0277777777777777,3.9,71.5,70.4,68.3,74.6,,,,,,,,,,,,,,,,,,,,,
401403957,2022-11-26 20:30:00,2022,regular,13,False,Alabama,SEC,2151.0,1016.79,Auburn,SEC,783.87,1596.0,49.0,27.0,22.0,-22.0,0.2414835230184034,0.0080998412475254,0.1698789464513355,0.1122785484232031,0.1420964448968923,0.0384569774211611,0.1162783587700456,0.143342181183798,0.3164266196376422,0.1049930500295358,0.2404483957853181,0.1418906897262836,0.461291917302513,0.3568778596892134,0.3951440302076417,0.3869178239940771,0.4881194196950762,0.4343096715097679,0.4484712672141581,0.4570950770006326,0.3503644130957636,0.262761519637905,0.2906429857758789,0.295934995716863,2.9018285149558607,2.841472375225699,2.9125198603725604,3.075588321212951,1.2444637364062043,0.9648800084830248,1.17421284643004,1.110359446102742,1.758328268522352,0.837409950732904,1.4980976288696148,1.3525929434544697,1.2973332189622493,1.175672231673221,1.3136086671303258,1.2172736513110076,0.9824134190088748,0.8924654824599789,1.0106098633536778,0.9400117848113412,1.596779243444844,1.5015908150156303,1.666521318518216,1.5689326580103136,0.1450924608819345,0.1009957325746799,0.0440967283072546,0.1945701357466063,0.138763197586727,0.0558069381598793,0.1871428571428571,0.1128571428571428,0.0742857142857142,0.1581137309292649,0.102635228848821,0.0554785020804438,4.7,3.4363636363636365,3.510204081632653,4.293103448275862,69.1,73.7,70.3,69.8,,,,,,,,,,,,,,,,,,,,,
401403959,2022-11-26 17:00:00,2022,regular,13,False,Georgia,SEC,2159.0,989.76,Georgia Tech,SEC,715.48,1245.0,37.0,14.0,23.0,-36.5,0.3091899039885568,-0.0067886003451746,0.0598578855764724,0.1221701352980264,0.1959165745292778,0.0210036149582567,0.1072996157083042,0.1150512843997429,0.3783586790092887,0.0763269602704257,0.1125618801781893,0.2037699369110593,0.5331207377347584,0.3268644336306691,0.3631960151718169,0.4084253804303331,0.5515736066168888,0.392976245359846,0.4220335964454071,0.4715429018591791,0.3730704008477532,0.272955976434779,0.2853346773115424,0.2974881258646661,3.2327775823714138,2.828308317859076,3.0203409268935832,3.2248162020066364,1.2146180356662626,0.9277946867963792,1.1851529261326008,1.1233153343748816,1.4340975870509023,0.9164709445421212,1.1973541155352545,1.1319958579848015,1.2049122416471658,1.2225359793413368,1.2459741379262363,1.2106981980605382,0.948018935637482,0.902355255539838,0.9848629841354428,0.9266923574621602,1.490119520838696,1.5465399512676936,1.4973872691770056,1.5650109679760555,0.1130185979971387,0.0715307582260372,0.0414878397711015,0.2141823444283647,0.1389290882778582,0.0752532561505065,0.1588330632090761,0.0972447325769854,0.0615883306320907,0.168289290681502,0.1126564673157162,0.0556328233657858,4.966292134831461,2.9782608695652173,2.9591836734693877,3.1690140845070425,68.9,73.8,72.9,70.2,,,,,,,,,,,,,,,,,,,,,
401404119,2022-11-25 17:00:00,2022,regular,13,False,Texas,Big 12,1927.0,887.45,Baylor,Big 12,666.05,1713.0,38.0,27.0,11.0,-10.0,0.2608398978537029,0.0916574731492637,0.1977426800440369,0.1580202907554775,0.1888063623127611,0.0214618775733406,0.1640052410220945,0.1021759938562495,0.3000634440842502,0.2274422548880143,0.286717369741998,0.254437871735048,0.4748040124834934,0.379245333025251,0.4649245905304992,0.4338180865350154,0.5237282368634002,0.4264971519693845,0.5045086574962435,0.4693460357293706,0.3139375141430803,0.3097343197254282,0.3304500505439332,0.3435458229498976,3.1975433349354505,2.9256534639330063,3.245632204781204,3.01040440056079,1.1943179329431344,0.899748129485387,1.1976848486719962,1.0214940152095686,1.5977513574816613,1.052171506219955,1.2530004767886498,0.99109276361098,1.2415635118637862,1.2483148542099871,1.2344314650097608,1.221832882383232,0.9766635977672762,0.920775776673203,0.9716122817342387,0.919614549739784,1.5277554161502471,1.5672851644307302,1.5455947361423257,1.5411626251314836,0.1155913978494623,0.075268817204301,0.0403225806451612,0.125,0.0874277456647398,0.0375722543352601,0.167076167076167,0.1117936117936117,0.0552825552825552,0.1702786377708978,0.0913312693498452,0.0789473684210526,4.3544303797468356,4.220588235294118,2.9411764705882355,4.015625,70.0,69.3,69.4,72.4,,,,,,,,,,,,,,,,,,,,,
401404122,2022-11-27 00:30:00,2022,regular,13,False,Texas Tech,Big 12,1589.0,660.31,Oklahoma,Big 12,870.34,1662.0,51.0,48.0,3.0,1.5,0.173200285184825,0.0940907526078815,0.188262698274853,0.1581385883873838,0.202515018758935,0.1022161855722439,0.1569991281794926,0.1483157172521314,0.1543333484685589,0.1757678286834075,0.2393139927005743,0.2332110803171234,0.4125502919960773,0.3784601464266058,0.4478532739847507,0.4198977755009145,0.458451676088735,0.4290868473951544,0.5101706884469294,0.4787668156292257,0.3068800166375603,0.3115527800696989,0.288908484935262,0.3055518111657585,3.1887688332233455,2.954437223303586,3.200237179190042,3.1404551385607617,1.1491909506348723,1.0718675733851897,1.1918118899477916,1.1583403492671231,1.1544544489483328,1.364736402836515,1.3939471036218432,1.2499315479011248,1.278022617565925,1.2669257170543402,1.217459675428096,1.2463884984854203,0.9991412936178632,0.9802651519258134,0.957475056098992,0.9681832214527832,1.5627840421673034,1.5982001304411233,1.5378847270424978,1.55402891011771,0.1944444444444444,0.1195652173913043,0.0748792270531401,0.1417525773195876,0.086340206185567,0.0554123711340206,0.1582466567607726,0.1047548291233283,0.0534918276374442,0.1917973462002412,0.1266586248492159,0.0651387213510253,3.5753424657534247,3.9743589743589745,3.533333333333333,3.949367088607595,68.9,69.2,71.8,73.2,,,,,,,,,,,,,,,,,,,,,
401405153,2022-11-26 17:00:00,2022,regular,13,False,Ohio State,Big Ten,2177.0,983.14,Michigan,Big Ten,847.24,2075.0,23.0,45.0,-22.0,-9.0,0.3676535896674257,0.0608057511406932,0.2674310079297057,0.0421682542372647,0.2039371862740376,0.0457738425506276,0.2288064550018405,0.0389745558745053,0.4746717395793831,0.1567307760377868,0.2922642002566608,0.1261676694821229,0.5133621578146168,0.3473911644585871,0.5145503227989743,0.3527671512062567,0.5565116006606547,0.4056540398414348,0.5568841258263404,0.4215580618312769,0.327831436242286,0.2705325240325874,0.331369648647439,0.2602317759250473,3.360139257070038,2.792071588084581,3.256332414629863,2.721389233236363,1.219358577490046,0.9569376417070306,1.1846717287707726,0.913569966602747,1.4951289049244134,1.038020853449883,1.410305856210461,1.095990876708664,1.3050954424243404,1.2573710596348744,1.1811912595645415,1.228865645399747,0.9641495731994328,0.9420919509069632,0.956396215239364,0.9256478623543084,1.6716185164326802,1.6088900413981593,1.4936009599220204,1.543962095377399,0.1185286103542234,0.0681198910081744,0.050408719346049,0.117797695262484,0.0793854033290653,0.0384122919334186,0.1982633863965267,0.1331403762662807,0.065123010130246,0.1715610510046367,0.106646058732612,0.0649149922720247,5.352941176470588,4.4361702127659575,4.066666666666666,3.6578947368421058,68.5,74.2,66.7,75.2,,,,,,,,,,,,,,,,,,,,,
401437036,2022-12-03 21:00:00,2022,regular,14,True,Georgia,SEC,2132.0,989.76,LSU,SEC,872.61,1729.0,50.0,30.0,20.0,-17.5,0.310079345395812,0.0058246534195189,0.2589473932311421,0.100684408190798,0.1908743914407743,0.0168837727427096,0.2051395692368882,0.0864284679393934,0.3809613002117112,0.0985582255370573,0.275848300569978,0.1933708896737942,0.5279111914250438,0.3359353534579847,0.5039139758345812,0.3735108802682408,0.5458164378829579,0.3996867633617156,0.5425387927184041,0.4287635219979024,0.3727182124983395,0.2744498766671333,0.3336299516073392,0.3028878120514664,3.204275576553386,2.7798703705575143,3.4408031476366285,2.8470062078499025,1.201215587418296,0.9185551530756456,1.2078784056968122,0.9193098473106568,1.4802525126293986,0.8823263675418246,1.3054627430765349,1.028173990418859,1.2111482581551472,1.2280763092103495,1.1882747840824524,1.2491643308177822,0.9494569146992088,0.9045685197386693,0.9260512469728184,0.925972123443147,1.5070386047497988,1.5533802838352715,1.4831231016414286,1.6349697632457256,0.1105263157894736,0.0697368421052631,0.0407894736842105,0.1335044929396662,0.1001283697047496,0.0333761232349165,0.1659324522760646,0.105726872246696,0.0602055800293685,0.1576763485477178,0.1009681881051175,0.0567081604426002,4.816326530612245,4.652777777777778,3.0576923076923075,3.2,68.2,73.9,71.9,71.5,,,,,,,,,,,,,,,,,,,,,
401551765,2023-12-29 02:15:00,2023,postseason,1,True,Oklahoma,Big 12,1974.0,884.97,Arizona,Big 12,687.01,1778.0,24.0,38.0,-14.0,2.5,0.2908059131410975,0.0744711604592949,0.2967119175588969,0.1583970007712913,0.1299095865694549,0.0453210941405089,0.1563557678791571,0.1277458051456479,0.4602347096004894,0.1715360520824191,0.4217892151398841,0.2332978202833352,0.4985769731662456,0.3699351972798793,0.4969680754670257,0.4167389073758141,0.5362350700695595,0.4359238677957366,0.521685179699827,0.473154929606929,0.342086706741653,0.2857178744201633,0.3623278244383023,0.3120706498583662,3.0131313237281936,2.708947194862696,3.0938353185253904,3.117254856610683,1.0935836899861802,1.0675453801065162,1.1455661408030815,1.064328010557143,1.1017086069216853,1.191006716433808,1.42491874191025,1.0950001521410728,1.2690060673100458,1.30441358345856,1.2763122074399071,1.2367862348962664,0.9448305741196594,0.9686274292582284,0.94825099320191,0.9398222325153194,1.6096996361536455,1.6375206999656124,1.58440042266747,1.5623101627278282,0.1335656213704994,0.08130081300813,0.0522648083623693,0.1587516960651289,0.0963364993215739,0.0624151967435549,0.182567726737338,0.1118963486454652,0.0706713780918728,0.1724137931034483,0.1091954022988505,0.0632183908045977,4.559139784946237,4.525,3.364864864864865,3.5846153846153848,70.8,72.1,70.5,71.9,,,,,,,,,,,,,,,,,,,,,
401551768,2023-12-30 01:00:00,2023,postseason,1,True,Ohio State,Big Ten,2108.0,974.79,Missouri,Big Ten,755.4,1823.0,3.0,14.0,-11.0,-4.0,0.2916272492366533,0.0296168125624035,0.2605579541724062,0.115896408367602,0.1295612707692782,0.0511116652245674,0.1422327381392568,0.0604427357666088,0.4582278218986382,0.0856477013226014,0.3924717578802458,0.2389563233146131,0.4818270490711696,0.3508749758331759,0.4549836967520366,0.3631051586687064,0.5200025507716194,0.4106066770695087,0.4903990792468413,0.4287474979262122,0.3292197185352162,0.2805473910456446,0.3374694067371655,0.2870265699404087,3.220003414331386,2.947789594233938,3.01126447725355,2.9704847150788565,1.0229894926585956,0.9292624880516248,1.1050100444478392,1.1760464213917436,1.223462142061618,1.0298568541664324,1.32454411592544,1.2852710099899374,1.2431434880398538,1.195393218970358,1.2864458942499952,1.27676440039445,0.9007643546323556,0.945398223362691,0.9682179664209382,0.953680004110842,1.605837157452555,1.4753113375277689,1.6153252925175918,1.603039981708016,0.1485148514851485,0.0777934936350777,0.0707213578500707,0.1442307692307692,0.0947802197802197,0.0494505494505494,0.1697841726618705,0.0964028776978417,0.0733812949640287,0.2045454545454545,0.1335227272727272,0.0710227272727272,4.10958904109589,4.458333333333333,2.7142857142857144,3.9655172413793105,71.2,74.2,71.4,73.6,,,,,,,,,,,,,,,,,,,,,
401551773,2023-12-30 21:00:00,2023,postseason,1,True,Florida State,ACC,1951.0,765.33,Georgia,ACC,977.87,2111.0,3.0,63.0,-60.0,23.5,0.2148119213510516,0.0632479738967345,0.3234591720397288,0.0933139783107017,0.0923401852910437,0.0856760101370823,0.1991139749932347,0.1051906035877328,0.3467963881327134,0.0958538318676909,0.4299015564506243,0.1421850119811508,0.4274168295733216,0.3520893804490461,0.5150694599916323,0.3838633831583474,0.4685826970840936,0.4094008160985223,0.5381971390343179,0.4540165253362955,0.3194918608481727,0.2864520590815202,0.3688019785271952,0.2762586326123183,2.7821856593629133,2.82014676526081,3.2020224396701233,2.9630259952488904,1.0760376020502649,1.0145434528286326,1.160147110624804,1.0702133992096778,1.5761772880231828,1.5918246991650276,1.2770587150668016,1.0631487961699646,1.3295795336560856,1.2436905485709493,1.2364173264226497,1.2299837242855385,1.001317359821881,0.9631647485777616,0.9751168931491764,0.9625335449909772,1.6307752063603087,1.5680371003898652,1.502241302682758,1.5350499218364315,0.1580310880829015,0.0958549222797927,0.0621761658031088,0.1322620519159456,0.0815822002472188,0.0506798516687268,0.2227912932138284,0.1229193341869398,0.0998719590268886,0.1689560439560439,0.0961538461538461,0.0728021978021978,4.378378378378378,4.979591836734694,3.3833333333333333,3.5714285714285716,70.8,74.1,70.9,73.7,,,,,,,,,,,,,,,,,,,,,
401551786,2024-01-01 22:00:00,2023,postseason,1,True,Michigan,Big Ten,2174.0,850.43,Alabama,Big Ten,1015.43,2039.0,27.0,20.0,7.0,-2.0,0.2839069335683011,0.0562328451629181,0.2685997436608072,0.0994193489440778,0.1638537747398059,0.0142770175364711,0.1816948481988515,0.1152926338154224,0.4309903569040946,0.1617197258954367,0.3745008386991589,0.1507272500702843,0.4989063223177383,0.3611161582919547,0.4562210139356374,0.3458653957272454,0.5361772730455076,0.4154246714076479,0.4975191661796534,0.4081702586189306,0.3390448414878784,0.2833463741211847,0.3250833698091522,0.2784237874169961,3.1737384653394263,2.748325837779225,3.2494402021364155,3.013439772207881,1.0128609441639504,0.9236555682356572,1.1598214529934965,0.955732593982612,1.1563683201941226,0.9606749899294124,1.1950501874079251,1.1556562203842058,1.2180609585229971,1.2313654969737475,1.3023704099769433,1.2783002701814803,0.9337177030860486,0.9301392242017508,0.9657910633094547,1.0061023637418254,1.554010731882449,1.5616627420249591,1.703745763018055,1.5539120933908108,0.1086142322097378,0.066167290886392,0.0424469413233458,0.1569920844327176,0.1187335092348284,0.0382585751978891,0.2127955493741307,0.1237830319888734,0.0890125173852573,0.1913499344692005,0.1258191349934469,0.0655307994757536,4.742268041237113,4.44,2.653061224489796,3.9166666666666665,67.4,75.6,69.4,74.4,,,,,,,,,,,,,,,,,,,,,
401551788,2024-01-02 01:45:00,2023,postseason,1,True,Washington,Pac-12,1883.0,751.12,Texas,Pac-12,913.24,2050.0,37.0,31.0,6.0,3.0,0.3139483604888232,0.150396554263197,0.2419487939771294,0.0821923261998637,0.1621006759428629,0.1972891961303593,0.1486838917218833,0.0081964920760153,0.453973025569514,0.1562563188053702,0.3367359857084449,0.2107782539373245,0.5187075508348111,0.4238196054583996,0.464568186062718,0.352274192418321,0.5499712541994373,0.4838205212313961,0.4999791495478479,0.407699152931423,0.3530442410874108,0.3033587706606954,0.3320326779375218,0.290796725430174,3.1616169542080073,3.41830327629208,3.1557420681359747,2.6416176093505253,1.092208728071179,1.1377432275139938,1.139002239664447,0.872141679258072,1.2549535179154507,0.9725195556740696,1.4531551515888643,0.9738239641117408,1.2546499443187134,1.2042215246135073,1.2676995881656907,1.276891154871336,0.941548134016354,0.9454903607867984,0.982198964901902,0.9129093547829016,1.5408266193968654,1.4899561504949226,1.550415267426441,1.5989193964027322,0.1254480286738351,0.074074074074074,0.051373954599761,0.135706340378198,0.0812013348164627,0.0545050055617352,0.1519125683060109,0.073224043715847,0.0786885245901639,0.1861898890258939,0.1097410604192355,0.0764488286066584,4.626168224299065,3.92156862745098,4.011904761904762,3.532258064516129,69.5,75.2,69.1,73.6,,,,,,,,,,,,,,,,,,,,,
401520280,2023-09-30 19:30:00,2023,regular,5,False,Auburn,SEC,1607.0,770.94,Georgia,SEC,977.87,2055.0,20.0,27.0,-7.0,14.5,0.1555075153709479,0.103021846074071,0.2063574935854039,0.1227943009324416,0.1422000557167817,0.1009215499414125,0.1370189741698245,0.0903661676239092,0.2050817343506908,0.1691183266711437,0.3035471173772612,0.1915604070706328,0.4430702396818896,0.3839574420949386,0.4764010247830021,0.3914339599120472,0.5018055139222434,0.4529464476886959,0.508370606520692,0.4614679746081874,0.2951033586093063,0.2903342458803239,0.3295650030165922,0.2816807516723408,3.0648319204224905,2.9976480741667277,3.08650941063301,2.941470734540669,1.1335599172604138,1.0737440136672378,1.079504695006838,1.06865721067329,1.2445111813786829,1.4566004858693151,1.0370217623002642,1.0979014293652016,1.2381014881564083,1.251468079652201,1.224986982525305,1.258792695583444,0.9512143737232512,0.9613649160743664,0.9387641357157958,0.9605729849960384,1.59342449438785,1.568069673282088,1.5221840023137383,1.5464888475738328,0.2192513368983957,0.160427807486631,0.0588235294117647,0.1116279069767441,0.0651162790697674,0.0465116279069767,0.1451612903225806,0.1021505376344086,0.043010752688172,0.205,0.1,0.105,3.6666666666666665,5.0606060606060606,2.6521739130434785,3.1538461538461537,67.4,70.3,70.3,74.6,,,,,,,,,,,,,,,,,,,,,
401520285,2023-10-01 01:00:00,2023,regular,5,False,Mississippi State,SEC,1551.0,746.29,Alabama,SEC,1015.43,1959.0,17.0,40.0,-23.0,14.0,0.1499779357859392,0.2055544343975777,0.1857547089685895,0.1277778276617436,0.0947484339545145,0.0805584849936019,0.1489745714997327,0.0884948998502247,0.2511906297425095,0.3903688227903166,0.263001678057524,0.2217614325836424,0.3792927880599023,0.4505789124928936,0.4351863596101919,0.3546709418072273,0.4504115524206691,0.4857456788901141,0.4773063124600887,0.4146150820990673,0.2911890632775654,0.3314281264645269,0.3152430936133672,0.2905679979464547,2.977849538450596,2.85468241636679,3.210071208936825,2.863446695344077,1.019049208361503,1.0178512131292037,1.1609244940039407,0.927718715064124,1.1611756550995869,1.1250093162513195,1.2342848974130205,1.019585792252058,1.2918337952183796,1.2661498344401705,1.2684580183360237,1.2910168505096429,0.943301683887751,0.9438563006914346,0.964416892914708,0.9986282623881548,1.6411776382357222,1.5817410114354535,1.6193069210600508,1.5825506121897066,0.2228571428571428,0.1485714285714285,0.0742857142857142,0.1647058823529411,0.1294117647058823,0.0352941176470588,0.1690140845070422,0.1032863849765258,0.0657276995305164,0.1941391941391941,0.1355311355311355,0.0586080586080586,3.588235294117647,4.791666666666667,5.5625,3.4,69.6,74.7,70.6,75.7,,,,,,,,,,,,,,,,,,,,,
401525852,2023-09-30 23:00:00,2023,regular,5,False,Oklahoma,Big 12,1901.0,884.97,Iowa State,Big 12,638.87,1537.0,50.0,20.0,30.0,-20.0,0.2709609455090271,0.0824466894357207,0.1330406079117569,0.1461513845153637,0.1026739617625632,0.0295014323630994,0.0096755679332636,0.0969931035583865,0.4554661605299813,0.2151683275572527,0.30941455872636,0.2430846754722987,0.4841308105279576,0.3768314252307062,0.3995326713220237,0.3822358328226481,0.518734208853881,0.4467738187947558,0.4535852523710608,0.4379048007302376,0.3303283717519357,0.2817737311473275,0.2961069294660924,0.2959569886728946,2.960291534624162,2.570104661142309,2.4987351550278665,2.8203403366102022,1.036444285187648,0.9696722205511592,0.8928066079288018,0.9852975254280792,1.029247370411812,1.0365170389697125,0.9798675924532524,1.272205170062184,1.2914458085197646,1.2582756278585336,1.2742653488478886,1.2857532705417791,0.9633691761252856,0.9365076667515752,0.9274029300106515,0.979519448327057,1.604907903567456,1.5774876586906017,1.5956528988265164,1.5954863483893091,0.1138211382113821,0.0772357723577235,0.0365853658536585,0.155440414507772,0.077720207253886,0.077720207253886,0.1897233201581027,0.1264822134387351,0.0632411067193675,0.1302083333333333,0.0572916666666666,0.0729166666666666,4.742857142857143,3.1153846153846154,2.3333333333333335,2.782608695652174,72.0,73.7,65.5,68.7,,,,,,,,,,,,,,,,,,,,,
401525854,2023-09-30 19:30:00,2023,regular,5,False,Texas,Big 12,1888.0,913.24,Kansas,Big 12,632.68,1480.0,40.0,14.0,26.0,-17.0,0.1956978930909433,0.101674485159735,0.2542007627225312,0.1698499086618413,0.1104168332516372,0.0423483232044297,0.1530132444932655,0.1281116800597557,0.306428556945137,0.2130097352379689,0.3886287416899784,0.2539424214563442,0.4260766735506658,0.3573957482024035,0.4969384210383138,0.4229873440763205,0.4709486987886133,0.4193769953150336,0.5424460869871466,0.4685456718042838,0.3108828629262655,0.2873634516875208,0.3181211382357753,0.3113330690518888,3.004338648370797,2.7686890036686105,3.291719437216235,2.963406672339166,1.0445906570900698,0.9059575759645,1.2359431891121395,1.0245895788087482,1.2556232916872458,1.084315250546111,1.2698553590533348,1.3491610562582297,1.2941383385528058,1.2855938296370786,1.2450989207975012,1.289083813036666,0.9745446951208978,0.9364575172512508,0.9576428048693326,1.0394800196855658,1.6194768089203484,1.6202954737625517,1.5631048808301728,1.530972555744461,0.1163793103448275,0.0732758620689655,0.043103448275862,0.091254752851711,0.0646387832699619,0.026615969581749,0.1428571428571428,0.0938775510204081,0.0489795918367346,0.2274678111587982,0.1330472103004291,0.0944206008583691,4.117647058823529,4.178571428571429,2.875,4.761904761904762,69.2,72.8,69.8,70.6,,,,,,,,,,,,,,,,,,,,,
401520300,2023-10-07 23:00:00,2023,regular,6,False,Georgia,SEC,2037.0,977.87,Kentucky,SEC,740.54,1711.0,51.0,13.0,38.0,-14.5,0.2194509880835742,0.1151063714344799,0.2272164516065645,0.1133074494467226,0.1153852590425297,0.0950890293466359,0.1694521995370543,0.0814462372872057,0.3462833556308255,0.187901771253367,0.2982466983128706,0.1971317548540705,0.4712073893716747,0.3816876601159846,0.4153095902944328,0.3976267289339641,0.5011157138738449,0.4487834975458816,0.4616174878883669,0.4487413207982104,0.3308035622398444,0.2897077653081283,0.3101429450680298,0.2985665332777624,3.021829921237829,2.9213533307511015,2.9323215054578635,2.9260574225564513,1.0697984315943567,1.0876544779533297,1.1866237318427824,0.9463403882354564,0.9827998090356334,1.1749764427527971,2.059310349079261,0.9821536808176276,1.2438695076803803,1.2596819514077415,1.3488480215498129,1.2554427634852443,0.93781064576928,0.9822471246934744,1.06442231111027,0.9486312292404226,1.5542366527929126,1.539646529634939,1.6345169022174408,1.5530221065543997,0.1402877697841726,0.0863309352517985,0.0539568345323741,0.1728971962616822,0.0981308411214953,0.0747663551401869,0.1969696969696969,0.0984848484848484,0.0984848484848484,0.1902985074626865,0.1156716417910447,0.0746268656716417,4.9743589743589745,5.0,3.05,3.259259259259259,70.8,73.8,71.3,69.2,,,,,,,,,,,,,,,,,,,,,
401520307,2023-10-07 16:00:00,2023,regular,6,False,Ohio State,Big Ten,2022.0,974.79,Maryland,Big Ten,685.75,1724.0,37.0,17.0,20.0,-17.0,0.222162880222626,0.0955895396525895,0.23144078497805,0.1457855349363005,0.1265009693421636,0.0660607278511739,0.14935099821914,0.1071670339321344,0.3417362536852293,0.2206999719316245,0.3225893199568775,0.2646832870318077,0.449303453650729,0.3989909880358581,0.4332353776156568,0.4403679663080749,0.4829389556745214,0.4339095981919962,0.4828698385312138,0.4930587378467472,0.3189654459999189,0.316917301439569,0.3095302391103788,0.2926206736035937,3.135574009567853,2.8895097967863275,2.9789588134803537,3.052457371945725,1.0493493287881115,0.954301549436497,1.0883062294821906,1.081399496248541,1.3346798048453854,1.0356580660184365,1.3964377773528915,1.112851760263564,1.2947345954205032,1.234037706040511,1.322811181574847,1.2534977684094917,0.9909682871728804,0.9601053173529572,1.0358449029028822,0.946323440234851,1.5889147913565536,1.520309473915502,1.57990287131385,1.5740200380317488,0.1494845360824742,0.0618556701030927,0.0876288659793814,0.1388888888888889,0.0793650793650793,0.0595238095238095,0.1875,0.0989583333333333,0.0885416666666666,0.1788321167883211,0.1131386861313868,0.0656934306569343,3.7142857142857144,4.342105263157895,2.7333333333333334,2.6956521739130435,72.4,76.8,66.8,75.9,,,,,,,,,,,,,,,,,,,,,
401520310,2023-10-07 19:30:00,2023,regular,6,False,Texas A&M,SEC,1733.0,925.92,Alabama,SEC,1015.43,1975.0,20.0,26.0,-6.0,2.5,0.2246585719319165,0.0968535432521205,0.1947868373161261,0.114000660537455,0.1111930516118374,0.0571226124823306,0.1468835310081406,0.0993931949161641,0.3322175976210317,0.2301901813774808,0.2780168301178278,0.1913094960843561,0.4601619124072099,0.3391840767609731,0.4398865674069953,0.3533089507151926,0.4886767862085212,0.4347289154137005,0.4799284421318118,0.4097329930477964,0.3325608054628999,0.2660929685120345,0.314845413362754,0.2949684234749131,3.160991233386145,2.686322987171434,3.225276210170658,2.9324102617129544,1.091868205339516,0.9977751453660434,1.173532415494111,1.001202056945263,1.4975694252079823,1.0971393255737458,1.2873462990326563,1.030628923013937,1.2772257774743832,1.3037727760743685,1.275022800045803,1.2962833477739597,0.9400371357201632,0.9606047119729032,0.9723011260653592,1.014987173921119,1.6123248832221042,1.667094632611823,1.6351292717525436,1.5779297302060464,0.1399416909620991,0.0874635568513119,0.0524781341107871,0.1639871382636656,0.135048231511254,0.0289389067524115,0.2857142857142857,0.2,0.0857142857142857,0.1970149253731343,0.1343283582089552,0.0626865671641791,4.170212765957447,4.7,2.962962962962963,3.5416666666666665,67.3,74.9,69.0,75.6,,,,,,,,,,,,,,,,,,,,,
401525861,2023-10-07 16:00:00,2023,regular,6,True,Texas,Big 12,1910.0,913.24,Oklahoma,Big 12,884.97,1939.0,30.0,34.0,-4.0,-4.0,0.2265136299322274,0.0919742978680691,0.2790415944101044,0.0660422296780847,0.1289709442707635,0.0503629262391843,0.0970727351632396,0.0479224676951438,0.3343068366391486,0.2057866479589074,0.4702487396327406,0.1816089931650665,0.4406388890806457,0.3367605705320097,0.4933317483960803,0.3685276157215753,0.481879359876735,0.4089333698116809,0.5258578362155902,0.4449799709904702,0.3165456605927699,0.2842051557349757,0.3260550189407598,0.279557645152118,3.017224832785989,2.6790731534775354,2.938733783201222,2.626168481948964,1.0992239215445418,0.9131495708785746,1.0300149042219495,1.034478795397908,1.3896849910481917,1.0619932203237012,0.9630659823021064,1.1215747550299735,1.309026948169112,1.305726770470221,1.2918993500094476,1.281736865012726,0.9961120308224314,0.9632945177584444,0.9542663396311394,0.9594918529831588,1.6283195834620936,1.6332074464337087,1.6163043710262952,1.6067252821789144,0.1132075471698113,0.0723270440251572,0.040880503144654,0.1238670694864048,0.0694864048338368,0.0543806646525679,0.1443298969072164,0.0996563573883161,0.0446735395189003,0.1875,0.128125,0.059375,4.046511627906977,4.761904761904762,2.76,2.2962962962962963,69.9,73.3,71.9,73.4,,,,,,,,,,,,,,,,,,,,,
401520316,2023-10-14 16:00:00,2023,regular,7,False,Alabama,SEC,1969.0,1015.43,Arkansas,SEC,730.93,1604.0,24.0,21.0,3.0,-19.5,0.1999823851960537,0.0987512950951034,0.1532912709298977,0.1084815998307156,0.1333104276565515,0.0893806323886998,0.1037111805624946,0.0711084076188286,0.3071683704979558,0.1847676549614789,0.2657037901654482,0.2392680718597284,0.4365928846032235,0.3455267566692591,0.4169950364273597,0.4033226127436868,0.4761167432328654,0.4026772455017969,0.4637542172776518,0.4561497709731677,0.3154602672201641,0.2947567286568354,0.3090613311532365,0.2995010101757345,3.164762153874581,2.960116354749096,3.0692523032314405,2.9536211606358913,1.1566905665736007,0.965246134725244,1.0029687491014665,1.0614964967042753,1.2631301125008056,0.954340311666231,1.0926444473739452,1.298866546817978,1.2875462480584805,1.2864908649208595,1.258443486223534,1.267157672410612,0.9684402004569944,0.9871597059557488,0.9202203025129356,0.9404303396723558,1.6424933847697765,1.5921117274583816,1.642366157533416,1.625807620512768,0.1783783783783784,0.1459459459459459,0.0324324324324324,0.2222222222222222,0.1591591591591591,0.063063063063063,0.1954314720812182,0.1345177664974619,0.0609137055837563,0.1973684210526315,0.131578947368421,0.0657894736842105,4.388888888888889,4.217391304347826,3.5,3.25,69.3,73.2,71.2,69.2,,,,,,,,,,,,,,,,,,,,,
401520323,2023-10-14 16:00:00,2023,regular,7,False,Purdue,Big Ten,1515.0,671.1,Ohio State,Big Ten,974.79,2040.0,7.0,41.0,-34.0,17.5,0.1552864270531299,0.1753527124024998,0.2316786678317848,0.0771591563269758,0.0903023488735998,0.1132512510886142,0.117413737860021,0.0689673256704211,0.2659518308193573,0.2747789356282244,0.3664714663783324,0.1793088637275844,0.4421885594304449,0.3931667553990622,0.4395104723447307,0.3947460282955336,0.4814248279582556,0.4441021848336772,0.47676493879368,0.426574771976249,0.3133305782825269,0.3096810018205512,0.3184182998553558,0.3195562644358976,3.0444821591462428,2.863695543764947,3.08806957373933,2.9614898511540404,1.121500219673191,1.0689797837981,0.9994955823618992,0.9578653541148392,1.019609869723583,1.4966011573656708,1.253386365603797,1.0094387390314348,1.232119255028297,1.3263111686951872,1.295173520026201,1.2204734849623282,0.939305549990352,1.021299222403652,0.9793318407010236,0.9583318299199242,1.5391953838880887,1.6332051938942684,1.5974981173005456,1.5011908067972115,0.1935483870967742,0.1244239631336405,0.0691244239631336,0.1574803149606299,0.0669291338582677,0.0905511811023622,0.1658536585365853,0.1073170731707317,0.0585365853658536,0.1842105263157894,0.093984962406015,0.0902255639097744,3.102564102564102,3.8846153846153846,4.102564102564102,2.9,70.5,69.8,71.2,75.6,,,,,,,,,,,,,,,,,,,,,
401520327,2023-10-14 16:00:00,2023,regular,7,False,Vanderbilt,SEC,1259.0,639.88,Georgia,SEC,977.87,2103.0,20.0,37.0,-17.0,32.5,0.127651378735881,0.2240305475360932,0.2581003811377529,0.0970633612323274,0.0749055166003822,0.1238680497540548,0.1289783248410454,0.0802751504446901,0.2275637518400942,0.3668656854904512,0.3889256578487143,0.1751270544124447,0.4008912252970446,0.4341556210695952,0.4919623035158322,0.3797749773778691,0.4522089225997964,0.4626544418953606,0.5205629730524459,0.4538789265324888,0.3014503906186096,0.3303933169931185,0.3332912043448684,0.2832169581302646,2.991968203483837,3.05527026052362,3.085482344605191,2.911734355982372,0.9671926442719652,1.0915926537334537,1.116173628722945,1.0798232943189687,1.084310657984671,1.3930393351090795,1.00718810523636,1.0967657479967214,1.30147034979405,1.2893356543292562,1.240624602953602,1.2462633083716328,0.960109223088944,0.9667801824669496,0.938618841117016,0.9632377015611424,1.6116888470715538,1.6111032866830444,1.5391040718551,1.5381008517787542,0.2264150943396226,0.1185983827493261,0.1078167115902965,0.1339031339031339,0.0826210826210826,0.0512820512820512,0.1497584541062802,0.0942028985507246,0.0555555555555555,0.1942675159235669,0.0955414012738853,0.0987261146496815,4.708333333333333,4.938775510204081,3.7777777777777777,3.260869565217391,68.6,66.0,70.9,73.4,,,,,,,,,,,,,,,,,,,,,
401520333,2023-10-21 19:30:00,2023,regular,8,False,Alabama,SEC,1966.0,1015.43,Tennessee,SEC,821.07,1902.0,34.0,20.0,14.0,-8.5,0.2088849638868645,0.105565732343143,0.1839717194564906,0.1032742992247754,0.1383280931756365,0.0897976388414749,0.1577422711090517,0.078604318970958,0.3099230178520217,0.1907742991002759,0.2493331154364611,0.2026090880607098,0.4278980164511953,0.3391534563205798,0.4436530989052077,0.3607316025646389,0.4720861113007792,0.3877487768205593,0.5011914286433071,0.4132453896456269,0.3157527710497657,0.2943158399499387,0.302216476981154,0.2988518195396709,3.1691580949062903,2.973178398188267,3.124322551340132,2.6838186981619003,1.1462571408227271,0.9786212838067724,1.201785089037983,0.9988220921841726,1.2601424063339497,1.0087137002433728,1.4494438694415008,1.2468055113352567,1.3053623609862215,1.2983225774187952,1.2487052279555444,1.281028230534872,0.966947543838374,0.9891500345628802,0.985969187383974,0.9891947592441818,1.6983685702108695,1.604789753563726,1.537395341194495,1.566689201151962,0.1728110599078341,0.1382488479262673,0.0345622119815668,0.1364902506963788,0.0724233983286908,0.064066852367688,0.1872246696035242,0.13215859030837,0.0550660792951541,0.1769911504424778,0.1179941002949852,0.0589970501474926,4.375,3.95,3.676470588235294,2.6923076923076925,70.3,74.0,67.3,73.8,,,,,,,,,,,,,,,,,,,,,
401520343,2023-10-21 16:00:00,2023,regular,8,False,Ohio State,Big Ten,2073.0,974.79,Penn State,Big Ten,858.06,2010.0,20.0,12.0,8.0,-4.0,0.2511316560344498,0.0631561471412709,0.2163074984455273,0.0306039997516091,0.1144558556398992,0.0702281554943687,0.1540976344735782,0.10143882184962,0.4035836192251928,0.1479258203046193,0.2994786256947395,0.0852529030520706,0.4616705459355764,0.3846402845276238,0.4748488327484991,0.3333177150558668,0.4990997659532109,0.4236028199220114,0.5207229978097809,0.4047588843770329,0.3240222661894596,0.3138003578896544,0.3118656819931637,0.2699014413221128,3.133824288253511,2.9284479501103653,3.2159689769497786,2.8721449609568737,1.0388243389713354,0.9841202581428872,1.0305287070665907,1.0259451941123274,1.1964038889781707,1.0369977965451844,1.0254553926819694,1.121541202769481,1.2775354802669154,1.2093114276002634,1.180060859850485,1.2648230235719606,0.934655812439331,0.955395645803264,0.9138827822394968,0.966465357178558,1.6367672411876246,1.473981584416613,1.5049034838665547,1.598347617409366,0.1614906832298136,0.077639751552795,0.0838509316770186,0.0959821428571428,0.0669642857142857,0.0290178571428571,0.1875,0.1011904761904761,0.0863095238095238,0.2448979591836734,0.1778425655976676,0.0670553935860058,4.121212121212121,4.853658536585366,2.6,3.0,70.8,75.0,66.2,72.7,,,,,,,,,,,,,,,,,,,,,
401525869,2023-10-21 20:00:00,2023,regular,8,False,Houston,Big 12,1543.0,670.25,Texas,Big 12,913.24,1910.0,24.0,31.0,-7.0,23.0,0.1563112285833889,0.22571430313508,0.2330854710447869,0.0867083846141499,0.0997967674227184,0.1503964874727645,0.140239188998014,0.071398438429778,0.2719925543449455,0.3425084825248504,0.3280587666183739,0.1888787639285011,0.4324990673753452,0.4189254612359695,0.4469390413395889,0.3475836975456554,0.4869284125304896,0.4528412378329898,0.4862223726417623,0.4154766593102876,0.3008701204999848,0.3376691043746902,0.3217651634110298,0.2864589837310168,3.064546297151999,3.0254379784907335,3.0244975913148813,2.767740462497066,1.0941104040761434,1.0742553370618202,1.1123557710122494,0.9715988666197696,1.1817340272510282,1.173879109294975,1.4252135557400152,1.1350276719340715,1.2715949818808736,1.3090781120738912,1.3126880583096128,1.277545013226298,0.9611730657354224,0.9911388511609324,0.996931500778562,0.9531464698386548,1.5561851465814114,1.6443626996445115,1.6222185183466904,1.6081650111040091,0.1040189125295508,0.0756501182033096,0.0283687943262411,0.1313131313131313,0.0858585858585858,0.0454545454545454,0.1311475409836065,0.072599531615925,0.0585480093676815,0.1420911528150134,0.0911528150134048,0.0509383378016085,3.358974358974359,3.94,4.53125,2.8181818181818183,69.5,75.9,70.6,73.2,,,,,,,,,,,,,,,,,,,,,
401525871,2023-10-21 16:00:00,2023,regular,8,False,Oklahoma,Big 12,1939.0,884.97,UCF,Big 12,653.97,1540.0,31.0,29.0,2.0,-17.0,0.2831802130489856,0.0791680448767668,0.2104464410721581,0.1908259957700879,0.1157072730142447,0.0610639595194315,0.1543580837005602,0.1620068727293119,0.4631801867736224,0.1826302458605302,0.3562913671657156,0.2622434125880861,0.5113498638966336,0.384979698920665,0.4521830564051506,0.4394486675855473,0.5448497100334746,0.4526803798916732,0.4913283403020484,0.4711482472945755,0.3299467133777282,0.2867474766113669,0.3285990371957538,0.3337273428109851,3.0080590206261784,2.7051519093564016,3.242941219237806,3.258514718330596,1.0607266284483612,1.0631544487454765,1.239188364416932,1.1739529765448726,1.0382515105037469,1.1835968056601298,1.7513734421922365,1.5987537326902932,1.2689765862469915,1.2811476092400795,1.3179178331456898,1.26760933509258,0.9466154334457746,0.9644286772316631,0.9981813243166652,0.9917881991399752,1.5927092966890355,1.592228801986937,1.6890651024178789,1.5776882942398855,0.1259079903147699,0.0677966101694915,0.0581113801452784,0.1198738170347003,0.0757097791798107,0.0441640378548895,0.1909547738693467,0.1306532663316583,0.0603015075376884,0.088235294117647,0.0470588235294117,0.0411764705882352,4.48,3.243243243243243,2.5,4.176470588235294,72.1,73.5,72.6,71.8,,,,,,,,,,,,,,,,,,,,,
401520352,2023-10-28 19:30:00,2023,regular,9,True,Florida,SEC,1595.0,845.29,Georgia,SEC,977.87,2070.0,20.0,43.0,-23.0,14.0,0.2141017126993614,0.1900499438503079,0.264206634818506,0.1014224554016048,0.1123923456782736,0.1207818452423091,0.1588584119466211,0.0606314370721037,0.3219660818335286,0.2790452803977624,0.3627714943697495,0.1992836784694083,0.4313141461056483,0.3763170200746168,0.4888581734680588,0.3796770421967091,0.4902199586595313,0.4324060975667455,0.521153785261495,0.4478892241055456,0.2992152851019314,0.2955637207224771,0.3434920993618219,0.280394014964022,2.9784989490525757,3.047689809743092,3.1207395254942347,2.8370546750000267,1.1346790412746135,1.1255668502623175,1.1191704086942733,1.0425521413569212,1.2864796938275078,1.375437273207559,1.2080049120743075,1.065048280836863,1.2680553860529882,1.339623177315308,1.233924113222124,1.2470468976727656,0.959818733691733,1.004836200269268,0.9603631614851628,0.9492596929957228,1.5557711641448315,1.653601891130936,1.5028821678661222,1.5433747328880931,0.1641414141414141,0.1262626262626262,0.0378787878787878,0.1355140186915887,0.0841121495327102,0.0514018691588785,0.1617647058823529,0.1088235294117647,0.0529411764705882,0.1932773109243697,0.0952380952380952,0.0980392156862745,4.228571428571429,4.894736842105263,3.896551724137931,3.423076923076923,74.2,71.9,71.1,73.1,,,,,,,,,,,,,,,,,,,,,
401520360,2023-10-28 23:30:00,2023,regular,9,False,Wisconsin,Big Ten,1678.0,741.63,Ohio State,Big Ten,974.79,2081.0,10.0,24.0,-14.0,14.5,0.164015956737809,0.1057071216446827,0.243957924048641,0.0417680647216534,0.1479772167290912,0.1012817827828071,0.0920342489665023,0.053355145628658,0.2174837485113157,0.199129564611615,0.4017606535164183,0.1245785738483929,0.4525037490207324,0.3877861131807297,0.4581613764112771,0.3698063196514586,0.4966056038888262,0.4508198957558802,0.4963245329131759,0.4085234138851328,0.3154066294271411,0.2842786835222676,0.3214776675738233,0.3129434848598617,3.3197957088888423,3.064424461344694,3.0279900587664232,2.8759835296689396,1.0729777879111413,1.095018860528008,0.9763138089117211,0.9681524312701032,1.2238290818259911,1.1690509727968623,1.0983726015349549,1.0391498160350514,1.1799564853912707,1.2574558900603705,1.2564673373564186,1.1987286715755343,0.9265356905308229,0.9804420976109663,0.9059621833548492,0.9476808798438564,1.4905901874278855,1.536983294558788,1.6124858684972998,1.47293022304872,0.1473477406679764,0.0766208251473477,0.0707269155206286,0.1683417085427135,0.0879396984924623,0.0804020100502512,0.1729957805907173,0.0991561181434599,0.0738396624472573,0.1856435643564356,0.099009900990099,0.0866336633663366,4.191489361702128,3.9,3.2045454545454546,2.689655172413793,70.2,71.7,70.7,74.9,,,,,,,,,,,,,,,,,,,,,
401525874,2023-10-28 16:00:00,2023,regular,9,False,Kansas,Big 12,1546.0,632.68,Oklahoma,Big 12,884.97,1934.0,38.0,33.0,5.0,7.0,0.2922075864866527,0.2210645317232085,0.2614945154473646,0.082779076929254,0.1907662981361739,0.1712247527248483,0.1070599597059886,0.0496093149231189,0.4023881147384609,0.2897035624413633,0.4284524682162161,0.19037802405765,0.5053742955862162,0.4480204503873212,0.5078333444630014,0.3734831574289948,0.5564402130544418,0.5065861535056567,0.5449403726128419,0.4352817298345697,0.317968086201597,0.3106291744770264,0.333961041336611,0.2874014266849592,3.3050036570934433,3.124405131441463,3.017887011112003,2.6053818779484725,1.2839410440764465,1.1312664432005162,1.0659044418875443,1.0332803003477669,1.41771222086892,1.4694690131679964,0.9714908106333948,1.1898968547675293,1.2594072393246405,1.26907018592318,1.2345073183648532,1.2916124824518689,0.9642397183373032,1.0198481625330025,0.9211279462852002,0.9650549270586016,1.6025293252338082,1.516813744962323,1.5610054133885998,1.6077546877299147,0.1203703703703703,0.0856481481481481,0.0347222222222222,0.1267605633802817,0.0704225352112676,0.056338028169014,0.1786492374727669,0.1067538126361655,0.0718954248366013,0.2025586353944563,0.1407249466950959,0.0618336886993603,4.2926829268292686,4.428571428571429,4.372093023255814,2.769230769230769,70.7,71.0,71.2,74.1,,,,,,,,,,,,,,,,,,,,,
401525877,2023-10-28 19:30:00,2023,regular,9,False,Texas,Big 12,1897.0,913.24,BYU,Big 12,576.25,1511.0,35.0,6.0,29.0,-20.5,0.2290218257618494,0.0870671036147318,0.0854905553436072,0.1615703745484462,0.1516194596890849,0.0515149698910168,0.0693358924703813,0.0968222968016179,0.3074040222164505,0.2059958583187244,0.1800266352472341,0.2808907291811251,0.451494283267133,0.3457574952566132,0.356463050717176,0.4159949454101279,0.4959377721611398,0.4070571854496219,0.4217818608831533,0.4628946413816168,0.3169636551938183,0.2895017862709467,0.2802419028247999,0.3199103432537133,3.0768922827537253,2.6774538560073124,2.9077914790873196,3.0950278035161256,1.1120436882837776,0.9343394304452696,0.988383791446698,1.1097316808976458,1.3573079082322872,1.093632632451682,1.1990108169975835,1.1388153995571089,1.284114046887054,1.2883902648954462,1.2989736149665656,1.25227379982515,0.990739392715306,0.94242900804328,0.9980344801546313,0.9436864713561394,1.572880727453419,1.6126262060951213,1.5826283711159577,1.555245918038242,0.1225806451612903,0.0795698924731182,0.043010752688172,0.1929347826086956,0.1114130434782608,0.0815217391304347,0.1556064073226544,0.1006864988558352,0.0549199084668192,0.1382488479262673,0.064516129032258,0.0737327188940092,4.0181818181818185,4.1,3.0,2.9696969696969697,70.2,73.1,69.0,73.6,,,,,,,,,,,,,,,,,,,,,
401520362,2023-11-04 23:45:00,2023,regular,10,False,Alabama,SEC,1989.0,1015.43,LSU,SEC,899.31,1952.0,42.0,28.0,14.0,-3.0,0.2074474774691263,0.1041808186750785,0.3681080974146021,0.2082383416293436,0.1438606652951813,0.0784344375180541,0.2259920835199597,0.1410624901003599,0.3085293689907323,0.2001578084343902,0.4488600460831473,0.2995460879242207,0.432478261807352,0.3431211508891871,0.5356421084983471,0.4362397587966038,0.4738180582449997,0.394884215045222,0.5547234131968328,0.4883039494200988,0.31854387041212,0.2888795803488711,0.3615162680035935,0.3120431688521224,3.2069013648090845,3.0477441958788347,3.348312074608644,3.081011845422545,1.1332271326703942,0.9826573941793704,1.2550287429953055,1.1565997728188495,1.208468504264697,0.98376688505288,1.6051481284089495,1.2616904049553026,1.2978177431566331,1.2847933871504291,1.3008317541102905,1.2929067003705823,0.9601933709321548,0.9768181223490954,0.964972692341412,0.9477374960954784,1.678528732211925,1.586555300786442,1.639520011196907,1.654588902600504,0.1670020120724346,0.1327967806841046,0.0342052313883299,0.1168831168831168,0.0649350649350649,0.0519480519480519,0.1838649155722326,0.1294559099437148,0.0544090056285178,0.1673913043478261,0.0956521739130434,0.0717391304347826,4.239130434782608,4.947368421052632,3.717948717948718,4.4222222222222225,70.3,73.8,70.6,74.0,,,,,,,,,,,,,,,,,,,,,
401520364,2023-11-04 19:30:00,2023,regular,10,False,Georgia,SEC,2073.0,977.87,Missouri,SEC,755.4,1630.0,30.0,21.0,9.0,-14.5,0.2764668500321882,0.1101349364646816,0.2281901621435052,0.1444581711751413,0.1611243413022708,0.07842375389916,0.0922392942464454,0.1002177961873141,0.3848282688956028,0.1997489760885554,0.387446798606423,0.2528107605325831,0.4903111448119828,0.3807896971353839,0.4384821818242209,0.3696289514231071,0.5177252846047834,0.4466957133795666,0.481949630794403,0.4386246937138819,0.3508826973762357,0.2831553308788562,0.3227889741915168,0.2839668096909615,3.1096505443188183,2.846352616900362,2.909224404472604,2.9807706936096494,1.1268231556087522,1.0664461707915418,1.0723739228614309,1.1268957003189648,1.174960837505507,1.1156177616514285,1.1061680139614023,1.206655355535807,1.2442557389344666,1.2580030508069084,1.289166072122719,1.2764239531721504,0.9629366690887424,0.958430201326952,0.9508112333888936,0.9575004424210972,1.5150576817559809,1.5487429000764188,1.6076471935198922,1.58612797889936,0.131578947368421,0.0809716599190283,0.0506072874493927,0.1496746203904555,0.1041214750542299,0.0455531453362256,0.1947115384615384,0.1057692307692307,0.0889423076923077,0.1978021978021978,0.1186813186813186,0.0791208791208791,4.890625,4.395833333333333,3.6666666666666665,3.875,70.7,74.0,71.3,73.1,,,,,,,,,,,,,,,,,,,,,
401520375,2023-11-04 16:00:00,2023,regular,10,False,Rutgers,Big Ten,1465.0,636.35,Ohio State,Big Ten,974.79,2077.0,16.0,35.0,-19.0,19.0,0.1322223623733246,0.12122600024042,0.2447079585389541,0.0351273913995546,0.1353963465298257,0.1019642421213407,0.1002212094554084,0.0521747828046656,0.1803378867922302,0.2077885795900484,0.4134482267993579,0.1142677209701094,0.4052021188037584,0.4463416831405365,0.4686603692531615,0.3554113010135837,0.4433831365623011,0.5053714038367753,0.5029741461150056,0.3980760082009963,0.3151762387543924,0.304164147629729,0.3290270345207235,0.306548859661533,3.040036331177534,3.194324618991906,3.049903421429492,2.872937176085299,0.9853579385392556,1.0525211259351974,0.9934233726097004,0.9682183709090294,1.1513667518645272,0.938329955657696,1.1450519283394287,1.028895633902337,1.2336971556999912,1.13417571771488,1.2496182203641406,1.1977605031144976,0.9387982166585462,0.8692947279152973,0.9008345598465064,0.934706162222425,1.6273210689918067,1.4794248569650148,1.6178114873660936,1.4777872030805996,0.1051401869158878,0.0630841121495327,0.0420560747663551,0.1745689655172413,0.0969827586206896,0.0775862068965517,0.1755888650963597,0.0899357601713062,0.0856531049250535,0.1816239316239316,0.0982905982905982,0.0833333333333333,3.8461538461538463,3.6,3.0789473684210527,2.75,68.3,73.4,69.8,74.7,,,,,,,,,,,,,,,,,,,,,
401525883,2023-11-04 19:30:00,2023,regular,10,False,Oklahoma State,Big 12,1624.0,649.79,Oklahoma,Big 12,884.97,1911.0,27.0,24.0,3.0,5.0,0.2024279050846,0.168245546663387,0.2470753121159756,0.0837840635579011,0.1652769716414523,0.1066605507965695,0.1149545083018305,0.0621171464444196,0.2554976574813198,0.2916458705150708,0.4088172062450732,0.1858061231822022,0.4283537839390057,0.3775027479260807,0.5070462319935575,0.3637278518913846,0.4705738849934442,0.4397299479859301,0.5485175101819523,0.4317610127240552,0.3119948527430371,0.2969548776583672,0.3315826718332784,0.2824808435709532,3.0374236654352815,2.9436996875188943,3.0909983418018983,2.7062961942194277,1.136155543429005,1.0755793826947506,1.065803119116946,1.0431414191794297,1.799238394939758,1.2871184062063352,0.9175441162911662,1.1873238888289497,1.295163639338344,1.3439996849928937,1.2100529642033977,1.294739073919062,1.0241256729254458,1.0091766288193544,0.9055235373436774,0.9663718212273364,1.5457295225094083,1.6856705283399127,1.5518812523567584,1.618487588081393,0.1408163265306122,0.0795918367346938,0.0612244897959183,0.1243432574430823,0.0718038528896672,0.052539404553415,0.1541666666666666,0.10625,0.0479166666666666,0.1992619926199262,0.1291512915129151,0.070110701107011,4.076923076923077,4.421875,4.2439024390243905,3.021276595744681,69.6,74.1,70.2,73.4,,,,,,,,,,,,,,,,,,,,,
401525884,2023-11-04 16:00:00,2023,regular,10,False,Texas,Big 12,1930.0,913.24,Kansas State,Big 12,616.0,1971.0,33.0,30.0,3.0,-3.5,0.2214241968540704,0.0929288584990801,0.2268360242163153,0.1004369366419052,0.1484673229639584,0.061009102067465,0.1909637740021713,0.0724258037221783,0.298189536977493,0.2010366559069062,0.2726283000908903,0.2074511707087299,0.4483453591265761,0.3583666288491461,0.4714652601139486,0.3749931854433382,0.4864414964144748,0.4180691704943211,0.5141283851478388,0.4475853049916314,0.325379330560698,0.2860893775433085,0.3225281412195406,0.2813174234187579,3.0612863296742083,2.720766984494603,3.2045670752746656,2.863362901094691,1.103800745138134,0.9575746442888184,1.272140018181037,0.993760682078674,1.4037840571563418,1.0997873365811714,1.314694920403974,1.2646891580293738,1.288166412939914,1.2757931028643028,1.251358569915702,1.255760374397085,0.9915988037012382,0.9327634120110984,0.9858971355854808,0.9508049834583064,1.5780075412223442,1.6070945157513583,1.5519006052134838,1.54774590628964,0.139047619047619,0.0876190476190476,0.0514285714285714,0.1218074656188605,0.068762278978389,0.0530451866404715,0.1769383697813121,0.1133200795228628,0.0636182902584493,0.1688034188034188,0.1004273504273504,0.0683760683760683,4.016129032258064,4.946428571428571,2.9285714285714284,2.8684210526315788,69.2,73.6,68.7,74.6,,,,,,,,,,,,,,,,,,,,,
401520382,2023-11-12 00:00:00,2023,regular,11,False,Georgia,SEC,2060.0,977.87,Ole Miss,SEC,756.04,1714.0,52.0,17.0,35.0,-11.0,0.2829910849284152,0.1106677788797095,0.2641766975610402,0.1455100176705749,0.1618443693529893,0.0955962900987715,0.1734077067676624,0.1062264072308182,0.3890705310635899,0.187689809771439,0.3677653967248347,0.2482145671527601,0.49060425742428,0.3859375870779754,0.4523255121512212,0.4023455610084098,0.5101840597207727,0.4542142997889978,0.4924932376014632,0.4677492490679371,0.357287626314325,0.2849298992972524,0.3200231012140566,0.2953263593295476,3.094729187127692,2.932535602575476,3.0911090286003846,3.0835086124224147,1.120987840661237,1.1010944060696064,1.2233066777053356,1.1089837833550162,1.1660398827407337,1.123544332808916,1.2936111356470492,1.074991616518728,1.249942456328084,1.256185474657263,1.3152693401289537,1.2558641162382735,0.9705940761974682,0.9578366505048364,0.99764477845637,0.9467873049485628,1.5223901810004703,1.5607400655781067,1.667318993752556,1.6007136858608249,0.1359570661896243,0.0822898032200357,0.0536672629695885,0.1761467889908257,0.1174311926605504,0.0587155963302752,0.1899791231732776,0.1002087682672233,0.0897703549060542,0.1780104712041884,0.1134380453752181,0.0645724258289703,4.9,4.615384615384615,3.7142857142857144,3.5454545454545454,70.9,74.3,69.3,73.1,,,,,,,,,,,,,,,,,,,,,
401520386,2023-11-11 17:00:00,2023,regular,11,False,Kentucky,SEC,1645.0,740.54,Alabama,SEC,1015.43,2014.0,21.0,49.0,-28.0,10.5,0.2006875435306707,0.1338038200754621,0.2315770377813946,0.1022259228927155,0.1469392114656546,0.0880397215479002,0.1812826170612726,0.0973580325477778,0.2817612878156858,0.2297808733799164,0.3043966530998901,0.1829291219538896,0.4209583695144362,0.4238477500387264,0.4414190099633884,0.3423859537346303,0.4820272384263372,0.4812875065165395,0.4786264587478105,0.4078282558185235,0.2877004173402597,0.2992399986464791,0.3252151939100853,0.2856404247950866,3.0222124753264232,2.930922929629215,3.32524224260828,3.0931708458131806,1.211541810392167,0.973401784429759,1.1763725043081137,0.9890245002521554,1.676847966063836,0.9837795283213108,1.220063920657367,1.0426710458080086,1.2993717937107885,1.2082538247025765,1.2988256611550868,1.282029213618599,0.9922194575844164,0.9218138174587712,0.9892416882134022,0.9958102860484664,1.6092580857750152,1.5010469361817125,1.6549317306993094,1.570058836911128,0.1743119266055046,0.1032110091743119,0.0711009174311926,0.1572438162544169,0.1219081272084805,0.0353356890459364,0.1561338289962825,0.1059479553903345,0.0501858736059479,0.1796610169491525,0.1186440677966101,0.0610169491525423,4.543478260869565,4.388888888888889,3.740740740740741,3.772727272727273,70.8,69.6,69.9,74.0,,,,,,,,,,,,,,,,,,,,,
401520393,2023-11-12 00:30:00,2023,regular,11,False,Ohio State,Big Ten,2065.0,974.79,Michigan State,Big Ten,747.34,1388.0,38.0,3.0,35.0,-32.0,0.2567914191079704,0.0248843238248201,0.0547556918347942,0.1365212209984589,0.10895959069224,0.050252549828525,0.024549927761115,0.0777032331159129,0.4222491502936552,0.0966156103671171,0.2170149785644702,0.2884158504485471,0.4698903801105998,0.354777902194976,0.3784017883058707,0.4051562809125978,0.5013871929605358,0.401937477977881,0.4498993267852168,0.4636614060754152,0.3289259527639298,0.3062784001523804,0.2737087289413996,0.3009785234893547,3.0769221106863793,2.9318212495121836,2.8713770827857035,2.961235835760557,1.0012727922156768,0.9959075096571224,1.0235408120705418,0.990024096121701,1.1737220887795776,1.0553593540204007,1.0001239306932437,1.0696795755424957,1.2559646068272072,1.1993355981636395,1.2169864519459852,1.2257384880758495,0.8922750624463299,0.9350974522709552,0.8935338556546982,0.9034831489356464,1.632136741108042,1.489129574082842,1.5558785813644844,1.5759347852805776,0.1714836223506743,0.094412331406551,0.0770712909441233,0.1944990176817289,0.1178781925343811,0.0766208251473477,0.1775700934579439,0.0953271028037383,0.0822429906542056,0.1714285714285714,0.099047619047619,0.0723809523809523,3.851851851851852,2.7142857142857144,2.5526315789473686,3.709090909090909,69.5,74.3,72.1,69.9,,,,,,,,,,,,,,,,,,,,,
401525890,2023-11-12 00:00:00,2023,regular,11,False,Oklahoma,Big 12,1906.0,884.97,West Virginia,Big 12,666.23,1577.0,59.0,20.0,39.0,-13.0,0.2505157896516298,0.07737857359811,0.1911179166827403,0.1820311030071784,0.1149882716472871,0.0399599161726257,0.1643470441954649,0.1385454415858523,0.4039650265551803,0.1968897762639367,0.2463264336433769,0.2605524349868006,0.5119251186969507,0.3675988252049423,0.4475840503716208,0.4280510262930072,0.5482227463465725,0.4410215149295867,0.4875336104777196,0.4833169870670392,0.3286296524703274,0.2794201404561113,0.3163878829261113,0.3069101854040831,3.0653117401190553,2.6601315603436455,3.1196103364257857,3.2752409800468816,1.0850192404088272,1.0092552270217012,1.0894880368291953,1.1599369611578088,1.0073919309931525,1.1469200221051894,1.1094425391356253,1.2745143487524084,1.2171375190740823,1.285932790384951,1.246900958279074,1.230101693322389,0.9107069517983526,0.9647979012631156,0.993086546430728,0.9274879823765848,1.550969640555414,1.6003519714434962,1.5837782189438026,1.5591235803938264,0.1307086614173228,0.0787401574803149,0.0519685039370078,0.1329787234042553,0.0851063829787234,0.0478723404255319,0.1845906902086677,0.117174959871589,0.0674157303370786,0.1885714285714285,0.0971428571428571,0.0914285714285714,4.225352112676056,3.5,3.0727272727272728,3.63265306122449,70.7,72.9,68.1,72.5,,,,,,,,,,,,,,,,,,,,,
401525891,2023-11-12 00:30:00,2023,regular,11,False,TCU,Big 12,1605.0,768.25,Texas,Big 12,913.24,1932.0,26.0,29.0,-3.0,13.0,0.2103544168738682,0.1730921549760656,0.2237030297791101,0.0915719125481415,0.1600436238434487,0.1288342064561064,0.1550154645205018,0.0423336759587846,0.3126297447450297,0.2571184001471185,0.2967938199025343,0.2194111586887516,0.4762021949388274,0.4109024189364246,0.445228125558288,0.3478931707214229,0.5003731136415588,0.4569250560935569,0.4822730180315371,0.4189962863634178,0.3483768175267344,0.3210571209141979,0.3212278588402603,0.2783845788128612,3.29186617725917,3.1145096998258435,3.06466333281685,2.6594722132167683,1.1892933081962975,1.103725943259082,1.114498792956259,0.8918626540600163,1.304143910431468,1.2195718588531874,1.4492772167410024,1.056038817153767,1.241012528310414,1.2856362172309834,1.2980636850561005,1.2776419728505102,0.928330978159418,0.968597712836312,1.0123969064128109,0.9201248686421948,1.5529219206955347,1.6241248646068045,1.584358550438953,1.6034096712519137,0.1258064516129032,0.0580645161290322,0.0677419354838709,0.1435726210350584,0.0851419031719532,0.0584307178631051,0.1372549019607843,0.089126559714795,0.0481283422459893,0.181184668989547,0.1149825783972125,0.0662020905923344,3.543859649122807,3.8857142857142857,3.4489795918367347,3.2083333333333335,70.6,72.3,69.3,72.9,,,,,,,,,,,,,,,,,,,,,
401520415,2023-11-18 21:00:00,2023,regular,12,False,Ohio State,Big Ten,2084.0,974.79,Minnesota,Big Ten,640.46,1531.0,37.0,3.0,34.0,-27.5,0.2713203202739701,0.0255199164166525,0.1192224074997327,0.1997286543014103,0.1177764728348584,0.0593408259762031,0.1126065308799716,0.1393065621798156,0.4435964620096616,0.0762557620688561,0.1951791614069795,0.2990713420205493,0.4776475615814154,0.3518977099346682,0.4007903606084456,0.4259429632921538,0.512302219508033,0.4010728952025318,0.4555055239611588,0.4696606030406214,0.3299349486890961,0.2949281195760058,0.2868570216348243,0.3178426204990031,3.13807664408031,2.963925614834476,3.0855398445524567,3.0232383894306625,1.0238839731658704,0.9758475115922538,1.013913928117855,1.0797331907527432,1.18347129902486,1.0481589133430478,1.0186792556641682,1.2424024126984394,1.249792896201409,1.1969665541607095,1.2210794543192292,1.27089844471012,0.8986647183723512,0.9413211480068352,0.9261469774218212,0.951350014771302,1.621321564979658,1.4858160518850168,1.6142330407494403,1.597477625341183,0.1589743589743589,0.0871794871794871,0.0717948717948717,0.1313755795981452,0.071097372488408,0.0602782071097372,0.1799660441426146,0.0967741935483871,0.0831918505942275,0.1333333333333333,0.0796747967479674,0.0536585365853658,4.032786885245901,3.888888888888889,2.4390243902439024,4.530612244897959,70.2,74.2,70.2,72.5,,,,,,,,,,,,,,,,,,,,,
401520419,2023-11-18 20:30:00,2023,regular,12,False,Tennessee,SEC,1830.0,821.07,Georgia,SEC,977.87,2115.0,10.0,38.0,-28.0,9.0,0.2200074459773724,0.0983913636235201,0.3049579169719943,0.1052706608176611,0.1572407574482546,0.0635161783532436,0.1866692323618444,0.1005961644609756,0.3010866498746228,0.2244060747730994,0.413632927172515,0.1731295362179291,0.4651010838379124,0.3810192694777486,0.5053737959570744,0.3784892111777956,0.518980334264391,0.4316860272546793,0.5249704183060858,0.4448321005312999,0.3096002390018895,0.3039277846460593,0.3638380787071708,0.2837782234931109,3.242273550863406,2.7803248293165583,3.171755382187627,2.9457373665734696,1.260667143816915,0.986189798019548,1.149820488707825,1.0760202244064794,1.5427544922082448,1.1858846461325203,1.2662199488954888,1.0790825215239872,1.2393440306393206,1.258959759793109,1.245327285206262,1.2557251873298605,0.9671171779988452,0.9520153498652456,0.9692064864511116,0.9658310694155025,1.5474261693917122,1.5745368365292938,1.5209995867770685,1.5593248479894624,0.1323763955342902,0.0797448165869218,0.0526315789473684,0.1260096930533118,0.0743134087237479,0.0516962843295638,0.1752066115702479,0.1206611570247934,0.0545454545454545,0.1791590493601462,0.0968921389396709,0.0822669104204753,3.745762711864407,5.0,3.0,3.675,69.8,74.4,70.9,74.7,,,,,,,,,,,,,,,,,,,,,
401525893,2023-11-18 17:00:00,2023,regular,12,False,BYU,Big 12,1334.0,576.25,Oklahoma,Big 12,884.97,1975.0,24.0,31.0,-7.0,24.5,0.0628078546758425,0.1867791342419735,0.27302819226231,0.0723882675859624,0.0923739318762105,0.1371631586312845,0.1245022054949087,0.0476482105879956,0.1069918930782811,0.2808936559459398,0.4389763896681955,0.182264134018935,0.3734491975641995,0.4259072321517083,0.5083869752132312,0.3681107833094431,0.4404765544157148,0.4680625249906438,0.5450748421014002,0.4379381440419962,0.2725276715661923,0.3329469744550452,0.3362168916214792,0.2801750810844748,3.07612791451329,3.2553847718528965,3.032254591098008,2.695149070051804,1.0990364923976377,1.1904112036746606,1.087042401304042,1.0375621583245738,1.2126773549400285,1.3116286366560428,1.0548557066344,1.1340372657369464,1.2605738151557135,1.2647674739527712,1.243523196188078,1.2846445587589248,0.971006219310893,0.9639491440457656,0.9296337952180628,0.9656823566000344,1.5568998578536546,1.5751362280308678,1.5853358689397692,1.6012785607933973,0.2220248667850799,0.1261101243339254,0.0959147424511545,0.1288515406162464,0.0798319327731092,0.0490196078431372,0.1414944356120826,0.0731319554848966,0.068362480127186,0.1876790830945559,0.1160458452722063,0.0716332378223495,3.658536585365854,4.455696202531645,3.462962962962963,3.1147540983606556,70.5,71.4,71.0,72.3,,,,,,,,,,,,,,,,,,,,,
401525895,2023-11-19 01:00:00,2023,regular,12,False,Iowa State,Big 12,1660.0,638.87,Texas,Big 12,913.24,1918.0,16.0,26.0,-10.0,6.5,0.1500002385549989,0.126593674004447,0.2268233915213169,0.0950309882318119,0.0529348200652436,0.0951905588919975,0.1456665146090034,0.0448339951725571,0.2945305649345711,0.2456373799612589,0.321137600592085,0.2216957288584801,0.3924773440879308,0.3710724751552735,0.4470366232033722,0.3508928321018012,0.4546067623860866,0.4383396169056118,0.4835195601996008,0.4167329068939315,0.2851472727914258,0.2851345033742595,0.3252543542883963,0.279569452380769,2.7553229876596816,2.900954531633118,3.0877588311573216,2.699520246486346,0.9894529020605136,1.029126765678314,1.0861815820296334,0.9037780320519034,1.1882891363387678,1.1184358696922765,1.4007111005079222,1.0382220621872649,1.301958727786921,1.2924183108464171,1.2858281786951429,1.2755848349482883,0.9645125882585852,0.9574341752563584,0.9930492652899074,0.9183097348854458,1.6363265714942643,1.6426446801287142,1.5741948474196017,1.609634736825248,0.1473684210526315,0.0859649122807017,0.0614035087719298,0.1367013372956909,0.0817236255572065,0.0549777117384844,0.1630615640599001,0.0798668885191347,0.0831946755407653,0.1802507836990595,0.115987460815047,0.0642633228840125,3.35,3.973684210526316,3.2884615384615383,3.351851851851852,65.8,70.8,69.9,72.5,,,,,,,,,,,,,,,,,,,,,
401520427,2023-11-25 20:30:00,2023,regular,13,False,Auburn,SEC,1612.0,770.94,Alabama,SEC,1015.43,2047.0,24.0,27.0,-3.0,14.0,0.1673441706166552,0.118529503674173,0.2502313927652028,0.0963113904799245,0.162942832500333,0.0953383750709496,0.1824716685690202,0.1034445400491766,0.2044680333417716,0.2099387777488877,0.3421943381924961,0.1582658712192603,0.4249058340307867,0.3891914691510995,0.4459722141009049,0.34329176163088,0.5017524836194974,0.4508007104385525,0.4841326067655572,0.4055513118453757,0.2734002261533993,0.3014008758839425,0.3294993102045005,0.281202450684112,3.1057382224809915,2.983104839688725,3.27782650490438,3.044452964212473,1.2165723461965223,1.12910093000132,1.1653107626601076,0.9663348981827692,1.3837674730367326,1.4382299885890537,1.2099217072622728,1.1014846962025702,1.2369413105875349,1.2535370433775328,1.3104316052203278,1.2816318204980992,0.964586660524582,0.9395150581437886,0.982999525731004,0.9961046286269866,1.6179037629871027,1.6329199966911396,1.6870457965073566,1.5647954783720817,0.1778140293637846,0.1207177814029363,0.0570962479608482,0.1587301587301587,0.1222222222222222,0.0365079365079365,0.1785150078988941,0.1137440758293838,0.0647709320695102,0.1875968992248062,0.1240310077519379,0.0635658914728682,3.807692307692307,4.612903225806452,3.5714285714285716,3.816326530612245,70.1,70.9,69.4,74.1,,,,,,,,,,,,,,,,,,,,,
401520430,2023-11-26 00:30:00,2023,regular,13,False,Georgia Tech,ACC,1419.0,710.85,Georgia,ACC,977.87,2158.0,23.0,31.0,-8.0,25.0,0.2373669955201501,0.2270331713933308,0.3213118716366833,0.099214348299046,0.1732079483190912,0.2066881012510959,0.1870484484312626,0.1052499793974177,0.3491262979325276,0.2974203817917689,0.4428082781800848,0.1542459578408302,0.437047314513104,0.4577186707126102,0.5076133680753949,0.37339413984194,0.4731912785162386,0.5113440874487568,0.5269040652870952,0.4372382573528502,0.3299907386633809,0.310088153124066,0.3692887489203513,0.2840669307159973,3.2636035190889894,3.410768075631722,3.2045397122270924,2.933369524240196,1.1516246370865573,1.2054380449192597,1.141786457945615,1.0566476813724992,1.4686378801025908,1.431634824845405,1.2576028758385531,1.1319182714086515,1.3245790920019398,1.2338149000689136,1.2560933855052028,1.2573970400714374,0.973070227034742,0.9558353968678104,0.9718632158345843,0.9841383277621142,1.697722651223669,1.592595952272666,1.536769478828871,1.5379407222695431,0.1447963800904977,0.0814479638009049,0.0633484162895927,0.1231884057971014,0.0753623188405797,0.0478260869565217,0.1538461538461538,0.0797720797720797,0.074074074074074,0.1763727121464226,0.0931780366056572,0.0831946755407653,3.797297297297298,5.034883720930233,3.888888888888889,3.488372093023256,69.1,70.0,71.0,74.3,,,,,,,,,,,,,,,,,,,,,
401520434,2023-11-25 17:00:00,2023,regular,13,False,Michigan,Big Ten,2160.0,850.43,Ohio State,Big Ten,974.79,2113.0,30.0,24.0,6.0,-3.0,0.2870677105848992,0.0503105560080575,0.2741678910397103,0.028084084738959,0.1698228259825474,0.0216206928198889,0.1218509034800615,0.0520064797512659,0.4397853221788977,0.1529636901490624,0.4439812913244945,0.079762965820268,0.5014517963637732,0.3534664497241345,0.4751963166436929,0.3509941749113521,0.5274808935497798,0.4054091649601796,0.5149374048966766,0.4041046473897902,0.3555637797594144,0.2860804639022497,0.3243016987932535,0.2890591041849546,3.163132223346752,2.7276720677608948,3.1650058005489425,2.957429646878108,1.0536269487582173,0.949687948816082,1.0208250054358232,0.9551328791374633,1.1899220527156358,1.0109559387748297,1.2417499319718903,1.0481224347997529,1.2320385449425812,1.2463592196236406,1.2452710509714755,1.196820222654517,0.9384161439862362,0.9432739526048792,0.9072201254207878,0.94178397233196,1.581959681748902,1.5780184923876166,1.599295701946964,1.4858590586531817,0.1135693215339233,0.0693215339233038,0.0442477876106194,0.1487730061349693,0.0812883435582822,0.0674846625766871,0.2121710526315789,0.1299342105263158,0.0822368421052631,0.1826771653543307,0.1023622047244094,0.0803149606299212,4.809523809523809,4.119402985074627,2.5238095238095237,2.395348837209302,67.3,75.5,70.8,74.1,,,,,,,,,,,,,,,,,,,,,
401525900,2023-11-24 17:00:00,2023,regular,13,False,Oklahoma,Big 12,1945.0,884.97,TCU,Big 12,768.25,1660.0,69.0,45.0,24.0,-10.0,0.2723591689975604,0.0696369137741807,0.2191642972936492,0.1872678740824024,0.1242560492321085,0.0440037313337142,0.1431298447452272,0.1376128323919937,0.438745466143065,0.1713368170222413,0.3418997953731043,0.2773914214412514,0.5004707339073189,0.3729527133773934,0.4779615233095681,0.4196526941212254,0.5392342441751136,0.4423322746532656,0.504790001727941,0.4613377448886708,0.3375103911070468,0.279148366109135,0.3522888794937279,0.327189762866491,3.0041317738690605,2.7287106322718993,3.2460864594582466,3.1496951580600543,1.0829763788007425,1.0701371989812016,1.15379473715384,1.0540431261342564,1.0627770626522135,1.1476990512628356,1.2992915597608536,1.1266870624387422,1.2479806185862692,1.288800533950375,1.251049229563751,1.2659079444456849,0.933875032480898,0.9620218796594334,0.925281428881392,0.9637058631978797,1.5905733956520125,1.6245219450770292,1.5716473075283328,1.5998617573253344,0.1323907455012853,0.0822622107969151,0.0501285347043701,0.1311914323962516,0.0669344042838018,0.0642570281124498,0.1865965834428383,0.1169513797634691,0.0696452036793692,0.1288951841359773,0.0849858356940509,0.0439093484419263,4.423529411764706,3.7183098591549295,3.08955223880597,3.6610169491525424,71.0,72.1,69.9,72.8,,,,,,,,,,,,,,,,,,,,,
401525901,2023-11-25 00:30:00,2023,regular,13,False,Texas,Big 12,1917.0,913.24,Texas Tech,Big 12,694.26,1613.0,57.0,7.0,50.0,-16.0,0.2275144349474672,0.0993303067246046,0.151681338234185,0.1660318531291889,0.1386813818132366,0.0232693372764904,0.1472905125544256,0.1237635996862234,0.3265249506149605,0.2360383698199036,0.2329363775814237,0.2607244362950046,0.4509279635696229,0.352055609899926,0.4279557455981034,0.3880742953290533,0.4888782513495717,0.4115603382294191,0.4862331992703627,0.4453409495647121,0.3238490963110754,0.2856574358757473,0.2877354933671301,0.301136345635457,3.1105993461693413,2.6646331891211026,3.1853917746347467,3.0425757703317915,1.1015579150395718,0.864357964915853,1.0058888592342212,1.0204668906846237,1.4014596764850336,1.0110895426033564,1.1325105917379898,1.0618026083998302,1.2746104383018055,1.2848966920246363,1.2400449126707982,1.248060859651224,0.9793838774779652,0.9202128256226784,0.9612579934351284,0.965474970879381,1.5686895354336752,1.607066740288429,1.5455021905114508,1.5611172640626474,0.1409214092140921,0.084010840108401,0.056910569105691,0.1414701803051317,0.0665742024965325,0.0748959778085991,0.1823444283646888,0.1172214182344428,0.065123010130246,0.1316165951359084,0.0815450643776824,0.050071530758226,3.9156626506024095,3.7058823529411766,3.350877192982456,3.803571428571429,69.8,73.0,69.1,74.8,,,,,,,,,,,,,,,,,,,,,
401539479,2023-12-02 17:00:00,2023,regular,14,True,Texas,Big 12,2026.0,913.24,Oklahoma State,Big 12,649.79,1512.0,49.0,21.0,28.0,-14.5,0.2208341385332733,0.0827928428238946,0.1580931933714603,0.1803558928671194,0.1462884562111799,0.0289609590927817,0.1190827517953048,0.1041183141928662,0.3060219306481219,0.1982496550629044,0.2401968503262865,0.3016106805111051,0.4575720837341187,0.3504262792816467,0.4304968957618516,0.371065954843098,0.4988266777053345,0.4090898109219684,0.4710631471126765,0.4441756396037763,0.3193796284485152,0.2867978906096235,0.3185941134329234,0.281472681512702,3.1546858668257203,2.674721190071489,2.9108589644235026,2.904151453614505,1.1316448663363852,0.8885393271600106,1.030012263916872,1.092441474571654,1.4570384443289246,1.010679385212084,1.636797123734718,1.389856496992116,1.2611316463042983,1.2711871805360646,1.2814170148907948,1.3821066682126568,0.9773477059989072,0.917719379358133,1.0147935820040903,1.0286014843416522,1.5517802724061929,1.593123818837426,1.5200129697841218,1.7280049938338848,0.1416256157635468,0.0825123152709359,0.0591133004926108,0.1453855878634639,0.0771175726927939,0.06826801517067,0.1854304635761589,0.1139072847682119,0.071523178807947,0.1582537517053206,0.1132332878581173,0.0450204638472032,3.808510638297872,3.817073170731707,3.413793103448276,4.129032258064516,68.5,73.5,69.4,74.4,,,,,,,,,,,,,,,,,,,,,
401539483,2023-12-02 21:00:00,2023,regular,14,True,Alabama,SEC,2028.0,1015.43,Georgia,SEC,977.87,2122.0,27.0,24.0,3.0,5.0,0.2663858520720054,0.1053243726690699,0.321149757896275,0.0975356870236205,0.1827146670363378,0.1150329557869346,0.1950460744591655,0.1125410459164415,0.3724503931145003,0.1578448031139107,0.4351835702786079,0.1397400188329941,0.4536063705328397,0.3445555154381387,0.513368004320012,0.3811874103302716,0.4930943544009865,0.4051445654119888,0.5355003814906802,0.4496455911471438,0.3281070791246448,0.2809215523209104,0.3710175153773256,0.2789585686812028,3.2721845062177333,3.0699708552139557,3.2546787889099,2.9931902143084774,1.1686248704010365,0.9803223223151972,1.183044769081678,1.0813639234569137,1.214758091914009,1.1951134058666577,1.3153846294644953,1.0867940102107272,1.3090556542350995,1.2898626438329288,1.2455963771372276,1.236863171871239,0.9755914250450796,1.0035807050327836,0.9728840578055628,0.9734677687831204,1.6984830706960246,1.5801531365058932,1.5234895017517964,1.5293387675215682,0.1556195965417867,0.1181556195965417,0.0374639769452449,0.1255006675567423,0.0774365821094793,0.048064085447263,0.1891891891891892,0.1251778093883357,0.0640113798008534,0.1686746987951807,0.0933734939759036,0.0753012048192771,4.5,4.989247311827957,3.836363636363637,3.5306122448979593,69.5,74.4,70.6,74.2,,,,,,,,,,,,,,,,,,,,,
401677090,2024-12-27 17:00:00,2024,postseason,1,True,Navy,American Athletic,1559.0,0.0,Oklahoma,American Athletic,906.61,1731.0,21.0,20.0,1.0,2.5,0.2441928825589211,0.1285967771461377,0.1130972556482319,0.0696217918495962,0.2079115673340103,0.1430884439172562,0.0973120002238414,0.0008686317416017,0.2784878963517302,0.1552297925981304,0.1434068558061847,0.203597198561395,0.4355010863525741,0.4320616955645767,0.4118176801609256,0.3563194564236114,0.5099525821166684,0.49441149456561,0.4612647427156697,0.4161357875024202,0.2803771982610291,0.2772655378618323,0.2874027211614303,0.29443048182893,3.139568150087366,3.1486621600996916,3.056052716158463,2.649013772786989,1.0918048759491032,1.06163542008129,1.141131691772796,0.8750976119328886,1.7027060622437504,1.1243580342533694,1.2157338012035224,0.9476557103347872,1.291944193649006,1.217619017683818,1.2220598705737802,1.2475581296834313,1.0663906547494078,0.9483780196692252,0.9694006487862245,0.9181039171380808,1.6649415950643949,1.5561009549681324,1.5362336309512743,1.597602427855729,0.1218944099378881,0.0877329192546583,0.0341614906832298,0.203601108033241,0.1620498614958448,0.0415512465373961,0.1485013623978201,0.0844686648501362,0.0640326975476839,0.1865357643758765,0.1416549789621318,0.0448807854137447,4.169491525423728,3.074626865671642,3.532258064516129,3.4107142857142856,68.2,72.5,70.4,70.9,,,,,,,,,,,,,,,,,,,,,
401677102,2024-12-31 17:00:00,2024,postseason,1,True,Michigan,Big Ten,1888.0,859.21,Alabama,Big Ten,1018.28,2007.0,19.0,13.0,6.0,16.5,0.1689182415862011,0.1277411586607535,0.2578136609354302,0.0675525681014934,0.1472493676671038,0.0706013157034373,0.192218227047957,0.064358819361334,0.1936484980399825,0.2238638998613573,0.2957383118963647,0.1270580406134197,0.4288957587655223,0.3642311677138281,0.4786320215971654,0.3683325692792888,0.4815486045263231,0.4279734696417451,0.5121339053077367,0.4313734517339402,0.3035903050100584,0.2921775913830375,0.3263076802308259,0.2877746631192863,3.1105853644389367,2.7872120151374986,2.898645514338196,2.8788657200203955,1.0219272043248095,0.8991906523506333,1.1114226136318794,1.063377151625751,1.2435651659873128,1.0809339211928937,1.5948248050623413,1.061487933461252,1.20231225284441,1.2769967055465847,1.2880229611311476,1.235668408510666,0.9656660260489364,0.942599460562248,1.038666422847123,0.9382664070466882,1.510423313407827,1.6004326799568367,1.564333211595663,1.5865564286213698,0.1508916323731138,0.0946502057613168,0.0562414266117969,0.1531914893617021,0.1148936170212766,0.0382978723404255,0.1852825229960578,0.1051248357424441,0.0801576872536136,0.1735751295336787,0.0958549222797927,0.077720207253886,4.17741935483871,4.569444444444445,3.4788732394366195,2.8285714285714287,70.0,70.3,70.2,71.5,,,,,,,,,,,,,,,,,,,,,
401677176,2024-12-21 21:00:00,2024,postseason,1,False,Texas,SEC,2057.0,953.95,Clemson,SEC,924.63,1815.0,38.0,24.0,14.0,-13.5,0.2390887380136645,0.014386965064828,0.2344721661126408,0.1384660021288651,0.1395808992739326,0.0409869692228136,0.1960284967950607,0.159937757130382,0.3075233234390604,0.0655725961807734,0.2625662737182104,0.1709337068620801,0.4716895305369178,0.3685932343584391,0.4660075382049127,0.3974920842780768,0.5025415216350824,0.4349024465176166,0.5004351438995629,0.4539603121063458,0.3468827467024885,0.2773502002838021,0.337954893848803,0.3078498777342341,3.1010524447279577,2.876609828365952,3.2754557517672978,3.0678061132716983,1.1338217586731354,0.9795685744317396,1.166626513007047,1.2269275748085222,1.3334247082561932,0.861867510471088,1.3648682388871356,1.528639815597471,1.277953312191152,1.1437403595356137,1.240679941517116,1.2945678450310223,0.940150558899238,0.9053600291195198,0.9661903643954596,1.0311858943368075,1.6483104516161775,1.4513371373632171,1.5257445927164432,1.553211710472188,0.1692139737991266,0.1157205240174672,0.0534934497816593,0.1328751431844215,0.0870561282932416,0.0458190148911798,0.2220843672456575,0.141439205955335,0.0806451612903225,0.2032418952618453,0.1209476309226932,0.0822942643391521,3.880733944954129,4.321428571428571,2.555555555555556,3.888888888888889,69.3,71.4,69.9,72.7,,,,,,,,,,,,,,,,,,,,,
401677177,2024-12-22 01:00:00,2024,postseason,1,False,Ohio State,Big Ten,2099.0,998.62,Tennessee,Big Ten,858.67,1963.0,42.0,17.0,25.0,-8.0,0.3225736618614144,0.0107269728800068,0.2096306461779573,0.0625342050192845,0.227125719319554,0.0219663249713429,0.1638061199851821,0.0507455998154645,0.3875263608829938,0.0939810522214587,0.2607884520728238,0.1540915268084309,0.4909773763136069,0.3415599654983193,0.466252666198671,0.3499185571985195,0.5370763365484753,0.3856657156561892,0.5081875355905312,0.4005840193803359,0.3272900622739123,0.2967180066886124,0.3254544295593032,0.2982283250102432,3.4030501610767363,2.9216818066307395,3.3674878164811917,2.6289248618550727,1.1791010064150236,0.932387465937788,1.163011461652275,1.0227095959789474,1.4170828897838257,1.0780383879569488,1.202680017571709,1.0673378326453464,1.2964197074016577,1.2280496047369107,1.1950659167715558,1.255611673906378,1.0137839093127854,0.9522656920295268,0.938712957247672,0.9821828405415172,1.5881974415660634,1.559708150309342,1.5360636071929488,1.5554928486619448,0.1228304405874499,0.0694259012016021,0.0534045393858478,0.12625,0.085,0.04125,0.2002881844380403,0.132564841498559,0.0677233429394812,0.2241134751773049,0.1546099290780141,0.0695035460992907,4.571428571428571,3.8117647058823527,2.283783783783784,3.1333333333333333,71.5,74.6,68.4,73.7,,,,,,,,,,,,,,,,,,,,,
401677182,2025-01-01 18:00:00,2024,postseason,1,True,Arizona State,Big 12,1792.0,757.02,Texas,Big 12,953.95,2065.0,31.0,39.0,-8.0,13.0,0.2807470832568544,0.0979225094849425,0.2390887380136645,0.014386965064828,0.2016391260698721,0.0472105565659062,0.1395808992739326,0.0409869692228136,0.3506034707724637,0.2004069004027657,0.3075233234390604,0.0655725961807734,0.4966980967606867,0.4017672056711553,0.4716895305369178,0.3685932343584391,0.5340559706747003,0.4708773842843129,0.5025415216350824,0.4349024465176166,0.33732557901155,0.2935228802058017,0.3468827467024885,0.2773502002838021,3.255882448894335,2.914557386834756,3.1010524447279577,2.876609828365952,1.1650001135248762,1.0586780936821842,1.1338217586731354,0.9795685744317396,1.224181950921826,1.0669918549061872,1.3334247082561932,0.861867510471088,1.2364847219270731,1.2426244511420717,1.277953312191152,1.1437403595356137,0.9558018608414982,0.9753008340548356,0.940150558899238,0.9053600291195198,1.6325057112726902,1.5034472170489204,1.6483104516161775,1.4513371373632171,0.1153846153846153,0.0734265734265734,0.0419580419580419,0.1692139737991266,0.1157205240174672,0.0534934497816593,0.1555023923444976,0.0801435406698564,0.0753588516746411,0.2220843672456575,0.141439205955335,0.0806451612903225,3.967741935483871,3.880733944954129,3.628205128205128,2.555555555555556,71.6,71.8,69.3,71.4,,,,,,,,,,,,,,,,,,,,,
401677183,2025-01-01 22:00:00,2024,postseason,1,True,Oregon,Big Ten,2075.0,916.71,Ohio State,Big Ten,998.62,2147.0,21.0,41.0,-20.0,2.5,0.3101737969896715,0.0995736337724495,0.3225736618614144,0.0107269728800068,0.2091531717219118,0.136960728040896,0.227125719319554,0.0219663249713429,0.3725632107859537,0.1075956182554239,0.3875263608829938,0.0939810522214587,0.5163770846242176,0.3714998128792263,0.4909773763136069,0.3415599654983193,0.5564488420840819,0.4376998686819263,0.5370763365484753,0.3856657156561892,0.341067706567469,0.2876708671956243,0.3272900622739123,0.2967180066886124,3.4187123026872297,3.106733708967627,3.4030501610767363,2.9216818066307395,1.2230403724539425,1.0913946206746603,1.1791010064150236,0.932387465937788,1.2156354868498311,1.3270511653587245,1.4170828897838257,1.0780383879569488,1.2344403269880992,1.2404637117353552,1.2964197074016577,1.2280496047369107,0.9356974638806396,0.9754404424608014,1.0137839093127854,0.9522656920295268,1.592455697338501,1.5508064264100867,1.5881974415660634,1.559708150309342,0.0884955752212389,0.0606826801517067,0.0278128950695322,0.1228304405874499,0.0694259012016021,0.0534045393858478,0.1981382978723404,0.1143617021276595,0.0837765957446808,0.2002881844380403,0.132564841498559,0.0677233429394812,4.790123456790123,4.571428571428571,3.603448275862069,2.283783783783784,71.0,72.9,71.5,74.6,,,,,,,,,,,,,,,,,,,,,
401677184,2025-01-02 21:00:00,2024,postseason,1,True,Georgia,SEC,2019.0,1006.89,Notre Dame,SEC,905.52,2163.0,10.0,23.0,-13.0,1.0,0.2594542579361583,0.1043934976063793,0.2886874262161214,0.0087679173110183,0.1402060842284688,0.0861309331954504,0.2730546342684238,0.0984170879539527,0.3207092153251399,0.1634978977532495,0.2637624639872434,-0.0199054132504756,0.4779772935753177,0.3631117796721299,0.4596960554053409,0.3584697713491959,0.5053659808180048,0.4483747561303505,0.5147968749334536,0.4260950374317999,0.3399971253403898,0.2668568493958696,0.2992563132504284,0.2726840263862524,3.0133399631845657,2.811425647312999,3.330385863653811,2.9310647251651907,1.091334864597714,1.0212865812885188,1.253058497197527,1.0207462714057387,1.1064134714146534,1.216771741082901,1.866996722993535,1.101480532419838,1.260580931824386,1.2605835931197444,1.2989302125240714,1.1847653277781829,0.9584875638504564,0.9753961198521098,1.0997809996099013,0.9126284333057224,1.5352279856269044,1.5489702044311036,1.5183364159307646,1.5726401649489916,0.1611721611721611,0.0915750915750915,0.0695970695970696,0.112,0.0786666666666666,0.0333333333333333,0.1633663366336633,0.1126237623762376,0.0507425742574257,0.1943734015345268,0.108695652173913,0.0856777493606138,4.461538461538462,4.697916666666667,3.318840579710145,3.194029850746269,70.6,73.1,67.4,74.7,,,,,,,,,,,,,,,,,,,,,
401677191,2025-01-11 00:30:00,2024,postseason,1,True,Texas,SEC,2056.0,953.95,Ohio State,SEC,998.62,2182.0,14.0,28.0,-14.0,5.5,0.2390887380136645,0.014386965064828,0.3225736618614144,0.0107269728800068,0.1395808992739326,0.0409869692228136,0.227125719319554,0.0219663249713429,0.3075233234390604,0.0655725961807734,0.3875263608829938,0.0939810522214587,0.4716895305369178,0.3685932343584391,0.4909773763136069,0.3415599654983193,0.5025415216350824,0.4349024465176166,0.5370763365484753,0.3856657156561892,0.3468827467024885,0.2773502002838021,0.3272900622739123,0.2967180066886124,3.1010524447279577,2.876609828365952,3.4030501610767363,2.9216818066307395,1.1338217586731354,0.9795685744317396,1.1791010064150236,0.932387465937788,1.3334247082561932,0.861867510471088,1.4170828897838257,1.0780383879569488,1.277953312191152,1.1437403595356137,1.2964197074016577,1.2280496047369107,0.940150558899238,0.9053600291195198,1.0137839093127854,0.9522656920295268,1.6483104516161775,1.4513371373632171,1.5881974415660634,1.559708150309342,0.1692139737991266,0.1157205240174672,0.0534934497816593,0.1228304405874499,0.0694259012016021,0.0534045393858478,0.2220843672456575,0.141439205955335,0.0806451612903225,0.2002881844380403,0.132564841498559,0.0677233429394812,3.880733944954129,4.571428571428571,2.555555555555556,2.283783783783784,69.3,71.4,71.5,74.6,,,,,,,,,,,,,,,,,,,,,
401677192,2025-01-21 00:30:00,2024,postseason,1,True,Notre Dame,FBS Independents,2169.0,905.52,Ohio State,FBS Independents,998.62,2196.0,23.0,34.0,-11.0,8.5,0.2886874262161214,0.0087679173110183,0.3225736618614144,0.0107269728800068,0.2730546342684238,0.0984170879539527,0.227125719319554,0.0219663249713429,0.2637624639872434,-0.0199054132504756,0.3875263608829938,0.0939810522214587,0.4596960554053409,0.3584697713491959,0.4909773763136069,0.3415599654983193,0.5147968749334536,0.4260950374317999,0.5370763365484753,0.3856657156561892,0.2992563132504284,0.2726840263862524,0.3272900622739123,0.2967180066886124,3.330385863653811,2.9310647251651907,3.4030501610767363,2.9216818066307395,1.253058497197527,1.0207462714057387,1.1791010064150236,0.932387465937788,1.866996722993535,1.101480532419838,1.4170828897838257,1.0780383879569488,1.2989302125240714,1.1847653277781829,1.2964197074016577,1.2280496047369107,1.0997809996099013,0.9126284333057224,1.0137839093127854,0.9522656920295268,1.5183364159307646,1.5726401649489916,1.5881974415660634,1.559708150309342,0.112,0.0786666666666666,0.0333333333333333,0.1228304405874499,0.0694259012016021,0.0534045393858478,0.1943734015345268,0.108695652173913,0.0856777493606138,0.2002881844380403,0.132564841498559,0.0677233429394812,4.697916666666667,4.571428571428571,3.194029850746269,2.283783783783784,67.4,74.7,71.5,74.6,,,,,,,,,,,,,,,,,,,,,
401628374,2024-09-28 23:30:00,2024,regular,5,False,Alabama,SEC,2046.0,1018.28,Georgia,SEC,1006.89,2046.0,41.0,34.0,7.0,2.0,0.2596661100022615,0.0622731822186369,0.2026563932655909,0.089622979874972,0.2020421780662625,0.0523177403277325,0.1267750148869536,0.0876666605045941,0.3139003818964077,0.1144034766472179,0.2733047701626707,0.1356647019330606,0.427952905221648,0.3179613791137136,0.4032153276217597,0.3881285764212868,0.4658057702020782,0.4137904058356915,0.4602789350358836,0.4638871788243736,0.3254236683668085,0.2480137933895053,0.3002962367792303,0.2661213322319412,2.90663463533892,2.7689587698416616,2.949344666863511,2.981019017281861,1.1218410371339858,1.059194227544216,1.096959150000929,0.9777790636930912,1.6143249139907705,1.1323284049661415,1.2780155734739278,1.089129994861055,1.3204438856059757,1.2463744825827312,1.2946836634594645,1.2104915935731488,1.0388801144723234,0.970032364582527,0.9958388343731764,0.9412676711475478,1.625762814158323,1.5642102152355954,1.6062393017246923,1.5409932911836377,0.1170212765957446,0.101063829787234,0.0159574468085106,0.1403508771929824,0.087719298245614,0.0526315789473684,0.2081447963800905,0.1040723981900452,0.1040723981900452,0.168,0.112,0.056,5.0,4.071428571428571,2.3684210526315788,2.5833333333333335,66.7,71.2,69.9,74.3,,,,,,,,,,,,,,,,,,,,,
401628375,2024-09-28 19:30:00,2024,regular,5,False,Auburn,SEC,1537.0,833.61,Oklahoma,SEC,906.61,1837.0,21.0,27.0,-6.0,-2.0,0.1609788296117999,0.1569557461140808,0.1029433304472733,0.1170416269808257,0.1300010261597378,0.1225667496564966,0.0848890250787943,0.0441199186122511,0.2089033718754427,0.203915380884505,0.1471425885017324,0.2329257158759765,0.4512295021318578,0.3998766878221914,0.3687467890209263,0.3744394590453963,0.4803059409795289,0.4733478660615907,0.4295027026602412,0.4429998083788107,0.339422979973173,0.2848928523674941,0.2675499758213803,0.2716077145201234,3.1888574436976955,2.9097345993245067,2.7680168335493662,2.7745839313118497,1.1629151851787651,1.1111132409765752,1.0683424642158914,0.9425889293908912,1.3480776901594322,1.1561827128419666,1.201338753563568,0.9889028465026558,1.2407168714778265,1.27036332785711,1.2835913314041358,1.2485088114006957,0.946376889779512,0.993532271275866,1.008320086585338,0.9502812955244976,1.585926105460017,1.5821354929457552,1.5672265860719323,1.5742466133705044,0.2307692307692307,0.1208791208791208,0.1098901098901098,0.1835205992509363,0.1273408239700374,0.0561797752808988,0.1636363636363636,0.0727272727272727,0.0909090909090909,0.2014925373134328,0.1492537313432835,0.0522388059701492,3.473684210526316,4.1,3.0526315789473686,3.1176470588235294,68.6,68.3,67.9,74.3,,,,,,,,,,,,,,,,,,,,,
401628378,2024-09-28 20:15:00,2024,regular,5,False,Texas,SEC,2107.0,953.95,Mississippi State,SEC,743.77,1355.0,35.0,13.0,22.0,-37.0,0.2665144201098428,0.0682994978862358,0.1747504498603532,0.2397604243025371,0.1267168702496354,0.0738182064695087,0.1258331878035414,0.1616265168844182,0.3897580183396472,0.1085666985973525,0.2246864228899393,0.3134877158296073,0.4872522925500115,0.3718660888804737,0.4298648836117729,0.4930163517394609,0.5157103440110379,0.4502976889612762,0.4586702773620437,0.5175338103999119,0.3431513314389848,0.2470677483171469,0.3323974362562601,0.3335800356370972,2.9749526920464793,2.8928938974702567,2.9921645023510126,3.260960376515735,1.0615840842767996,0.9900547589945904,1.0356855344749705,1.2303119152998263,1.2027014265956986,1.0860355457891298,1.076857767795647,1.1607473884550716,1.2713921251800615,1.2293841485491008,1.2719959016083824,1.1977399090782117,0.9460520338310852,0.9651455682383566,0.9837300592547116,0.934629143134866,1.640166360431841,1.5289229785693164,1.57368840974354,1.5374120729649523,0.1172413793103448,0.0689655172413793,0.0482758620689655,0.2115384615384615,0.1346153846153846,0.0769230769230769,0.208695652173913,0.1217391304347826,0.0869565217391304,0.0610328638497652,0.0516431924882629,0.0093896713615023,4.479166666666667,3.875,2.392857142857143,5.190476190476191,68.5,74.0,70.1,72.8,,,,,,,,,,,,,,,,,,,,,
401628498,2024-09-28 23:30:00,2024,regular,5,False,Michigan State,Big Ten,1423.0,721.75,Ohio State,Big Ten,998.62,2038.0,7.0,38.0,-31.0,23.5,0.1422929567980131,0.1057255830951351,0.2906290516875552,0.0852056489470952,0.0807846722673817,0.0427829330531714,0.2454213623862193,0.0609384171162955,0.2199479022586749,0.2188988315345807,0.3225846451693424,0.1498800064253159,0.3920196340096846,0.3765327849649084,0.4680017755044258,0.3848824715926408,0.4587627034684682,0.4290104380073143,0.5135457296145889,0.4366974447355998,0.2790451779485383,0.3003577533193539,0.3183186742726671,0.2891986151342713,2.6749497030594553,2.866822094881051,3.3475315782167754,2.9835783814129577,1.06710045680967,1.0650201237105523,1.236906066407294,0.9866911199606648,1.3453604000816497,1.117588150036918,1.650393497251072,1.104768497555059,1.2869623317668843,1.2751631090763067,1.3135568028751223,1.244339996416299,1.000818047385063,0.9528102102698068,1.0379011698367986,0.967207685531272,1.5868566630362333,1.6386808401210575,1.5841241627364897,1.561068974008964,0.1887755102040816,0.1173469387755102,0.0714285714285714,0.1237113402061855,0.056701030927835,0.0670103092783505,0.1736842105263158,0.1368421052631579,0.0368421052631578,0.2102272727272727,0.1363636363636363,0.0738636363636363,2.555555555555556,5.195652173913044,2.6842105263157894,2.6666666666666665,73.2,73.0,71.2,77.0,,,,,,,,,,,,,,,,,,,,,
401628381,2024-10-05 19:30:00,2024,regular,6,False,Georgia,SEC,2036.0,1006.89,Auburn,SEC,833.61,1547.0,31.0,13.0,18.0,-21.0,0.2425907755563728,0.0926772695538168,0.1587263928152444,0.1638916972420867,0.1544315222191535,0.0712360798222982,0.1111032354231185,0.1194094171845152,0.2908690742535843,0.1765721465028596,0.2213231434975469,0.2250098298235849,0.438533729439528,0.4038033283543989,0.4576990728996694,0.3903136518512596,0.4792407084170568,0.4807171647096014,0.4849706416837584,0.4650382019520835,0.3095603126525388,0.2609119366810961,0.3343739349665828,0.2874641706438641,3.054600696920264,2.9006057995066192,3.222554240201084,2.8795500775595575,1.103864206980424,0.9949887228771596,1.1569481671206088,1.0828634284466216,1.2388927527192612,1.1546561158229696,1.2939608056181282,1.2208501104452858,1.3285272643278094,1.2269873593899652,1.2492404077764216,1.2959345656969408,1.0072071893435923,0.9657597136799908,0.9456479550051176,1.0121379635529264,1.6358236383323554,1.5315120482184263,1.6024901464084338,1.6043497673905391,0.193717277486911,0.0994764397905759,0.094240837696335,0.2217898832684824,0.1206225680933852,0.1011673151750972,0.1692307692307692,0.1128205128205128,0.0564102564102564,0.1535580524344569,0.0749063670411985,0.0786516853932584,4.25,3.3333333333333335,3.1,3.0869565217391304,71.6,72.7,69.2,68.4,,,,,,,,,,,,,,,,,,,,,
401628384,2024-10-05 20:15:00,2024,regular,6,False,Vanderbilt,SEC,1317.0,695.96,Alabama,SEC,1018.28,2056.0,40.0,35.0,5.0,23.0,0.2113267459567336,0.1763328731786721,0.2782542858428076,0.0907895562477115,0.120155213229683,0.0949226994539543,0.1965122379023673,0.0823179865027526,0.2908180881470995,0.2548306061468087,0.3235897415312023,0.1510687206743948,0.4344502413301744,0.3985161531961863,0.4376285271812779,0.343025358212724,0.4935955415921742,0.4353485432620519,0.4812341076374537,0.4286895534591092,0.2896219747340116,0.3325507854382181,0.3086681093057368,0.2624710723004013,2.7682851753622835,2.840291089612166,2.88298938261564,2.816659619543833,1.0682470694734625,1.04675744380287,1.1319292415826392,1.0761861219348137,1.1947124224159849,1.3483030011069892,1.66889394668365,1.1218012734700642,1.2660738200019737,1.3077130486995667,1.338424478880667,1.279564442884844,0.9754846680022248,0.9994279641924606,1.0556290681797182,0.9841966174838755,1.6036333369244518,1.606074101515464,1.6112035399743383,1.5971414191054607,0.202127659574468,0.1223404255319148,0.0797872340425532,0.1317829457364341,0.1046511627906976,0.0271317829457364,0.1534883720930232,0.0976744186046511,0.055813953488372,0.2248322147651006,0.1073825503355704,0.1174496644295302,4.608695652173913,4.7272727272727275,4.391304347826087,2.92,65.8,74.5,66.9,72.3,,,,,,,,,,,,,,,,,,,,,
401628504,2024-10-05 19:30:00,2024,regular,6,False,Ohio State,Big Ten,2054.0,998.62,Iowa,Big Ten,723.51,1626.0,35.0,7.0,28.0,-17.0,0.3259069806053288,0.0664232690410696,0.1724221520896479,0.1372534767007573,0.2543480334160707,0.0182068649885498,0.1764969818411372,0.0707301370542078,0.3409760721531716,0.1713635620366166,0.1749995232684016,0.2264475760441242,0.4731542430777399,0.3949453246476377,0.446308478993296,0.3778655545140378,0.5095660738756724,0.4425739132314836,0.5000372773133026,0.4446786586659606,0.3349484800231661,0.2912392591201514,0.2872517743327675,0.286472062884563,3.3966062217031316,2.9597087310915255,3.0869972278200892,2.874807646581857,1.194997408224761,0.9834366845692404,1.0701150004500184,0.9500928376796116,1.6411568141165809,1.1192445285661936,1.6528383638298032,1.1169516948570677,1.3376661700115409,1.2299400593422365,1.2426503551909769,1.2814734227257956,1.046475729128183,0.9511496158278422,1.0053360253972388,0.9645617902598256,1.603591269090262,1.5595318874754172,1.53671677869488,1.6077433060875486,0.1194029850746268,0.0597014925373134,0.0597014925373134,0.1407035175879397,0.0954773869346733,0.0452261306532663,0.2177777777777777,0.1466666666666666,0.0711111111111111,0.1893491124260355,0.0828402366863905,0.1065088757396449,5.226415094339623,3.68,2.46875,4.153846153846154,70.8,76.0,67.2,76.7,,,,,,,,,,,,,,,,,,,,,
401628385,2024-10-12 16:00:00,2024,regular,7,False,Alabama,SEC,2014.0,1018.28,South Carolina,SEC,798.18,1654.0,27.0,25.0,2.0,-21.5,0.2951447678697002,0.1025086108976554,0.147080760419017,0.1020379799996502,0.2138237876898312,0.050251806650657,0.1291631028126677,0.1244311486703248,0.34567157319682,0.2014636480548358,0.2088729827568662,0.1461098513207565,0.4620055016430354,0.349059590699425,0.4031179824869938,0.3791417245578355,0.4989392060523991,0.4243788210463298,0.4600081555107533,0.4412618196812244,0.3183402890642021,0.2781417695614926,0.2900811844893681,0.2962893277080255,2.8941499222643547,2.7700048149694143,3.121923082710458,2.9002440577893323,1.1495583389219288,1.022981795999257,1.0838982152735113,1.0189316763351872,1.6753392845958015,1.0252831487659284,1.3890213869606185,1.1116901551123357,1.344089045129124,1.2867074517302974,1.2701163736664578,1.2461826345106195,1.0574479904108502,0.976044506434462,0.9813605315413422,0.9740458289025667,1.605418766786003,1.619868990329978,1.626463116259899,1.5666774212908725,0.1419141914191419,0.1056105610561056,0.0363036303630363,0.1942028985507246,0.1565217391304348,0.0376811594202898,0.2043010752688172,0.1048387096774193,0.0994623655913978,0.2142857142857142,0.1428571428571428,0.0714285714285714,4.842105263157895,3.4878048780487805,3.242424242424242,3.75,68.3,71.8,69.5,72.8,,,,,,,,,,,,,,,,,,,,,
401628386,2024-10-12 20:15:00,2024,regular,7,False,Georgia,SEC,2033.0,1006.89,Mississippi State,SEC,743.77,1371.0,41.0,31.0,10.0,-33.0,0.2396450739481938,0.1129524836015889,0.1825331351582131,0.2502429089536501,0.1476483063254976,0.0768042904621245,0.1345459791335551,0.1530904460758017,0.3033042948174153,0.194395376680235,0.2295948672837032,0.3347076145875964,0.4507638196292276,0.3915257883041826,0.4334270292951045,0.4933198191459917,0.4866880135807445,0.4772984073631497,0.4607936241661939,0.5185037425033892,0.3143186801231914,0.2676315849358899,0.3306034647258906,0.3433528931762013,2.973321809768014,2.95523143213691,3.095678039776146,3.2608691490051656,1.085814251446313,1.017729454187872,1.0751384016577326,1.2524597139620688,1.2379376181685977,1.1914906640629517,1.0716959052761623,1.2643150006512731,1.3138850109003846,1.2345460592566464,1.2751730960616914,1.2108175776570451,1.00115679443044,0.964219584117361,0.9803125752883576,0.9430781345350094,1.6119369084108015,1.5418193980653605,1.595802769169722,1.554110936271101,0.1556420233463035,0.0856031128404669,0.0700389105058365,0.2170818505338078,0.1459074733096085,0.0711743772241993,0.1581027667984189,0.1067193675889328,0.0513833992094861,0.0845588235294117,0.0735294117647058,0.0110294117647058,4.461538461538462,3.409090909090909,3.0,4.892857142857143,71.2,73.7,70.0,72.3,,,,,,,,,,,,,,,,,,,,,
401628390,2024-10-12 19:30:00,2024,regular,7,True,Oklahoma,SEC,1827.0,906.61,Texas,SEC,953.95,2091.0,3.0,34.0,-31.0,17.0,0.1304109036261744,0.1130313402170977,0.2862171445825536,0.0745955191216999,0.1018602524055787,0.0255104874888395,0.1324329258660306,0.0795127071359808,0.1793520792871135,0.2443309717406606,0.3965232296539435,0.1292432407641582,0.3750191665969704,0.3772845972382398,0.4959686868643672,0.3769604766055602,0.4324776618036207,0.4436561983640537,0.5207435008967498,0.4521691914444977,0.2775560001904871,0.2807031641590086,0.3535550251533544,0.2647954436494352,2.823984717065433,2.7192872908347687,3.036558947812408,2.966133826781604,1.066132527197186,0.9333370637718366,1.093157916750738,1.0040408193208004,1.2802937223830633,0.9532963431278324,1.3149468536022426,1.06714232486375,1.307053387744064,1.2582681539218086,1.283314501683234,1.2316129687317627,1.0210426185218349,0.949666162863197,0.952271846442872,0.9639231052031176,1.589734826220763,1.5924725600968437,1.6453001891846994,1.5548692114994869,0.1719745222929936,0.1210191082802547,0.0509554140127388,0.1260744985673352,0.0830945558739255,0.0429799426934097,0.2011661807580174,0.1428571428571428,0.0583090379008746,0.2145214521452145,0.1353135313531353,0.0792079207920792,4.0,4.418181818181818,3.0454545454545454,2.3529411764705883,68.1,73.9,68.7,73.5,,,,,,,,,,,,,,,,,,,,,
401628515,2024-10-12 23:30:00,2024,regular,7,False,Oregon,Big Ten,1971.0,916.71,Ohio State,Big Ten,998.62,2080.0,32.0,31.0,1.0,3.5,0.2456527726392433,0.1168619323012661,0.3230794406855797,0.0680693937022696,0.1890768918278573,0.1138213613250731,0.2550675315758978,0.0182367992134887,0.2979825462074952,0.1692704556498586,0.362242727500544,0.18535614491876,0.4815206355668114,0.3770356230207932,0.4874863012707047,0.3708759558199235,0.5167172454277562,0.4352244142553007,0.5215239395570644,0.4159417387818336,0.3267468453902141,0.2982492296630775,0.3390700408763863,0.3010983798425708,3.32201291757075,3.020193858717422,3.4778760052788087,2.9203227816344075,1.1582137870092448,1.0315551507751102,1.231119108164145,0.9629610211878804,1.2920218298363415,1.2393197514610643,1.5867280689401395,1.166827450434245,1.2569457664716572,1.2537234019145571,1.32402695271344,1.244932142665004,0.9608518384716656,0.992960237267496,1.0260080223865509,0.9622931917603488,1.598234584354788,1.54387769292096,1.6117169981799475,1.565496166726676,0.1158301158301158,0.0926640926640926,0.0231660231660231,0.1148036253776435,0.0604229607250755,0.0543806646525679,0.2226890756302521,0.1050420168067226,0.1176470588235294,0.2279411764705882,0.1617647058823529,0.0661764705882353,4.296296296296297,5.114754098360656,3.888888888888889,2.2051282051282053,72.0,71.8,70.0,75.8,,,,,,,,,,,,,,,,,,,,,
401628396,2024-10-19 16:45:00,2024,regular,8,False,Oklahoma,SEC,1780.0,906.61,South Carolina,SEC,798.18,1658.0,9.0,35.0,-26.0,1.0,0.1234901316235273,0.1194981542396297,0.1684121760022215,0.09483102576155,0.0772722947008851,0.0425581551118242,0.1447454828363946,0.1226787171130145,0.1870286569269038,0.237745837714052,0.2224554840691344,0.1460957642866487,0.3850530348583316,0.3701550702678757,0.4246260927541859,0.3892754233527542,0.4348111431734323,0.4294713474913978,0.4727306997847628,0.4483549398088164,0.2837901700257822,0.2900031707693875,0.3023226049799005,0.2958123974060662,2.76912350550846,2.7582515060565855,3.16178305511924,2.9280457417816206,1.0769415111839824,0.9474564377883316,1.1116912260893266,0.9947682691914276,1.2206204982394695,1.0438445262686904,1.355548734195709,1.0468718959116858,1.2823974604731432,1.2646707879882173,1.2732508946995027,1.2330419669433403,1.0035705078730714,0.9511057508916382,0.9796260467305452,0.9607971215358808,1.5643795915206862,1.608576001747403,1.6397335217722364,1.5685579294277316,0.1749347258485639,0.1331592689295039,0.04177545691906,0.1923076923076923,0.1538461538461538,0.0384615384615384,0.1905940594059406,0.1386138613861386,0.0519801980198019,0.2114882506527415,0.1462140992167102,0.0652741514360313,3.6578947368421058,3.5531914893617023,3.2413793103448274,3.911764705882353,68.6,72.4,69.7,72.1,,,,,,,,,,,,,,,,,,,,,
401628397,2024-10-19 19:30:00,2024,regular,8,False,Tennessee,SEC,1936.0,858.67,Alabama,SEC,1018.28,2010.0,24.0,17.0,7.0,3.5,0.1991918786151138,0.0837683349784934,0.290478584862689,0.1142871070482133,0.1585589919592621,0.0254535079271366,0.2127508898832956,0.058343960306263,0.2502755888031491,0.2030113571454488,0.3369605289388825,0.2103485445880921,0.4256684843038706,0.3685610219583992,0.4749345071582587,0.3591490311205201,0.4707781917025417,0.4244349113502961,0.5144409902005932,0.4218408227312332,0.3150662946599431,0.2921208981304742,0.3185186078595814,0.2889346872285788,3.1485165670214466,2.519751641320213,2.9040305390239753,2.7857295698116804,1.1453439969711547,1.0426783123441126,1.1315025657874818,1.039447234836027,1.401821647492199,1.1319115925938916,1.6155199753956302,0.9785942732113256,1.2891751118400738,1.2469074109618552,1.333568327403603,1.2936050041372484,1.01067089560913,0.9805117073268926,1.0394437630048037,0.9754001515372464,1.5976289485449744,1.5329560349576266,1.6134621919749297,1.6353717773341536,0.1327683615819209,0.096045197740113,0.0367231638418079,0.1510989010989011,0.1153846153846153,0.0357142857142857,0.2662337662337662,0.198051948051948,0.0681818181818181,0.200902934537246,0.110609480812641,0.0902934537246049,3.945945945945946,4.818181818181818,2.787878787878788,3.358974358974359,69.2,72.3,68.2,71.8,,,,,,,,,,,,,,,,,,,,,
401628398,2024-10-19 23:30:00,2024,regular,8,False,Texas,SEC,2138.0,953.95,Georgia,SEC,1006.89,2009.0,15.0,30.0,-15.0,-4.0,0.2847699063565183,0.0587638587936555,0.2516071084065804,0.1300580578215893,0.1486965838225019,0.0554377654406223,0.1423162058700817,0.0595448402966493,0.3758315103790953,0.1321717288662503,0.3187833966914192,0.2309462577681213,0.4870020370262899,0.3832036097074737,0.4545943283070496,0.3760352415862528,0.50994362294883,0.453769480016801,0.4988296368648433,0.458962922610175,0.3649693156999743,0.2686333975602223,0.3153064334917589,0.2701535569749668,3.0268675671505103,2.915742346258842,2.898801183133408,2.850246944521441,1.1093527880032037,1.0131395134544097,1.0551592747675915,0.9870635281955288,1.4094804474512903,0.9947700057013742,1.251010661732747,1.1883152910433012,1.288852285515713,1.204622769317178,1.3123583340124414,1.2675922317440569,0.9543900084282032,0.9502427714699336,0.9959708284595148,0.963297330930845,1.665253096772148,1.5226586670614848,1.596849749940408,1.5867879050544371,0.1268292682926829,0.0878048780487804,0.0390243902439024,0.1501501501501501,0.084084084084084,0.066066066066066,0.2096774193548387,0.1451612903225806,0.064516129032258,0.146031746031746,0.0952380952380952,0.0507936507936507,4.354838709677419,4.411764705882353,2.1842105263157894,3.533333333333333,68.0,73.3,71.6,73.4,,,,,,,,,,,,,,,,,,,,,
401628400,2024-10-26 19:30:00,2024,regular,9,False,Alabama,SEC,1996.0,1018.28,Missouri,SEC,807.36,1735.0,34.0,0.0,34.0,-15.5,0.2716399768205028,0.1001207112000768,0.1826169597186343,0.1727344357925749,0.196803505782164,0.0486279584807529,0.1581053293076412,0.1069187538744349,0.3074502078448748,0.1953561353421402,0.2163337327082589,0.2468996799173836,0.4737328416836515,0.3620507293706324,0.4299822947825072,0.3812211682062872,0.5118544319646571,0.4236378850258988,0.4638102370707574,0.4553134027506555,0.3112843594452641,0.2870113119628409,0.3266582265504612,0.2756097460940435,2.867779575222828,2.822272659744673,3.127953259291953,2.7343100655513664,1.1068861437041366,1.0555568263690345,1.079343219463065,1.021291708720988,1.553980355026178,1.0078242711112055,1.282917684865107,1.341732732323331,1.3178533274779298,1.2843031241297622,1.270089257254254,1.301031460121808,1.0299072902843212,0.9576361730092334,1.001170059229504,1.0006006188583705,1.599026517787936,1.6538719906786787,1.5549425504583003,1.6151858959104524,0.1541950113378684,0.1179138321995464,0.0362811791383219,0.1258741258741259,0.0862470862470862,0.0396270396270396,0.191860465116279,0.1046511627906976,0.0872093023255814,0.1970588235294117,0.1205882352941176,0.0764705882352941,4.58,3.5106382978723403,3.163265306122449,3.111111111111111,68.9,71.2,68.9,73.7,,,,,,,,,,,,,,,,,,,,,
401628402,2024-10-26 16:00:00,2024,regular,9,False,Ole Miss,SEC,1905.0,801.66,Oklahoma,SEC,906.61,1694.0,26.0,14.0,12.0,-19.5,0.2895322240619263,0.0548206487970802,0.1069792500666732,0.1174650408098796,0.2116250685653455,0.0080161583392483,0.0579442046131844,0.0437024403773585,0.326381109004808,0.1603763396000687,0.1779697813136031,0.2310400376069395,0.4722322917648827,0.3312016243010223,0.3809120281323022,0.3690153891330774,0.5152879767380795,0.4148508814485236,0.4338207520133764,0.435076563045742,0.3360194523695936,0.2627922922045249,0.2761995681634213,0.2841737899845904,3.3920937626213346,2.417434333794045,2.7794766080598743,2.7588643246778917,1.2401367676728323,0.8912208151786638,1.055246104939931,0.9544790179890996,1.300723288067818,0.9857602760379828,1.1755587785354575,1.0360720726627686,1.2864193373147077,1.2796176214483326,1.2755310391837444,1.259644773702462,1.0048882343457293,0.9648856195736109,0.9909793450503436,0.9437942807476112,1.579325229076349,1.5808946316855812,1.5649025166840342,1.606383589849592,0.1647058823529411,0.1011764705882353,0.0635294117647058,0.1965065502183406,0.1528384279475982,0.0436681222707423,0.2273781902552204,0.1345707656612529,0.0928074245939675,0.1956521739130435,0.1456521739130434,0.05,4.352941176470588,3.239130434782609,2.411764705882353,3.1666666666666665,70.2,74.0,70.2,71.0,,,,,,,,,,,,,,,,,,,,,
401628405,2024-10-26 20:15:00,2024,regular,9,False,Vanderbilt,SEC,1396.0,695.96,Texas,SEC,953.95,2089.0,24.0,27.0,-3.0,17.0,0.2039571517895474,0.2049926406368565,0.2467691840131936,0.0458705417060241,0.0813717161404523,0.1344204217108026,0.1474998255837265,0.0713161390864654,0.3367360651973574,0.2609793423602221,0.3097104518982562,0.0985248850647542,0.444744925725409,0.4406931736656337,0.4662804785115186,0.3711854141758491,0.4896531730437563,0.4790163538359032,0.4949348984312784,0.4444279734244959,0.3183976582048836,0.3361918656636933,0.3476663511811233,0.2650286956001246,2.7912097764250063,2.993580593518145,3.065273905578646,2.903810968496916,1.0160532646624447,1.1169991371212018,1.10963377991756,1.0106956395389288,1.0545594208958682,1.2745772904707318,1.3840039114273697,0.982518718193707,1.25591435493176,1.2752927590960568,1.2839399345764266,1.1971179404731018,0.9513815176161784,0.9937403920900764,0.9584329116111188,0.9532001572923944,1.6300101635740636,1.540589738971782,1.6411385026834893,1.4906781712010757,0.1584415584415584,0.1012987012987013,0.0571428571428571,0.1487603305785124,0.1012396694214876,0.0475206611570247,0.1506849315068493,0.0931506849315068,0.0575342465753424,0.200902934537246,0.1309255079006772,0.0699774266365688,4.4,4.115942028985507,4.485714285714286,2.444444444444444,67.8,75.0,68.7,72.0,,,,,,,,,,,,,,,,,,,,,
401628530,2024-10-26 16:00:00,2024,regular,9,False,Ohio State,Big Ten,2076.0,998.62,Nebraska,Big Ten,790.42,1454.0,21.0,17.0,4.0,-25.0,0.3440702416969682,0.0704996862115298,0.1548200928875145,0.1317237631893008,0.2615761898784149,0.0246976491377634,0.1003416737076566,0.1181341162665262,0.3719553620440483,0.1874827116341573,0.2397830509989387,0.1982561076713059,0.4922207486998741,0.3620304559472418,0.4180321104344913,0.4058453197203737,0.5326101252865691,0.4045226022376584,0.4693788176901439,0.4602622895892946,0.3330101452603571,0.3098307385068842,0.3045164889254736,0.3042830362759366,3.4483037487044887,2.8939959282463454,2.96445370851048,2.945271345372601,1.2011982349214836,0.977278685440756,0.9987840530849732,1.0899515216371731,1.5945797081421695,1.1582869137000324,0.9856310030903064,1.2211834116520253,1.3209989955168189,1.2588579543351766,1.2208154591309812,1.25877834330163,1.026037795693035,0.9606530629122824,0.942500799125302,0.9782625570187437,1.5978328198024163,1.5848075286281629,1.547216818460662,1.53853284997226,0.1077694235588972,0.06265664160401,0.0451127819548872,0.1586901763224181,0.1007556675062972,0.0579345088161209,0.2047477744807121,0.1364985163204747,0.0682492581602373,0.2116991643454039,0.1309192200557103,0.0807799442896936,5.119402985074627,3.088888888888889,2.4565217391304346,3.1219512195121952,70.9,74.7,71.7,71.8,,,,,,,,,,,,,,,,,,,,,
401628408,2024-11-02 19:30:00,2024,regular,10,True,Georgia,SEC,2058.0,1006.89,Florida,SEC,894.24,1634.0,34.0,20.0,14.0,-15.0,0.2380748502770419,0.086130351161258,0.1762271177019156,0.1641143333124472,0.1497120816119327,0.0722398487343549,0.1491879955848098,0.1370075777285038,0.2874040181485608,0.1553389967585424,0.2077629651273119,0.2285876696461582,0.4454529583683451,0.3473564264716292,0.484962136410172,0.41356420902785,0.4900180848724589,0.4441793928120702,0.5276215361699057,0.4687216603899971,0.3095205058802939,0.2596356656222978,0.3025753702837165,0.3207104807887797,2.899635109213738,2.938184633461653,3.167309073021382,3.0993465995473146,1.0416930820470591,0.999584264515776,1.1685404848190877,1.0237044739703411,1.2205543353251982,1.1487283910615187,1.2824491921894414,1.0661735358976894,1.3039985609203015,1.2622200403614103,1.2158778125223038,1.2297294434156367,1.0007481984270254,0.968505321218623,0.9668280042135822,0.9481919849436576,1.5703456463801186,1.5504831742130885,1.504137765717266,1.6144729110383098,0.1509900990099009,0.0792079207920792,0.0717821782178217,0.1977715877437326,0.1309192200557103,0.0668523676880222,0.1696658097686375,0.1105398457583547,0.0591259640102827,0.1445221445221445,0.0815850815850815,0.0629370629370629,4.317073170731708,4.181818181818182,3.243243243243243,3.1315789473684212,70.2,73.6,70.0,71.1,,,,,,,,,,,,,,,,,,,,,
401628539,2024-11-02 16:00:00,2024,regular,10,False,Penn State,Big Ten,1918.0,895.31,Ohio State,Big Ten,998.62,2063.0,13.0,20.0,-7.0,3.0,0.269336550552259,0.0782527731122557,0.3536025722969529,0.0692891476442467,0.1355935519882196,0.0375683225914186,0.2427695471030849,0.0341892700986256,0.3868579162065934,0.1714244812113608,0.4025472105387687,0.1716606073981284,0.4992088930998096,0.3369368523477986,0.4955973248884933,0.353163221676899,0.5449847278481046,0.4081188673724484,0.5405896375933197,0.3951382693314251,0.3121846915267479,0.2805810101658804,0.3199035386857937,0.3038310313551636,3.261596547022092,2.4651868848952607,3.397537177021556,2.9550596308249863,1.1948806390355875,1.0042957102333483,1.1710473227880238,0.9794371134463594,1.1573819031712576,1.2327612088530358,1.5188752854804477,1.1921808604932405,1.2374852481042595,1.302038877680236,1.3128446486885108,1.265183404810888,0.9317693440240772,0.998284446111358,1.012476322257413,0.9724157689005616,1.6188428021342178,1.5953584970379469,1.612816951118929,1.5741577538345046,0.0945054945054945,0.0549450549450549,0.0395604395604395,0.1188340807174887,0.0739910313901345,0.0448430493273542,0.2072289156626506,0.1277108433734939,0.0795180722891566,0.2139303482587064,0.1517412935323383,0.0621890547263681,4.857142857142857,5.028169014084507,3.075,2.480769230769231,73.2,72.3,71.0,74.7,,,,,,,,,,,,,,,,,,,,,
401628413,2024-11-10 00:30:00,2024,regular,11,False,LSU,SEC,1855.0,906.19,Alabama,SEC,1018.28,2058.0,13.0,42.0,-29.0,3.0,0.2542787923882377,0.1367544880254971,0.2842711799082416,0.0763979683825351,0.1170533823542789,0.0977126663068064,0.2112322066386779,0.0479915774986443,0.330911937123666,0.2053786829040779,0.3201572101375903,0.1574942625922949,0.4594925716762997,0.3872317071952711,0.4798709667904235,0.3582944158317614,0.4841626757760407,0.4576911598021128,0.5181217815334338,0.4238460184842906,0.3350134900701578,0.2943192700098302,0.3115388187763459,0.2827060131449171,3.0411899788702703,2.7831874548910487,2.9012374435526245,2.8799070485353075,1.0482236070112252,1.110090644274454,1.1332025309598237,1.0635698643486446,1.264028292942614,1.4259947237484492,1.6690940632783262,0.9860908865218498,1.3012432322655687,1.2995442511319315,1.3152595358961652,1.260472433991083,0.9727349166759564,1.0202832457917173,1.0518034453074825,0.9437415345472006,1.5857238422472717,1.5671265288682312,1.5814393735642216,1.632282506716111,0.1290322580645161,0.0504032258064516,0.0786290322580645,0.1488095238095238,0.1130952380952381,0.0357142857142857,0.2222222222222222,0.1383219954648526,0.0839002267573696,0.1830742659758203,0.0984455958549222,0.0846286701208981,4.018518518518518,4.614035087719298,3.2,3.1,70.9,70.3,69.6,71.4,,,,,,,,,,,,,,,,,,,,,
401628414,2024-11-09 20:30:00,2024,regular,11,False,Ole Miss,SEC,1960.0,801.66,Georgia,SEC,1006.89,2057.0,28.0,10.0,18.0,2.0,0.3229021565671354,0.0861052370238829,0.2408166060593802,0.0795777898786893,0.1706485695630065,0.0549267600892698,0.1563072346631205,0.064827596574654,0.4302046190099052,0.1593948286245607,0.2876376105994038,0.1451304156277217,0.4757659210604965,0.3560515396774217,0.4525060542190871,0.3355715959736416,0.5069580897431262,0.4362838851909341,0.4942308480604713,0.4325164404640697,0.3443500064564134,0.2759891061639909,0.3133475869685853,0.256444004529477,3.216185305575409,2.6943389054225,2.9639612036391907,2.8534260098925395,1.1480362214501043,0.9417842962775712,1.055029526949769,1.013661568367234,1.211645430004161,1.0698509896930388,1.22364119823743,1.1075317682608892,1.3207805591159116,1.2744226179090703,1.299378212314439,1.2664763685618492,0.9971862465806004,0.9675163137768198,0.9987591769431234,0.9622602894357204,1.6509063069449443,1.575380988561842,1.5591200913144694,1.5768207422394267,0.1532976827094474,0.1016042780748663,0.0516934046345811,0.1488469601677149,0.0754716981132075,0.0733752620545073,0.24,0.1582608695652174,0.0817391304347826,0.1684901531728665,0.1094091903719912,0.0590809628008752,4.409090909090909,4.3061224489795915,2.8222222222222224,3.24390243902439,70.4,74.6,70.2,73.0,,,,,,,,,,,,,,,,,,,,,
401628415,2024-11-10 00:45:00,2024,regular,11,False,Missouri,SEC,1673.0,807.36,Oklahoma,SEC,906.61,1688.0,30.0,23.0,7.0,3.5,0.1617163952248452,0.184331889140772,0.1175318542089031,0.104948763102533,0.1622074445192409,0.1238634928178313,0.0877748793209657,0.021697088700687,0.1741947345555896,0.2528844320277083,0.160900849243022,0.2382076237933646,0.4339052813598314,0.3878046577780009,0.4020956728429939,0.3637915902942028,0.4686595728094149,0.4640994885061636,0.4526313362130413,0.4249974845004814,0.3157556957496727,0.2815594565193962,0.2813242535293327,0.2934091205780235,3.1921034517227924,2.8106662404457565,2.9589061469163154,2.6976196430224064,1.088448155207007,1.0580073669032688,1.091420677059955,0.9133523281929884,1.2597152458275442,1.4738877274861644,1.167684878872353,0.983249642864796,1.2432414013712187,1.296713078287069,1.253411388065384,1.261731613961522,0.9946184393740468,1.0167123112026897,0.9802904273504848,0.930946635284132,1.5298482010229095,1.5968772406857883,1.55163038650477,1.6067662099098308,0.1239837398373983,0.08130081300813,0.0426829268292682,0.209647495361781,0.1632653061224489,0.046382189239332,0.1836228287841191,0.1141439205955335,0.0694789081885856,0.1961538461538461,0.15,0.0461538461538461,3.4375,3.196078431372549,3.4705882352941178,3.2790697674418605,69.4,73.9,70.4,71.3,,,,,,,,,,,,,,,,,,,,,
401628417,2024-11-09 17:00:00,2024,regular,11,False,Texas,SEC,2057.0,953.95,Florida,SEC,894.24,1635.0,49.0,17.0,32.0,-22.0,0.2452353762277806,0.0459240655362429,0.1673595314312305,0.1553569137749491,0.1423687813730079,0.0644281162982265,0.1459308989297555,0.1368889372558102,0.319974775614204,0.0906641607505741,0.1945549327229528,0.2150504087551956,0.4590874395161779,0.3683253610611033,0.4666973927270715,0.4176908721724466,0.4907946124144338,0.4427894588438221,0.5134302773445814,0.4714459400514554,0.340881394224089,0.268811653614388,0.2978629671087479,0.32292280374373,3.0636839430607896,2.888147400635755,3.072666808399144,3.1604573949197863,1.1084969944670675,0.9874408521979376,1.1870053503402,1.0241916105686124,1.3706107139491814,0.9516548748277092,1.2524383494656306,1.0459738494148885,1.2911612942710216,1.1915929544360289,1.221743900360297,1.2209182611028115,0.9602090273497844,0.9421355724916944,0.9629621098352558,0.9356866351741132,1.6409359957942593,1.4775444003946303,1.5269238019672997,1.595935345780704,0.1597096188747731,0.1052631578947368,0.0544464609800363,0.1920374707259953,0.126463700234192,0.0655737704918032,0.2007952286282306,0.1212723658051689,0.0795228628230616,0.1434262948207171,0.0776892430278884,0.0657370517928286,4.1466666666666665,4.104166666666667,2.68,3.3260869565217392,68.3,71.8,70.0,71.0,,,,,,,,,,,,,,,,,,,,,
401628545,2024-11-09 17:00:00,2024,regular,11,False,Ohio State,Big Ten,2065.0,998.62,Purdue,Big Ten,738.93,1220.0,45.0,0.0,45.0,-37.0,0.34790347933511,0.0502190110045165,0.112764198518898,0.3410699437124491,0.2466734182608292,0.0352177190343589,0.1006559987378864,0.2378084749806759,0.4034529142844658,0.137345614045738,0.1469562669428765,0.3873574083622399,0.5039873269401931,0.3441792810358616,0.400091559372801,0.463293448583628,0.5455515116252239,0.3899619103533764,0.4537610115385065,0.49438756393012,0.3261816894917454,0.3001366140562112,0.2952759613558314,0.3457857635209418,3.4484762779818334,2.9405094075972276,3.111921898122004,3.241425449321151,1.1949130215637165,0.9561392985921244,1.182980282657627,1.2376948837869275,1.4905054742941517,1.195965679611613,1.365166486174606,1.5392453936552937,1.3079733246019445,1.2623311160290602,1.2523334219920434,1.356507917061032,1.0101451198631104,0.9732618557441036,0.9577651399711524,1.0652505315555905,1.623462590356351,1.5675202320545298,1.5875960841403272,1.6465990362604914,0.1254901960784313,0.0784313725490196,0.0470588235294117,0.2146596858638743,0.1361256544502617,0.0785340314136125,0.2043956043956044,0.1406593406593406,0.0637362637362637,0.1215351812366737,0.0724946695095948,0.0490405117270788,4.743589743589744,3.2666666666666666,2.4107142857142856,4.54,71.5,74.5,71.9,70.5,,,,,,,,,,,,,,,,,,,,,
401628419,2024-11-16 17:00:00,2024,regular,12,False,Arkansas,SEC,1524.0,779.17,Texas,SEC,953.95,2094.0,10.0,20.0,-10.0,12.0,0.2357020440119299,0.1420741718322014,0.265797462352181,0.0607729243370771,0.1677071264233225,0.02286055441159,0.1568936795678814,0.0899930981147574,0.2846056685496715,0.2940660696463681,0.3353463064599064,0.0831897008154032,0.4747020896072729,0.4059190507931583,0.4610560738737375,0.3746127342894988,0.5165907547046759,0.4890787307817018,0.4934517997943862,0.4488672667416834,0.3277112925883989,0.2819579572384251,0.3406039427627367,0.270458164736422,3.162270929949472,2.9047351986419176,3.088827833122393,2.9935557438018856,1.32992427836518,0.8764129419674392,1.1320911066099704,1.0181849295394805,1.4772174924360546,1.1341421743034446,1.4512640516941384,0.9345830014739982,1.30251580784909,1.2473053377762626,1.312287718477953,1.180746233888142,1.0059615861533933,0.9221846442589524,0.9748235899096456,0.9432341276102776,1.62789269816783,1.5730164353358411,1.6615792299050185,1.4650279308255718,0.2182468694096601,0.1341681574239713,0.0840787119856887,0.1512195121951219,0.1008130081300813,0.0504065040650406,0.1381215469613259,0.0662983425414364,0.0718232044198895,0.1968365553602812,0.1159929701230228,0.0808435852372583,3.442622950819672,4.2023809523809526,3.344827586206897,2.7454545454545456,72.7,71.2,67.9,71.9,,,,,,,,,,,,,,,,,,,,,
401628421,2024-11-17 00:30:00,2024,regular,12,False,Georgia,SEC,2007.0,1006.89,Tennessee,SEC,858.67,1930.0,31.0,17.0,14.0,-9.5,0.2229025944556099,0.0722629845376422,0.1686963176412402,0.056168678605685,0.150468842932045,0.0488885656897335,0.1118727671844435,0.0404119082167267,0.2653754227284836,0.1510597337377485,0.2555999374721043,0.1415826384484849,0.4593989275836599,0.3338737145933614,0.4342138472098632,0.3423710724208458,0.5020175283300167,0.4312475294285252,0.4787042950752871,0.4086738276226553,0.3081677808931553,0.2547158473351616,0.3122827985236934,0.2852097980734158,2.9425647161331767,2.765071668649974,3.2005231958113805,2.601173952814203,1.0421441579216886,0.9821929007389516,1.097258194992749,1.030661113189577,1.175818917750168,1.0921481774476671,1.2448358348143835,1.137735866232595,1.2746283426343648,1.2609507854508524,1.222958030023424,1.2405461703700873,0.982529695990373,0.9641994943710857,0.9393522656517324,0.9841951851898554,1.5399241809005817,1.5570444467064988,1.584308093419958,1.5161664877266507,0.166358595194085,0.0905730129390018,0.0757855822550831,0.1226575809199318,0.0851788756388415,0.0374787052810902,0.1631477927063339,0.1074856046065259,0.055662188099808,0.232421875,0.166015625,0.06640625,4.169811320754717,3.4461538461538463,3.306122448979592,2.978723404255319,70.5,72.4,68.1,73.3,,,,,,,,,,,,,,,,,,,,,
401628550,2024-11-16 17:00:00,2024,regular,12,True,Northwestern,Big Ten,1479.0,675.78,Ohio State,Big Ten,998.62,2093.0,7.0,31.0,-24.0,28.5,0.061943619828732,0.1150121859277473,0.3430919487541776,0.0292464910575568,0.0770056390551526,0.0464559774292559,0.2532996937694269,0.0195344755058031,0.1253912581765149,0.2249144464901511,0.3951111365985486,0.115163859749063,0.3690256415003637,0.4127536818629497,0.5045217998728252,0.3473724858760447,0.4288685048685025,0.4461012059463095,0.5436851741563095,0.4003581255814596,0.2878379368366339,0.3273376222712192,0.3364823614957478,0.2886357944782035,2.6367671339871883,2.9556122851203774,3.4720878731825806,3.005137377159417,1.0713213765033092,0.9446713095556118,1.211811663321812,0.953804031969124,1.1734581091254717,0.953725834802342,1.4650606470066303,1.13348514970548,1.262122387823949,1.2082873947819746,1.2997305638362997,1.2370263418358525,1.0293212387896904,0.918988419395101,1.0131403850433045,0.9561759244344288,1.489649985485612,1.4936452696699598,1.6024067839723248,1.5530069502925123,0.1923890063424947,0.1162790697674418,0.0761099365750528,0.121317157712305,0.0745233968804159,0.046793760831889,0.163302752293578,0.0899082568807339,0.073394495412844,0.2074363992172211,0.136986301369863,0.0704500978473581,2.911764705882353,4.8,3.2340425531914896,2.2131147540983607,72.0,65.9,71.6,74.6,,,,,,,,,,,,,,,,,,,,,
401628430,2024-11-23 17:45:00,2024,regular,13,False,Georgia,SEC,2029.0,1006.89,Massachusetts,SEC,585.57,1017.0,59.0,21.0,38.0,-42.0,0.2446456559926431,0.0798969592539242,0.1026095435353407,0.2609937598685347,0.1457536023893249,0.0753375582576601,0.1081397377638628,0.248451525892162,0.2949072045531815,0.1408598305097995,0.1495362631661108,0.2504758439771166,0.4640196487491297,0.3465649412410753,0.3699089800279415,0.4590430530375005,0.4978704582369955,0.4369189804743159,0.4246428702807543,0.517682804583489,0.3204219188552903,0.2619926848664378,0.3058636013923544,0.2941702139793168,2.9418765592115146,2.8108278766933386,2.976624829524374,3.354660488079607,1.0354120234013269,0.9951002040837452,1.0131426108783963,1.2167736666364966,1.1391316573678112,1.075441579718173,1.065625142901458,1.593237479515412,1.2866588221387671,1.2506798731908797,1.2441185345819252,1.2800396357330666,0.9820911934130944,0.9779322603014214,0.9515485722010428,1.0108207989786486,1.557208897278081,1.523111470030099,1.5986257755179103,1.6306082032129805,0.1617647058823529,0.0849673202614379,0.076797385620915,0.1996336996336996,0.13003663003663,0.0695970695970696,0.1602023608768971,0.1062394603709949,0.0539629005059021,0.1443965517241379,0.084051724137931,0.0603448275862069,4.344827586206897,3.075,3.3773584905660377,4.509803921568627,71.1,72.6,75.0,67.3,,,,,,,,,,,,,,,,,,,,,
401628433,2024-11-24 00:30:00,2024,regular,13,False,Oklahoma,SEC,1678.0,906.61,Alabama,SEC,1018.28,2113.0,24.0,3.0,21.0,13.5,0.1016606082611972,0.0843372125715802,0.293118003501729,0.0650741598047927,0.0733014236703614,0.0017940127884193,0.2246631230534932,0.0599603156719993,0.1541877085628063,0.2247172760328765,0.3193961477379643,0.1298718582127599,0.4009065066759668,0.3577360873229607,0.4849164951982327,0.3568311500036372,0.4486725361497128,0.4186844633665154,0.5181285251859304,0.423347636871391,0.2846806921078237,0.2934935428949471,0.3214472065843902,0.2822046237320133,3.0016859146102917,2.712144934498694,2.951150542002458,2.8783910855172175,1.1213097799336584,0.90428581191019,1.133326294163208,1.0646567397309294,1.168223512618419,0.9671085465776584,1.7265913945066675,1.0195405414996923,1.247954222513804,1.2547650771499634,1.312622111583384,1.2564297567319955,0.9744034187057496,0.922718396800643,1.0643202521516033,0.9503575623437612,1.5573541406649594,1.6059644151727954,1.5725741984639343,1.608098892672192,0.2146422628951747,0.168053244592346,0.0465890183028286,0.1421052631578947,0.1070175438596491,0.0350877192982456,0.1905564924114671,0.148397976391231,0.042158516020236,0.17984496124031,0.0976744186046511,0.0821705426356589,3.1964285714285716,4.65625,3.4375,3.0,70.2,70.9,69.5,71.6,,,,,,,,,,,,,,,,,,,,,
401628436,2024-11-23 20:30:00,2024,regular,13,False,Texas,SEC,2071.0,953.95,Kentucky,SEC,788.36,1537.0,31.0,14.0,17.0,-19.0,0.2545839439291457,0.0465276082396211,0.1341063743006414,0.1450150433271868,0.1467386241364406,0.0855992978711032,0.1284366505994189,0.1107753649956858,0.3270476467301191,0.0728305098475313,0.1522695665254428,0.2148117427474153,0.4577756746675283,0.3768018709543641,0.4448168968414497,0.4251675568166784,0.4899423920900821,0.4524984944509215,0.4942670713725346,0.4853510611810757,0.3412791036863485,0.2700365278849466,0.2968331407856521,0.3109322156126488,3.038934424237473,3.0317608006273717,3.2162247128523145,2.884851026191815,1.1074720590588218,1.0182147613231884,1.2034998289890928,1.0834463835604378,1.399792548592654,0.8741906686200048,1.1159318394627211,1.2314237535386374,1.3035843144811854,1.152164965455507,1.2153564609395993,1.2137288421727996,0.964298752920195,0.911369179237584,0.9053614107312076,0.9423936129941372,1.6575543915753237,1.4719174758660911,1.660519324335099,1.5553692222550493,0.1555232558139535,0.1046511627906976,0.0508720930232558,0.1827956989247312,0.1129032258064516,0.0698924731182795,0.1990445859872611,0.1210191082802547,0.0780254777070063,0.1771653543307086,0.1279527559055118,0.0492125984251968,4.144444444444445,3.4285714285714284,2.7288135593220337,3.4772727272727275,67.9,72.1,73.1,71.8,,,,,,,,,,,,,,,,,,,,,
401628555,2024-11-23 17:00:00,2024,regular,13,False,Ohio State,Big Ten,2086.0,998.62,Indiana,Big Ten,668.92,1876.0,38.0,15.0,23.0,-10.5,0.3477259000953963,0.0347178338477706,0.289418175713045,0.1200533060119697,0.2604036440888057,0.0206328247714966,0.1267760850264319,0.0681050654546177,0.3897463059688518,0.1182014240410721,0.4091128229234893,0.1871901512511547,0.5038028287824339,0.3537128262314247,0.5086875924139505,0.3843365964349421,0.5430138578520209,0.396783560487682,0.5571099697011083,0.4430181828018911,0.3386829393887889,0.2987259459962683,0.3240714275830842,0.2897646298030901,3.477663873006103,2.9964577476220824,3.019334938428293,2.56793496328061,1.2212246730544478,0.9606688439444162,1.1097760893816917,0.9795108023354796,1.4529377391602796,1.1013384760998246,1.1055521460259463,1.1948774126056123,1.3063814655664845,1.240071309578609,1.2513543501468762,1.2417566916752063,1.0213110977173434,0.959624924298208,0.9610596135673816,0.9994541840976924,1.6051399878364152,1.5544665058348812,1.5563131629072915,1.4755392016065905,0.1182965299684542,0.0709779179810725,0.0473186119873817,0.1389365351629502,0.0668953687821612,0.072041166380789,0.2100694444444444,0.1371527777777778,0.0729166666666666,0.2058287795992714,0.1384335154826958,0.0673952641165755,4.771739130434782,4.876712328767123,2.1846153846153844,3.547619047619047,72.0,74.8,65.4,73.6,,,,,,,,,,,,,,,,,,,,,
401628437,2024-11-30 20:30:00,2024,regular,14,False,Alabama,SEC,2011.0,1018.28,Auburn,SEC,833.61,1607.0,28.0,14.0,14.0,-11.0,0.2671953021815907,0.0650712310432687,0.2002020446474064,0.1156677843542688,0.2063838788794522,0.0658085380181477,0.1398605436717261,0.05891032964658,0.2898027887754648,0.125016968275127,0.2494154220293082,0.2215696004755975,0.4753837062183808,0.3649577202789461,0.4546915220842192,0.3626724429635896,0.5123927554598738,0.4294591508489037,0.4959702501939062,0.4329311047061925,0.3182014278771147,0.2856893042803613,0.3201475753034291,0.2845962012230661,2.886130321379908,2.879736371056744,3.283889394948125,2.610394054674756,1.1135162935225025,1.0586472453916291,1.277086971393524,0.937239785291752,1.6521643752852966,1.0528902041010435,1.3406516211245822,0.9916379569323772,1.3064350002756826,1.2361157596930543,1.2432096692949215,1.2925835534752446,1.053461619204927,0.9462271942450272,0.9525978289884988,0.9823868864191864,1.572562457929144,1.590383891466693,1.5893462529236968,1.637538612872375,0.1515151515151515,0.1116427432216905,0.0398724082934609,0.1775417298937784,0.1047040971168437,0.0728376327769347,0.1711456859971711,0.0961810466760961,0.0749646393210749,0.1441578148710167,0.0819423368740516,0.0622154779969651,4.492537313432836,3.310344827586207,2.9365079365079363,3.3333333333333335,70.0,71.2,71.8,69.0,,,,,,,,,,,,,,,,,,,,,
401628439,2024-11-30 00:30:00,2024,regular,14,False,Georgia,SEC,2023.0,1006.89,Georgia Tech,SEC,703.0,1575.0,44.0,42.0,2.0,-17.5,0.2541806192379958,0.0888329237446828,0.2148046070612133,0.1366435937801779,0.1513810336241835,0.0864153255185174,0.1152188523935155,0.0935789926976371,0.3059043872453446,0.1429180163574782,0.3026408690362751,0.2124700218235737,0.4708263082461497,0.3542305506766405,0.4510387460938752,0.4093079562965144,0.5068252337512476,0.4409126343886295,0.476292308943877,0.4890955755493792,0.3249477495792081,0.2636373318241624,0.3424247921032444,0.2748427363149594,2.9911976206910653,2.7976845599963576,2.846783945392088,2.708935802179358,1.0598235474370032,1.013564312204828,1.0602292233230517,1.0995957983519196,1.084395243448726,1.2196183082649612,1.4323391287777616,1.3231140247005784,1.279209997756568,1.2597401100892769,1.2659070026269057,1.2718603580851362,0.9742591458012329,0.995161039813212,1.0160643507374818,0.9988858417796024,1.557985015449049,1.5324458117253414,1.5407799204445531,1.5502284839324263,0.150805270863836,0.0805270863836017,0.0702781844802342,0.1299852289512555,0.0768094534711964,0.053175775480059,0.1584615384615384,0.1076923076923077,0.0507692307692307,0.1588330632090761,0.0972447325769854,0.0615883306320907,4.537313432835821,4.032258064516129,3.3859649122807016,3.844827586206897,71.0,72.7,72.6,71.9,,,,,,,,,,,,,,,,,,,,,
401628441,2024-12-01 00:00:00,2024,regular,14,False,LSU,SEC,1757.0,906.19,Oklahoma,SEC,906.61,1780.0,37.0,17.0,20.0,-6.0,0.2383759863664778,0.1538838060785606,0.1109117910925925,0.0598528644334398,0.1290641629357965,0.1277158835533677,0.0829925066812772,-0.003754616234974,0.2943094401248968,0.2104530861771719,0.1561979699337291,0.1966416496012996,0.4537292184599729,0.3916599538577501,0.413574535482901,0.3544632243528842,0.483081081708239,0.4595206807590221,0.4586839046974071,0.4168442817208047,0.3351160953067223,0.3003646981821433,0.2907233797202426,0.2911410579427885,3.055955884455852,2.8717010370668685,3.0168496410274908,2.650439333454265,1.0432165154906134,1.1222665978754327,1.1205982747294558,0.8898209823763585,1.2691797917668088,1.5505091761919507,1.193221118837834,0.924053769220264,1.2936902394577852,1.3099043502032397,1.2262940490572305,1.2465609387220624,0.9665873235050664,1.0373267180010035,0.967769874670528,0.9194906720857128,1.5741693361462137,1.5824916840278855,1.5390241296765133,1.6048134000812473,0.1396957123098202,0.0663900414937759,0.0733056708160442,0.2021116138763197,0.1598793363499245,0.0422322775263951,0.1872909698996655,0.1153846153846153,0.0719063545150501,0.1953846153846153,0.1492307692307692,0.0461538461538461,3.75,3.111111111111111,3.442857142857143,3.2941176470588234,72.5,69.8,69.8,71.2,,,,,,,,,,,,,,,,,,,,,
401628445,2024-12-01 00:30:00,2024,regular,14,False,Texas A&M,SEC,1767.0,914.52,Texas,SEC,953.95,2063.0,7.0,17.0,-10.0,4.5,0.231108454402194,0.1291273769839321,0.2486084298140835,0.0380545473241731,0.1702462610962091,0.0892690041066583,0.144315577646129,0.0651164241349397,0.2741109859547839,0.1995567931521321,0.3206998358556567,0.0808281803990182,0.4515091099853862,0.3502471157353592,0.4702995979980635,0.3710897779105004,0.4944913310865439,0.4109359953786964,0.5014752057377172,0.4444287757897611,0.3189341028976288,0.2960627313353355,0.3451923222542992,0.2704796669889965,3.1873101754962208,2.4853003932350877,3.1226314118697567,2.921805787408989,1.1485095471963611,1.0968528680783998,1.1288060488925715,0.9953073846970192,1.2361350352208564,1.3682090706772472,1.3849585097539725,0.849665415496089,1.2673126118030793,1.3582385546686584,1.276114599182743,1.1592353149057824,0.9890016743657196,1.04055541576948,0.9520768274312228,0.9105154517519946,1.613476217501861,1.6583103517443667,1.6337790457473356,1.4876089872345,0.1146589259796806,0.0725689404934687,0.0420899854862119,0.1568627450980392,0.1058823529411764,0.0509803921568627,0.2140672782874617,0.1253822629969418,0.0886850152905198,0.2140762463343108,0.1348973607038123,0.0791788856304985,3.5657894736842106,4.164948453608248,3.15,2.625,63.7,69.3,68.5,71.9,,,,,,,,,,,,,,,,,,,,,
401628566,2024-11-30 17:00:00,2024,regular,14,False,Ohio State,Big Ten,2120.0,998.62,Michigan,Big Ten,859.21,1867.0,10.0,13.0,-3.0,-20.0,0.3389274548121147,0.0172721530602356,0.1737325230691535,0.1468452872025988,0.2425780013056791,0.0350508896419161,0.1578349787126678,0.0907365039823103,0.3901103646528172,0.0952328592471326,0.1929205003343766,0.2276479504291108,0.5015568046355209,0.3456503744665865,0.4318551055587738,0.3768773417347359,0.5433218834229167,0.3929694444270973,0.4881133309309587,0.4369976186515783,0.3340381258000605,0.2945020689144006,0.3009020308522113,0.2987180127699602,3.466375373685389,2.943225122417075,3.1294450492248935,2.866701420555504,1.1981347207002997,0.9493916006805282,1.034458856603114,0.9257994239241544,1.448158908517427,1.0857067618485503,1.2605211480887546,1.1265789663002803,1.3027766613419027,1.2324399680697995,1.206082244563715,1.286512155952036,1.0157958952214552,0.9607467816088716,0.972915031087697,0.9500725523222956,1.6049237057571193,1.5542583486517672,1.501947322376454,1.6217633404668046,0.1190130624092888,0.06966618287373,0.0493468795355587,0.1535022354694485,0.0983606557377049,0.0551415797317436,0.2075471698113207,0.139937106918239,0.0676100628930817,0.1868758915834522,0.108416547788873,0.0784593437945791,4.747474747474747,4.392857142857143,2.2941176470588234,3.646153846153846,71.4,74.9,69.9,70.1,,,,,,,,,,,,,,,,,,,,,
401673469,2024-12-07 21:00:00,2024,regular,15,True,Texas,SEC,2059.0,953.95,Georgia,SEC,1006.89,2017.0,19.0,22.0,-3.0,-3.0,0.2424665628893541,0.0148923399663866,0.259751629190271,0.1080126285160838,0.1515644747064136,0.0347200249853054,0.1332751170879247,0.099093768716034,0.3043087082222552,0.0730341052806847,0.3271954379156072,0.1600258636596949,0.4756280782182293,0.3679958353686806,0.4776213296712331,0.3672693176081649,0.5046716456040424,0.4354070450828764,0.5060947136545633,0.4504477081870434,0.3500720207369788,0.2757967066422597,0.3383901306227582,0.2701880586899959,3.166711542304956,2.8767253355797826,3.0148110749098596,2.8828435237881997,1.1493522068864312,0.9618343931847028,1.0715870196205688,1.0372709863785952,1.362926144514332,0.8283950906744527,1.0688256577586588,1.2480274457914853,1.271545354380614,1.15122475860379,1.2667237808724596,1.2531095152838412,0.9480938019819732,0.8988345958931132,0.9516520171263526,0.9845883682201026,1.637440677620697,1.4741651485749123,1.552849072542699,1.536565385696703,0.1591448931116389,0.1068883610451306,0.0522565320665083,0.1489361702127659,0.0811170212765957,0.0678191489361702,0.2151556156968876,0.13531799729364,0.0798376184032476,0.1512261580381471,0.1021798365122615,0.0490463215258855,3.980769230769231,4.5479452054794525,2.5074626865671643,3.4375,69.1,71.6,70.8,73.0,,,,,,,,,,,,,,,,,,,,,
401752677,2025-08-30 16:00:00+00:00,2025,regular,1,False,Ohio State,Big Ten,2169.0,973.69,Texas,SEC,973.54,1898.0,14.0,7.0,,,0.2449601851068405,-0.1819486624739358,0.1819486624739358,-0.2449601851068405,0.1433698707022419,-0.1116694515636008,0.1116694515636008,-0.1433698707022419,0.3960702506105887,-0.2413496548766111,0.2413496548766111,-0.3960702506105887,0.1434497181142005,-0.0465173153260026,0.0465173153260026,-0.1434497181142005,0.1331109597975079,-0.0249675745784694,0.0249675745784694,-0.1331109597975079,0.1083333333333333,-0.0791164842545526,0.0791164842545526,-0.1083333333333333,0.5747840937760786,-0.2162901643846364,0.2162901643846364,-0.5747840937760786,0.1758172091007303,-0.2251010239711248,0.2251010239711248,-0.1758172091007303,0.3886570794599594,-0.196312134646318,0.196312134646318,-0.3886570794599594,-0.0405922526979978,-0.3005822238484874,0.3005822238484874,0.0405922526979978,-0.0184274635736015,0.0009483638748505,-0.0009483638748505,0.0184274635736015,-0.0300258548429861,-0.552173162580315,0.552173162580315,0.0300258548429861,0.179,0.113,0.066,0.166,0.115,0.051,0.166,0.115,0.051,0.179,0.113,0.066,4.987012987012987,3.397435897435898,2.55,3.821428571428571,70.3,74.0,68.7,74.5,0.0,1.0,0.0,3861.0,Ohio Stadium,194.0,fbs,"[0, 7, 0, 7]",0.750937283039093,1974.0,1977.0,251.0,fbs,"[0, 0, 0, 7]",0.2490627169609069,1861.0,1858.0,3.839837753442292,,,
401752665,2025-08-30 19:30:00+00:00,2025,regular,1,False,Florida State,ACC,1556.0,828.45,Alabama,SEC,993.55,1917.0,31.0,17.0,,,0.2436628250496179,-0.0862010033979222,0.0862010033979222,-0.2436628250496179,0.2022428357540232,0.0108341491085517,-0.0108341491085517,-0.2022428357540232,0.2652233236282205,-0.1600504286153127,0.1600504286153127,-0.2652233236282205,0.1034816129602859,-0.0420564490751071,0.0420564490751071,-0.1034816129602859,0.0841836734693877,-0.0263329271575315,0.0263329271575315,-0.0841836734693877,0.1232257326007326,-0.0640381268400592,0.0640381268400592,-0.1232257326007326,0.8023925224123882,0.0815525438739599,-0.0815525438739599,-0.8023925224123882,0.3289781988590056,-0.0209581187218869,0.0209581187218869,-0.3289781988590056,0.2369244091279543,-0.0578868249935907,0.0578868249935907,-0.2369244091279543,0.1146314669475081,-0.075817756643651,0.075817756643651,-0.1146314669475081,0.0105338420691116,0.0245670524131446,-0.0245670524131446,-0.0105338420691116,0.3832270709012706,-0.0290757567458512,0.0290757567458512,-0.3832270709012706,0.184,0.118,0.066,0.155,0.11,0.045,0.155,0.11,0.045,0.184,0.118,0.066,3.9506172839506175,4.265060240963855,4.120689655172414,3.3333333333333335,71.0,69.7,69.6,71.5,0.0,1.0,0.0,3697.0,Doak Campbell Stadium,52.0,fbs,"[7, 10, 7, 7]",0.9667693972587584,1408.0,1477.0,333.0,fbs,"[7, 0, 3, 7]",0.0332306027412414,1824.0,1755.0,4.8906927608722865,,,
401752669,2025-08-30 19:30:00+00:00,2025,regular,1,False,Georgia,SEC,2064.0,1002.98,Marshall,Sun Belt,590.64,1468.0,45.0,7.0,,,0.0890193649490697,-0.082193993963191,0.082193993963191,-0.0890193649490697,0.1217752478212867,-0.036654009964172,0.036654009964172,-0.1217752478212867,0.0106717371484266,-0.1694063833993817,0.1694063833993817,-0.0106717371484266,0.0906137510627136,-0.0663923190581589,0.0663923190581589,-0.0906137510627136,0.1087215155120344,-0.067356328938023,0.067356328938023,-0.1087215155120344,0.0201392029750238,-0.0448207171314741,0.0448207171314741,-0.0201392029750238,0.4304275248075675,-0.4694944978368802,0.4694944978368802,-0.4304275248075675,0.1153204117592507,-0.4578090067071224,0.4578090067071224,-0.1153204117592507,-0.338339810981933,-0.6583722888417874,0.6583722888417874,0.338339810981933,-0.2681417885579589,0.0260572662463705,-0.0260572662463705,0.2681417885579589,-0.0439559941546414,-0.0341652259856948,0.0341652259856948,0.0439559941546414,-0.4519807374090514,-0.0921116996723061,0.0921116996723061,0.4519807374090514,0.156,0.1,0.056,0.152,0.084,0.068,0.152,0.084,0.068,0.156,0.1,0.056,4.8125,3.893333333333333,3.66,3.621212121212121,70.6,73.9,67.8,72.9,0.0,1.0,0.0,3917.0,Sanford Stadium,61.0,fbs,"[14, 10, 14, 7]",0.9931291341781616,1998.0,2053.0,276.0,fbs,"[0, 0, 0, 7]",0.0068708658218383,1574.0,1519.0,2.831958872682932,,,
401752675,2025-08-30 22:00:00+00:00,2025,regular,1,False,Oklahoma,SEC,1823.0,882.59,Illinois State,MVFC,,,35.0,3.0,,,,,,,,,,,,,,,,,,,,,,,,,,,,,,,,,,,,,,,,,,,,,,,,,,,,,,,,,,,,,,,,,,,,,,,0.0,1.0,0.0,3835.0,"Memorial Stadium (Norman, OK)",201.0,fbs,"[7, 14, 0, 14]",0.9924291968345642,1650.0,1650.0,2287.0,fcs,"[0, 0, 3, 0]",0.0075708031654357,,,2.9983928062016716,,,
401752693,2025-09-06 16:00:00+00:00,2025,regular,2,False,Texas,SEC,1898.0,973.54,San José State,Mountain West,522.91,1146.0,38.0,7.0,,,-0.0423104228484045,-0.0701976266530355,0.0701976266530355,0.0423104228484045,-0.0640309769714322,-0.1338239414559087,0.1338239414559087,0.0640309769714322,-0.0549607340880549,-0.0011853601462115,0.0011853601462115,0.0549607340880549,-0.0257159574053126,-0.0371412304497806,0.0371412304497806,0.0257159574053126,-0.0469822211016239,-0.0452698374569621,0.0452698374569621,0.0469822211016239,0.0329262452107279,-0.0174936386768447,0.0174936386768447,-0.0329262452107279,-0.2161265384756974,-0.5716359620771385,0.5716359620771385,0.2161265384756974,0.1236057084657579,-0.2139086403792286,0.2139086403792286,-0.1236057084657579,0.1246548783331084,-0.385881275587158,0.385881275587158,-0.1246548783331084,0.0701169712082812,-0.065469991544462,0.065469991544462,-0.0701169712082812,-0.0213446266948459,-0.0977201731739012,0.0977201731739012,0.0213446266948459,0.0041527130680205,-0.0064596880546867,0.0064596880546867,-0.0041527130680205,0.121,0.075,0.046,0.179,0.113,0.066,0.179,0.113,0.066,0.121,0.075,0.046,3.397435897435898,2.7727272727272725,3.821428571428571,4.0375,68.7,74.5,72.8,68.2,0.0,1.0,0.0,3910.0,DKR-Texas Memorial Stadium,251.0,fbs,"[14, 14, 10, 0]",0.9815280437469482,1858.0,1896.0,23.0,fbs,"[0, 7, 0, 0]",0.0184719562530517,1467.0,1429.0,3.653553172951528,,,
401752685,2025-09-06 19:30:00+00:00,2025,regular,2,False,Georgia,SEC,2064.0,1002.98,Austin Peay,UAC,,,28.0,6.0,,,,,,,,,,,,,,,,,,,,,,,,,,,,,,,,,,,,,,,,,,,,,,,,,,,,,,,,,,,,,,,,,,,,,,,0.0,1.0,0.0,3917.0,Sanford Stadium,61.0,fbs,"[7, 7, 7, 7]",0.975168228149414,2072.0,2072.0,2046.0,fcs,"[0, 3, 3, 0]",0.0248317718505859,,,2.9867455253692707,,,
401752815,2025-09-06 19:30:00+00:00,2025,regular,2,False,Ohio State,Big Ten,2169.0,973.69,Grambling,SWAC,,,70.0,0.0,,,,,,,,,,,,,,,,,,,,,,,,,,,,,,,,,,,,,,,,,,,,,,,,,,,,,,,,,,,,,,,,,,,,,,,0.0,1.0,0.0,3861.0,Ohio Stadium,194.0,fbs,"[21, 14, 21, 14]",0.9849264025688172,1978.0,1978.0,2755.0,fcs,"[0, 0, 0, 0]",0.0150735974311828,,,1.5906830881361842,,,
401752690,2025-09-06 23:30:00+00:00,2025,regular,2,False,Oklahoma,SEC,1823.0,882.59,Michigan,Big Ten,907.22,1814.0,24.0,13.0,,,0.0271449621369084,-0.2363315128706274,0.2363315128706274,-0.0271449621369084,0.0225757953950266,-0.3056957641322173,0.3056957641322173,-0.0225757953950266,0.0082117375893969,-0.187949340488284,0.187949340488284,-0.0082117375893969,-0.0008165829145728,-0.1551664274029312,0.1551664274029312,0.0008165829145728,0.0188744754793845,-0.1773361976369494,0.1773361976369494,-0.0188744754793845,-0.0303830050665493,-0.0674467275494672,0.0674467275494672,0.0303830050665493,0.1403672479996571,-1.2629753311154357,1.2629753311154357,-0.1403672479996571,0.2464694567790005,-0.462381520306321,0.462381520306321,-0.2464694567790005,0.1122551858763969,-0.9043186240662858,0.9043186240662858,-0.1122551858763969,0.1386579678358384,0.1708097587863766,-0.1708097587863766,-0.1386579678358384,0.1415224334983874,0.1337328697083004,-0.1337328697083004,-0.1415224334983874,0.1598008166352198,0.0339736920409132,-0.0339736920409132,-0.1598008166352198,0.168,0.1,0.068,0.231,0.165,0.066,0.231,0.165,0.066,0.168,0.1,0.068,3.746268656716418,3.670886075949367,2.5090909090909093,3.6666666666666665,68.7,74.5,69.3,72.4,0.0,1.0,0.0,3835.0,"Memorial Stadium (Norman, OK)",201.0,fbs,"[7, 7, 7, 3]",0.8956694006919861,1650.0,1679.0,130.0,fbs,"[0, 0, 13, 0]",0.1043305993080139,1771.0,1742.0,4.288925346237761,,,
401752681,2025-09-06 23:45:00+00:00,2025,regular,2,False,Alabama,SEC,1917.0,993.55,UL Monroe,Sun Belt,473.34,1016.0,73.0,0.0,,,0.0466962444638176,-0.0228249109744203,0.0228249109744203,-0.0466962444638176,0.0029133154736453,0.0261194407215425,-0.0261194407215425,-0.0029133154736453,0.0576661538213693,-0.0982985233422132,0.0982985233422132,-0.0576661538213693,0.0406063430039755,-0.0018363311046237,0.0018363311046237,-0.0406063430039755,0.0407470844288316,-0.0065655017371755,0.0065655017371755,-0.0407470844288316,0.0306205057383684,-0.000983085541909,0.000983085541909,-0.0306205057383684,0.0700091875574222,-0.070762620451604,0.070762620451604,-0.0700091875574222,0.013638672198223,-0.2670909439570449,0.2670909439570449,-0.013638672198223,-0.6528586999320919,-0.262782252265209,0.262782252265209,0.6528586999320919,-0.0886976713987721,-0.1275019758029363,0.1275019758029363,0.0886976713987721,-0.1807087613080209,-0.0230353090057553,0.0230353090057553,0.1807087613080209,-0.116629174559415,-0.3063756704562299,0.3063756704562299,0.116629174559415,0.144,0.096,0.048,0.184,0.118,0.066,0.184,0.118,0.066,0.144,0.096,0.048,4.265060240963855,3.1864406779661016,3.3333333333333335,4.207792207792208,69.6,71.5,73.2,67.0,0.0,1.0,0.0,3657.0,Bryant-Denny Stadium,333.0,fbs,"[21, 21, 10, 21]",0.9963486790657043,1755.0,1920.0,2433.0,fbs,"[0, 0, 0, 0]",0.0036513209342956,1281.0,1116.0,2.6501214200961605,,,
401752696,2025-09-13 16:00:00+00:00,2025,regular,3,False,Alabama,SEC,1917.0,993.55,Wisconsin,Big Ten,763.17,1502.0,38.0,14.0,,,0.0611411617462981,0.0346057860721168,-0.0346057860721168,-0.0611411617462981,0.0379363820203745,0.0106828305358214,-0.0106828305358214,-0.0379363820203745,0.0650720266579401,0.0637181312740172,-0.0637181312740172,-0.0650720266579401,-0.0002938865597879,0.001985501985502,-0.001985501985502,0.0002938865597879,-0.0299346330858992,0.0045518207282913,-0.0045518207282913,0.0299346330858992,0.0594290733421168,0.0107620992576744,-0.0107620992576744,-0.0594290733421168,0.1942466277488099,-0.2015090835938227,0.2015090835938227,-0.1942466277488099,-0.015628542280662,0.1022190585249606,-0.1022190585249606,0.015628542280662,-0.2365322489231467,0.5366779115471513,-0.5366779115471513,0.2365322489231467,0.128633530063756,0.0443139940817318,-0.0443139940817318,-0.128633530063756,0.0381523774592915,0.012882672265978,-0.012882672265978,-0.0381523774592915,0.169956482871491,0.0649329625113297,-0.0649329625113297,-0.169956482871491,0.129,0.09,0.039,0.184,0.118,0.066,0.184,0.118,0.066,0.129,0.09,0.039,4.265060240963855,2.282608695652174,3.3333333333333335,3.1343283582089554,69.6,71.5,71.7,71.3,0.0,1.0,0.0,3657.0,Bryant-Denny Stadium,333.0,fbs,"[7, 14, 14, 3]",0.8911544680595398,1920.0,1948.0,275.0,fbs,"[0, 0, 7, 7]",0.1088455319404602,1619.0,1591.0,3.036218096573123,,,
401752703,2025-09-13 16:00:00+00:00,2025,regular,3,False,Temple,American Athletic,1219.0,507.91,Oklahoma,SEC,882.59,1823.0,3.0,42.0,,,0.2032522435928952,0.140523601830028,-0.140523601830028,-0.2032522435928952,0.1231741672620581,0.1774735666536294,-0.1774735666536294,-0.1231741672620581,0.275429016092966,0.1423058722874653,-0.1423058722874653,-0.275429016092966,0.1180013484426208,0.037028936742934,-0.037028936742934,-0.1180013484426208,0.1449228471876555,0.0296618872075496,-0.0296618872075496,-0.1449228471876555,0.0374874308697838,0.0294674728636992,-0.0294674728636992,-0.0374874308697838,0.6698431162470344,0.5375974281988292,-0.5375974281988292,-0.6698431162470344,0.2385551388995178,0.1510447942255783,-0.1510447942255783,-0.2385551388995178,0.361421902502487,0.1962393473447973,-0.1962393473447973,-0.361421902502487,-0.1074385184653832,0.0230034595645647,-0.0230034595645647,0.1074385184653832,-0.1901105536746161,0.044607464008853,-0.044607464008853,0.1901105536746161,0.0356969577511416,0.1895576295078658,-0.1895576295078658,-0.0356969577511416,0.231,0.165,0.066,0.147,0.091,0.056,0.147,0.091,0.056,0.231,0.165,0.066,4.583333333333333,3.746268656716418,4.770491803278689,2.5090909090909093,71.8,74.3,68.7,74.5,0.0,1.0,0.0,3806.0,Lincoln Financial Field,218.0,fbs,"[0, 3, 0, 0]",0.0,1284.0,1221.0,201.0,fbs,"[11, 17, 14, 0]",1.0,1679.0,1742.0,2.8145400659947084,,,
401752705,2025-09-13 19:30:00+00:00,2025,regular,3,False,Tennessee,SEC,1799.0,866.57,Georgia,SEC,1002.98,2064.0,41.0,44.0,,,0.2470463141989141,-0.1100952503277727,0.1100952503277727,-0.2470463141989141,0.2545536138914693,-0.0777896666162537,0.0777896666162537,-0.2545536138914693,0.2173520926717209,-0.1436403792211817,0.1436403792211817,-0.2173520926717209,0.1341060034235762,-0.0371477779202972,0.0371477779202972,-0.1341060034235762,0.1330829256929885,-0.0254515973752881,0.0254515973752881,-0.1330829256929885,0.0989361702127659,-0.0437838895410587,0.0437838895410587,-0.0989361702127659,0.497570458052492,-0.2414925077978229,0.2414925077978229,-0.497570458052492,0.3776177529576016,0.0232945914120576,-0.0232945914120576,-0.3776177529576016,0.9240075084001896,0.4082868160612679,-0.4082868160612679,-0.9240075084001896,0.0905895160898062,0.0309830226299303,-0.0309830226299303,-0.0905895160898062,0.166344533983424,-0.0890946990729694,0.0890946990729694,-0.166344533983424,0.0914674851313814,0.1679332238381969,-0.1679332238381969,-0.0914674851313814,0.152,0.084,0.068,0.185,0.12,0.065,0.185,0.12,0.065,0.152,0.084,0.068,4.658823529411765,4.8125,4.164383561643835,3.66,71.6,72.5,70.6,73.9,0.0,1.0,1.0,3853.0,Neyland Stadium,2633.0,fbs,"[21, 0, 7, 10, 3]",0.8290138840675354,1799.0,1809.0,61.0,fbs,"[7, 10, 10, 11, 6]",0.1709861159324646,2053.0,2043.0,8.927697065894355,,,
401752706,2025-09-13 20:15:00+00:00,2025,regular,3,False,Texas,SEC,1898.0,973.54,UTEP,Conference USA,551.88,1135.0,27.0,10.0,,,0.0604993766145427,0.0888174008255783,-0.0888174008255783,-0.0604993766145427,0.0373938502420068,-0.0598046591950989,0.0598046591950989,-0.0373938502420068,0.0597505453715953,0.197454463125222,-0.197454463125222,-0.0597505453715953,0.0093191582319959,0.0670275771410801,-0.0670275771410801,-0.0093191582319959,-0.0039268977833395,0.0687491146054682,-0.0687491146054682,0.0039268977833395,0.0408198438266448,0.0574659231722428,-0.0574659231722428,-0.0408198438266448,0.2516580588550527,0.3793517406962783,-0.3793517406962783,-0.2516580588550527,-0.0009716913908142,-0.0600811753272737,0.0600811753272737,0.0009716913908142,-0.3312643177254176,-0.4637855142056822,0.4637855142056822,0.3312643177254176,0.1357573646715146,-0.2720431097201861,0.2720431097201861,-0.1357573646715146,-0.1101485432462953,-0.3698076380501687,0.3698076380501687,0.1101485432462953,0.2955817966979934,-0.1940216020052689,0.1940216020052689,-0.2955817966979934,0.157,0.109,0.048,0.179,0.113,0.066,0.179,0.113,0.066,0.157,0.109,0.048,3.397435897435898,3.418181818181818,3.821428571428571,3.845070422535211,68.7,74.5,71.5,69.3,0.0,1.0,0.0,3910.0,DKR-Texas Memorial Stadium,251.0,fbs,"[7, 7, 6, 7]",0.9785351157188416,1896.0,1878.0,2638.0,fbs,"[0, 3, 0, 7]",0.0214648842811584,1230.0,1248.0,4.283283201014982,,,
401752827,2025-09-13 23:00:00+00:00,2025,regular,3,False,Ohio State,Big Ten,2169.0,973.69,Ohio,Mid-American,469.99,1562.0,37.0,9.0,,,0.2167253930542879,-0.234345960389871,0.234345960389871,-0.2167253930542879,0.0522877330476082,-0.290517547639796,0.290517547639796,-0.0522877330476082,0.4076337940791419,-0.2072328505580257,0.2072328505580257,-0.4076337940791419,0.1266603831841005,-0.0949522308592601,0.0949522308592601,-0.1266603831841005,0.1039769497756654,-0.0765073947667804,0.0765073947667804,-0.1039769497756654,0.1292576419213973,-0.098273572377158,0.098273572377158,-0.1292576419213973,0.0614925171984976,-0.733102859581733,0.733102859581733,-0.0614925171984976,-0.0697006266807971,-0.4189785175700669,0.4189785175700669,0.0697006266807971,-0.2628077505038564,-0.95689287238583,0.95689287238583,0.2628077505038564,-0.1350724096261315,-0.1905893285304258,0.1905893285304258,0.1350724096261315,-0.1991004414021749,-0.2609239311060394,0.2609239311060394,0.1991004414021749,-0.1482963481858348,-0.2013617664722715,0.2013617664722715,0.1482963481858348,0.144,0.086,0.058,0.166,0.115,0.051,0.166,0.115,0.051,0.144,0.086,0.058,4.987012987012987,3.597560975609756,2.55,2.8529411764705883,70.3,74.0,69.6,71.3,0.0,1.0,0.0,3861.0,Ohio Stadium,194.0,fbs,"[3, 10, 10, 14]",0.9870242476463318,1977.0,2010.0,195.0,fbs,"[0, 3, 6, 0]",0.0129757523536682,1620.0,1587.0,3.5345613469090864,,,
401752714,2025-09-20 19:30:00+00:00,2025,regular,4,False,Oklahoma,SEC,1823.0,882.59,Auburn,SEC,891.84,1670.0,24.0,17.0,,,0.0576491447474341,-0.1960171051650426,0.1960171051650426,-0.0576491447474341,0.1494225219101975,-0.3106333667998427,0.3106333667998427,-0.1494225219101975,-0.0506300478188898,-0.0771184728146175,0.0771184728146175,0.0506300478188898,0.0387376237623762,-0.1255397058777816,0.1255397058777816,-0.0387376237623762,0.0639350996097761,-0.1589013188462775,0.1589013188462775,-0.0639350996097761,-0.0166541808332852,-0.0303819444444444,0.0303819444444444,0.0166541808332852,0.5445511129152294,-1.0974245542754804,1.0974245542754804,-0.5445511129152294,0.2334821730600095,-0.5568549357140946,0.5568549357140946,-0.2334821730600095,0.3116297950071036,-0.6863088396460933,0.6863088396460933,-0.3116297950071036,-0.0596527531997534,0.1503094924389276,-0.1503094924389276,0.0596527531997534,0.0550067799529307,0.0684722432176834,-0.0684722432176834,-0.0550067799529307,-0.098197511593959,0.1677026512530133,-0.1677026512530133,0.098197511593959,0.166,0.112,0.054,0.231,0.165,0.066,0.231,0.165,0.066,0.166,0.112,0.054,3.746268656716418,3.903225806451613,2.5090909090909093,3.373134328358209,68.7,74.5,73.2,71.3,0.0,1.0,1.0,3835.0,"Memorial Stadium (Norman, OK)",201.0,fbs,"[3, 7, 3, 11]",0.8033507466316223,1742.0,1748.0,2.0,fbs,"[3, 7, 0, 7]",0.1966492533683776,1686.0,1680.0,6.932946238654773,,,
401752723,2025-09-21 00:00:00+00:00,2025,regular,4,False,Texas,SEC,1898.0,973.54,Sam Houston,Conference USA,477.35,994.0,55.0,0.0,,,-0.0754996021477621,0.1004944549084027,-0.1004944549084027,0.0754996021477621,-0.1340829213704349,-0.0748186829400924,0.0748186829400924,0.1340829213704349,-0.0822206972539196,0.2357612112176968,-0.2357612112176968,0.0822206972539196,-0.0798704939392743,0.0323669199983175,-0.0323669199983175,0.0798704939392743,-0.0878767199690291,-0.0012665839816589,0.0012665839816589,0.0878767199690291,-0.029573754789272,0.0778985507246377,-0.0778985507246377,0.029573754789272,-0.0818632002476014,-0.0510447079133769,0.0510447079133769,0.0818632002476014,-0.2874085488321249,-0.1367725337869286,0.1367725337869286,0.2874085488321249,-0.9812125881585966,-1.2378159723103743,1.2378159723103743,0.9812125881585966,0.0821501452906141,-0.0718750339970601,0.0718750339970601,-0.0821501452906141,-0.1659609940736021,-0.2523715104926776,0.2523715104926776,0.1659609940736021,0.2360769214290987,0.0752306390927486,-0.0752306390927486,-0.2360769214290987,0.145,0.098,0.047,0.179,0.113,0.066,0.179,0.113,0.066,0.145,0.098,0.047,3.397435897435898,2.7884615384615383,3.821428571428571,3.852631578947368,68.7,74.5,73.2,69.8,0.0,1.0,0.0,3910.0,DKR-Texas Memorial Stadium,251.0,fbs,"[14, 17, 17, 7]",0.9902904629707336,1878.0,1972.0,2534.0,fbs,"[0, 0, 0, 0]",0.0097095370292663,1337.0,1243.0,2.8833695642232984,,,
401777351,2025-12-06 21:00:00+00:00,2025,regular,15,True,Alabama,SEC,1917.0,993.55,Georgia,SEC,1002.98,2064.0,7.0,28.0,,,0.1549114413178475,-0.1923523104730728,0.1923523104730728,-0.1549114413178475,0.0998410982954915,-0.0837515892544028,0.0837515892544028,-0.0998410982954915,0.1751989543643525,-0.2631206788253534,0.2631206788253534,-0.1751989543643525,0.0753045309165393,-0.1089720609464472,0.1089720609464472,-0.0753045309165393,0.0581108527359962,-0.1214766175528507,0.1214766175528507,-0.0581108527359962,0.0938735177865612,-0.042302225138046,0.042302225138046,-0.0938735177865612,0.4416714811212436,-0.3885466732362159,0.3885466732362159,-0.4416714811212436,0.2426192583058483,-0.093434789480045,0.093434789480045,-0.2426192583058483,0.2771224431589647,0.3539421941673563,-0.3539421941673563,-0.2771224431589647,0.1018112482305007,0.1076484300921338,-0.1076484300921338,-0.1018112482305007,0.0688447056289937,0.1152680294721864,-0.1152680294721864,-0.0688447056289937,0.1294211913859464,0.1248419226071759,-0.1248419226071759,-0.1294211913859464,0.152,0.084,0.068,0.184,0.118,0.066,0.184,0.118,0.066,0.152,0.084,0.068,4.265060240963855,4.8125,3.3333333333333335,3.66,69.6,71.5,70.6,73.9,0.0,1.0,1.0,5348.0,Mercedes-Benz Stadium,333.0,fbs,"[0, 0, 0, 7]",0.0,1955.0,1917.0,61.0,fbs,"[7, 7, 7, 7]",1.0,2026.0,2064.0,2.4679018249346374,,SEC Championship,
401777353,2025-12-07 01:00:00+00:00,2025,regular,15,True,Ohio State,Big Ten,2169.0,973.69,Indiana,Big Ten,645.34,2191.0,10.0,13.0,,,0.331962176680577,-0.3792130042409685,0.3792130042409685,-0.331962176680577,0.2142550745548271,-0.3341925975997456,0.3341925975997456,-0.2142550745548271,0.4705533583491027,-0.501499914775129,0.501499914775129,-0.4705533583491027,0.2017695694829368,-0.1796258197248296,0.1796258197248296,-0.2017695694829368,0.1774955976779844,-0.1470229380185456,0.1470229380185456,-0.1774955976779844,0.1752808988764045,-0.1862600359981394,0.1862600359981394,-0.1752808988764045,0.817250695801504,-0.8326043836986416,0.8326043836986416,-0.817250695801504,0.3657547225676555,-0.4927577298108174,0.4927577298108174,-0.3657547225676555,-0.0965831704861728,-1.0159568852959968,1.0159568852959968,0.0965831704861728,-0.1866583394908982,-0.1543998692215016,0.1543998692215016,0.1866583394908982,-0.2372680014886007,-0.0686371313987209,0.0686371313987209,0.2372680014886007,-0.0905344709821851,-0.3525778257552912,0.3525778257552912,0.0905344709821851,0.24,0.168,0.072,0.166,0.115,0.051,0.166,0.115,0.051,0.24,0.168,0.072,4.987012987012987,4.9787234042553195,2.55,1.818181818181818,70.3,74.0,68.7,73.4,0.0,1.0,1.0,3812.0,Lucas Oil Stadium,194.0,fbs,"[7, 3, 0, 0]",0.3312178552150726,2169.0,2169.0,84.0,fbs,"[3, 3, 7, 0]",0.6687821447849274,2191.0,2191.0,5.124939123123214,,Big Ten Championship,
401779840,2025-12-20 01:00:00+00:00,2025,postseason,1,False,Oklahoma,SEC,1823.0,882.59,Alabama,SEC,993.55,1917.0,,,,,0.0605464191062763,-0.2570133666583337,0.2570133666583337,-0.0605464191062763,-0.0363152243204719,-0.1562311351906835,0.1562311351906835,0.0363152243204719,0.1237237593109289,-0.3147673244197841,0.3147673244197841,-0.1237237593109289,0.0444176319176318,-0.1376586555327432,0.1376586555327432,-0.0444176319176318,0.0524271631018396,-0.1393199401445445,0.1393199401445445,-0.0524271631018396,0.0144540144540144,-0.1008179622310057,0.1008179622310057,-0.0144540144540144,0.0992994045583866,-0.9035581437467785,0.9035581437467785,-0.0992994045583866,0.0321719103805536,-0.1838699341032892,0.1838699341032892,-0.0321719103805536,-0.2573752830444292,0.2103609690856658,-0.2103609690856658,0.2573752830444292,-0.0115762311145224,0.0420315375295501,-0.0420315375295501,0.0115762311145224,-0.1086427936952294,0.2421630088782858,-0.2421630088782858,0.1086427936952294,0.0140726484366693,-0.0966870850015531,0.0966870850015531,-0.0140726484366693,0.184,0.118,0.066,0.231,0.165,0.066,0.231,0.165,0.066,0.184,0.118,0.066,3.746268656716418,4.265060240963855,2.5090909090909093,3.3333333333333335,68.7,74.5,69.6,71.5,0.0,0.0,1.0,3835.0,"Memorial Stadium (Norman, OK)",201.0,fbs,,,1823.0,,333.0,fbs,,,1917.0,,,,College Football Playoff First Round Game,
401778330,2025-12-31 20:00:00+00:00,2025,postseason,1,True,Texas,SEC,1898.0,973.54,Michigan,Big Ten,907.22,1814.0,,,,,0.0708507915120075,-0.1114194927771424,0.1114194927771424,-0.0708507915120075,0.0277337824409378,-0.239600063809679,0.239600063809679,-0.0277337824409378,0.0878343846423565,-0.0359166863890725,0.0359166863890725,-0.0878343846423565,-0.014606905495218,-0.0696438629524131,0.0696438629524131,0.014606905495218,-0.0145374939963665,-0.080643597945139,0.080643597945139,0.0145374939963665,0.0019399582908967,-0.0188356164383561,0.0188356164383561,-0.0019399582908967,0.1991666100505016,-0.7581304881503166,0.7581304881503166,-0.1991666100505016,0.2634765344867934,-0.1943033393132535,0.1943033393132535,-0.2634765344867934,-0.018230405145277,-1.0531457526830956,1.0531457526830956,0.018230405145277,0.2576053910874272,0.0469807819480785,-0.0469807819480785,-0.2576053910874272,0.0556065315867639,-0.1209295849753824,0.1209295849753824,-0.0556065315867639,0.4343024692223771,0.0166811718002881,-0.0166811718002881,-0.4343024692223771,0.168,0.1,0.068,0.179,0.113,0.066,0.179,0.113,0.066,0.168,0.1,0.068,3.397435897435898,3.670886075949367,3.821428571428571,3.6666666666666665,68.7,74.5,69.3,72.4,0.0,0.0,0.0,4013.0,Camping World Stadium,251.0,fbs,,,1898.0,,130.0,fbs,,,1814.0,,,,Cheez-It Citrus Bowl,
401752852,2025-09-27 19:30:00+00:00,2025,regular,5,False,Washington,Big Ten,1754.0,720.56,Ohio State,Big Ten,973.69,2145.0,6.0,24.0,-18.0,9.5,0.3601441456589083,-0.2930166686192198,0.2930166686192198,-0.3601441456589083,0.3315576298171317,-0.1762534729523683,0.1762534729523683,-0.3315576298171317,0.4189973532120558,-0.4189589058086369,0.4189589058086369,-0.4189973532120558,0.1553316953316953,-0.1641741920383843,0.1641741920383843,-0.1553316953316953,0.137952176578786,-0.1544376036659077,0.1544376036659077,-0.137952176578786,0.1339839155726501,-0.1041317221784822,0.1041317221784822,-0.1339839155726501,0.4448949336807466,-0.2910268001291576,0.2910268001291576,-0.4448949336807466,0.3982861442738576,-0.3090840598428587,0.3090840598428587,-0.3982861442738576,0.9259874886285784,-0.3876870089333764,0.3876870089333764,-0.9259874886285784,0.2066055269373925,0.1032867532171677,-0.1032867532171677,-0.2066055269373925,0.176017275464302,0.0367789968233536,-0.0367789968233536,-0.176017275464302,0.2828784284098897,0.1274050957100878,-0.1274050957100878,-0.2828784284098897,0.175,0.122,0.053,0.141,0.074,0.067,0.141,0.074,0.067,0.175,0.122,0.053,4.59375,5.145161290322581,3.3214285714285716,2.413793103448276,73.0,68.5,70.1,74.0,,,,,,,,,,,,,,,,,,,,,
401752718,2025-09-27 23:30:00+00:00,2025,regular,5,False,Georgia,SEC,2070.0,1002.98,Alabama,SEC,993.55,1964.0,21.0,24.0,-3.0,-2.5,0.2036725980065494,-0.1446411546061103,0.1446411546061103,-0.2036725980065494,0.0460681606475124,-0.0255125341205812,0.0255125341205812,-0.0460681606475124,0.319800485055786,-0.2248211707513172,0.2248211707513172,-0.319800485055786,0.1066043249561659,-0.0646368445918448,0.0646368445918448,-0.1066043249561659,0.1175970280574836,-0.0514544025157232,0.0514544025157232,-0.1175970280574836,0.0336349924585218,-0.082378188557772,0.082378188557772,-0.0336349924585218,0.2263905951267135,-0.2808855839107655,0.2808855839107655,-0.2263905951267135,0.0499857625188138,-0.1797081854543406,0.1797081854543406,-0.0499857625188138,-0.487727291217508,-0.2201002760407864,0.2201002760407864,0.487727291217508,-0.112560726323754,-0.1444042131774003,0.1444042131774003,0.112560726323754,-0.1896201279066002,-0.020815995863885,0.020815995863885,0.1896201279066002,-0.0590263281462424,-0.1821211193501124,0.1821211193501124,0.0590263281462424,0.174,0.115,0.059,0.141,0.079,0.062,0.141,0.079,0.062,0.174,0.115,0.059,4.857142857142857,4.190476190476191,4.1,3.4651162790697674,71.4,73.0,69.9,72.2,,,,,,,,,,,,,,,,,,,,,
401752728,2025-10-04 16:00:00+00:00,2025,regular,6,False,Georgia,SEC,2070.0,1002.98,Kentucky,SEC,763.18,1622.0,35.0,14.0,21.0,-19.5,0.1443867363064687,0.0007018075003487,-0.0007018075003487,-0.1443867363064687,0.0977002659574884,-0.0923023766691235,0.0923023766691235,-0.0977002659574884,0.1818135007006592,0.0165145134348757,-0.0165145134348757,-0.1818135007006592,0.0763821709054974,-0.0669058161911701,0.0669058161911701,-0.0763821709054974,0.0742748839388389,-0.0848661877319018,0.0848661877319018,-0.0742748839388389,0.0361305361305361,-0.0140344131500528,0.0140344131500528,-0.0361305361305361,0.2184474003116165,-0.6241448300775279,0.6241448300775279,-0.2184474003116165,0.1445625829534306,-0.3679013717916656,0.3679013717916656,-0.1445625829534306,0.3928674476311385,-0.5888422671149767,0.5888422671149767,-0.3928674476311385,-0.0611872185791229,0.0508573744759652,-0.0508573744759652,0.0611872185791229,0.0467936239114907,0.0003241127006038,-0.0003241127006038,-0.0467936239114907,-0.1610117127687058,-0.0915386342396114,0.0915386342396114,0.1610117127687058,0.143,0.095,0.048,0.141,0.079,0.062,0.141,0.079,0.062,0.143,0.095,0.048,4.857142857142857,4.0701754385964914,4.1,3.807692307692307,71.4,73.0,68.8,73.9,,,,,,,,,,,,,,,,,,,,,
401752726,2025-10-04 19:30:00+00:00,2025,regular,6,False,Alabama,SEC,1964.0,993.55,Vanderbilt,SEC,685.42,1770.0,30.0,14.0,16.0,-13.5,0.0649550747515927,-0.3318250209109817,0.3318250209109817,-0.0649550747515927,0.0227501946234288,-0.1916258895523109,0.1916258895523109,-0.0227501946234288,0.0937207168141247,-0.4524453609006643,0.4524453609006643,-0.0937207168141247,0.0295281282558507,-0.1275527414493875,0.1275527414493875,-0.0295281282558507,-0.0002292663476873,-0.0915525536639526,0.0915525536639526,0.0002292663476873,0.0686968204209583,-0.1823529411764706,0.1823529411764706,-0.0686968204209583,0.0170456548563371,-0.3856487731704701,0.3856487731704701,-0.0170456548563371,-0.3252247488101534,-0.2286295939140683,0.2286295939140683,0.3252247488101534,-0.3749926552676419,-0.6487410264652309,0.6487410264652309,0.3749926552676419,0.0620007427087314,-0.1143984601182681,0.1143984601182681,-0.0620007427087314,-0.036001435852782,-0.0743106841308947,0.0743106841308947,0.036001435852782,0.1259781643601654,-0.1278998139678568,0.1278998139678568,-0.1259781643601654,0.159,0.11,0.049,0.174,0.115,0.059,0.174,0.115,0.059,0.159,0.11,0.049,4.190476190476191,5.064516129032258,3.4651162790697674,3.732142857142857,69.9,72.2,69.5,72.2,,,,,,,,,,,,,,,,,,,,,
401752727,2025-10-04 19:30:00+00:00,2025,regular,6,False,Florida,SEC,1565.0,898.58,Texas,SEC,973.54,1872.0,29.0,21.0,8.0,4.5,0.0343786282807782,0.0247862472374097,-0.0247862472374097,-0.0343786282807782,0.16132295090812,0.0409367232847799,-0.0409367232847799,-0.16132295090812,-0.0504696727934916,-0.0022539328527071,0.0022539328527071,0.0504696727934916,0.029609175870858,0.0092313154624534,-0.0092313154624534,-0.029609175870858,0.0341310473469063,0.0430390186072882,-0.0430390186072882,-0.0341310473469063,-0.0032505910165484,-0.0655046707678286,0.0655046707678286,0.0032505910165484,0.7616521085208539,-0.0813246753246752,0.0813246753246752,-0.7616521085208539,0.0648232776074506,-0.1855122655122655,0.1855122655122655,-0.0648232776074506,0.1520217504483136,0.4454737854737854,-0.4454737854737854,-0.1520217504483136,-0.0462139137182404,0.025291769308368,-0.025291769308368,0.0462139137182404,-0.0214987426062287,0.1714238092775692,-0.1714238092775692,0.0214987426062287,0.0709514305224237,-0.0668316218047904,0.0668316218047904,-0.0709514305224237,0.19,0.127,0.063,0.148,0.09,0.058,0.148,0.09,0.058,0.19,0.127,0.063,3.7755102040816326,3.1846153846153844,3.5161290322580645,3.636363636363636,72.4,69.6,68.3,74.2,,,,,,,,,,,,,,,,,,,,,
401752729,2025-10-04 20:00:00+00:00,2025,regular,6,False,Oklahoma,SEC,1807.0,882.59,Kent State,Mid-American,456.24,972.0,44.0,0.0,44.0,-46.5,-0.0698685261223583,-0.0321468430789646,0.0321468430789646,0.0698685261223583,-0.057766972230892,0.0347209494991086,-0.0347209494991086,0.057766972230892,-0.0718869571173859,-0.1865956212830704,0.1865956212830704,0.0718869571173859,-0.0024817875285164,-0.0161586365126187,0.0161586365126187,0.0024817875285164,0.0160173982083987,-0.0613348787790978,0.0613348787790978,-0.0160173982083987,-0.0489870212092434,0.0625397329942784,-0.0625397329942784,0.0489870212092434,-0.091656586021505,-0.2418556425178941,0.2418556425178941,0.091656586021505,-0.064717741935484,0.0647980912881575,-0.0647980912881575,0.064717741935484,-0.3111559139784945,0.5226771021473009,-0.5226771021473009,0.3111559139784945,-0.0929260384443799,-0.0225037413795567,0.0225037413795567,0.0929260384443799,-0.0485025192315371,0.2643293663087669,-0.2643293663087669,0.0485025192315371,-0.1514061974945939,-0.3715983892080485,0.3715983892080485,0.1514061974945939,0.145,0.095,0.05,0.2339999999999999,0.174,0.06,0.2339999999999999,0.174,0.06,0.145,0.095,0.05,3.901639344262295,3.3333333333333335,2.6444444444444444,4.183098591549296,68.1,74.5,71.0,69.1,,,,,,,,,,,,,,,,,,,,,
401752859,2025-10-04 23:30:00+00:00,2025,regular,6,False,Ohio State,Big Ten,2145.0,973.69,Minnesota,Big Ten,711.04,1496.0,42.0,3.0,39.0,-23.5,0.2260090100434277,-0.119559885799679,0.119559885799679,-0.2260090100434277,0.07054129873034,-0.0702284726484457,0.0702284726484457,-0.07054129873034,0.3966512094058285,-0.1672162583599302,0.1672162583599302,-0.3966512094058285,0.1256432869890018,-0.0479670491320977,0.0479670491320977,-0.1256432869890018,0.1133826464717623,-0.0353708791208791,0.0353708791208791,-0.1133826464717623,0.0910666391582422,-0.0591494382598881,0.0591494382598881,-0.0910666391582422,0.3975034083162918,-0.1225351543559076,0.1225351543559076,-0.3975034083162918,0.0087551124744376,-0.0261704649533969,0.0261704649533969,-0.0087551124744376,-0.1368012951601909,-0.2439523732557512,0.2439523732557512,0.1368012951601909,-0.1144290284318423,-0.0699852645534802,0.0699852645534802,0.1144290284318423,-0.1385948100713911,0.1214119349783945,-0.1214119349783945,0.1385948100713911,-0.1052388880666532,-0.2510295096638344,0.2510295096638344,0.1052388880666532,0.179,0.135,0.044,0.175,0.122,0.053,0.175,0.122,0.053,0.179,0.135,0.044,5.145161290322581,3.795918367346939,2.413793103448276,3.8679245283018866,70.1,74.0,71.2,72.8,,,,,,,,,,,,,,,,,,,,,
401752865,2025-10-11 16:00:00+00:00,2025,regular,7,False,Illinois,Big Ten,1630.0,662.13,Ohio State,Big Ten,973.69,2145.0,16.0,34.0,-18.0,15.5,0.2509121832935166,-0.1633252696212408,0.1633252696212408,-0.2509121832935166,0.1224432816754176,-0.1242172007699778,0.1242172007699778,-0.1224432816754176,0.4298296510749612,-0.2721967825887501,0.2721967825887501,-0.4298296510749612,0.1223780574013855,-0.1006310164481164,0.1006310164481164,-0.1223780574013855,0.0964830376595082,-0.1038426292069948,0.1038426292069948,-0.0964830376595082,0.1415859427799053,-0.038088006074897,0.038088006074897,-0.1415859427799053,0.3000272010155047,-0.1999957979662157,0.1999957979662157,-0.3000272010155047,0.2844772871520538,-0.2537608202369947,0.2537608202369947,-0.2844772871520538,0.3996169190316438,-0.232015295402975,0.232015295402975,-0.3996169190316438,0.1792750124124982,0.0603400791165118,-0.0603400791165118,-0.1792750124124982,-0.0627288972462857,0.011913641693495,-0.011913641693495,0.0627288972462857,0.4592362550732218,0.0130584521360708,-0.0130584521360708,-0.4592362550732218,0.175,0.122,0.053,0.136,0.079,0.057,0.136,0.079,0.057,0.175,0.122,0.053,4.580645161290323,5.145161290322581,4.294117647058823,2.413793103448276,69.5,72.0,70.1,74.0,,,,,,,,,,,,,,,,,,,,,
401752734,2025-10-11 16:00:00+00:00,2025,regular,7,False,Missouri,SEC,1765.0,804.77,Alabama,SEC,993.55,1964.0,24.0,27.0,-3.0,3.5,0.1948637002273836,-0.2269745520644204,0.2269745520644204,-0.1948637002273836,0.1720084227033959,0.0219102030878765,-0.0219102030878765,-0.1720084227033959,0.1715468342105044,-0.4320807150415126,0.4320807150415126,-0.1715468342105044,0.0965131852399205,-0.0939965804239095,0.0939965804239095,-0.0965131852399205,0.0827252514765369,-0.0758689279731993,0.0758689279731993,-0.0827252514765369,0.0961740793878527,-0.1171816689058068,0.1171816689058068,-0.0961740793878527,0.4712075169932026,-0.1287056010928959,0.1287056010928959,-0.4712075169932026,0.263094762095162,0.0319899817850637,-0.0319899817850637,-0.263094762095162,0.6415833666533388,0.9092668488160291,-0.9092668488160291,-0.6415833666533388,-0.0080505091317215,-0.1249049392057586,0.1249049392057586,0.0080505091317215,-0.0058713121341458,0.0940295246623813,-0.0940295246623813,0.0058713121341458,0.0317440912134758,-0.1781149994590702,0.1781149994590702,-0.0317440912134758,0.174,0.115,0.059,0.211,0.133,0.078,0.211,0.133,0.078,0.174,0.115,0.059,4.34375,4.190476190476191,3.8780487804878048,3.4651162790697674,71.2,72.8,69.9,72.2,,,,,,,,,,,,,,,,,,,,,
401752736,2025-10-11 19:30:00+00:00,2025,regular,7,True,Texas,SEC,1872.0,973.54,Oklahoma,SEC,882.59,1807.0,23.0,6.0,17.0,-2.5,0.1266188345328866,-0.0650517791785832,0.0650517791785832,-0.1266188345328866,0.077121732729626,-0.153599406163868,0.153599406163868,-0.077121732729626,0.1823162736198577,-0.002194195161454,0.002194195161454,-0.1823162736198577,0.0805340223944874,-0.046041496041496,0.046041496041496,-0.0805340223944874,0.0919540229885057,-0.0517329556630866,0.0517329556630866,-0.0919540229885057,0.0450609996064541,-0.0245726495726495,0.0245726495726495,-0.0450609996064541,0.7262626262626264,-0.5033735068259388,0.5033735068259388,-0.7262626262626264,0.265993265993266,-0.117683447098976,0.117683447098976,-0.265993265993266,-0.3265993265993266,-0.4857081911262798,0.4857081911262798,0.3265993265993266,-0.0836828970197911,-0.0350167965583891,0.0350167965583891,0.0836828970197911,-0.3464656649257422,-0.1874243451037465,0.1874243451037465,0.3464656649257422,0.1565163726713345,0.0390867766864464,-0.0390867766864464,-0.1565163726713345,0.2339999999999999,0.174,0.06,0.19,0.127,0.063,0.19,0.127,0.063,0.2339999999999999,0.174,0.06,3.1846153846153844,3.901639344262295,3.636363636363636,2.6444444444444444,68.3,74.2,68.1,74.5,,,,,,,,,,,,,,,,,,,,,
401752731,2025-10-11 23:30:00+00:00,2025,regular,7,False,Auburn,SEC,1661.0,891.84,Georgia,SEC,1002.98,2070.0,10.0,20.0,-10.0,4.5,0.0364149717339739,-0.2025993730244364,0.2025993730244364,-0.0364149717339739,0.2097579220459975,-0.2976838208072219,0.2976838208072219,-0.2097579220459975,-0.128134191384699,-0.078424644725042,0.078424644725042,0.128134191384699,0.0495138514307843,-0.1095025006580678,0.1095025006580678,-0.0495138514307843,0.0775681341719077,-0.1367382346562567,0.1367382346562567,-0.0775681341719077,-0.017968463513018,-0.0088578088578088,0.0088578088578088,0.017968463513018,0.5992202330539413,-0.9605875239501208,0.9605875239501208,-0.5992202330539413,0.6014329799558035,-0.333000910889845,0.333000910889845,-0.6014329799558035,0.8612092715360726,-0.3487844332066463,0.3487844332066463,-0.8612092715360726,-0.1017796375699451,0.1628168676008685,-0.1628168676008685,0.1017796375699451,0.1435747905646085,-0.0312297878997686,0.0312297878997686,-0.1435747905646085,-0.2594672132948821,0.2312941101622236,-0.2312941101622236,0.2594672132948821,0.141,0.079,0.062,0.172,0.121,0.051,0.172,0.121,0.051,0.141,0.079,0.062,4.04,4.857142857142857,3.309090909090909,4.1,73.9,71.2,71.4,73.0,,,,,,,,,,,,,,,,,,,,,
401752744,2025-10-18 16:45:00+00:00,2025,regular,8,False,South Carolina,SEC,1645.0,833.26,Oklahoma,SEC,882.59,1807.0,7.0,26.0,-19.0,4.5,0.0705946965718028,-0.0472933840093476,0.0472933840093476,-0.0705946965718028,0.1014491795340224,-0.1336844951219369,0.1336844951219369,-0.1014491795340224,0.0785315588307047,0.0480514495407196,-0.0480514495407196,-0.0785315588307047,0.0502901932627296,-0.0133476895957985,0.0133476895957985,-0.0502901932627296,0.0973834690694853,-0.0291812462863232,0.0291812462863232,-0.0973834690694853,-0.0382184660259526,0.0145687645687646,-0.0145687645687646,0.0382184660259526,0.692574478966884,-0.1374972982708935,0.1374972982708935,-0.692574478966884,0.3178408558155393,-0.0908321325648414,0.0908321325648414,-0.3178408558155393,-0.1817222861526659,0.3409582132564841,-0.3409582132564841,0.1817222861526659,-0.0759652749641108,0.0087402277384898,-0.0087402277384898,0.0759652749641108,-0.0776331805908807,-0.0750777419953158,0.0750777419953158,0.0776331805908807,0.0002674091934771,0.0830210938501996,-0.0830210938501996,-0.0002674091934771,0.2339999999999999,0.174,0.06,0.157,0.098,0.059,0.157,0.098,0.059,0.2339999999999999,0.174,0.06,2.5833333333333335,3.901639344262295,3.482142857142857,2.6444444444444444,72.6,70.1,68.1,74.5,,,,,,,,,,,,,,,,,,,,,
401752877,2025-10-18 19:30:00+00:00,2025,regular,8,False,Wisconsin,Big Ten,1467.0,763.17,Ohio State,Big Ten,973.69,2145.0,0.0,34.0,-34.0,24.5,0.0321555852600057,-0.1869645194769455,0.1869645194769455,-0.0321555852600057,0.0955906443197287,-0.1311563714935199,0.1311563714935199,-0.0955906443197287,0.0017092547461493,-0.2569962370336967,0.2569962370336967,-0.0017092547461493,0.0076301476301476,-0.0921575787082116,0.0921575787082116,-0.0076301476301476,-0.0057866184448462,-0.0643328727161063,0.0643328727161063,0.0057866184448462,0.0193891464412326,-0.1023823504739535,0.1023823504739535,-0.0193891464412326,0.2700055705239705,-0.3225454958583795,0.3225454958583795,-0.2700055705239705,0.064629446471812,-0.2653839003532255,0.2653839003532255,-0.064629446471812,-0.0256926207610018,-0.1883249674660717,0.1883249674660717,0.0256926207610018,0.1372542437129673,-0.0056831110012935,0.0056831110012935,-0.1372542437129673,0.0665808203512539,-0.0518918685079731,0.0518918685079731,-0.0665808203512539,0.3181024894705573,0.0439045769240522,-0.0439045769240522,-0.3181024894705573,0.175,0.122,0.053,0.129,0.09,0.039,0.129,0.09,0.039,0.175,0.122,0.053,2.0526315789473686,5.145161290322581,3.3333333333333335,2.413793103448276,72.0,72.8,70.1,74.0,,,,,,,,,,,,,,,,,,,,,
401752742,2025-10-18 19:30:00+00:00,2025,regular,8,False,Georgia,SEC,2070.0,1002.98,Ole Miss,SEC,813.11,1959.0,43.0,35.0,8.0,-7.5,0.1771326994409972,-0.1975618581053343,0.1975618581053343,-0.1771326994409972,-0.0016335306840037,-0.1707462622599655,0.1707462622599655,0.0016335306840037,0.3051767106962604,-0.2321329434597016,0.2321329434597016,-0.3051767106962604,0.1017241379310344,-0.1056645134208624,0.1056645134208624,-0.1017241379310344,0.0912917271407837,-0.084432384678488,0.084432384678488,-0.0912917271407837,0.08110661268556,-0.1334865629420084,0.1334865629420084,-0.08110661268556,-0.0292930859463118,-0.3385377414385591,0.3385377414385591,0.0292930859463118,0.0637618429957138,-0.412608128925228,0.412608128925228,-0.0637618429957138,-0.1473677532145273,-0.854319232136509,0.854319232136509,0.1473677532145273,-0.0788512857004788,-0.1076005574354153,0.1076005574354153,0.0788512857004788,-0.0898057612194872,-0.142624835185798,0.142624835185798,0.0898057612194872,-0.1439159128652085,-0.1521998036008429,0.1521998036008429,0.1439159128652085,0.164,0.098,0.066,0.141,0.079,0.062,0.141,0.079,0.062,0.164,0.098,0.066,4.857142857142857,4.753086419753086,4.1,2.9827586206896552,71.4,73.0,71.9,71.7,,,,,,,,,,,,,,,,,,,,,
401752743,2025-10-18 23:00:00+00:00,2025,regular,8,False,Kentucky,SEC,1622.0,763.18,Texas,SEC,973.54,1872.0,13.0,16.0,-3.0,12.5,0.0407322273458203,-0.0019284770590528,0.0019284770590528,-0.0407322273458203,0.1663214561239112,0.0319222732133179,-0.0319222732133179,-0.1663214561239112,0.0128819071214713,-0.0320934489104759,0.0320934489104759,-0.0128819071214713,0.0608984582668792,0.0179241642989932,-0.0179241642989932,-0.0608984582668792,0.0683780014323947,0.0417736955450039,-0.0417736955450039,-0.0683780014323947,0.0273732470334411,-0.0277056277056277,0.0277056277056277,-0.0273732470334411,0.7771091874189304,-0.0187632135306556,0.0187632135306556,-0.7771091874189304,0.0856922072067929,-0.0350305379375146,0.0350305379375146,-0.0856922072067929,0.4312944444955521,-0.0384464803069454,0.0384464803069454,-0.4312944444955521,-0.0206646852082297,-0.0667837506149928,0.0667837506149928,0.0206646852082297,0.0745301484541257,0.0805064334841417,-0.0805064334841417,-0.0745301484541257,0.0979919676684908,-0.1565938021114936,0.1565938021114936,-0.0979919676684908,0.19,0.127,0.063,0.143,0.095,0.048,0.143,0.095,0.048,0.19,0.127,0.063,4.0701754385964914,3.1846153846153844,3.807692307692307,3.636363636363636,68.8,73.9,68.3,74.2,,,,,,,,,,,,,,,,,,,,,
401752738,2025-10-18 23:30:00+00:00,2025,regular,8,False,Alabama,SEC,1964.0,993.55,Tennessee,SEC,866.57,1834.0,37.0,20.0,17.0,-8.5,0.1639700621836417,-0.2739528506498438,0.2739528506498438,-0.1639700621836417,0.0357310206476613,-0.1375566177009269,0.1375566177009269,-0.0357310206476613,0.2650701454416868,-0.3551860345411386,0.3551860345411386,-0.2650701454416868,0.0186829146213857,-0.1190067657110972,0.1190067657110972,-0.0186829146213857,-0.0274038461538461,-0.1215638598624097,0.1215638598624097,0.0274038461538461,0.1096059113300492,-0.0646446078431372,0.0646446078431372,-0.1096059113300492,0.1426920243138698,-0.2814527669595144,0.2814527669595144,-0.1426920243138698,-0.1358445385890587,-0.0407662349424871,0.0407662349424871,0.1358445385890587,-0.310093939952109,0.2172901005343719,-0.2172901005343719,0.310093939952109,0.1906404466884095,-0.0254167492888865,0.0254167492888865,-0.1906404466884095,0.1028922552317234,0.1524956769717503,-0.1524956769717503,-0.1028922552317234,0.1143029386414282,-0.14863333924902,0.14863333924902,-0.1143029386414282,0.19,0.123,0.067,0.174,0.115,0.059,0.174,0.115,0.059,0.19,0.123,0.067,4.190476190476191,4.736111111111111,3.4651162790697674,4.081967213114754,69.9,72.2,72.0,72.1,,,,,,,,,,,,,,,,,,,,,
401752750,2025-10-25 16:00:00+00:00,2025,regular,9,False,Oklahoma,SEC,1807.0,882.59,Ole Miss,SEC,813.11,1959.0,26.0,34.0,-8.0,-5.5,0.0452544589756895,-0.311142967087915,0.311142967087915,-0.0452544589756895,-0.0646820734217119,-0.2348616647136094,0.2348616647136094,0.0646820734217119,0.1152744158188535,-0.4014691993872288,0.4014691993872288,-0.1152744158188535,0.0475044009526768,-0.1742362800756961,0.1742362800756961,-0.0475044009526768,0.0406449445750755,-0.1735670626225348,0.1735670626225348,-0.0406449445750755,0.0516194331983805,-0.1462514757969303,0.1462514757969303,-0.0516194331983805,-0.1874715909090909,-0.755896900034831,0.755896900034831,0.1874715909090909,0.030681818181818,-0.3551608034366654,0.3551608034366654,-0.030681818181818,-0.0823863636363635,-0.3038662486938348,0.3038662486938348,0.0823863636363635,-0.0386905371140355,0.068716667482702,-0.068716667482702,0.0386905371140355,-0.0701828909071077,0.169487985980949,-0.169487985980949,0.0701828909071077,-0.0958065532968506,-0.0847601310756618,0.0847601310756618,0.0958065532968506,0.164,0.098,0.066,0.2339999999999999,0.174,0.06,0.2339999999999999,0.174,0.06,0.164,0.098,0.066,3.901639344262295,4.753086419753086,2.6444444444444444,2.9827586206896552,68.1,74.5,71.9,71.7,,,,,,,,,,,,,,,,,,,,,
401752751,2025-10-25 19:30:00+00:00,2025,regular,9,False,South Carolina,SEC,1645.0,833.26,Alabama,SEC,993.55,1964.0,22.0,29.0,-7.0,11.5,0.0051902007980498,-0.1683167942830439,0.1683167942830439,-0.0051902007980498,-0.0592269317188975,-0.0796167025334377,0.0796167025334377,0.0592269317188975,0.0662957184764497,-0.2039719466054906,0.2039719466054906,-0.0662957184764497,-0.0179458393800827,-0.0259356802218564,0.0259356802218564,0.0179458393800827,0.0069778946546202,-0.0124145068394528,0.0124145068394528,-0.0069778946546202,-0.0580693815987933,-0.0565756082997462,0.0565756082997462,0.0580693815987933,-0.0069817389499897,-0.0679737326971228,0.0679737326971228,0.0069817389499897,-0.0076986926748288,0.1293522936646666,-0.1293522936646666,0.0076986926748288,-0.6972712180950404,0.7641139509614021,-0.7641139509614021,0.6972712180950404,0.023127864926042,-0.1308398781482569,0.1308398781482569,-0.023127864926042,-0.0480877009673712,0.016676346089816,-0.016676346089816,0.0480877009673712,0.1023302232560996,-0.1446401356152387,0.1446401356152387,-0.1023302232560996,0.174,0.115,0.059,0.157,0.098,0.059,0.157,0.098,0.059,0.174,0.115,0.059,2.5833333333333335,4.190476190476191,3.482142857142857,3.4651162790697674,72.6,70.1,69.9,72.2,,,,,,,,,,,,,,,,,,,,,
401752749,2025-10-25 20:15:00+00:00,2025,regular,9,False,Mississippi State,SEC,1492.0,770.48,Texas,SEC,973.54,1872.0,38.0,45.0,-7.0,8.5,0.0870579084981148,0.0528226487098691,-0.0528226487098691,-0.0870579084981148,0.1912866091217333,0.1342063680922597,-0.1342063680922597,-0.1912866091217333,0.0273127878999617,-0.0327737399661121,0.0327737399661121,-0.0273127878999617,0.0420526014865637,0.0390882488834129,-0.0390882488834129,-0.0420526014865637,0.0476768903735195,0.0594161094357764,-0.0594161094357764,-0.0476768903735195,0.0311302681992337,-0.0169473903098357,0.0169473903098357,-0.0311302681992337,0.5718255417096594,0.5634102216191765,-0.5634102216191765,-0.5718255417096594,0.1730613540757204,0.239107492838836,-0.239107492838836,-0.1730613540757204,0.3766965632193031,0.6728227549123073,-0.6728227549123073,-0.3766965632193031,0.1079649371708977,-0.0602608886484994,0.0602608886484994,-0.1079649371708977,0.1655202832393978,0.095003717181502,-0.095003717181502,-0.1655202832393978,0.2714401786378058,-0.0587260151309925,0.0587260151309925,-0.2714401786378058,0.19,0.127,0.063,0.151,0.085,0.066,0.151,0.085,0.066,0.19,0.127,0.063,4.596774193548387,3.1846153846153844,3.612903225806451,3.636363636363636,70.3,72.4,68.3,74.2,,,,,,,,,,,,,,,,,,,,,
401752889,2025-11-01 16:00:00+00:00,2025,regular,10,False,Ohio State,Big Ten,2145.0,973.69,Penn State,Big Ten,910.42,1938.0,38.0,14.0,24.0,-17.5,0.270464949650515,-0.2185485572298455,0.2185485572298455,-0.270464949650515,0.0458368204778689,-0.245169394007979,0.245169394007979,-0.0458368204778689,0.4588415283995382,-0.2190653114718994,0.2190653114718994,-0.4588415283995382,0.147973517375909,-0.1033566433566434,0.1033566433566434,-0.147973517375909,0.1375665934318414,-0.0834635823694905,0.0834635823694905,-0.1375665934318414,0.1101357082273112,-0.0953740188017746,0.0953740188017746,-0.1101357082273112,0.3479021114358152,-0.411837213852475,0.411837213852475,-0.3479021114358152,0.0400708327688645,-0.215656862105698,0.215656862105698,-0.0400708327688645,-0.1934740957210039,-0.4524446183612687,0.4524446183612687,0.1934740957210039,-0.0322908557730983,-0.109415182458274,0.109415182458274,0.0322908557730983,-0.1128310533294996,-0.0714675622949213,0.0714675622949213,0.1128310533294996,-0.0779562090770533,-0.2312353452344309,0.2312353452344309,0.0779562090770533,0.158,0.112,0.046,0.175,0.122,0.053,0.175,0.122,0.053,0.158,0.112,0.046,5.145161290322581,4.339285714285714,2.413793103448276,3.7291666666666665,70.1,74.0,67.3,73.0,,,,,,,,,,,,,,,,,,,,,
401752758,2025-11-01 16:00:00+00:00,2025,regular,10,False,Texas,SEC,1872.0,973.54,Vanderbilt,SEC,685.42,1770.0,34.0,31.0,3.0,-3.5,-0.0666483543042116,-0.3250824425483232,0.3250824425483232,0.0666483543042116,0.0102439907788297,-0.3622056778063747,0.3622056778063747,-0.0102439907788297,-0.118120436244862,-0.3247413658837392,0.3247413658837392,0.118120436244862,-0.0231464605963403,-0.1212096495130752,0.1212096495130752,0.0231464605963403,-0.0488643238189517,-0.0763352638352638,0.0763352638352638,0.0488643238189517,0.0186147186147186,-0.2027777777777777,0.2027777777777777,-0.0186147186147186,0.045063538611926,-0.8208101898324744,0.8208101898324744,-0.045063538611926,-0.1814923427826654,-0.3294073033081264,0.3294073033081264,0.1814923427826654,-0.3712392744650808,-1.557195119230855,1.557195119230855,0.3712392744650808,0.0102308574296572,-0.2218152344139681,0.2218152344139681,-0.0102308574296572,-0.0911702754756622,-0.4317322868288619,0.4317322868288619,0.0911702754756622,0.1678130902065686,-0.0997300058592949,0.0997300058592949,-0.1678130902065686,0.159,0.11,0.049,0.19,0.127,0.063,0.19,0.127,0.063,0.159,0.11,0.049,3.1846153846153844,5.064516129032258,3.636363636363636,3.732142857142857,68.3,74.2,69.5,72.2,,,,,,,,,,,,,,,,,,,,,
401752755,2025-11-01 19:30:00+00:00,2025,regular,10,True,Florida,SEC,1565.0,898.58,Georgia,SEC,1002.98,2070.0,20.0,24.0,-4.0,7.0,-0.0070554065653909,-0.1176720120100061,0.1176720120100061,0.0070554065653909,0.0873038714533324,-0.0886858158860264,0.0886858158860264,-0.0873038714533324,-0.0798660933498387,-0.1519739846428905,0.1519739846428905,0.0798660933498387,0.0356165337951489,-0.0850750197420373,0.0850750197420373,-0.0356165337951489,0.0506192336464134,-0.0730095608765546,0.0730095608765546,-0.0506192336464134,-0.0165894248999368,-0.073929579192737,0.073929579192737,0.0165894248999368,0.6086877511794513,-0.2810088621056361,0.2810088621056361,-0.6086877511794513,0.3470324421923233,-0.2950443105281815,0.2950443105281815,-0.3470324421923233,0.3095695730677383,0.0910528181495923,-0.0910528181495923,-0.3095695730677383,-0.076406602985976,0.1532627385024838,-0.1532627385024838,0.076406602985976,-0.0963530037609583,0.0441237518819367,-0.0441237518819367,0.0963530037609583,0.0644980970935442,0.2507738930754091,-0.2507738930754091,-0.0644980970935442,0.141,0.079,0.062,0.148,0.09,0.058,0.148,0.09,0.058,0.141,0.079,0.062,3.7755102040816326,4.857142857142857,3.5161290322580645,4.1,72.4,69.6,71.4,73.0,,,,,,,,,,,,,,,,,,,,,
401752757,2025-11-01 23:30:00+00:00,2025,regular,10,False,Tennessee,SEC,1834.0,866.57,Oklahoma,SEC,882.59,1807.0,27.0,33.0,-6.0,-3.0,0.3393573464235969,-0.0429466519099454,0.0429466519099454,-0.3393573464235969,0.2982327289538469,-0.0897988132361604,0.0897988132361604,-0.2982327289538469,0.3674218748953936,-0.0130467492954765,0.0130467492954765,-0.3674218748953936,0.1872427983539095,-0.0060949239953277,0.0060949239953277,-0.1872427983539095,0.2119694342772747,0.0106371067069757,-0.0106371067069757,-0.2119694342772747,0.0844955234159779,-0.0384615384615384,0.0384615384615384,-0.0844955234159779,0.981008984876388,-0.2122155898876405,0.2122155898876405,-0.981008984876388,0.3663057834328552,-0.0843398876404493,0.0843398876404493,-0.3663057834328552,0.2982588314080026,-0.113061797752809,0.113061797752809,-0.2982588314080026,-0.0736763906012663,-0.0510603408016627,0.0510603408016627,0.0736763906012663,-0.1820411565952598,-0.1946463433168552,0.1946463433168552,0.1820411565952598,0.0465705251863974,0.11335829082401,-0.11335829082401,-0.0465705251863974,0.2339999999999999,0.174,0.06,0.19,0.123,0.067,0.19,0.123,0.067,0.2339999999999999,0.174,0.06,4.736111111111111,3.901639344262295,4.081967213114754,2.6444444444444444,72.0,72.1,68.1,74.5,,,,,,,,,,,,,,,,,,,,,
401752762,2025-11-08 17:00:00+00:00,2025,regular,11,False,Mississippi State,SEC,1492.0,770.48,Georgia,SEC,1002.98,2070.0,21.0,41.0,-20.0,9.5,0.0456238736519457,-0.0896356105375466,0.0896356105375466,-0.0456238736519457,0.1172675296669456,0.0045838289214533,-0.0045838289214533,-0.1172675296669456,-0.0020836326563853,-0.1824937917562954,0.1824937917562954,0.0020836326563853,0.0480599594108546,-0.0552180863210778,0.0552180863210778,-0.0480599594108546,0.0641650766730266,-0.0566324700480665,0.0566324700480665,-0.0641650766730266,0.0177914343158453,-0.0253722987347441,0.0253722987347441,-0.0177914343158453,0.4188611843682568,0.3637260348382156,-0.3637260348382156,-0.4188611843682568,0.4552705186605931,0.12957544782292,-0.12957544782292,-0.4552705186605931,0.5342443858387278,0.3184017875881141,-0.3184017875881141,-0.5342443858387278,0.0777722479031621,0.0677100805456163,-0.0677100805456163,-0.0777722479031621,0.0906660220846682,-0.0322963402141305,0.0322963402141305,-0.0906660220846682,0.2649868452089263,0.258879499749207,-0.258879499749207,-0.2649868452089263,0.141,0.079,0.062,0.151,0.085,0.066,0.151,0.085,0.066,0.141,0.079,0.062,4.596774193548387,4.857142857142857,3.612903225806451,4.1,70.3,72.4,71.4,73.0,,,,,,,,,,,,,,,,,,,,,
401752897,2025-11-08 18:00:00+00:00,2025,regular,11,False,Purdue,Big Ten,1276.0,687.74,Ohio State,Big Ten,973.69,2145.0,10.0,34.0,-24.0,29.5,0.134108741689699,-0.1442844019019822,0.1442844019019822,-0.134108741689699,0.2062226692481202,-0.0475839926308502,0.0475839926308502,-0.2062226692481202,0.0967522843135225,-0.2071380645402915,0.2071380645402915,-0.0967522843135225,0.0713956466069142,-0.0978790735254511,0.0978790735254511,-0.0713956466069142,0.0342384887839433,-0.0801119654182759,0.0801119654182759,-0.0342384887839433,0.1304278050346187,-0.0914488395404425,0.0914488395404425,-0.1304278050346187,0.3548249226454159,-0.0473965707094543,0.0473965707094543,-0.3548249226454159,0.2435834650401798,-0.0185307535000787,0.0185307535000787,-0.2435834650401798,0.5686508024842507,-0.0650149441560484,0.0650149441560484,-0.5686508024842507,0.1840971299472675,0.1145092125485203,-0.1145092125485203,-0.1840971299472675,0.1198446392262636,0.035720815826055,-0.035720815826055,-0.1198446392262636,0.27898697316925,0.2836395913424692,-0.2836395913424692,-0.27898697316925,0.175,0.122,0.053,0.157,0.1,0.057,0.157,0.1,0.057,0.175,0.122,0.053,3.2131147540983607,5.145161290322581,3.796875,2.413793103448276,72.1,73.0,70.1,74.0,,,,,,,,,,,,,,,,,,,,,
401752759,2025-11-09 00:30:00+00:00,2025,regular,11,False,Alabama,SEC,1964.0,993.55,LSU,SEC,920.05,1693.0,20.0,9.0,11.0,-10.5,0.1622072285850654,-0.0747933080587624,0.0747933080587624,-0.1622072285850654,-0.0402172368554884,0.0190926754184505,-0.0190926754184505,0.0402172368554884,0.3066415188636392,-0.1589804037885344,0.1589804037885344,-0.3066415188636392,0.0499191606586498,-0.0297217382121547,0.0297217382121547,-0.0499191606586498,0.0306547619047619,-0.0223939580223061,0.0223939580223061,-0.0306547619047619,0.0732209348042276,-0.0475640037674458,0.0475640037674458,-0.0732209348042276,0.0293359089485223,0.26759481282114,-0.26759481282114,-0.0293359089485223,-0.3072465281403362,0.1251651578174699,-0.1251651578174699,0.3072465281403362,-0.5294455466221155,0.0076339613408367,-0.0076339613408367,0.5294455466221155,0.0916072449484473,0.0324839541219246,-0.0324839541219246,-0.0916072449484473,-0.0957902909484885,0.1639564840774036,-0.1639564840774036,0.0957902909484885,0.0872232108170361,0.0114655952676987,-0.0114655952676987,-0.0872232108170361,0.174,0.09,0.084,0.174,0.115,0.059,0.174,0.115,0.059,0.174,0.09,0.084,4.190476190476191,3.5161290322580645,3.4651162790697674,3.346938775510204,69.9,72.2,71.7,71.9,,,,,,,,,,,,,,,,,,,,,
401752765,2025-11-15 20:30:00+00:00,2025,regular,12,False,Alabama,SEC,1964.0,993.55,Oklahoma,SEC,882.59,1807.0,21.0,23.0,-2.0,-6.5,0.258222263588691,-0.0717943575412417,0.0717943575412417,-0.258222263588691,0.0896279365742251,0.0169803820901957,-0.0169803820901957,-0.0896279365742251,0.3941574266788444,-0.129898190178379,0.129898190178379,-0.3941574266788444,0.1332086112466786,-0.0523845879778083,0.0523845879778083,-0.1332086112466786,0.1405890804597701,-0.0669502454917754,0.0669502454917754,-0.1405890804597701,0.0951431014126938,-0.0041478129713423,0.0041478129713423,-0.0951431014126938,0.6982447425070375,-0.0682120901639344,0.0682120901639344,-0.6982447425070375,0.122260859965778,-0.0169057377049179,0.0169057377049179,-0.122260859965778,-0.3303527074018877,0.4227459016393442,-0.4227459016393442,0.3303527074018877,-0.0319130117407169,0.0723999777373107,-0.0723999777373107,0.0319130117407169,-0.291296825302862,0.1699972575942206,-0.1699972575942206,0.291296825302862,0.1146814468249313,0.0109169685778844,-0.0109169685778844,-0.1146814468249313,0.2339999999999999,0.174,0.06,0.174,0.115,0.059,0.174,0.115,0.059,0.2339999999999999,0.174,0.06,4.190476190476191,3.901639344262295,3.4651162790697674,2.6444444444444444,69.9,72.2,68.1,74.5,,,,,,,,,,,,,,,,,,,,,
401752900,2025-11-16 00:30:00+00:00,2025,regular,12,False,Ohio State,Big Ten,2145.0,973.69,UCLA,Big Ten,766.62,1361.0,48.0,10.0,38.0,-33.5,0.1287971966108865,-0.1680294314994977,0.1680294314994977,-0.1287971966108865,-0.0399395785744141,-0.2892247657343915,0.2892247657343915,0.0399395785744141,0.2793367137728641,-0.1024548378744548,0.1024548378744548,-0.2793367137728641,0.0601844705155912,-0.0696870342771982,0.0696870342771982,-0.0601844705155912,0.0702740859743927,-0.0488632507634883,0.0488632507634883,-0.0702740859743927,-0.0039564326940979,-0.0894810428489184,0.0894810428489184,0.0039564326940979,-0.13905080675669,-0.3137558901418606,0.3137558901418606,0.13905080675669,-0.0327719205907992,-0.3051559721997738,0.3051559721997738,0.0327719205907992,-0.1186861626013584,-0.950752819186632,0.950752819186632,0.1186861626013584,-0.0085109802245835,-0.1408837055067822,0.1408837055067822,0.0085109802245835,-0.0802398826200381,-0.1861018394920915,0.1861018394920915,0.0802398826200381,-0.0844856234996485,-0.1504986481611043,0.1504986481611043,0.0844856234996485,0.12,0.066,0.054,0.175,0.122,0.053,0.175,0.122,0.053,0.12,0.066,0.054,5.145161290322581,3.2363636363636363,2.413793103448276,4.645161290322581,70.1,74.0,73.5,69.9,,,,,,,,,,,,,,,,,,,,,
401752766,2025-11-16 00:30:00+00:00,2025,regular,12,False,Georgia,SEC,2070.0,1002.98,Texas,SEC,973.54,1872.0,35.0,10.0,25.0,-3.5,0.1969300196438909,-0.0130377255503059,0.0130377255503059,-0.1969300196438909,0.2166479489015762,-0.0130063302759821,0.0130063302759821,-0.2166479489015762,0.192096490038861,-0.0129800176923305,0.0129800176923305,-0.192096490038861,0.1002612330198536,-0.0119622557396537,0.0119622557396537,-0.1002612330198536,0.1023797382287948,-0.0028193450444589,0.0028193450444589,-0.1023797382287948,0.054059829059829,-0.0322960867515322,0.0322960867515322,-0.054059829059829,0.6615520117887179,-0.3089034676663544,0.3089034676663544,-0.6615520117887179,0.1507634719128718,-0.3234405914818286,0.3234405914818286,-0.1507634719128718,0.420726801548116,-0.2238536568433475,0.2238536568433475,-0.420726801548116,-0.005143952028054,-0.0926343278983261,0.0926343278983261,0.005143952028054,0.1678014747913669,0.0343528437589951,-0.0343528437589951,-0.1678014747913669,-0.0871961362548043,-0.2239560451965156,0.2239560451965156,0.0871961362548043,0.19,0.127,0.063,0.141,0.079,0.062,0.141,0.079,0.062,0.19,0.127,0.063,4.857142857142857,3.1846153846153844,4.1,3.636363636363636,71.4,73.0,68.3,74.2,,,,,,,,,,,,,,,,,,,,,
401752778,2025-11-22 17:00:00+00:00,2025,regular,13,False,Oklahoma,SEC,1807.0,882.59,Missouri,SEC,804.77,1765.0,17.0,6.0,11.0,-7.5,0.1059511417907242,-0.2602681960011367,0.2602681960011367,-0.1059511417907242,0.0321575895006225,-0.3326845339563159,0.3326845339563159,-0.0321575895006225,0.1800573188953022,-0.1837826745647595,0.1837826745647595,-0.1800573188953022,0.0814085897978515,-0.1647492178827328,0.1647492178827328,-0.0814085897978515,0.0926356674200697,-0.173130825891402,0.173130825891402,-0.0926356674200697,0.046037296037296,-0.1160249949606934,0.1160249949606934,-0.046037296037296,0.1982291666666666,-1.1707637349100763,1.1707637349100763,-0.1982291666666666,0.1881944444444443,-0.5886343105855302,0.5886343105855302,-0.1881944444444443,-0.4861111111111111,-1.157132298595713,1.157132298595713,0.4861111111111111,-0.0146751666809881,0.1071436490218744,-0.1071436490218744,0.0146751666809881,-0.0022754365772494,0.0354167917576553,-0.0354167917576553,0.0022754365772494,-0.049546230006368,0.0703187228491466,-0.0703187228491466,0.049546230006368,0.211,0.133,0.078,0.2339999999999999,0.174,0.06,0.2339999999999999,0.174,0.06,0.211,0.133,0.078,3.901639344262295,4.34375,2.6444444444444444,3.8780487804878048,68.1,74.5,71.2,72.8,,,,,,,,,,,,,,,,,,,,,
401752912,2025-11-22 17:00:00+00:00,2025,regular,13,False,Ohio State,Big Ten,2145.0,973.69,Rutgers,Big Ten,689.22,1458.0,42.0,9.0,33.0,-31.5,0.0866760035232239,-0.2507180070543428,0.2507180070543428,-0.0866760035232239,-0.0896095981260429,-0.1740386846208355,0.1740386846208355,0.0896095981260429,0.221695283089767,-0.3131331080967394,0.3131331080967394,-0.221695283089767,0.0944819700031911,-0.1065318968647863,0.1065318968647863,-0.0944819700031911,0.0760953820514311,-0.0799351876856602,0.0799351876856602,-0.0760953820514311,0.0712468193384224,-0.1323810857489613,0.1323810857489613,-0.0712468193384224,0.0183740272573804,-0.3497979194311358,0.3497979194311358,-0.0183740272573804,-0.2484456705233251,-0.1229500724248655,0.1229500724248655,0.2484456705233251,-1.745069378679952,-0.2578527800006077,0.2578527800006077,1.745069378679952,-0.2392191668670931,-0.1906220476682647,0.1906220476682647,0.2392191668670931,-0.3337791537896432,0.0464833197022227,-0.0464833197022227,0.3337791537896432,-0.2087274656400466,-0.3945887053823635,0.3945887053823635,0.2087274656400466,0.125,0.083,0.042,0.175,0.122,0.053,0.175,0.122,0.053,0.125,0.083,0.042,5.145161290322581,3.464788732394366,2.413793103448276,4.317460317460317,70.1,74.0,71.2,73.6,,,,,,,,,,,,,,,,,,,,,
401752776,2025-11-22 17:45:00+00:00,2025,regular,13,False,Georgia,SEC,2070.0,1002.98,Charlotte,American Athletic,526.3,1013.0,35.0,3.0,32.0,-43.5,0.0413457621848497,0.091924594550163,-0.091924594550163,-0.0413457621848497,-0.0223686188590581,0.1013685222931752,-0.1013685222931752,0.0223686188590581,0.0679302678142094,0.0859972411443172,-0.0859972411443172,-0.0679302678142094,-0.023594478911172,0.0178802523557244,-0.0178802523557244,0.023594478911172,-0.0283018867924528,0.0164865359956036,-0.0164865359956036,0.0283018867924528,-0.0029068970245441,0.009045904590459,-0.009045904590459,0.0029068970245441,-0.2127622672885296,0.1457044673539518,-0.1457044673539518,0.2127622672885296,-0.1724500798981461,-0.2474226804123711,0.2474226804123711,0.1724500798981461,-0.3768269393163838,-0.0274914089347079,0.0274914089347079,0.3768269393163838,0.0449955753238051,-0.0738247660196698,0.0738247660196698,-0.0449955753238051,0.0683710195598469,0.1335162592818412,-0.1335162592818412,-0.0683710195598469,-0.0354244271601205,-0.2706188670401022,0.2706188670401022,0.0354244271601205,0.106,0.072,0.034,0.141,0.079,0.062,0.141,0.079,0.062,0.106,0.072,0.034,4.857142857142857,2.9565217391304346,4.1,4.111111111111111,71.4,73.0,72.5,67.9,,,,,,,,,,,,,,,,,,,,,
401752773,2025-11-22 19:00:00+00:00,2025,regular,13,False,Alabama,SEC,1964.0,993.55,Eastern Illinois,Big South-OVC,500.0,1500.0,56.0,0.0,56.0,-20.25,0.1712429543889724,0.1605108293869558,0.1677076335195178,0.1629380507884544,0.1138355297909592,0.107462110749888,0.1107919078803266,0.108756696975177,0.2528836369917089,0.2406430917995325,0.2496353678960766,0.2434879513018182,0.4267684082446299,0.4202842060205795,0.4248643264818932,0.4219055584775437,0.4751745468735015,0.4703708392296605,0.4735335495813719,0.4714042712338365,0.3198301980094905,0.316582407456398,0.3190231312578933,0.3176047752581618,2.968937128879862,2.9482057122769536,2.959540117344966,2.951237388076944,1.094991571868598,1.0850394864813446,1.0900136662783018,1.0875354379496092,1.306961961280104,1.2908766915531364,1.300782349703933,1.2915841096562115,1.2343041460919395,1.234005839649907,1.2340468527762865,1.2339374743680174,0.9630219937064876,0.9619194026437636,0.9620158574902206,0.9620762499232678,1.5953363303470791,1.5931006301862627,1.594962437175384,1.5935746725300006,0.1720324743536471,0.1090964195115013,0.0629360548421457,0.1718748504053531,0.1089627564319536,0.0629120939733994,0.1720139941505021,0.1079189063602793,0.0640950877902227,0.1719008286688683,0.1078276570629167,0.0640731716059515,3.605098238050428,3.6144472832894534,3.625834723040053,3.603738684785925,70.10714601769912,70.86637168141593,70.11243362831857,70.86763274336283,,,,,,,,,,,,,,,,,,,,,
401752780,2025-11-22 20:30:00+00:00,2025,regular,13,False,Texas,SEC,1872.0,973.54,Arkansas,SEC,772.64,1596.0,52.0,37.0,15.0,-9.5,-0.1114896656301615,-0.24815619919244,0.24815619919244,0.1114896656301615,-0.1478312663363136,-0.3456858339601275,0.3456858339601275,0.1478312663363136,-0.1406969382793073,-0.199067245641294,0.199067245641294,0.1406969382793073,-0.0612985616346283,-0.1075385759434839,0.1075385759434839,0.0612985616346283,-0.0642844888856211,-0.0959858346467417,0.0959858346467417,0.0642844888856211,-0.0537048900277599,-0.1117724867724867,0.1117724867724867,0.0537048900277599,-0.1188452088452085,-1.0494610828137807,1.0494610828137807,0.1188452088452085,-0.2688506688506688,-0.6480595869166053,0.6480595869166053,0.2688506688506688,-0.7136591136591138,-1.9612021120989245,1.9612021120989245,0.7136591136591138,-0.0048788282384801,-0.1721790478297804,0.1721790478297804,0.0048788282384801,-0.1888145803822433,-0.3160696341715577,0.3160696341715577,0.1888145803822433,0.0214134984863807,-0.1721044471479054,0.1721044471479054,-0.0214134984863807,0.162,0.094,0.068,0.19,0.127,0.063,0.19,0.127,0.063,0.162,0.094,0.068,3.1846153846153844,4.352941176470588,3.636363636363636,4.313432835820896,68.3,74.2,72.5,71.6,,,,,,,,,,,,,,,,,,,,,
401752921,2025-11-29 17:00:00,2025,regular,14,False,Michigan,Big Ten,1825.0,907.22,Ohio State,Big Ten,973.69,2158.0,9.0,27.0,-18.0,10.0,0.2395009839176193,0.0887668765777043,0.2940974633688027,0.0292186314421178,0.2082869979511873,0.0537678069187298,0.1165711583467922,0.0370495326062893,0.2792854540006398,0.1842976962772523,0.4587083815690463,0.1125414367837329,0.4792317061052237,0.399058790317038,0.5128610457086363,0.3597536749825202,0.5255580477130797,0.4519633874588973,0.5499720026126381,0.4402317836554075,0.3152291766189496,0.2961894197578474,0.3307356153514143,0.2647305996387662,3.2410938083748917,2.726944765806145,2.975163148862276,2.7337404862603742,1.1569524722692714,0.8629774670604712,1.0854441160514847,0.9124367736446132,1.537763286925492,1.031675204969497,1.1446839847300383,0.9123199676099744,1.1998943601218817,1.173550224668242,1.2000308197734717,1.1666937501820225,0.967305118505636,0.9159675867922624,0.9104747263415746,0.9411666948509412,1.5202538110696635,1.4545810976518256,1.50141040610433,1.4434271861869925,0.1138545953360768,0.074074074074074,0.0397805212620027,0.1063492063492063,0.0666666666666666,0.0396825396825396,0.1761442441054091,0.1040221914008321,0.0721220527045769,0.1684782608695652,0.1141304347826086,0.0543478260869565,3.6973684210526314,5.083333333333333,3.636363636363636,2.5806451612903225,69.1,72.6,70.0,74.0,,,,,,,,,,,,,,,,,,,,,
401752786,2025-11-28 20:30:00,2025,regular,14,True,Georgia Tech,ACC,1573.0,715.56,Georgia,ACC,1002.98,2048.0,9.0,16.0,-7.0,13.5,0.2396260274806892,0.2065962525376299,0.2651008572347283,0.1140336145372135,0.1706246852610774,0.1352159365928803,0.1525052897384824,0.0622511923435388,0.3262794713899516,0.2956199396317066,0.3341537115264091,0.2284964883396368,0.5046535499643506,0.4504716569893923,0.4912576218559816,0.358471805516305,0.5397228790919161,0.51779855986747,0.5404620533454741,0.4208559111842776,0.3311084324089104,0.2895742775939746,0.3052214780392289,0.2853864130008668,3.283022664101716,3.008176160254888,3.0388163137851336,2.676320640793769,1.1487517107123466,1.0766528960722146,1.0824499409189583,0.8256709708894394,1.2179071820553753,1.6013742459688771,1.1150720075971128,0.9175894925607468,1.1902847813823194,1.24966865114339,1.2226530785324468,1.2316634897986631,0.9272321163283126,0.9883959948629646,0.9671118309994674,0.9366569954559298,1.5378151124837605,1.5307947768563583,1.5017245703295938,1.526564921923255,0.1164483260553129,0.0844250363901018,0.032023289665211,0.1215469613259668,0.0787292817679558,0.042817679558011,0.1238390092879257,0.0773993808049535,0.0464396284829721,0.1390675241157556,0.0747588424437299,0.0643086816720257,4.196969696969697,4.890625,3.943396226415094,4.128205128205129,70.9,73.2,71.2,73.1,,,,,,,,,,,,,,,,,,,,,
401752792,2025-11-29 00:30:00,2025,regular,14,False,Texas,SEC,1880.0,973.54,Texas A&M,SEC,917.29,1896.0,27.0,17.0,10.0,2.5,0.1716837397809453,0.0926972759585765,0.2811741568813937,0.1342606702526922,0.065843116242366,0.0154996443516019,0.1389492416177765,0.1253361985686076,0.2962761800449982,0.2249141911231056,0.4016674095453225,0.1767480059286452,0.420953757117842,0.3707173287294072,0.4935503316844857,0.3447261671226689,0.4555795444635402,0.4339999459233411,0.5551609532706673,0.4278575311489581,0.3147911963254404,0.2870873439695266,0.291098802150745,0.2662207318275061,2.9044531658200805,2.5486073285778184,3.0260839154598043,2.764910521029715,1.0170726854158654,0.9464416403069906,1.1608168892060493,1.0950946968658686,0.9498088633429588,0.9626688240882152,1.3310758919863095,1.4484280888937584,1.2807599101383,1.2240722157762818,1.2573212434779966,1.316858051891654,0.904576136678322,0.9201922203589986,0.961149866161514,1.042001942138692,1.619647971270724,1.5252557903050303,1.5792521679954912,1.565233667291437,0.1515580736543909,0.0963172804532577,0.0552407932011331,0.1085043988269794,0.0571847507331378,0.0513196480938416,0.184885290148448,0.1187584345479082,0.0661268556005398,0.2108626198083067,0.1533546325878594,0.0575079872204472,3.305555555555556,4.383561643835616,3.862745098039216,4.325581395348837,68.2,74.5,66.4,74.3,,,,,,,,,,,,,,,,,,,,,
401752789,2025-11-29 20:30:00,2025,regular,14,False,Oklahoma,SEC,1824.0,882.59,LSU,SEC,920.05,1690.0,17.0,13.0,4.0,-10.0,0.131047938564416,0.0106217197175752,0.0796009443659304,0.0447642286897504,0.0950144360209766,-0.0012080727694418,0.0491309262154643,0.0649775900142654,0.1917404992125704,0.1233564538068023,0.1862211950061591,0.1372088910154037,0.4323878952123088,0.3041799461823681,0.4039676221922675,0.3546163133167458,0.4915249985008201,0.3537582732886619,0.4493456103888329,0.4266376236916649,0.287476832511824,0.2823209217283675,0.2984187542173032,0.2824465346851937,2.9583581890067077,2.308672390227952,2.68991551017252,2.7333458393199535,1.0965758094763751,0.8024631659556096,0.9595118156723038,1.0340900216478546,1.1588965358032812,1.054515781501017,1.382552019526942,1.1233081878166715,1.2223706340864156,1.287371482382343,1.218268326939962,1.2332541202221567,0.9571170035827126,1.0082837500079824,0.9379523346500332,0.9496541605340818,1.509151452772446,1.53565751066017,1.5052223981460264,1.5428149039630743,0.1737160120845921,0.1012084592145015,0.0725075528700906,0.1842105263157894,0.1145510835913312,0.0696594427244582,0.2344213649851632,0.1735905044510385,0.0608308605341246,0.1694656488549618,0.0839694656488549,0.0854961832061068,3.736842105263158,2.7540983606557377,2.5416666666666665,3.07843137254902,68.5,74.8,70.3,72.6,,,,,,,,,,,,,,,,,,,,,
401752784,2025-11-30 00:30:00,2025,regular,14,False,Auburn,SEC,1661.0,891.84,Alabama,SEC,993.55,1964.0,20.0,27.0,-7.0,5.5,0.166681335487723,0.0535469759648097,0.2731473441970549,0.0711987872084952,0.186995214255923,-0.0600299488445636,0.0941564095348288,0.0920785666245264,0.1613833377042517,0.2754612594594436,0.3989396053632419,0.1402468708115725,0.4554264438533265,0.3539581468200764,0.476206108855528,0.3633719308386273,0.5203543827827632,0.4004227248665976,0.5059459397985719,0.424338356992825,0.2827446139427116,0.3026050781558274,0.3311169477201687,0.2914546335351097,3.09001010893563,2.2981190378443976,2.9437336082751533,2.778595669193848,1.2231611408387784,0.8265566561932994,0.9883061784028658,1.0151070105176656,1.2699244618659358,0.8787488679785437,0.9769123140324376,1.326208883356982,1.1667634785901304,1.27436613774669,1.293840314691628,1.2529498468780458,0.974452240660248,0.9414096039639572,0.9372029459111196,1.009977824463621,1.433659624909744,1.568720354695909,1.5901884658020722,1.5175976780483151,0.163059163059163,0.1125541125541125,0.0505050505050505,0.1288433382137628,0.0805270863836017,0.048316251830161,0.1694656488549618,0.1190839694656488,0.0503816793893129,0.1745762711864406,0.1152542372881356,0.059322033898305,4.04,4.190476190476191,3.309090909090909,3.4651162790697674,73.1,71.7,68.4,72.4,,,,,,,,,,,,,,,,,,,,,
