game_id,season,week,season_type,home_away,team_id,team,conference,opponent_id,opponent,opponent_conference,completionAttempts,defensiveTDs,firstDowns,fourthDownEff,fumblesLost,fumblesRecovered,interceptionTDs,interceptionYards,interceptions,kickReturnTDs,kickReturnYards,kickReturns,kickingPoints,netPassingYards,passesDeflected,passesIntercepted,passingTDs,possessionTime,puntReturnTDs,puntReturnYards,puntReturns,qbHurries,rushingAttempts,rushingTDs,rushingYards,sacks,tackles,tacklesForLoss,thirdDownEff,totalFumbles,totalPenaltiesYards,totalYards,turnovers,yardsPerPass,yardsPerRushAttempt,points
401767620,2025.0,1.0,regular,home,2181.0,Drake,Pioneer,389.0,Upper Iowa University,Great Lakes,16-21,,25.0,2-2,0.0,1.0,0.0,0.0,1.0,0.0,10.0,1.0,11.0,278.0,,2.0,3.0,35:33,0.0,29.0,3.0,,48.0,2.0,201.0,,,,10-16,0.0,5-45,479.0,1.0,13.2,4.2,41
401767620,2025.0,1.0,regular,away,389.0,Upper Iowa University,Great Lakes,2181.0,Drake,Pioneer,18-30,,12.0,0-1,1.0,0.0,0.0,0.0,2.0,0.0,108.0,6.0,1.0,201.0,,1.0,1.0,24:27,0.0,5.0,2.0,,17.0,0.0,18.0,,,,4-11,2.0,5-45,219.0,3.0,6.7,1.1,7
401767547,2025.0,1.0,regular,home,79.0,Southern Illinois,MVFC,2646.0,Thomas More College,Great Midwest Athletic,19-29,,24.0,1-2,0.0,3.0,1.0,41.0,0.0,0.0,73.0,2.0,7.0,238.0,,2.0,3.0,26:48,0.0,27.0,1.0,,35.0,3.0,148.0,,,,5-11,1.0,6-60,386.0,0.0,8.2,4.2,49
401767547,2025.0,1.0,regular,away,2646.0,Thomas More College,Great Midwest Athletic,79.0,Southern Illinois,MVFC,18-29,,13.0,1-1,3.0,0.0,,,2.0,0.0,86.0,4.0,3.0,131.0,,,0.0,33:12,0.0,0.0,1.0,,32.0,0.0,60.0,,,,2-13,4.0,4-20,191.0,5.0,4.5,1.9,3
401767526,2025.0,1.0,regular,home,292.0,UT Rio Grande Valley,Southland,2834.0,Sul Ross State,Lone Star,26-27,,29.0,0-0,1.0,1.0,,,0.0,0.0,0.0,1.0,12.0,438.0,,,5.0,30:37,0.0,-2.0,1.0,,35.0,4.0,236.0,,,,7-9,1.0,8-71,674.0,1.0,16.2,6.7,66
401767526,2025.0,1.0,regular,away,2834.0,Sul Ross State,Lone Star,292.0,UT Rio Grande Valley,Southland,10-14,,6.0,0-1,1.0,1.0,,,0.0,0.0,128.0,7.0,,41.0,,,0.0,29:23,,,,,31.0,0.0,33.0,,,,2-12,1.0,12-70,74.0,1.0,2.9,1.1,0
401752947,2025.0,1.0,regular,home,265.0,Washington State,Pac-12,70.0,Idaho,Big Sky,23-31,0.0,13.0,2-2,1.0,2.0,,,0.0,0.0,36.0,2.0,7.0,208.0,2.0,,1.0,24:49,,,,2.0,22.0,0.0,3.0,0.0,39.0,4.0,3-12,2.0,7-48,211.0,1.0,6.7,0.1,13
401752947,2025.0,1.0,regular,away,70.0,Idaho,Big Sky,265.0,Washington State,Pac-12,12-20,0.0,16.0,1-1,2.0,1.0,,,0.0,0.0,45.0,2.0,4.0,33.0,0.0,,0.0,35:11,0.0,0.0,1.0,4.0,45.0,1.0,188.0,1.0,29.0,7.0,7-16,2.0,6-57,221.0,2.0,1.7,4.2,10
401754522,2025.0,1.0,regular,home,2390.0,Miami,ACC,87.0,Notre Dame,FBS Independents,20-31,0.0,20.0,1-2,0.0,1.0,0.0,12.0,0.0,0.0,32.0,1.0,9.0,205.0,3.0,1.0,2.0,33:57,0.0,9.0,1.0,1.0,37.0,1.0,127.0,3.0,31.0,5.0,5-14,0.0,6-51,332.0,0.0,6.6,3.4,27
401754522,2025.0,1.0,regular,away,87.0,Notre Dame,FBS Independents,2390.0,Miami,ACC,19-30,0.0,18.0,0-0,1.0,0.0,,,1.0,0.0,15.0,1.0,6.0,221.0,3.0,,2.0,26:03,0.0,9.0,2.0,1.0,27.0,1.0,94.0,1.0,32.0,2.0,4-9,2.0,5-30,315.0,2.0,7.4,3.5,24
401767634,2025.0,1.0,regular,home,2413.0,Morehead State,Pioneer,2019.0,Allen,SIAC,16-21,,17.0,1-2,0.0,,,,0.0,0.0,203.0,6.0,8.0,219.0,,,1.0,28:48,,,,,30.0,3.0,195.0,,,,3-8,,8-94,414.0,0.0,10.4,6.5,38
401767634,2025.0,1.0,regular,away,2019.0,Allen,SIAC,2413.0,Morehead State,Pioneer,26-38,,31.0,1-2,0.0,0.0,,,0.0,0.0,60.0,4.0,7.0,309.0,,,2.0,31:12,0.0,-6.0,1.0,,36.0,2.0,107.0,,,,4-11,1.0,1-0,416.0,0.0,8.1,3.0,31
401756876,2025.0,1.0,regular,away,2630.0,UT Martin,Big South-OVC,197.0,Oklahoma State,Big 12,10-17,0.0,13.0,0-0,0.0,,,,1.0,,,,1.0,109.0,2.0,,1.0,28:39,0.0,0.0,1.0,2.0,38.0,0.0,116.0,2.0,45.0,9.0,6-15,,7-50,225.0,1.0,6.4,3.1,7
401756876,2025.0,1.0,regular,home,197.0,Oklahoma State,Big 12,2630.0,UT Martin,Big South-OVC,18-30,0.0,20.0,1-1,0.0,,0.0,1.0,0.0,0.0,41.0,2.0,9.0,232.0,2.0,1.0,1.0,31:21,0.0,17.0,3.0,7.0,42.0,2.0,127.0,4.0,34.0,9.0,10-18,,5-55,359.0,0.0,7.7,3.0,27
401756855,2025.0,1.0,regular,away,155.0,North Dakota,MVFC,2306.0,Kansas State,Big 12,24-39,0.0,23.0,1-2,1.0,1.0,,,0.0,0.0,28.0,1.0,5.0,252.0,5.0,,1.0,31:14,0.0,20.0,2.0,3.0,33.0,4.0,102.0,1.0,46.0,3.0,5-14,2.0,4-30,354.0,1.0,6.5,3.1,35
401756855,2025.0,1.0,regular,home,2306.0,Kansas State,Big 12,155.0,North Dakota,MVFC,28-43,0.0,22.0,2-3,1.0,1.0,,,0.0,0.0,130.0,5.0,8.0,318.0,4.0,,3.0,28:46,0.0,23.0,3.0,6.0,27.0,2.0,146.0,3.0,43.0,10.0,5-13,2.0,3-36,464.0,1.0,7.4,5.4,38
401756846,2025.0,1.0,regular,away,66.0,Iowa State,Big 12,2306.0,Kansas State,Big 12,14-28,0.0,19.0,3-3,2.0,2.0,,,0.0,0.0,56.0,2.0,6.0,183.0,4.0,,2.0,33:52,,,,2.0,46.0,1.0,130.0,1.0,31.0,7.0,3-14,2.0,1-5,313.0,2.0,6.5,2.8,24
401756846,2025.0,1.0,regular,home,2306.0,Kansas State,Big 12,66.0,Iowa State,Big 12,21-30,0.0,13.0,1-4,2.0,2.0,,,0.0,0.0,66.0,3.0,3.0,273.0,6.0,,2.0,26:08,0.0,0.0,1.0,3.0,27.0,1.0,110.0,4.0,40.0,6.0,5-13,2.0,6-48,383.0,2.0,9.1,4.1,21
401752667,2025.0,1.0,regular,away,2.0,Auburn,SEC,239.0,Baylor,Big 12,11-17,1.0,25.0,1-1,0.0,0.0,,,0.0,1.0,98.0,1.0,8.0,108.0,3.0,,0.0,33:18,,,,3.0,52.0,4.0,307.0,4.0,39.0,5.0,5-10,1.0,9-83,415.0,0.0,6.4,5.9,38
401752667,2025.0,1.0,regular,home,239.0,Baylor,Big 12,2.0,Auburn,SEC,27-48,0.0,23.0,3-6,0.0,,,,0.0,0.0,53.0,2.0,6.0,419.0,3.0,,3.0,26:42,,,,1.0,24.0,0.0,64.0,1.0,41.0,1.0,5-15,,6-55,483.0,0.0,8.7,2.7,24
401756853,2025.0,1.0,regular,away,233.0,South Dakota,MVFC,66.0,Iowa State,Big 12,15-29,0.0,11.0,0-1,0.0,0.0,,,2.0,0.0,47.0,3.0,1.0,126.0,0.0,,1.0,24:42,,,,0.0,21.0,0.0,82.0,0.0,31.0,2.0,5-12,1.0,5-36,208.0,2.0,4.3,3.9,7
401756853,2025.0,1.0,regular,home,66.0,Iowa State,Big 12,233.0,South Dakota,MVFC,23-25,0.0,28.0,0-0,0.0,,0.0,22.0,0.0,,,,13.0,306.0,3.0,2.0,3.0,35:18,0.0,117.0,2.0,4.0,42.0,4.0,223.0,0.0,17.0,4.0,9-10,,3-30,529.0,0.0,12.2,5.3,55
401756877,2025.0,1.0,regular,away,2029.0,Arkansas-Pine Bluff,SWAC,2641.0,Texas Tech,Big 12,17-33,0.0,11.0,1-2,0.0,0.0,,,1.0,0.0,18.0,1.0,1.0,122.0,0.0,,1.0,32:38,,,,1.0,26.0,0.0,53.0,0.0,44.0,2.0,4-15,2.0,4-31,175.0,1.0,3.7,2.0,7
401756877,2025.0,1.0,regular,home,2641.0,Texas Tech,Big 12,2029.0,Arkansas-Pine Bluff,SWAC,25-32,0.0,33.0,1-1,0.0,0.0,0.0,7.0,0.0,0.0,54.0,2.0,13.0,314.0,2.0,1.0,6.0,27:22,0.0,5.0,4.0,5.0,28.0,3.0,296.0,3.0,29.0,6.0,5-8,2.0,7-60,610.0,0.0,9.8,10.6,67
401756854,2025.0,1.0,regular,away,2681.0,Wagner,NEC,2305.0,Kansas,Big 12,13-20,0.0,6.0,1-1,0.0,1.0,0.0,0.0,0.0,,,,1.0,90.0,2.0,1.0,1.0,26:45,,,,0.0,28.0,0.0,53.0,0.0,60.0,0.0,2-14,0.0,10-70,143.0,0.0,4.5,1.9,7
401756854,2025.0,1.0,regular,home,2305.0,Kansas,Big 12,2681.0,Wagner,NEC,23-34,0.0,32.0,1-2,1.0,0.0,,,1.0,0.0,34.0,1.0,8.0,346.0,2.0,,4.0,33:15,0.0,62.0,9.0,4.0,44.0,2.0,285.0,3.0,32.0,9.0,4-10,1.0,6-55,631.0,2.0,10.2,6.5,46
401756847,2025.0,1.0,regular,away,278.0,Fresno State,Mountain West,2305.0,Kansas,Big 12,18-29,0.0,13.0,1-2,1.0,0.0,,,2.0,,,,1.0,179.0,0.0,,0.0,26:52,0.0,1.0,2.0,2.0,29.0,1.0,37.0,1.0,38.0,5.0,7-15,2.0,4-50,216.0,3.0,6.2,1.3,7
401756847,2025.0,1.0,regular,home,2305.0,Kansas,Big 12,278.0,Fresno State,Mountain West,18-20,0.0,22.0,2-3,0.0,1.0,0.0,0.0,0.0,0.0,14.0,1.0,7.0,176.0,4.0,2.0,3.0,33:08,0.0,0.0,1.0,4.0,38.0,1.0,207.0,3.0,35.0,10.0,2-10,1.0,9-72,383.0,0.0,8.8,5.4,31
401754523,2025.0,1.0,regular,home,153.0,North Carolina,ACC,2628.0,TCU,Big 12,13-21,0.0,10.0,1-1,2.0,0.0,0.0,0.0,1.0,0.0,126.0,6.0,2.0,172.0,2.0,1.0,1.0,27:51,,,,3.0,28.0,1.0,50.0,0.0,41.0,3.0,1-10,4.0,3-25,222.0,3.0,8.2,1.8,14
401754523,2025.0,1.0,regular,away,2628.0,TCU,Big 12,153.0,North Carolina,ACC,27-37,2.0,29.0,1-1,0.0,2.0,1.0,25.0,1.0,,,,12.0,284.0,1.0,1.0,2.0,32:09,,,,1.0,35.0,2.0,258.0,2.0,32.0,8.0,7-12,0.0,5-58,542.0,1.0,7.7,7.4,48
401756878,2025.0,1.0,regular,away,2523.0,Robert Morris,NEC,277.0,West Virginia,Big 12,7-22,0.0,8.0,0-0,2.0,3.0,,,0.0,0.0,50.0,3.0,3.0,70.0,0.0,,0.0,32:30,,,,1.0,37.0,0.0,53.0,1.0,49.0,3.0,3-15,2.0,4-24,123.0,2.0,3.2,1.4,3
401756878,2025.0,1.0,regular,home,277.0,West Virginia,Big 12,2523.0,Robert Morris,NEC,18-23,0.0,26.0,1-2,4.0,2.0,,,0.0,0.0,48.0,2.0,9.0,232.0,2.0,,1.0,27:30,0.0,52.0,5.0,4.0,53.0,5.0,393.0,4.0,31.0,8.0,5-11,5.0,9-69,625.0,4.0,10.1,7.4,45
401767179,2025.0,1.0,regular,home,2296.0,Jackson State,SWAC,2261.0,Hampton,CAA,15-30,,19.0,0-0,0.0,2.0,0.0,5.0,0.0,0.0,46.0,2.0,4.0,143.0,,1.0,0.0,26:27,0.0,31.0,3.0,,32.0,4.0,283.0,,,,6-14,1.0,10-89,426.0,0.0,4.8,8.8,28
401767179,2025.0,1.0,regular,away,2261.0,Hampton,CAA,2296.0,Jackson State,SWAC,21-29,,20.0,1-3,2.0,0.0,,,1.0,0.0,19.0,2.0,2.0,201.0,,,1.0,33:33,0.0,2.0,4.0,,41.0,1.0,175.0,,,,5-14,4.0,5-33,376.0,3.0,6.9,4.3,14
401767256,2025.0,1.0,regular,home,2142.0,Colgate,Patriot,2405.0,Monmouth,CAA,21-37,,27.0,2-3,1.0,0.0,0.0,9.0,0.0,0.0,93.0,5.0,7.0,365.0,,4.0,3.0,32:57,,,,,40.0,2.0,176.0,,,,7-14,1.0,4-40,541.0,1.0,9.9,4.4,39
401767256,2025.0,1.0,regular,away,2405.0,Monmouth,CAA,2142.0,Colgate,Patriot,34-45,,32.0,1-2,0.0,1.0,,,4.0,0.0,49.0,3.0,4.0,491.0,,,4.0,27:03,,,,,28.0,2.0,187.0,,,,9-14,0.0,3-32,678.0,4.0,10.9,6.7,42
401767657,2025.0,1.0,regular,home,2529.0,Sacred Heart,FCS Independents,284.0,Stonehill,NEC,11-21,,18.0,1-3,0.0,,0.0,7.0,1.0,0.0,66.0,2.0,4.0,119.0,,1.0,0.0,32:22,,,,,43.0,1.0,169.0,,,,7-14,,4-40,288.0,1.0,5.7,3.9,12
401767657,2025.0,1.0,regular,away,284.0,Stonehill,NEC,2529.0,Sacred Heart,FCS Independents,30-39,,16.0,4-5,0.0,,0.0,0.0,1.0,0.0,23.0,1.0,1.0,212.0,,1.0,1.0,27:38,0.0,15.0,1.0,,24.0,0.0,49.0,,,,1-12,,7-45,261.0,1.0,5.4,2.0,7
401752679,2025.0,1.0,regular,home,238.0,Vanderbilt,SEC,2127.0,Charleston Southern,Big South-OVC,21-28,0.0,25.0,0-0,0.0,1.0,0.0,0.0,0.0,0.0,29.0,1.0,9.0,280.0,3.0,1.0,3.0,32:09,0.0,11.0,1.0,3.0,31.0,3.0,201.0,3.0,28.0,6.0,6-9,1.0,7-60,481.0,0.0,10.0,6.5,45
401752679,2025.0,1.0,regular,away,2127.0,Charleston Southern,Big South-OVC,238.0,Vanderbilt,SEC,10-19,0.0,7.0,1-1,1.0,0.0,,,1.0,0.0,15.0,1.0,3.0,88.0,1.0,,0.0,27:51,,,,2.0,27.0,0.0,47.0,1.0,26.0,2.0,3-13,1.0,5-54,135.0,2.0,4.6,1.7,3
401767171,2025.0,1.0,regular,away,2168.0,Dayton,Pioneer,2197.0,Eastern Illinois,Big South-OVC,17-31,,9.0,0-1,1.0,2.0,0.0,0.0,0.0,0.0,77.0,3.0,2.0,261.0,,1.0,2.0,19:43,0.0,36.0,3.0,,19.0,0.0,31.0,,,,3-13,1.0,2-18,292.0,1.0,8.4,1.6,14
401767171,2025.0,1.0,regular,home,2197.0,Eastern Illinois,Big South-OVC,2168.0,Dayton,Pioneer,9-18,,25.0,0-1,2.0,1.0,,,1.0,,,,6.0,129.0,,,0.0,40:17,0.0,19.0,3.0,,62.0,3.0,336.0,,,,9-17,2.0,5-44,465.0,3.0,7.2,5.4,24
401767201,2025.0,1.0,regular,home,2717.0,Western Carolina,Southern,2241.0,Gardner-Webb,Big South-OVC,18-36,,21.0,1-1,2.0,1.0,0.0,61.0,1.0,0.0,96.0,5.0,9.0,233.0,,1.0,3.0,24:22,0.0,21.0,2.0,,42.0,3.0,221.0,,,,7-18,3.0,8-54,454.0,3.0,6.5,5.3,45
401767201,2025.0,1.0,regular,away,2241.0,Gardner-Webb,Big South-OVC,2717.0,Western Carolina,Southern,13-33,,25.0,2-4,1.0,2.0,0.0,0.0,1.0,0.0,99.0,4.0,10.0,292.0,,1.0,2.0,35:38,0.0,23.0,3.0,,57.0,5.0,335.0,,,,4-16,1.0,8-64,627.0,2.0,8.8,5.9,52
401761591,2025.0,1.0,regular,home,2032.0,Arkansas State,Sun Belt,2546.0,Southeast Missouri State,Big South-OVC,26-32,0.0,25.0,1-2,1.0,1.0,,,0.0,0.0,30.0,1.0,6.0,345.0,1.0,,3.0,30:52,0.0,23.0,2.0,5.0,36.0,3.0,147.0,3.0,32.0,6.0,5-11,3.0,7-70,492.0,1.0,10.8,4.1,42
401761591,2025.0,1.0,regular,away,2546.0,Southeast Missouri State,Big South-OVC,2032.0,Arkansas State,Sun Belt,26-36,0.0,20.0,2-3,1.0,1.0,,,0.0,0.0,7.0,1.0,6.0,272.0,2.0,,2.0,29:08,0.0,2.0,1.0,1.0,33.0,1.0,92.0,0.0,32.0,4.0,6-14,1.0,8-71,364.0,1.0,7.6,2.8,24
401767223,2025.0,1.0,regular,away,2448.0,North Carolina A&T,CAA,2634.0,Tennessee State,Big South-OVC,16-22,,15.0,0-0,3.0,0.0,0.0,0.0,0.0,0.0,59.0,3.0,3.0,210.0,,1.0,1.0,32:55,0.0,30.0,5.0,,41.0,2.0,133.0,,,,5-15,4.0,8-55,343.0,3.0,9.5,3.2,21
401767223,2025.0,1.0,regular,home,2634.0,Tennessee State,Big South-OVC,2448.0,North Carolina A&T,CAA,11-21,,11.0,0-0,0.0,3.0,,,1.0,0.0,43.0,3.0,6.0,123.0,,,1.0,27:05,0.0,22.0,2.0,,28.0,2.0,159.0,,,,2-11,1.0,8-68,282.0,1.0,5.9,5.7,24
401767230,2025.0,1.0,regular,away,2161.0,Cumberland (TN),,2635.0,Tennessee Tech,Big South-OVC,7-16,,9.0,0-1,0.0,0.0,,,1.0,0.0,86.0,8.0,,40.0,,,0.0,29:46,,,,,39.0,0.0,64.0,,,,1-15,2.0,5-39,104.0,1.0,2.5,1.6,0
401767230,2025.0,1.0,regular,home,2635.0,Tennessee Tech,Big South-OVC,2161.0,Cumberland (TN),,19-28,,24.0,1-3,0.0,0.0,0.0,1.0,0.0,0.0,36.0,1.0,11.0,284.0,,1.0,3.0,30:14,1.0,118.0,3.0,,30.0,5.0,287.0,,,,5-8,1.0,7-90,571.0,0.0,10.1,9.6,65
401767209,2025.0,1.0,regular,home,2900.0,St. Thomas (MN),Pioneer,2815.0,Lindenwood,Big South-OVC,11-19,,23.0,1-1,0.0,1.0,,,0.0,0.0,17.0,2.0,5.0,172.0,,,2.0,29:17,,,,,44.0,3.0,275.0,,,,7-11,0.0,7-42,447.0,0.0,9.1,6.3,35
401767209,2025.0,1.0,regular,away,2815.0,Lindenwood,Big South-OVC,2900.0,St. Thomas (MN),Pioneer,18-30,,22.0,0-1,1.0,0.0,,,0.0,0.0,44.0,3.0,1.0,318.0,,,1.0,30:43,0.0,7.0,3.0,,35.0,1.0,132.0,,,,4-12,1.0,4-41,450.0,1.0,10.6,3.8,13
401767140,2025.0,1.0,regular,home,227.0,Rhode Island,CAA,2097.0,Campbell,CAA,15-28,,21.0,1-1,3.0,1.0,,,0.0,0.0,17.0,1.0,7.0,275.0,,,2.0,28:55,0.0,16.0,2.0,,34.0,2.0,109.0,,,,4-11,3.0,9-62,384.0,3.0,9.8,3.2,31
401767140,2025.0,1.0,regular,away,2097.0,Campbell,CAA,227.0,Rhode Island,CAA,18-36,,13.0,1-2,1.0,3.0,,,0.0,0.0,88.0,4.0,8.0,148.0,,,1.0,31:05,0.0,6.0,2.0,,32.0,1.0,120.0,,,,3-15,1.0,11-98,268.0,1.0,4.1,3.8,20
401767454,2025.0,1.0,regular,home,2193.0,East Tennessee State,Southern,93.0,Murray State,MVFC,17-25,,31.0,3-3,1.0,0.0,0.0,1.0,1.0,0.0,9.0,1.0,9.0,180.0,,2.0,1.0,31:09,0.0,9.0,1.0,,58.0,5.0,392.0,,,,6-12,2.0,5-53,572.0,2.0,7.2,6.8,45
401767454,2025.0,1.0,regular,away,93.0,Murray State,MVFC,2193.0,East Tennessee State,Southern,22-35,,18.0,2-3,0.0,1.0,0.0,16.0,2.0,0.0,51.0,4.0,5.0,226.0,,1.0,1.0,28:51,,,,,28.0,1.0,34.0,,,,2-12,1.0,6-35,260.0,2.0,6.5,1.2,17
401767080,2025.0,1.0,regular,away,304.0,Idaho State,Big Sky,253.0,Southern Utah,UAC,24-50,,19.0,1-3,0.0,1.0,,,1.0,0.0,78.0,3.0,6.0,338.0,,,1.0,22:47,,,,,16.0,1.0,23.0,,,,4-14,0.0,3-30,361.0,1.0,6.8,1.4,24
401767080,2025.0,1.0,regular,home,253.0,Southern Utah,UAC,304.0,Idaho State,Big Sky,19-25,,28.0,1-1,1.0,,0.0,6.0,0.0,0.0,24.0,2.0,8.0,240.0,,1.0,3.0,37:13,,,,,50.0,3.0,323.0,,,,8-14,,6-40,563.0,1.0,9.6,6.5,46
401762457,2025.0,1.0,regular,home,202.0,Tulsa,American Athletic,2000.0,Abilene Christian,UAC,22-34,0.0,25.0,4-4,0.0,,0.0,4.0,0.0,,,,9.0,236.0,2.0,1.0,2.0,33:05,0.0,9.0,1.0,1.0,43.0,2.0,268.0,5.0,27.0,9.0,8-19,,10-53,504.0,0.0,6.9,6.2,35
401762457,2025.0,1.0,regular,away,2000.0,Abilene Christian,UAC,202.0,Tulsa,American Athletic,13-19,0.0,13.0,1-3,0.0,0.0,,,1.0,0.0,74.0,2.0,1.0,140.0,3.0,,0.0,26:55,0.0,18.0,2.0,0.0,40.0,1.0,120.0,0.0,33.0,2.0,5-15,1.0,3-25,260.0,1.0,7.4,3.0,7
401757222,2025.0,1.0,regular,home,2393.0,Middle Tennessee,Conference USA,2046.0,Austin Peay,UAC,16-37,0.0,13.0,1-4,0.0,,,,0.0,0.0,35.0,1.0,2.0,109.0,4.0,,2.0,21:25,0.0,15.0,3.0,5.0,22.0,0.0,44.0,3.0,34.0,7.0,0-12,,4-50,153.0,0.0,2.9,2.0,14
401757222,2025.0,1.0,regular,away,2046.0,Austin Peay,UAC,2393.0,Middle Tennessee,Conference USA,14-27,0.0,19.0,1-1,0.0,0.0,,,0.0,,,,10.0,193.0,7.0,,2.0,38:35,0.0,62.0,2.0,4.0,47.0,2.0,150.0,5.0,26.0,8.0,7-17,2.0,9-88,343.0,0.0,7.1,3.2,34
401752674,2025.0,1.0,regular,home,142.0,Missouri,SEC,2110.0,Central Arkansas,UAC,26-31,1.0,25.0,1-1,0.0,1.0,1.0,83.0,0.0,0.0,18.0,1.0,13.0,341.0,4.0,1.0,3.0,30:09,0.0,50.0,2.0,1.0,38.0,4.0,219.0,2.0,35.0,7.0,9-13,1.0,8-70,560.0,0.0,11.0,5.8,61
401752674,2025.0,1.0,regular,away,2110.0,Central Arkansas,UAC,142.0,Missouri,SEC,13-23,0.0,15.0,1-1,1.0,0.0,,,1.0,0.0,111.0,7.0,,73.0,1.0,,1.0,29:51,,,,1.0,39.0,0.0,154.0,1.0,32.0,2.0,2-13,1.0,5-60,227.0,2.0,3.2,3.9,6
401754519,2025.0,1.0,regular,home,97.0,Louisville,ACC,2198.0,Eastern Kentucky,UAC,25-37,1.0,28.0,0-0,0.0,,,,3.0,0.0,88.0,2.0,9.0,313.0,3.0,,2.0,30:25,1.0,134.0,6.0,1.0,30.0,4.0,229.0,4.0,34.0,6.0,6-9,,12-106,542.0,3.0,8.5,7.6,51
401754519,2025.0,1.0,regular,away,2198.0,Eastern Kentucky,UAC,97.0,Louisville,ACC,5-14,1.0,10.0,0-0,0.0,0.0,1.0,92.0,0.0,0.0,51.0,3.0,5.0,76.0,3.0,3.0,0.0,29:35,,,,1.0,39.0,1.0,74.0,0.0,37.0,1.0,3-14,1.0,8-51,150.0,0.0,5.4,1.9,17
401757226,2025.0,1.0,regular,home,98.0,Western Kentucky,Conference USA,2453.0,North Alabama,UAC,30-39,0.0,26.0,1-2,0.0,1.0,,,0.0,,,,13.0,399.0,6.0,,6.0,30:11,0.0,10.0,1.0,3.0,32.0,1.0,165.0,2.0,42.0,7.0,5-12,0.0,12-130,564.0,0.0,10.2,5.2,55
401757226,2025.0,1.0,regular,away,2453.0,North Alabama,UAC,98.0,Western Kentucky,Conference USA,16-35,0.0,17.0,0-3,1.0,0.0,,,0.0,0.0,27.0,2.0,6.0,105.0,2.0,,0.0,29:49,0.0,-6.0,2.0,1.0,37.0,0.0,153.0,0.0,40.0,2.0,5-17,2.0,7-80,258.0,1.0,3.0,4.1,6
401767126,2025.0,1.0,regular,home,2502.0,Portland State,Big Sky,2627.0,Tarleton State,UAC,18-35,,17.0,0-1,1.0,1.0,,,3.0,0.0,144.0,7.0,0.0,169.0,,,0.0,32:22,,,,,29.0,0.0,108.0,,,,4-14,1.0,6-45,277.0,4.0,4.8,3.7,0
401767126,2025.0,1.0,regular,away,2627.0,Tarleton State,UAC,2502.0,Portland State,Big Sky,14-25,,22.0,1-1,1.0,1.0,1.0,91.0,0.0,,,,6.0,152.0,,3.0,2.0,27:38,,,,,38.0,3.0,301.0,,,,6-12,3.0,4-30,453.0,1.0,6.1,7.9,42
401762432,2025.0,1.0,regular,home,349.0,Army,American Athletic,2627.0,Tarleton State,UAC,8-16,0.0,24.0,1-2,1.0,0.0,,,2.0,0.0,17.0,1.0,9.0,131.0,5.0,,0.0,36:34,0.0,60.0,3.0,4.0,66.0,3.0,280.0,2.0,36.0,7.0,6-16,2.0,5-35,411.0,3.0,8.2,4.2,27
401762432,2025.0,1.0,regular,away,2627.0,Tarleton State,UAC,349.0,Army,American Athletic,16-30,0.0,16.0,1-2,0.0,1.0,0.0,34.0,0.0,0.0,31.0,2.0,12.0,152.0,2.0,2.0,1.0,23:26,,,,4.0,42.0,2.0,192.0,0.0,45.0,9.0,6-18,2.0,9-73,344.0,0.0,5.1,4.6,30
401767156,2025.0,1.0,regular,away,302.0,UC Davis,Big Sky,3101.0,Utah Tech,UAC,21-31,,21.0,0-2,1.0,2.0,0.0,31.0,1.0,0.0,23.0,1.0,7.0,253.0,,2.0,3.0,27:45,0.0,47.0,3.0,,43.0,1.0,164.0,,,,6-15,1.0,6-63,417.0,2.0,8.2,3.8,31
401767156,2025.0,1.0,regular,home,3101.0,Utah Tech,UAC,302.0,UC Davis,Big Sky,28-44,,18.0,0-2,2.0,1.0,0.0,0.0,2.0,0.0,13.0,1.0,6.0,272.0,,1.0,2.0,32:15,0.0,1.0,3.0,,30.0,1.0,81.0,,,,7-16,2.0,3-30,353.0,4.0,6.2,2.7,24
401762522,2025.0,1.0,regular,away,68.0,Boise State,Mountain West,58.0,South Florida,American Athletic,27-48,0.0,25.0,2-6,3.0,0.0,,,0.0,0.0,39.0,3.0,1.0,256.0,1.0,,1.0,36:21,,,,0.0,38.0,0.0,122.0,4.0,26.0,7.0,6-17,4.0,8-57,378.0,3.0,5.3,3.2,7
401762522,2025.0,1.0,regular,home,58.0,South Florida,American Athletic,68.0,Boise State,Mountain West,17-25,0.0,15.0,1-2,0.0,3.0,,,0.0,,,,10.0,255.0,6.0,,1.0,23:39,0.0,8.0,1.0,5.0,28.0,3.0,117.0,1.0,36.0,5.0,5-14,1.0,7-56,372.0,0.0,10.2,4.2,34
401754373,2025.0,1.0,regular,home,152.0,NC State,ACC,151.0,East Carolina,American Athletic,24-34,0.0,21.0,0-0,0.0,,,,1.0,,,,6.0,318.0,3.0,,1.0,32:07,,,,9.0,36.0,2.0,105.0,1.0,35.0,9.0,7-15,,7-63,423.0,1.0,9.4,2.9,24
401754373,2025.0,1.0,regular,away,151.0,East Carolina,American Athletic,152.0,NC State,ACC,31-45,0.0,18.0,1-4,0.0,,0.0,20.0,0.0,0.0,48.0,2.0,5.0,383.0,3.0,1.0,1.0,27:53,,,,4.0,29.0,1.0,30.0,1.0,32.0,10.0,6-16,,10-86,413.0,0.0,8.5,1.0,17
401762456,2025.0,1.0,regular,home,113.0,Massachusetts,Mid-American,218.0,Temple,American Athletic,25-40,0.0,18.0,1-3,1.0,0.0,,,1.0,,,,4.0,199.0,2.0,,0.0,26:14,,,,0.0,22.0,1.0,103.0,0.0,30.0,2.0,3-11,1.0,5-32,302.0,2.0,5.0,4.7,10
401762456,2025.0,1.0,regular,away,218.0,Temple,American Athletic,113.0,Massachusetts,Mid-American,22-29,0.0,24.0,0-0,0.0,1.0,0.0,0.0,0.0,0.0,50.0,3.0,6.0,276.0,6.0,1.0,6.0,33:46,0.0,24.0,1.0,1.0,37.0,0.0,191.0,2.0,27.0,4.0,9-12,1.0,5-57,467.0,0.0,9.5,5.2,42
401762433,2025.0,1.0,regular,away,236.0,Chattanooga,Southern,235.0,Memphis,American Athletic,12-19,0.0,14.0,1-1,0.0,0.0,0.0,20.0,2.0,0.0,15.0,1.0,4.0,114.0,0.0,1.0,1.0,31:33,,,,1.0,37.0,0.0,118.0,0.0,39.0,3.0,2-12,1.0,3-25,232.0,2.0,6.0,3.2,10
401762433,2025.0,1.0,regular,home,235.0,Memphis,American Athletic,236.0,Chattanooga,Southern,22-28,1.0,24.0,1-1,0.0,,1.0,27.0,1.0,0.0,20.0,1.0,9.0,199.0,1.0,2.0,1.0,28:26,0.0,16.0,1.0,4.0,33.0,4.0,233.0,2.0,30.0,10.0,5-9,,3-35,432.0,1.0,7.1,7.1,45
401762434,2025.0,1.0,regular,away,2678.0,VMI,Southern,2426.0,Navy,American Athletic,16-28,0.0,9.0,1-2,0.0,,,,0.0,0.0,40.0,2.0,1.0,197.0,1.0,,1.0,24:33,,,,1.0,22.0,0.0,15.0,0.0,33.0,3.0,4-14,,5-35,212.0,0.0,7.0,0.7,7
401762434,2025.0,1.0,regular,home,2426.0,Navy,American Athletic,2678.0,VMI,Southern,9-14,0.0,26.0,0-0,0.0,0.0,,,0.0,0.0,64.0,2.0,10.0,92.0,4.0,,1.0,35:27,0.0,53.0,4.0,2.0,54.0,6.0,468.0,5.0,15.0,7.0,10-13,1.0,4-35,560.0,0.0,6.6,8.7,52
401752803,2025.0,1.0,regular,away,77.0,Northwestern,Big Ten,2655.0,Tulane,American Athletic,19-36,0.0,19.0,0-2,1.0,0.0,,,4.0,,,,3.0,161.0,4.0,,0.0,26:39,,,,0.0,27.0,0.0,76.0,1.0,41.0,3.0,5-12,2.0,4-19,237.0,5.0,4.5,2.8,3
401752803,2025.0,1.0,regular,home,2655.0,Tulane,American Athletic,77.0,Northwestern,Big Ten,18-32,0.0,23.0,1-1,0.0,1.0,0.0,11.0,0.0,0.0,18.0,1.0,11.0,152.0,5.0,4.0,1.0,33:21,0.0,3.0,2.0,2.0,42.0,1.0,269.0,3.0,36.0,3.0,6-15,0.0,5-55,421.0,0.0,4.8,6.4,23
401757218,2025.0,1.0,regular,away,2534.0,Sam Houston,Conference USA,98.0,Western Kentucky,Conference USA,19-30,1.0,14.0,0-3,0.0,2.0,,,1.0,,,,6.0,209.0,5.0,,0.0,27:04,0.0,19.0,2.0,2.0,31.0,2.0,173.0,2.0,49.0,7.0,2-14,0.0,7-51,382.0,1.0,7.0,5.6,24
401757218,2025.0,1.0,regular,home,98.0,Western Kentucky,Conference USA,2534.0,Sam Houston,Conference USA,33-51,0.0,26.0,0-1,2.0,0.0,0.0,6.0,0.0,0.0,83.0,4.0,11.0,401.0,4.0,1.0,3.0,32:56,0.0,-3.0,1.0,2.0,35.0,2.0,105.0,2.0,31.0,9.0,11-19,2.0,2-17,506.0,2.0,7.9,3.0,41
401766898,2025.0,1.0,regular,away,2065.0,Bethune-Cookman,SWAC,2229.0,Florida International,Conference USA,23-39,0.0,17.0,0-3,1.0,1.0,,,0.0,0.0,51.0,3.0,9.0,241.0,3.0,,0.0,27:59,0.0,9.0,2.0,3.0,30.0,0.0,105.0,0.0,36.0,6.0,5-15,2.0,8-75,346.0,1.0,6.2,3.5,9
401766898,2025.0,1.0,regular,home,2229.0,Florida International,Conference USA,2065.0,Bethune-Cookman,SWAC,22-35,0.0,28.0,1-2,1.0,1.0,,,0.0,0.0,103.0,4.0,6.0,233.0,2.0,,0.0,32:01,0.0,2.0,2.0,4.0,38.0,6.0,223.0,2.0,33.0,6.0,8-14,1.0,7-40,456.0,1.0,6.7,5.9,42
401757221,2025.0,1.0,regular,away,2545.0,SE Louisiana,Southland,2348.0,Louisiana Tech,Conference USA,15-31,0.0,18.0,0-2,1.0,0.0,,,2.0,,,,,145.0,2.0,,0.0,27:53,0.0,25.0,3.0,0.0,44.0,0.0,128.0,3.0,36.0,8.0,9-18,2.0,7-43,273.0,3.0,4.7,2.9,0
401757221,2025.0,1.0,regular,home,2348.0,Louisiana Tech,Conference USA,2545.0,SE Louisiana,Southland,14-19,1.0,14.0,0-1,0.0,1.0,0.0,25.0,0.0,0.0,41.0,1.0,6.0,130.0,6.0,2.0,1.0,32:07,0.0,25.0,3.0,0.0,32.0,1.0,133.0,4.0,33.0,11.0,3-10,0.0,5-50,263.0,0.0,6.8,4.2,24
401757225,2025.0,1.0,regular,home,328.0,Utah State,Mountain West,2638.0,UTEP,Conference USA,19-28,0.0,18.0,0-0,0.0,,0.0,0.0,0.0,0.0,35.0,2.0,8.0,233.0,2.0,1.0,1.0,30:37,0.0,22.0,5.0,2.0,31.0,2.0,129.0,2.0,41.0,7.0,2-12,,11-73,362.0,0.0,8.3,4.2,28
401757225,2025.0,1.0,regular,away,2638.0,UTEP,Conference USA,328.0,Utah State,Mountain West,23-36,0.0,19.0,2-2,0.0,,,,1.0,0.0,49.0,3.0,4.0,181.0,4.0,,1.0,29:23,0.0,24.0,5.0,2.0,35.0,1.0,103.0,6.0,37.0,12.0,4-15,,7-63,284.0,1.0,5.0,2.9,16
401752936,2025.0,1.0,regular,away,25.0,California,ACC,204.0,Oregon State,Pac-12,20-30,0.0,15.0,2-3,0.0,1.0,0.0,41.0,0.0,0.0,78.0,3.0,10.0,234.0,4.0,1.0,3.0,30:08,0.0,73.0,3.0,6.0,32.0,1.0,122.0,1.0,31.0,7.0,2-13,2.0,6-39,356.0,0.0,7.8,3.8,34
401752936,2025.0,1.0,regular,home,204.0,Oregon State,Pac-12,25.0,California,ACC,22-34,0.0,19.0,1-2,1.0,0.0,,,1.0,0.0,51.0,3.0,3.0,248.0,6.0,,0.0,29:52,0.0,3.0,1.0,4.0,27.0,2.0,65.0,0.0,33.0,4.0,3-11,3.0,3-20,313.0,2.0,7.3,2.4,15
401761590,2025.0,1.0,regular,away,2692.0,Weber State,Big Sky,256.0,James Madison,Sun Belt,10-26,0.0,10.0,0-1,0.0,1.0,0.0,0.0,3.0,0.0,112.0,7.0,4.0,84.0,4.0,1.0,1.0,27:33,,,,2.0,31.0,0.0,64.0,1.0,37.0,8.0,3-14,0.0,3-21,148.0,3.0,3.2,2.1,10
401761590,2025.0,1.0,regular,home,256.0,James Madison,Sun Belt,2692.0,Weber State,Big Sky,17-27,0.0,23.0,1-3,1.0,0.0,0.0,49.0,1.0,0.0,46.0,2.0,9.0,145.0,6.0,3.0,2.0,32:27,0.0,13.0,2.0,3.0,44.0,4.0,313.0,0.0,32.0,5.0,7-13,1.0,6-75,458.0,2.0,5.4,7.1,45
401752669,2025.0,1.0,regular,home,61.0,Georgia,SEC,276.0,Marshall,Sun Belt,19-32,0.0,27.0,3-3,0.0,,,,0.0,,,,9.0,249.0,1.0,,3.0,34:29,0.0,26.0,4.0,0.0,44.0,3.0,239.0,0.0,40.0,5.5,6-16,,2-15,488.0,0.0,7.8,5.4,45
401752669,2025.0,1.0,regular,away,276.0,Marshall,Sun Belt,61.0,Georgia,SEC,11-21,0.0,7.0,0-0,0.0,,,,0.0,0.0,52.0,3.0,1.0,129.0,5.0,,0.0,25:31,0.0,14.0,2.0,0.0,31.0,1.0,78.0,0.0,56.0,3.0,3-15,,6-42,207.0,0.0,6.1,2.5,7
401760361,2025.0,1.0,regular,home,278.0,Fresno State,Mountain West,290.0,Georgia Southern,Sun Belt,20-27,0.0,29.0,1-1,1.0,0.0,0.0,0.0,2.0,0.0,17.0,1.0,10.0,176.0,6.0,1.0,0.0,38:01,0.0,55.0,3.0,0.0,44.0,5.0,351.0,0.0,19.0,2.0,6-10,1.0,2-25,527.0,3.0,6.5,8.0,42
401760361,2025.0,1.0,regular,away,290.0,Georgia Southern,Sun Belt,278.0,Fresno State,Mountain West,17-28,0.0,13.0,0-0,0.0,1.0,0.0,0.0,1.0,0.0,64.0,4.0,2.0,158.0,1.0,2.0,2.0,21:59,,,,0.0,21.0,0.0,84.0,0.0,42.0,3.0,4-11,0.0,5-58,242.0,1.0,5.6,4.0,14
401752806,2025.0,1.0,regular,home,84.0,Indiana,Big Ten,295.0,Old Dominion,Sun Belt,18-32,1.0,30.0,0-2,1.0,0.0,0.0,33.0,0.0,0.0,28.0,1.0,9.0,193.0,3.0,3.0,0.0,41:28,1.0,108.0,3.0,5.0,57.0,2.0,309.0,1.0,20.0,3.0,10-17,1.0,3-25,502.0,1.0,6.0,5.4,27
401752806,2025.0,1.0,regular,away,295.0,Old Dominion,Sun Belt,84.0,Indiana,Big Ten,11-22,0.0,10.0,0-0,0.0,1.0,,,3.0,,,,2.0,96.0,5.0,,0.0,18:32,0.0,3.0,1.0,2.0,23.0,2.0,218.0,1.0,48.0,4.0,4-10,0.0,9-65,314.0,3.0,4.4,9.5,14
401754616,2025.0,1.0,regular,home,258.0,Virginia,ACC,324.0,Coastal Carolina,Sun Belt,22-36,1.0,23.0,1-3,0.0,2.0,0.0,10.0,0.0,1.0,100.0,1.0,12.0,290.0,9.0,1.0,2.0,33:33,0.0,31.0,4.0,4.0,42.0,3.0,177.0,1.0,13.0,4.0,9-18,1.0,7-50,467.0,0.0,8.1,4.2,48
401754616,2025.0,1.0,regular,away,324.0,Coastal Carolina,Sun Belt,258.0,Virginia,ACC,20-37,0.0,13.0,1-2,1.0,0.0,,,1.0,0.0,18.0,1.0,1.0,163.0,6.0,,0.0,26:27,,,,3.0,29.0,1.0,98.0,0.0,29.0,3.0,1-14,1.0,7-60,261.0,2.0,4.4,3.4,7
401761589,2025.0,1.0,regular,home,2429.0,Charlotte,American Athletic,2026.0,App State,Sun Belt,13-25,0.0,15.0,2-2,1.0,1.0,,,1.0,,,,3.0,142.0,3.0,,1.0,26:02,,,,2.0,29.0,0.0,76.0,1.0,51.0,3.0,4-14,1.0,7-54,218.0,2.0,5.7,2.6,11
401761589,2025.0,1.0,regular,away,2026.0,App State,Sun Belt,2429.0,Charlotte,American Athletic,33-50,0.0,32.0,2-2,1.0,1.0,0.0,0.0,0.0,0.0,10.0,2.0,10.0,404.0,5.0,1.0,3.0,33:58,0.0,6.0,5.0,3.0,38.0,1.0,182.0,0.0,28.0,6.0,7-15,1.0,9-98,586.0,1.0,8.1,4.8,34
401752672,2025.0,1.0,regular,home,145.0,Ole Miss,SEC,2247.0,Georgia State,Sun Belt,24-37,0.0,33.0,1-1,0.0,0.0,0.0,1.0,2.0,,,,13.0,400.0,5.0,1.0,4.0,28:36,0.0,67.0,5.0,6.0,44.0,4.0,295.0,1.0,30.0,5.0,8-13,1.0,8-51,695.0,2.0,10.8,6.7,63
401752672,2025.0,1.0,regular,away,2247.0,Georgia State,Sun Belt,145.0,Ole Miss,SEC,12-25,0.0,10.0,2-4,0.0,,0.0,25.0,1.0,0.0,39.0,2.0,1.0,69.0,4.0,2.0,1.0,31:24,,,,4.0,35.0,0.0,191.0,2.0,46.0,6.0,2-15,,8-60,260.0,1.0,2.8,5.5,7
401761593,2025.0,1.0,regular,away,2415.0,Morgan State,MEAC,6.0,South Alabama,Sun Belt,15-25,0.0,17.0,2-2,3.0,1.0,,,1.0,0.0,17.0,1.0,3.0,159.0,1.0,,0.0,22:46,,,,0.0,40.0,3.0,181.0,1.0,23.0,3.0,5-13,3.0,10-61,340.0,4.0,6.4,4.5,21
401761593,2025.0,1.0,regular,home,6.0,South Alabama,Sun Belt,2415.0,Morgan State,MEAC,13-15,0.0,19.0,1-2,1.0,3.0,0.0,0.0,0.0,0.0,0.0,1.0,8.0,174.0,6.0,1.0,2.0,26:22,0.0,46.0,1.0,1.0,41.0,3.0,193.0,3.0,26.0,10.0,2-8,3.0,8-50,367.0,1.0,11.6,4.7,38
401761592,2025.0,1.0,regular,away,242.0,Rice,American Athletic,309.0,Louisiana,Sun Belt,7-9,0.0,18.0,0-1,0.0,1.0,0.0,0.0,0.0,0.0,37.0,2.0,2.0,45.0,1.0,1.0,0.0,36:24,0.0,3.0,1.0,1.0,55.0,2.0,206.0,3.0,34.0,6.0,5-12,0.0,8-90,251.0,0.0,5.0,3.7,14
401761592,2025.0,1.0,regular,home,309.0,Louisiana,Sun Belt,242.0,Rice,American Athletic,10-28,0.0,16.0,0-2,1.0,0.0,,,1.0,,,,6.0,88.0,1.0,,0.0,23:36,0.0,23.0,3.0,0.0,31.0,1.0,151.0,2.0,53.0,7.0,7-15,1.0,6-44,239.0,2.0,3.1,4.9,12
401761594,2025.0,1.0,regular,away,2199.0,Eastern Michigan,Mid-American,326.0,Texas State,Sun Belt,23-34,0.0,23.0,2-2,0.0,,,,0.0,0.0,33.0,2.0,9.0,248.0,2.0,,1.0,29:02,,,,2.0,33.0,2.0,143.0,1.0,39.0,3.0,6-15,,6-50,391.0,0.0,7.3,4.3,27
401761594,2025.0,1.0,regular,home,326.0,Texas State,Sun Belt,2199.0,Eastern Michigan,Mid-American,18-27,0.0,30.0,1-1,0.0,0.0,,,0.0,0.0,17.0,2.0,10.0,214.0,3.0,,4.0,30:58,0.0,33.0,2.0,6.0,39.0,3.0,392.0,2.0,40.0,7.0,7-10,1.0,6-42,606.0,0.0,7.9,10.1,52
401761588,2025.0,1.0,regular,away,2598.0,St. Francis (PA),NEC,2433.0,UL Monroe,Sun Belt,12-20,0.0,7.0,0-1,0.0,,0.0,22.0,1.0,0.0,54.0,6.0,,50.0,3.0,1.0,0.0,29:11,,,,0.0,27.0,0.0,81.0,2.0,39.0,8.0,2-12,,6-58,131.0,1.0,2.5,3.0,0
401761588,2025.0,1.0,regular,home,2433.0,UL Monroe,Sun Belt,2598.0,St. Francis (PA),NEC,14-26,0.0,22.0,2-2,0.0,0.0,0.0,0.0,1.0,,,,5.0,123.0,2.0,1.0,2.0,30:49,0.0,28.0,3.0,2.0,43.0,2.0,311.0,3.0,30.0,5.0,5-12,2.0,5-45,434.0,1.0,4.7,7.2,29
401752673,2025.0,1.0,regular,away,344.0,Mississippi State,SEC,2572.0,Southern Miss,Sun Belt,27-37,0.0,23.0,0-0,0.0,0.0,0.0,0.0,1.0,,,,10.0,277.0,7.0,1.0,1.0,30:21,0.0,0.0,3.0,0.0,42.0,3.0,188.0,1.0,17.0,3.0,11-17,1.0,14-119,465.0,1.0,7.5,4.5,34
401752673,2025.0,1.0,regular,home,2572.0,Southern Miss,Sun Belt,344.0,Mississippi State,SEC,26-39,0.0,18.0,1-3,0.0,,0.0,0.0,1.0,0.0,32.0,1.0,5.0,199.0,6.0,1.0,2.0,29:39,,,,0.0,35.0,0.0,102.0,1.0,25.0,4.0,10-19,,8-60,301.0,1.0,5.1,2.9,17
401761595,2025.0,1.0,regular,away,2447.0,Nicholls,Southland,2653.0,Troy,Sun Belt,21-27,0.0,16.0,0-1,0.0,,,,1.0,,,,8.0,184.0,2.0,,1.0,29:13,0.0,32.0,1.0,3.0,25.0,1.0,65.0,1.0,22.0,2.0,4-11,,6-45,249.0,1.0,6.8,2.6,20
401761595,2025.0,1.0,regular,home,2653.0,Troy,Sun Belt,2447.0,Nicholls,Southland,14-24,0.0,23.0,1-2,0.0,,0.0,1.0,0.0,0.0,67.0,5.0,8.0,144.0,1.0,1.0,3.0,30:47,,,,2.0,44.0,2.0,272.0,4.0,22.0,8.0,9-15,,8-100,416.0,0.0,6.0,6.2,38
401757219,2025.0,1.0,regular,away,2169.0,Delaware State,MEAC,48.0,Delaware,Conference USA,13-26,0.0,21.0,2-2,0.0,1.0,,,2.0,0.0,19.0,1.0,5.0,149.0,3.0,,1.0,31:53,0.0,-5.0,1.0,3.0,41.0,1.0,200.0,2.0,37.0,3.0,6-14,3.0,13-109,349.0,2.0,5.7,4.9,17
401757219,2025.0,1.0,regular,home,48.0,Delaware,Conference USA,2169.0,Delaware State,MEAC,31-44,1.0,26.0,2-2,1.0,0.0,1.0,45.0,0.0,0.0,90.0,3.0,5.0,272.0,2.0,2.0,3.0,28:07,0.0,0.0,1.0,3.0,26.0,1.0,137.0,2.0,31.0,7.0,8-13,1.0,6-55,409.0,1.0,6.2,5.3,35
401752798,2025.0,1.0,regular,home,30.0,USC,Big Ten,2623.0,Missouri State,Conference USA,24-27,1.0,27.0,0-0,1.0,1.0,1.0,76.0,0.0,0.0,62.0,3.0,13.0,364.0,3.0,2.0,3.0,27:29,,,,0.0,30.0,6.0,233.0,5.0,38.0,13.0,6-7,1.0,5-45,597.0,1.0,13.5,7.8,73
401752798,2025.0,1.0,regular,away,2623.0,Missouri State,Conference USA,30.0,USC,Big Ten,20-28,0.0,11.0,2-2,1.0,1.0,,,2.0,0.0,35.0,2.0,7.0,159.0,1.0,,1.0,32:31,,,,0.0,29.0,0.0,65.0,1.0,31.0,4.0,3-14,1.0,6-60,224.0,3.0,5.7,2.2,13
401767732,2025.0,1.0,regular,home,2329.0,Lehigh,Patriot,257.0,Richmond,Patriot,13-24,,21.0,1-2,0.0,,0.0,9.0,2.0,0.0,17.0,1.0,3.0,135.0,,1.0,2.0,31:35,0.0,4.0,1.0,,41.0,1.0,163.0,,,,5-13,,1-5,298.0,2.0,5.6,4.0,21
401767732,2025.0,1.0,regular,away,257.0,Richmond,Patriot,2329.0,Lehigh,Patriot,14-20,,10.0,2-2,0.0,,0.0,0.0,1.0,0.0,99.0,1.0,2.0,113.0,,2.0,0.0,28:25,0.0,35.0,3.0,,31.0,1.0,68.0,,,,4-13,,7-79,181.0,1.0,5.7,2.2,14
401779329,2025.0,1.0,regular,home,2368.0,Marist,Pioneer,2441.0,New Haven,NEC,11-20,,17.0,1-2,1.0,3.0,0.0,43.0,0.0,0.0,29.0,2.0,7.0,75.0,,1.0,1.0,33:07,0.0,-1.0,1.0,,43.0,2.0,230.0,,,,4-15,1.0,7-56,305.0,1.0,3.8,5.3,31
401779329,2025.0,1.0,regular,away,2441.0,New Haven,NEC,2368.0,Marist,Pioneer,31-55,,22.0,1-4,3.0,1.0,,,1.0,0.0,85.0,5.0,2.0,377.0,,,2.0,26:53,0.0,36.0,5.0,,18.0,0.0,19.0,,,,6-15,3.0,9-111,396.0,4.0,6.9,1.1,14
401760359,2025.0,1.0,regular,home,2005.0,Air Force,Mountain West,2083.0,Bucknell,Patriot,6-9,1.0,23.0,1-1,0.0,1.0,0.0,3.0,0.0,,,,7.0,159.0,3.0,1.0,2.0,31:38,0.0,7.0,1.0,2.0,51.0,4.0,267.0,6.0,32.0,6.0,6-9,0.0,5-56,426.0,0.0,17.7,5.2,49
401760359,2025.0,1.0,regular,away,2083.0,Bucknell,Patriot,2005.0,Air Force,Mountain West,16-24,0.0,18.0,1-2,1.0,0.0,,,1.0,0.0,22.0,1.0,7.0,169.0,0.0,,1.0,28:22,,,,1.0,38.0,0.0,97.0,1.0,41.0,2.0,3-11,1.0,6-50,266.0,2.0,7.0,2.6,13
401754518,2025.0,1.0,regular,home,103.0,Boston College,ACC,2230.0,Fordham,Patriot,31-39,1.0,26.0,1-1,0.0,,1.0,28.0,0.0,0.0,37.0,2.0,12.0,458.0,7.0,1.0,5.0,34:05,0.0,89.0,8.0,2.0,38.0,3.0,98.0,3.0,42.0,8.0,12-18,,1-15,556.0,0.0,11.7,2.6,66
401754518,2025.0,1.0,regular,away,2230.0,Fordham,Patriot,103.0,Boston College,ACC,20-39,0.0,13.0,0-0,0.0,0.0,,,1.0,0.0,79.0,4.0,4.0,152.0,4.0,,0.0,25:55,0.0,1.0,1.0,0.0,27.0,1.0,16.0,2.0,48.0,4.0,3-16,1.0,2-15,168.0,1.0,3.9,0.6,10
401762793,2025.0,1.0,regular,home,2459.0,Northern Illinois,Mid-American,107.0,Holy Cross,Patriot,14-24,1.0,17.0,2-3,0.0,0.0,0.0,0.0,1.0,1.0,139.0,4.0,7.0,109.0,4.0,1.0,0.0,33:26,,,,2.0,46.0,1.0,180.0,2.0,32.0,8.0,5-17,2.0,7-48,289.0,1.0,4.5,3.9,19
401762793,2025.0,1.0,regular,away,107.0,Holy Cross,Patriot,2459.0,Northern Illinois,Mid-American,17-29,1.0,11.0,0-2,0.0,,0.0,0.0,1.0,1.0,201.0,5.0,5.0,155.0,2.0,1.0,1.0,26:34,0.0,7.0,1.0,1.0,25.0,0.0,63.0,0.0,38.0,3.0,3-12,,1-5,218.0,1.0,5.3,2.5,17
401762790,2025.0,1.0,regular,home,189.0,Bowling Green,Mid-American,322.0,Lafayette,Patriot,12-18,1.0,17.0,0-1,0.0,,,,0.0,1.0,153.0,2.0,14.0,109.0,1.0,,0.0,32:20,0.0,9.0,1.0,1.0,43.0,1.0,157.0,3.0,32.0,8.0,5-13,,4-37,266.0,0.0,6.1,3.7,26
401762790,2025.0,1.0,regular,away,322.0,Lafayette,Patriot,189.0,Bowling Green,Mid-American,16-29,0.0,11.0,1-3,0.0,,,,0.0,0.0,67.0,3.0,1.0,118.0,2.0,,1.0,27:40,,,,0.0,30.0,0.0,59.0,2.0,35.0,5.0,4-14,,4-35,177.0,0.0,4.1,2.0,7
401767572,2025.0,1.0,regular,home,2382.0,Mercer,Southern,2506.0,Presbyterian,Pioneer,22-36,,16.0,0-0,0.0,0.0,0.0,0.0,1.0,0.0,127.0,4.0,4.0,154.0,,1.0,1.0,24:10,0.0,47.0,2.0,,24.0,0.0,87.0,,,,4-13,2.0,5-41,241.0,1.0,4.3,3.6,10
401767572,2025.0,1.0,regular,away,2506.0,Presbyterian,Pioneer,2382.0,Mercer,Southern,25-38,,20.0,3-5,0.0,,0.0,0.0,1.0,0.0,11.0,1.0,3.0,303.0,,1.0,1.0,35:50,0.0,17.0,2.0,,33.0,1.0,113.0,,,,7-17,,7-55,416.0,1.0,8.0,3.4,15
401762435,2025.0,1.0,regular,home,249.0,North Texas,American Athletic,2320.0,Lamar,Southland,24-34,1.0,25.0,1-2,1.0,1.0,0.0,26.0,0.0,,,,9.0,329.0,0.0,1.0,3.0,33:28,0.0,24.0,4.0,6.0,41.0,3.0,133.0,3.0,32.0,8.0,7-12,1.0,3-20,462.0,1.0,9.7,3.2,51
401762435,2025.0,1.0,regular,away,2320.0,Lamar,Southland,249.0,North Texas,American Athletic,13-27,0.0,8.0,0-1,1.0,1.0,,,1.0,0.0,30.0,3.0,,88.0,3.0,,0.0,26:32,0.0,7.0,1.0,3.0,27.0,0.0,31.0,0.0,37.0,8.0,3-13,1.0,14-99,119.0,2.0,3.3,1.1,0
401767350,2025.0,1.0,regular,away,47.0,Howard,MEAC,50.0,Florida A&M,SWAC,17-28,,12.0,1-1,0.0,,,,1.0,0.0,56.0,3.0,4.0,145.0,,,1.0,26:24,0.0,25.0,2.0,,29.0,0.0,56.0,,,,6-16,,5-35,201.0,1.0,5.2,1.9,10
401767350,2025.0,1.0,regular,home,50.0,Florida A&M,SWAC,47.0,Howard,MEAC,17-32,,15.0,0-0,0.0,,0.0,0.0,0.0,0.0,46.0,2.0,9.0,183.0,,1.0,0.0,33:36,0.0,28.0,4.0,,32.0,0.0,89.0,,,,5-16,,6-54,272.0,0.0,5.7,2.8,9
401752666,2025.0,1.0,regular,home,8.0,Arkansas,SEC,2010.0,Alabama A&M,SWAC,26-36,0.0,29.0,0-0,0.0,2.0,,,0.0,0.0,53.0,2.0,10.0,358.0,5.0,,7.0,33:39,0.0,28.0,5.0,10.0,40.0,0.0,194.0,2.0,34.0,6.0,9-14,1.0,3-20,552.0,0.0,9.9,4.9,52
401752666,2025.0,1.0,regular,away,2010.0,Alabama A&M,SWAC,8.0,Arkansas,SEC,15-29,0.0,12.0,0-0,2.0,0.0,,,0.0,0.0,53.0,3.0,1.0,166.0,2.0,,0.0,26:21,0.0,5.0,1.0,3.0,26.0,1.0,69.0,2.0,37.0,5.0,1-12,1.0,7-42,235.0,2.0,5.7,2.7,7
401762430,2025.0,1.0,regular,home,5.0,UAB,American Athletic,2011.0,Alabama State,SWAC,18-23,0.0,24.0,1-2,0.0,1.0,,,0.0,0.0,143.0,7.0,8.0,247.0,2.0,,2.0,25:46,0.0,38.0,2.0,1.0,35.0,5.0,273.0,2.0,35.0,5.0,4-7,0.0,5-40,520.0,0.0,10.7,7.8,52
401762430,2025.0,1.0,regular,away,2011.0,Alabama State,SWAC,5.0,UAB,American Athletic,18-24,0.0,26.0,0-0,1.0,0.0,,,0.0,0.0,73.0,4.0,6.0,312.0,3.0,,4.0,34:14,,,,1.0,41.0,2.0,202.0,0.0,46.0,2.0,13-15,1.0,7-44,514.0,1.0,13.0,4.9,42
401767425,2025.0,1.0,regular,away,2582.0,Southern,SWAC,2400.0,Mississippi Valley State,SWAC,17-30,,20.0,3-4,2.0,1.0,,,0.0,0.0,136.0,6.0,10.0,152.0,,,1.0,33:28,0.0,-5.0,2.0,,50.0,3.0,212.0,,,,6-16,2.0,7-60,364.0,2.0,5.1,4.2,34
401767425,2025.0,1.0,regular,home,2400.0,Mississippi Valley State,SWAC,2582.0,Southern,SWAC,14-33,,14.0,1-3,0.0,2.0,,,0.0,0.0,68.0,5.0,11.0,218.0,,,2.0,26:32,0.0,0.0,1.0,,31.0,0.0,78.0,,,,2-14,1.0,8-50,296.0,0.0,6.6,2.5,29
401767369,2025.0,1.0,regular,home,2466.0,Northwestern State,Southland,2016.0,Alcorn State,SWAC,9-18,,12.0,1-1,1.0,1.0,0.0,0.0,1.0,0.0,58.0,3.0,2.0,85.0,,2.0,1.0,29:57,1.0,18.0,3.0,,40.0,1.0,185.0,,,,3-13,1.0,8-60,270.0,2.0,4.7,4.6,20
401767369,2025.0,1.0,regular,away,2016.0,Alcorn State,SWAC,2466.0,Northwestern State,Southland,19-44,,18.0,1-4,1.0,1.0,1.0,72.0,2.0,0.0,21.0,4.0,4.0,182.0,,1.0,0.0,30:03,0.0,22.0,2.0,,33.0,0.0,119.0,,,,5-17,1.0,15-123,301.0,3.0,4.1,3.6,10
401767431,2025.0,1.0,regular,home,2640.0,Texas Southern,SWAC,2504.0,Prairie View A&M,SWAC,11-16,,17.0,3-3,0.0,0.0,0.0,0.0,0.0,0.0,140.0,3.0,3.0,132.0,,1.0,1.0,21:50,,,,,30.0,2.0,126.0,,,,5-9,1.0,7-63,258.0,0.0,8.3,4.2,21
401767431,2025.0,1.0,regular,away,2504.0,Prairie View A&M,SWAC,2640.0,Texas Southern,SWAC,22-38,,19.0,2-3,0.0,,,,1.0,0.0,46.0,2.0,2.0,295.0,,,1.0,38:10,0.0,1.0,1.0,,30.0,1.0,130.0,,,,6-16,,15-159,425.0,1.0,7.8,4.3,22
401767410,2025.0,1.0,regular,away,2428.0,North Carolina Central,MEAC,2582.0,Southern,SWAC,22-27,,21.0,1-1,1.0,1.0,,,0.0,0.0,74.0,3.0,7.0,186.0,,,1.0,35:06,0.0,7.0,1.0,,36.0,3.0,223.0,,,,6-11,1.0,5-50,409.0,1.0,6.9,6.2,31
401767410,2025.0,1.0,regular,home,2582.0,Southern,SWAC,2428.0,North Carolina Central,MEAC,13-19,,15.0,2-3,1.0,0.0,,,0.0,0.0,67.0,4.0,2.0,88.0,,,0.0,24:54,,,,,30.0,2.0,249.0,,,,2-10,1.0,743-37,337.0,1.0,4.6,8.3,14
401788977,2025.0,1.0,regular,away,2324.0,Langston University,,2755.0,Grambling,SWAC,14-32,,6.0,0-1,2.0,1.0,,,1.0,0.0,39.0,3.0,1.0,129.0,,,1.0,22:56,0.0,0.0,1.0,,21.0,0.0,-32.0,,,,3-15,2.0,5-41,97.0,3.0,4.0,-1.5,7
401788977,2025.0,1.0,regular,home,2755.0,Grambling,SWAC,2324.0,Langston University,,26-33,,25.0,1-3,1.0,2.0,0.0,29.0,0.0,0.0,0.0,1.0,7.0,247.0,,1.0,4.0,37:04,0.0,81.0,4.0,,43.0,4.0,219.0,,,,7-14,2.0,7-60,466.0,1.0,7.5,5.1,55
401757167,2025.0,1.0,regular,away,2115.0,Central Connecticut,NEC,41.0,UConn,FBS Independents,9-23,0.0,13.0,0-1,0.0,,,,0.0,0.0,30.0,1.0,7.0,129.0,4.0,,0.0,32:32,,,,3.0,40.0,1.0,128.0,1.0,42.0,3.0,5-16,,6-40,257.0,0.0,5.6,3.2,13
401757167,2025.0,1.0,regular,home,41.0,UConn,FBS Independents,2115.0,Central Connecticut,NEC,27-38,0.0,26.0,0-1,0.0,,,,0.0,0.0,84.0,4.0,11.0,388.0,6.0,,4.0,27:28,0.0,21.0,1.0,5.0,31.0,4.0,293.0,1.0,28.0,7.0,12-16,,8-78,681.0,0.0,10.2,9.5,59
401767446,2025.0,1.0,regular,home,282.0,Indiana State,MVFC,2816.0,McKendree,Great Lakes,19-27,,27.0,1-2,1.0,1.0,0.0,6.0,1.0,0.0,108.0,5.0,11.0,250.0,,2.0,2.0,30:02,0.0,28.0,1.0,,51.0,3.0,219.0,,,,3-11,1.0,8-65,469.0,2.0,9.3,4.3,41
401767446,2025.0,1.0,regular,away,2816.0,McKendree,Great Lakes,282.0,Indiana State,MVFC,16-40,,22.0,1-2,1.0,0.0,0.0,0.0,2.0,0.0,63.0,3.0,4.0,188.0,,1.0,2.0,29:58,0.0,7.0,1.0,,39.0,1.0,137.0,,,,7-17,1.0,4-20,325.0,3.0,4.7,3.5,24
401767602,2025.0,1.0,regular,home,2166.0,Davidson,Pioneer,46.0,Georgetown,Patriot,19-31,,18.0,2-5,1.0,0.0,,,1.0,0.0,88.0,5.0,2.0,190.0,,,1.0,29:20,,,,,38.0,1.0,139.0,,,,4-14,1.0,6-50,329.0,2.0,6.1,3.7,14
401767602,2025.0,1.0,regular,away,46.0,Georgetown,Patriot,2166.0,Davidson,Pioneer,17-23,,23.0,1-1,0.0,1.0,0.0,10.0,0.0,0.0,19.0,1.0,8.0,261.0,,1.0,3.0,30:40,,,,,40.0,4.0,282.0,,,,8-12,0.0,5-53,543.0,0.0,11.3,7.1,51
401767536,2025.0,1.0,regular,home,2460.0,Northern Iowa,MVFC,2086.0,Butler,Pioneer,17-28,,25.0,0-0,0.0,1.0,0.0,0.0,0.0,0.0,63.0,3.0,8.0,235.0,,2.0,4.0,28:17,0.0,0.0,1.0,,31.0,1.0,213.0,,,,6-10,0.0,2-24,448.0,0.0,8.4,6.9,38
401767536,2025.0,1.0,regular,away,2086.0,Butler,Pioneer,2460.0,Northern Iowa,MVFC,22-36,,19.0,1-2,1.0,0.0,,,2.0,0.0,53.0,3.0,2.0,189.0,,,1.0,31:43,0.0,13.0,1.0,,37.0,1.0,147.0,,,,13-20,2.0,2-20,336.0,3.0,5.3,4.0,14
401767070,2025.0,1.0,regular,away,13.0,Cal Poly,Big Sky,301.0,San Diego,Pioneer,22-33,,32.0,0-0,0.0,,,,0.0,0.0,18.0,1.0,11.0,335.0,,,3.0,30:53,0.0,27.0,1.0,,38.0,2.0,134.0,,,,7-13,,8-54,469.0,0.0,10.2,3.5,41
401767070,2025.0,1.0,regular,home,301.0,San Diego,Pioneer,13.0,Cal Poly,Big Sky,19-30,,16.0,1-2,0.0,,,,0.0,0.0,31.0,1.0,5.0,202.0,,,1.0,29:07,0.0,1.0,1.0,,33.0,1.0,165.0,,,,5-15,,7-91,367.0,0.0,6.7,5.0,17
401767651,2025.0,1.0,regular,away,2691.0,Webber International,,56.0,Stetson,Pioneer,9-19,,15.0,1-1,0.0,2.0,1.0,21.0,0.0,0.0,81.0,4.0,7.0,72.0,,1.0,1.0,27:32,,,,,34.0,1.0,119.0,,,,5-13,3.0,5-44,191.0,0.0,3.8,3.5,31
401767651,2025.0,1.0,regular,home,56.0,Stetson,Pioneer,2691.0,Webber International,,22-33,,20.0,2-4,1.0,0.0,,,1.0,0.0,78.0,5.0,3.0,262.0,,,1.0,32:28,0.0,7.0,2.0,,43.0,2.0,141.0,,,,5-15,3.0,10-80,403.0,2.0,7.9,3.3,21
401767655,2025.0,1.0,regular,away,2355.0,Virginia University Of Lynchburg,,2674.0,Valparaiso,Pioneer,16-29,,10.0,0-1,2.0,1.0,1.0,40.0,2.0,0.0,24.0,3.0,4.0,136.0,,1.0,0.0,29:55,,,,,31.0,0.0,25.0,,,,3-15,3.0,14-110,161.0,4.0,4.7,0.8,10
401767655,2025.0,1.0,regular,home,2674.0,Valparaiso,Pioneer,2355.0,Virginia University Of Lynchburg,,10-16,,20.0,0-1,1.0,2.0,0.0,20.0,1.0,0.0,145.0,3.0,13.0,113.0,,2.0,2.0,30:05,1.0,22.0,2.0,,38.0,5.0,297.0,,,,5-9,1.0,9-56,410.0,2.0,7.1,7.8,67
401752799,2025.0,1.0,regular,home,2294.0,Iowa,Big Ten,399.0,UAlbany,CAA,9-16,0.0,20.0,2-2,1.0,0.0,,,0.0,,,,10.0,48.0,1.0,,1.0,36:37,0.0,63.0,2.0,1.0,53.0,3.0,310.0,2.0,29.0,5.0,10-16,1.0,2-20,358.0,1.0,3.0,5.8,34
401752799,2025.0,1.0,regular,away,399.0,UAlbany,CAA,2294.0,Iowa,Big Ten,13-26,0.0,9.0,1-1,0.0,1.0,,,0.0,0.0,29.0,3.0,1.0,134.0,1.0,,1.0,23:23,,,,1.0,21.0,0.0,43.0,1.0,42.0,3.0,2-11,0.0,3-15,177.0,0.0,5.2,2.0,7
401754517,2025.0,1.0,regular,home,150.0,Duke,ACC,2210.0,Elon,CAA,27-34,1.0,23.0,0-0,1.0,0.0,,,0.0,0.0,58.0,3.0,9.0,389.0,1.0,,3.0,27:07,1.0,82.0,4.0,5.0,25.0,2.0,159.0,3.0,22.0,10.0,5-9,2.0,3-15,548.0,1.0,11.4,6.4,45
401754517,2025.0,1.0,regular,away,2210.0,Elon,CAA,150.0,Duke,ACC,11-18,0.0,14.0,1-2,0.0,1.0,,,0.0,0.0,46.0,1.0,5.0,112.0,1.0,,0.0,32:53,,,,0.0,44.0,2.0,163.0,2.0,31.0,4.0,8-17,0.0,7-47,275.0,0.0,6.2,3.7,17
401757220,2025.0,1.0,regular,home,2335.0,Liberty,Conference USA,311.0,Maine,CAA,19-33,0.0,22.0,1-2,0.0,1.0,0.0,0.0,0.0,0.0,55.0,2.0,4.0,197.0,2.0,1.0,3.0,33:34,0.0,4.0,1.0,1.0,40.0,1.0,194.0,3.0,27.0,6.0,11-19,0.0,4-40,391.0,0.0,6.0,4.9,28
401757220,2025.0,1.0,regular,away,311.0,Maine,CAA,2335.0,Liberty,Conference USA,13-31,0.0,15.0,2-5,1.0,0.0,,,1.0,0.0,12.0,1.0,1.0,132.0,6.0,,0.0,26:26,,,,2.0,32.0,1.0,184.0,0.0,50.0,3.0,2-11,1.0,2-20,316.0,2.0,4.3,5.8,7
401767265,2025.0,1.0,regular,home,2428.0,North Carolina Central,MEAC,160.0,New Hampshire,CAA,13-33,,16.0,0-1,0.0,,,,1.0,0.0,63.0,3.0,4.0,172.0,,,1.0,25:08,0.0,12.0,3.0,,30.0,0.0,103.0,,,,3-13,,5-60,275.0,1.0,5.2,3.4,10
401767265,2025.0,1.0,regular,away,160.0,New Hampshire,CAA,2428.0,North Carolina Central,MEAC,10-17,,14.0,0-0,0.0,,0.0,0.0,0.0,0.0,0.0,1.0,7.0,186.0,,1.0,2.0,34:52,0.0,63.0,2.0,,39.0,1.0,118.0,,,,5-13,,11-110,304.0,0.0,10.9,3.0,27
401760357,2025.0,1.0,regular,home,21.0,San Diego State,Mountain West,2619.0,Stony Brook,CAA,16-29,0.0,24.0,3-4,0.0,,,,0.0,,,,10.0,236.0,3.0,,1.0,37:25,0.0,89.0,9.0,10.0,54.0,4.0,228.0,3.0,16.0,5.0,9-19,,7-65,453.0,0.0,8.1,4.2,42
401760357,2025.0,1.0,regular,away,2619.0,Stony Brook,CAA,21.0,San Diego State,Mountain West,9-25,0.0,6.0,1-2,0.0,,,,0.0,0.0,35.0,2.0,,46.0,5.0,,0.0,22:35,,,,3.0,28.0,0.0,49.0,0.0,49.0,3.0,2-15,,4-28,95.0,0.0,1.8,1.8,0
401767339,2025.0,1.0,regular,home,231.0,Furman,Southern,2729.0,William & Mary,CAA,21-30,,17.0,0-0,1.0,0.0,1.0,43.0,0.0,0.0,144.0,4.0,11.0,179.0,,1.0,1.0,30:45,0.0,24.0,4.0,,34.0,0.0,58.0,,,,6-14,3.0,6-50,237.0,1.0,6.0,1.7,23
401767339,2025.0,1.0,regular,away,2729.0,William & Mary,CAA,231.0,Furman,Southern,19-32,,22.0,0-2,0.0,1.0,,,1.0,0.0,16.0,1.0,3.0,208.0,,,1.0,29:15,0.0,27.0,2.0,,35.0,2.0,144.0,,,,4-12,1.0,7-59,352.0,1.0,6.5,4.1,21
401767327,2025.0,1.0,regular,home,2450.0,Norfolk State,MEAC,119.0,Towson,CAA,21-31,,16.0,1-3,0.0,1.0,,,0.0,0.0,65.0,3.0,1.0,240.0,,,0.0,27:35,,,,,31.0,1.0,39.0,,,,3-13,0.0,9-78,279.0,0.0,7.7,1.3,7
401767327,2025.0,1.0,regular,away,119.0,Towson,CAA,2450.0,Norfolk State,MEAC,14-26,,18.0,1-1,1.0,0.0,,,0.0,0.0,28.0,1.0,9.0,187.0,,,3.0,31:05,0.0,18.0,3.0,,38.0,0.0,136.0,,,,9-17,1.0,6-59,323.0,1.0,7.2,3.6,27
401767119,2025.0,1.0,regular,away,2123.0,Chadron St,Rocky Mountain,2458.0,Northern Colorado,Big Sky,20-33,,21.0,1-2,0.0,,,,1.0,,,,3.0,228.0,,,0.0,31:22,0.0,-1.0,1.0,,31.0,0.0,105.0,,,,3-11,,4-60,333.0,1.0,6.9,3.4,3
401767119,2025.0,1.0,regular,home,2458.0,Northern Colorado,Big Sky,2123.0,Chadron St,Rocky Mountain,9-16,,19.0,0-0,0.0,,0.0,15.0,0.0,,,,5.0,131.0,,1.0,1.0,28:38,,,,,36.0,1.0,160.0,,,,6-12,,3-30,291.0,0.0,8.2,4.4,17
401767059,2025.0,1.0,regular,home,2916.0,Incarnate Word,Southland,331.0,Eastern Washington,Big Sky,27-38,,27.0,2-2,1.0,1.0,0.0,0.0,0.0,,,,7.0,332.0,,1.0,1.0,34:19,0.0,27.0,2.0,,47.0,3.0,131.0,,,,7-16,3.0,7-65,463.0,1.0,8.7,2.8,31
401767059,2025.0,1.0,regular,away,331.0,Eastern Washington,Big Sky,2916.0,Incarnate Word,Southland,21-39,,15.0,1-2,1.0,1.0,,,1.0,0.0,96.0,4.0,3.0,183.0,,,0.0,25:41,0.0,14.0,2.0,,23.0,3.0,107.0,,,,4-13,1.0,3-25,290.0,2.0,4.7,4.7,21
401760371,2025.0,1.0,regular,home,2439.0,UNLV,Mountain West,304.0,Idaho State,Big Sky,18-24,0.0,25.0,1-1,1.0,0.0,0.0,35.0,0.0,0.0,43.0,2.0,8.0,232.0,6.0,4.0,1.0,31:12,,,,3.0,44.0,4.0,300.0,1.0,36.0,6.0,3-12,1.0,8-90,532.0,1.0,9.7,6.8,38
401760371,2025.0,1.0,regular,away,304.0,Idaho State,Big Sky,2439.0,UNLV,Mountain West,31-52,0.0,30.0,1-3,0.0,1.0,,,4.0,0.0,53.0,2.0,7.0,395.0,0.0,,2.0,28:48,0.0,7.0,1.0,1.0,25.0,2.0,160.0,3.0,34.0,7.0,5-13,1.0,10-80,555.0,4.0,7.6,6.4,31
401752804,2025.0,1.0,regular,home,2483.0,Oregon,Big Ten,147.0,Montana State,Big Sky,19-25,0.0,29.0,2-2,0.0,0.0,,,0.0,0.0,91.0,4.0,11.0,253.0,3.0,,3.0,30:08,0.0,34.0,4.0,0.0,39.0,5.0,253.0,3.0,37.0,7.0,7-10,1.0,3-29,506.0,0.0,10.1,6.5,59
401752804,2025.0,1.0,regular,away,147.0,Montana State,Big Sky,2483.0,Oregon,Big Ten,23-31,0.0,17.0,1-2,0.0,0.0,,,0.0,0.0,45.0,2.0,7.0,198.0,0.0,,0.0,29:55,,,,0.0,27.0,1.0,46.0,0.0,33.0,0.0,3-12,1.0,7-54,244.0,0.0,6.4,1.7,13
401756850,2025.0,1.0,regular,home,9.0,Arizona State,Big 12,2464.0,Northern Arizona,Big Sky,25-39,0.0,21.0,2-3,0.0,0.0,0.0,0.0,1.0,0.0,38.0,2.0,8.0,257.0,5.0,1.0,2.0,28:26,0.0,31.0,2.0,8.0,21.0,3.0,203.0,3.0,40.0,8.0,1-10,1.0,12-93,460.0,1.0,6.6,9.7,38
401756850,2025.0,1.0,regular,away,2464.0,Northern Arizona,Big Sky,9.0,Arizona State,Big 12,26-42,0.0,20.0,3-5,0.0,,0.0,0.0,1.0,0.0,84.0,4.0,7.0,242.0,5.0,1.0,1.0,31:34,0.0,27.0,4.0,1.0,29.0,1.0,89.0,2.0,35.0,5.0,2-15,,6-45,331.0,1.0,5.8,3.1,19
401756851,2025.0,1.0,regular,home,252.0,BYU,Big 12,2502.0,Portland State,Big Sky,12-18,0.0,28.0,1-1,1.0,1.0,,,0.0,,,,15.0,138.0,1.0,,3.0,34:22,0.0,65.0,7.0,6.0,48.0,5.0,468.0,2.0,24.0,9.0,6-10,1.0,5-55,606.0,1.0,7.7,9.8,69
401756851,2025.0,1.0,regular,away,2502.0,Portland State,Big Sky,252.0,BYU,Big 12,10-20,0.0,3.0,0-0,1.0,1.0,,,0.0,0.0,17.0,2.0,0.0,56.0,3.0,,0.0,25:38,,,,0.0,22.0,0.0,-3.0,0.0,32.0,0.0,1-13,2.0,4-20,53.0,1.0,2.8,-0.1,0
401767130,2025.0,1.0,regular,home,2571.0,South Dakota State,MVFC,16.0,Sacramento State,Big Sky,17-23,,28.0,2-3,2.0,1.0,0.0,0.0,0.0,0.0,46.0,2.0,8.0,190.0,,1.0,1.0,41:06,0.0,-5.0,2.0,,56.0,1.0,240.0,,,,5-15,2.0,5-50,430.0,2.0,8.3,4.3,20
401767130,2025.0,1.0,regular,away,16.0,Sacramento State,Big Sky,2571.0,South Dakota State,MVFC,11-27,,7.0,0-4,1.0,2.0,,,1.0,0.0,46.0,2.0,3.0,107.0,,,0.0,18:54,,,,,24.0,0.0,24.0,,,,2-13,2.0,9-66,131.0,2.0,4.0,1.0,3
401752796,2025.0,1.0,regular,away,158.0,Nebraska,Big Ten,2132.0,Cincinnati,Big 12,33-42,0.0,23.0,1-2,0.0,1.0,0.0,0.0,0.0,0.0,33.0,2.0,8.0,243.0,5.0,1.0,2.0,39:30,0.0,3.0,2.0,1.0,35.0,0.0,113.0,0.0,20.0,2.0,10-18,2.0,3-27,356.0,0.0,5.8,3.2,20
401752796,2025.0,1.0,regular,home,2132.0,Cincinnati,Big 12,158.0,Nebraska,Big Ten,13-25,0.0,16.0,2-2,1.0,0.0,,,1.0,0.0,20.0,1.0,5.0,69.0,2.0,,0.0,20:30,,,,3.0,29.0,2.0,202.0,3.0,24.0,6.0,3-10,1.0,4-20,271.0,2.0,2.8,7.0,17
401756852,2025.0,1.0,regular,away,2617.0,Stephen F. Austin,Southland,248.0,Houston,Big 12,17-33,0.0,7.0,0-3,0.0,0.0,,,2.0,0.0,23.0,1.0,,105.0,3.0,,0.0,25:11,0.0,27.0,2.0,3.0,25.0,0.0,39.0,1.0,40.0,8.0,3-16,1.0,7-60,144.0,2.0,3.2,1.6,0
401756852,2025.0,1.0,regular,home,248.0,Houston,Big 12,2617.0,Stephen F. Austin,Southland,16-27,0.0,18.0,0-1,0.0,0.0,0.0,17.0,0.0,,,,9.0,152.0,7.0,2.0,3.0,34:49,0.0,18.0,3.0,4.0,46.0,0.0,191.0,2.0,33.0,5.0,7-17,1.0,8-65,343.0,0.0,5.6,4.2,27
401756848,2025.0,1.0,regular,away,55.0,Jacksonville State,Conference USA,2116.0,UCF,Big 12,16-30,0.0,18.0,4-6,0.0,1.0,,,1.0,0.0,40.0,2.0,4.0,157.0,2.0,,0.0,28:04,,,,1.0,39.0,1.0,165.0,2.0,44.0,5.0,3-15,0.0,7-60,322.0,1.0,5.2,4.2,10
401756848,2025.0,1.0,regular,home,2116.0,UCF,Big 12,55.0,Jacksonville State,Conference USA,22-33,0.0,23.0,2-2,1.0,0.0,0.0,0.0,0.0,0.0,34.0,2.0,5.0,314.0,5.0,1.0,2.0,31:56,0.0,21.0,1.0,1.0,36.0,0.0,110.0,2.0,44.0,6.0,7-15,3.0,9-80,424.0,1.0,9.5,3.1,17
401752668,2025.0,1.0,regular,home,57.0,Florida,SEC,2341.0,Long Island University,NEC,27-36,1.0,28.0,0-0,0.0,2.0,,,0.0,0.0,25.0,1.0,13.0,251.0,2.0,,5.0,34:27,0.0,45.0,3.0,2.0,38.0,1.0,200.0,0.0,25.0,7.0,7-13,2.0,0-0,451.0,0.0,7.0,5.3,55
401752668,2025.0,1.0,regular,away,2341.0,Long Island University,NEC,57.0,Florida,SEC,4-11,0.0,2.0,0-1,2.0,0.0,,,0.0,,,,,49.0,1.0,,0.0,25:33,,,,1.0,32.0,0.0,37.0,1.0,43.0,9.0,1-12,2.0,12-100,86.0,2.0,4.5,1.2,0
401767415,2025.0,1.0,regular,away,2747.0,Wofford,Southern,2569.0,South Carolina State,MEAC,6-21,,10.0,1-1,0.0,,,,0.0,0.0,158.0,5.0,1.0,56.0,,,0.0,25:47,,,,,30.0,0.0,86.0,,,,4-15,,6-40,142.0,0.0,2.7,2.9,15
401767415,2025.0,1.0,regular,home,2569.0,South Carolina State,MEAC,2747.0,Wofford,Southern,27-50,,23.0,1-3,0.0,,,,0.0,0.0,14.0,1.0,10.0,299.0,,,1.0,34:13,0.0,2.0,2.0,,41.0,0.0,111.0,,,,12-23,,7-75,410.0,0.0,6.0,2.7,16
401767509,2025.0,1.0,regular,home,2643.0,The Citadel,Southern,2449.0,North Dakota State,MVFC,2-6,,8.0,1-2,1.0,0.0,,,0.0,0.0,13.0,1.0,,22.0,,,0.0,23:57,,,,,41.0,0.0,104.0,,,,2-12,1.0,0-0,126.0,1.0,3.7,2.5,0
401767509,2025.0,1.0,regular,away,2449.0,North Dakota State,MVFC,2643.0,The Citadel,Southern,16-22,,25.0,1-1,0.0,1.0,,,0.0,0.0,34.0,1.0,8.0,263.0,,,2.0,36:03,0.0,4.0,2.0,,47.0,3.0,256.0,,,,7-12,2.0,6-35,519.0,0.0,12.0,5.4,38
401754520,2025.0,1.0,regular,home,221.0,Pittsburgh,ACC,2184.0,Duquesne,NEC,23-38,1.0,21.0,2-3,0.0,,,,1.0,0.0,78.0,1.0,13.0,302.0,3.0,,5.0,24:37,1.0,143.0,6.0,5.0,27.0,2.0,158.0,4.0,31.0,10.0,5-14,,3-35,460.0,1.0,7.9,5.9,61
401754520,2025.0,1.0,regular,away,2184.0,Duquesne,NEC,221.0,Pittsburgh,ACC,17-27,0.0,8.0,0-0,0.0,,0.0,0.0,0.0,,,,3.0,171.0,6.0,1.0,1.0,35:23,0.0,4.0,1.0,3.0,31.0,0.0,37.0,1.0,31.0,7.0,2-15,,11-88,208.0,0.0,6.3,1.2,9
401752675,2025.0,1.0,regular,home,201.0,Oklahoma,SEC,2287.0,Illinois State,MVFC,30-37,0.0,24.0,2-3,1.0,0.0,,,1.0,0.0,15.0,1.0,5.0,392.0,5.0,,3.0,32:56,,,,3.0,32.0,2.0,103.0,2.0,23.0,5.0,4-10,1.0,6-35,495.0,2.0,10.6,3.2,35
401752675,2025.0,1.0,regular,away,2287.0,Illinois State,MVFC,201.0,Oklahoma,SEC,10-20,0.0,8.0,0-0,0.0,1.0,0.0,0.0,0.0,0.0,12.0,1.0,3.0,34.0,0.0,1.0,0.0,27:04,0.0,6.0,1.0,2.0,26.0,0.0,117.0,1.0,31.0,4.0,1-11,0.0,2-10,151.0,0.0,1.7,4.5,3
401767549,2025.0,1.0,regular,away,2385.0,Mercyhurst,NEC,2754.0,Youngstown State,MVFC,32-48,,20.0,2-4,2.0,,,,2.0,0.0,84.0,4.0,1.0,311.0,,,2.0,34:14,0.0,6.0,1.0,,24.0,0.0,63.0,,,,6-14,,3-25,374.0,4.0,6.5,2.6,15
401767549,2025.0,1.0,regular,home,2754.0,Youngstown State,MVFC,2385.0,Mercyhurst,NEC,14-21,,16.0,2-3,0.0,2.0,0.0,21.0,0.0,0.0,69.0,2.0,6.0,114.0,,2.0,0.0,25:46,0.0,10.0,1.0,,40.0,3.0,187.0,,,,4-12,0.0,8-78,301.0,0.0,5.4,4.7,24
401752797,2025.0,1.0,regular,home,120.0,Maryland,Big Ten,2226.0,Florida Atlantic,American Athletic,28-47,1.0,22.0,0-2,0.0,,1.0,31.0,0.0,0.0,37.0,2.0,13.0,268.0,6.0,6.0,3.0,29:34,0.0,5.0,2.0,5.0,30.0,0.0,112.0,3.0,64.0,8.0,5-17,,14-100,380.0,0.0,5.7,3.7,39
401752797,2025.0,1.0,regular,away,2226.0,Florida Atlantic,American Athletic,120.0,Maryland,Big Ten,36-62,0.0,23.0,3-9,0.0,,,,6.0,0.0,140.0,6.0,1.0,277.0,6.0,,1.0,30:26,,,,1.0,32.0,0.0,77.0,0.0,41.0,5.5,7-20,,7-77,354.0,6.0,4.5,2.4,7
401752678,2025.0,1.0,regular,home,245.0,Texas A&M,SEC,2636.0,UTSA,American Athletic,23-36,1.0,17.0,1-1,0.0,,,,0.0,0.0,67.0,2.0,6.0,291.0,3.0,,4.0,26:19,1.0,142.0,5.0,2.0,23.0,1.0,108.0,1.0,35.0,9.0,3-11,,7-50,399.0,0.0,8.1,4.7,42
401752678,2025.0,1.0,regular,away,2636.0,UTSA,American Athletic,245.0,Texas A&M,SEC,21-34,0.0,17.0,1-1,0.0,0.0,,,0.0,0.0,20.0,1.0,6.0,170.0,2.0,,1.0,33:41,0.0,2.0,1.0,2.0,33.0,2.0,203.0,0.0,31.0,2.0,5-16,2.0,4-34,373.0,0.0,5.0,6.2,24
401757223,2025.0,1.0,regular,away,2803.0,Bryant,CAA,166.0,New Mexico State,Conference USA,20-33,0.0,16.0,0-2,0.0,0.0,0.0,-1.0,1.0,,,,3.0,187.0,4.0,1.0,0.0,31:18,0.0,13.0,1.0,5.0,35.0,0.0,68.0,2.0,32.0,6.0,6-18,1.0,11-99,255.0,1.0,5.7,1.9,3
401757223,2025.0,1.0,regular,home,166.0,New Mexico State,Conference USA,2803.0,Bryant,CAA,14-31,0.0,19.0,0-0,0.0,0.0,0.0,13.0,1.0,0.0,36.0,2.0,7.0,227.0,4.0,1.0,1.0,28:10,0.0,5.0,1.0,11.0,32.0,1.0,78.0,3.0,45.0,7.0,4-16,1.0,8-80,305.0,1.0,7.3,2.4,19
401757224,2025.0,1.0,regular,away,2439.0,UNLV,Mountain West,2534.0,Sam Houston,Conference USA,19-23,1.0,20.0,1-1,0.0,0.0,1.0,52.0,1.0,0.0,30.0,1.0,8.0,249.0,2.0,1.0,2.0,29:42,0.0,4.0,1.0,2.0,33.0,2.0,155.0,4.0,50.0,7.0,5-9,2.0,8-92,404.0,1.0,10.8,4.7,38
401757224,2025.0,1.0,regular,home,2534.0,Sam Houston,Conference USA,2439.0,UNLV,Mountain West,19-35,0.0,20.0,3-6,0.0,0.0,0.0,0.0,1.0,0.0,96.0,4.0,1.0,187.0,2.0,1.0,1.0,30:18,0.0,0.0,1.0,0.0,35.0,2.0,145.0,1.0,38.0,5.0,1-12,1.0,5-48,332.0,1.0,5.3,4.1,21
401754521,2025.0,1.0,regular,home,2567.0,SMU,ACC,2837.0,East Texas A&M,Southland,22-30,2.0,25.0,1-2,2.0,1.0,2.0,105.0,1.0,,,,6.0,260.0,8.0,2.0,2.0,21:01,0.0,48.0,2.0,5.0,33.0,2.0,140.0,3.0,41.0,6.0,4-10,2.0,8-84,400.0,3.0,8.7,4.2,42
401754521,2025.0,1.0,regular,away,2837.0,East Texas A&M,Southland,2567.0,SMU,ACC,20-43,0.0,17.0,3-3,1.0,2.0,0.0,0.0,2.0,0.0,64.0,4.0,7.0,244.0,3.0,1.0,0.0,38:59,,,,0.0,35.0,1.0,107.0,2.0,38.0,8.0,6-20,1.0,11-80,351.0,3.0,5.7,3.1,13
401767468,2025.0,1.0,regular,away,124386.0,Little Rock,,2277.0,Houston Christian,Southland,7-27,,2.0,1-4,0.0,1.0,0.0,0.0,2.0,0.0,52.0,5.0,,62.0,,1.0,0.0,26:05,,,,,26.0,0.0,50.0,,,,0-16,2.0,12-70,112.0,2.0,2.3,1.9,0
401767468,2025.0,1.0,regular,home,2277.0,Houston Christian,Southland,124386.0,Little Rock,,14-21,,31.0,0-1,1.0,0.0,0.0,0.0,1.0,0.0,9.0,1.0,9.0,129.0,,2.0,2.0,33:55,0.0,-5.0,2.0,,55.0,8.0,402.0,,,,7-11,2.0,5-40,531.0,2.0,6.1,7.3,69
401767476,2025.0,1.0,regular,home,2447.0,Nicholls,Southland,2916.0,Incarnate Word,Southland,21-36,,14.0,0-0,1.0,2.0,1.0,40.0,0.0,,,,8.0,221.0,,3.0,1.0,30:31,0.0,31.0,3.0,,29.0,0.0,66.0,,,,5-17,0.0,3-25,287.0,1.0,6.1,2.3,20
401767476,2025.0,1.0,regular,away,2916.0,Incarnate Word,Southland,2447.0,Nicholls,Southland,24-36,,15.0,2-3,1.0,1.0,,,3.0,0.0,46.0,3.0,6.0,188.0,,,0.0,29:29,0.0,12.0,3.0,,33.0,0.0,16.0,,,,3-16,3.0,9-55,204.0,4.0,5.2,0.5,6
401767298,2025.0,1.0,regular,away,2698.0,West Georgia,UAC,2535.0,Samford,Southern,19-35,,18.0,1-2,0.0,3.0,,,2.0,0.0,92.0,1.0,10.0,231.0,,,0.0,32:11,,,,,34.0,2.0,180.0,,,,6-16,0.0,6-53,411.0,2.0,6.6,5.3,34
401767298,2025.0,1.0,regular,home,2535.0,Samford,Southern,2698.0,West Georgia,UAC,32-44,,16.0,0-3,3.0,0.0,0.0,8.0,0.0,0.0,74.0,4.0,3.0,247.0,,2.0,0.0,27:49,0.0,2.0,2.0,,28.0,0.0,24.0,,,,5-17,5.0,6-43,271.0,3.0,5.6,0.9,3
401767490,2025.0,1.0,regular,away,2347.0,Louisiana College,,2377.0,McNeese,Southland,9-28,,10.0,2-3,0.0,1.0,,,1.0,0.0,135.0,7.0,3.0,122.0,,,0.0,22:03,,,,,32.0,1.0,49.0,,,,3-15,0.0,7-63,171.0,1.0,4.4,1.5,9
401767490,2025.0,1.0,regular,home,2377.0,McNeese,Southland,2347.0,Louisiana College,,25-34,,39.0,0-1,1.0,0.0,0.0,-7.0,0.0,0.0,62.0,2.0,10.0,359.0,,1.0,3.0,37:57,0.0,8.0,5.0,,42.0,4.0,313.0,,,,5-9,3.0,7-80,672.0,1.0,10.6,7.5,54
401754516,2025.0,1.0,regular,home,62.0,Hawai'i,Mountain West,24.0,Stanford,ACC,27-40,0.0,20.0,0-1,1.0,0.0,0.0,0.0,0.0,0.0,21.0,1.0,11.0,210.0,5.0,1.0,2.0,23:53,0.0,13.0,1.0,6.0,24.0,0.0,96.0,1.0,45.0,2.0,3-10,1.0,8-70,306.0,1.0,5.3,4.0,23
401754516,2025.0,1.0,regular,away,24.0,Stanford,ACC,62.0,Hawai'i,Mountain West,15-30,0.0,21.0,2-2,0.0,1.0,,,1.0,0.0,47.0,3.0,8.0,109.0,1.0,,0.0,36:07,0.0,4.0,1.0,2.0,43.0,1.0,177.0,4.0,43.0,5.0,8-17,0.0,7-70,286.0,1.0,3.6,4.1,20
401752665,2025.0,1.0,regular,away,333.0,Alabama,SEC,52.0,Florida State,ACC,23-43,0.0,18.0,2-5,0.0,1.0,,,0.0,,,,5.0,254.0,0.0,,2.0,29:38,,,,2.0,29.0,0.0,87.0,1.0,32.0,3.0,6-17,1.0,8-70,341.0,0.0,5.9,3.0,17
401752665,2025.0,1.0,regular,home,52.0,Florida State,ACC,333.0,Alabama,SEC,9-14,0.0,20.0,2-2,1.0,0.0,,,0.0,0.0,15.0,1.0,7.0,152.0,5.0,,0.0,30:22,0.0,3.0,1.0,5.0,49.0,4.0,230.0,3.0,29.0,7.0,5-12,2.0,4-40,382.0,1.0,10.9,4.7,31
401754375,2025.0,1.0,regular,home,38.0,Colorado,Big 12,59.0,Georgia Tech,ACC,17-29,0.0,19.0,1-1,0.0,2.0,0.0,0.0,0.0,,,,8.0,159.0,2.0,1.0,1.0,27:37,0.0,11.0,1.0,2.0,31.0,1.0,146.0,1.0,45.0,3.0,5-13,0.0,5-45,305.0,0.0,5.5,4.7,20
401754375,2025.0,1.0,regular,away,59.0,Georgia Tech,ACC,38.0,Colorado,Big 12,13-21,0.0,27.0,1-1,2.0,0.0,,,1.0,,,,9.0,143.0,2.0,,0.0,32:23,0.0,19.0,2.0,1.0,47.0,3.0,320.0,1.0,38.0,6.0,6-11,2.0,8-65,463.0,3.0,6.8,6.8,27
401754374,2025.0,1.0,regular,away,338.0,Kennesaw State,Conference USA,154.0,Wake Forest,ACC,12-33,0.0,18.0,0-2,0.0,0.0,,,0.0,,,,3.0,149.0,2.0,,0.0,24:59,,,,2.0,43.0,1.0,158.0,4.0,37.0,7.0,9-19,1.0,9-68,307.0,0.0,4.5,3.7,9
401754374,2025.0,1.0,regular,home,154.0,Wake Forest,ACC,338.0,Kennesaw State,Conference USA,20-28,0.0,20.0,1-2,0.0,,,,0.0,0.0,47.0,2.0,4.0,218.0,5.0,,0.0,35:01,,,,6.0,47.0,1.0,130.0,2.0,35.0,3.0,6-17,,8-75,348.0,0.0,7.8,2.8,10
401752676,2025.0,1.0,regular,home,2633.0,Tennessee,SEC,183.0,Syracuse,ACC,16-28,0.0,22.0,0-0,1.0,1.0,0.0,0.0,0.0,0.0,24.0,1.0,9.0,247.0,10.0,1.0,3.0,25:29,0.0,2.0,1.0,0.0,40.0,2.0,246.0,5.0,48.0,7.0,7-12,1.0,7-65,493.0,1.0,8.8,6.2,45
401752676,2025.0,1.0,regular,away,183.0,Syracuse,ACC,2633.0,Tennessee,SEC,23-40,0.0,24.0,3-4,1.0,1.0,,,1.0,,,,2.0,274.0,4.0,,1.0,34:31,,,,0.0,44.0,3.0,103.0,0.0,44.0,3.0,5-14,2.0,4-30,377.0,2.0,6.9,2.3,26
401752671,2025.0,1.0,regular,away,99.0,LSU,SEC,228.0,Clemson,ACC,29-39,0.0,25.0,0-1,2.0,0.0,0.0,0.0,0.0,,,,5.0,248.0,6.0,1.0,1.0,37:10,0.0,18.0,1.0,5.0,31.0,1.0,108.0,2.0,31.0,4.0,4-11,2.0,6-45,354.0,2.0,6.4,3.5,17
401752671,2025.0,1.0,regular,home,228.0,Clemson,ACC,99.0,LSU,SEC,19-38,0.0,13.0,2-4,0.0,2.0,,,1.0,,,,4.0,230.0,5.0,,0.0,22:50,0.0,16.0,1.0,2.0,20.0,1.0,31.0,1.0,38.0,8.0,3-13,0.0,6-57,261.0,1.0,6.1,1.6,10
401752680,2025.0,1.0,regular,home,2579.0,South Carolina,SEC,259.0,Virginia Tech,ACC,12-19,1.0,16.0,1-1,0.0,0.0,0.0,25.0,0.0,,,,6.0,209.0,3.0,2.0,1.0,25:43,1.0,80.0,3.0,0.0,34.0,1.0,125.0,2.0,41.0,4.0,4-12,2.0,8-51,334.0,0.0,11.0,3.7,24
401752680,2025.0,1.0,regular,away,259.0,Virginia Tech,ACC,2579.0,South Carolina,SEC,15-35,0.0,19.0,0-1,0.0,,,,2.0,0.0,62.0,4.0,9.0,221.0,1.0,,0.0,34:17,0.0,5.0,2.0,0.0,37.0,0.0,115.0,4.0,32.0,7.0,8-18,,4-40,336.0,2.0,6.3,3.1,11
401756849,2025.0,1.0,regular,away,62.0,Hawai'i,Mountain West,12.0,Arizona,Big 12,26-47,0.0,21.0,1-2,2.0,0.0,,,3.0,,,,6.0,223.0,1.0,,0.0,35:44,,,,1.0,28.0,0.0,70.0,2.0,31.0,5.0,4-14,2.0,7-65,293.0,5.0,4.7,2.5,6
401756849,2025.0,1.0,regular,home,12.0,Arizona,Big 12,62.0,Hawai'i,Mountain West,13-23,0.0,16.0,2-2,0.0,2.0,0.0,35.0,0.0,,,,10.0,161.0,5.0,3.0,1.0,24:16,0.0,53.0,2.0,8.0,32.0,4.0,185.0,5.0,30.0,10.0,3-11,1.0,8-54,346.0,0.0,7.0,5.8,40
401752800,2025.0,1.0,regular,home,26.0,UCLA,Big Ten,254.0,Utah,Big 12,11-22,0.0,14.0,3-4,0.0,,,,1.0,0.0,37.0,2.0,4.0,136.0,1.0,,1.0,22:32,,,,2.0,28.0,0.0,84.0,0.0,46.0,2.0,2-11,,3-30,220.0,1.0,6.2,3.0,10
401752800,2025.0,1.0,regular,away,254.0,Utah,Big 12,26.0,UCLA,Big Ten,21-26,0.0,30.0,1-1,0.0,0.0,0.0,20.0,0.0,0.0,19.0,3.0,7.0,206.0,1.0,1.0,2.0,37:28,,,,0.0,54.0,4.0,286.0,4.0,28.0,5.0,14-16,2.0,3-15,492.0,0.0,7.9,5.3,43
401752802,2025.0,1.0,regular,away,2711.0,Western Michigan,Mid-American,127.0,Michigan State,Big Ten,16-33,1.0,10.0,0-3,0.0,1.0,1.0,32.0,1.0,0.0,37.0,2.0,0.0,188.0,0.0,1.0,0.0,23:13,0.0,10.0,3.0,2.0,24.0,0.0,29.0,4.0,38.0,10.0,4-14,3.0,5-21,217.0,1.0,5.7,1.2,6
401752802,2025.0,1.0,regular,home,127.0,Michigan State,Big Ten,2711.0,Western Michigan,Mid-American,17-24,0.0,20.0,1-1,1.0,0.0,0.0,0.0,1.0,0.0,22.0,1.0,3.0,155.0,4.0,1.0,1.0,36:47,0.0,20.0,1.0,8.0,44.0,2.0,181.0,4.0,25.0,12.0,4-13,2.0,5-35,336.0,2.0,6.5,4.1,23
401752808,2025.0,1.0,regular,away,167.0,New Mexico,Mountain West,130.0,Michigan,Big Ten,32-48,0.0,21.0,2-4,0.0,1.0,,,3.0,0.0,57.0,4.0,5.0,217.0,2.0,,2.0,33:02,0.0,0.0,1.0,0.0,28.0,0.0,50.0,2.0,40.0,3.0,5-14,0.0,1-5,267.0,3.0,4.5,1.8,17
401752808,2025.0,1.0,regular,home,130.0,Michigan,Big Ten,167.0,New Mexico,Mountain West,21-31,0.0,20.0,0-1,1.0,0.0,0.0,0.0,0.0,0.0,69.0,3.0,10.0,251.0,4.0,3.0,1.0,26:58,0.0,2.0,2.0,7.0,32.0,3.0,201.0,3.0,47.0,9.0,6-13,2.0,8-65,452.0,1.0,8.1,6.3,34
401752793,2025.0,1.0,regular,away,2084.0,Buffalo,Mid-American,135.0,Minnesota,Big Ten,12-20,0.0,8.0,1-1,1.0,0.0,0.0,54.0,0.0,0.0,18.0,1.0,4.0,107.0,4.0,1.0,1.0,21:32,0.0,0.0,1.0,2.0,24.0,0.0,44.0,2.0,27.0,3.0,1-11,1.0,4-45,151.0,1.0,5.4,1.8,10
401752793,2025.0,1.0,regular,home,135.0,Minnesota,Big Ten,2084.0,Buffalo,Mid-American,19-35,0.0,27.0,1-2,0.0,1.0,,,1.0,0.0,8.0,1.0,11.0,290.0,4.0,,2.0,38:28,0.0,18.0,1.0,1.0,44.0,0.0,153.0,2.0,22.0,7.0,9-16,0.0,2-10,443.0,1.0,8.3,3.5,23
401752794,2025.0,1.0,regular,away,195.0,Ohio,Mid-American,164.0,Rutgers,Big Ten,21-31,0.0,24.0,1-1,0.0,,,,0.0,0.0,30.0,3.0,7.0,239.0,1.0,,3.0,28:15,,,,2.0,31.0,1.0,201.0,1.0,30.0,5.0,5-10,,6-37,440.0,0.0,7.7,6.5,31
401752794,2025.0,1.0,regular,home,164.0,Rutgers,Big Ten,195.0,Ohio,Mid-American,18-23,1.0,24.0,5-5,0.0,,,,0.0,0.0,41.0,2.0,10.0,252.0,3.0,,2.0,31:45,1.0,23.0,2.0,4.0,37.0,1.0,147.0,0.0,26.0,4.0,1-10,,5-35,399.0,0.0,11.0,4.0,34
401752677,2025.0,1.0,regular,away,251.0,Texas,SEC,194.0,Ohio State,Big Ten,17-30,0.0,16.0,1-5,0.0,,,,1.0,0.0,15.0,1.0,1.0,170.0,2.0,,1.0,27:55,0.0,3.0,1.0,2.0,37.0,0.0,166.0,0.0,21.0,1.0,5-14,,6-50,336.0,1.0,5.7,4.5,7
401752677,2025.0,1.0,regular,home,194.0,Ohio State,Big Ten,251.0,Texas,SEC,13-20,0.0,11.0,1-2,0.0,,0.0,5.0,0.0,,,,2.0,126.0,1.0,1.0,1.0,32:05,,,,0.0,34.0,1.0,77.0,1.0,28.0,1.0,3-12,,2-15,203.0,0.0,6.3,2.3,14
401752807,2025.0,1.0,regular,away,2440.0,Nevada,Mountain West,213.0,Penn State,Big Ten,11-21,0.0,13.0,1-2,2.0,0.0,,,1.0,0.0,85.0,4.0,3.0,125.0,1.0,,1.0,26:20,,,,0.0,31.0,0.0,78.0,1.0,47.0,6.0,4-11,2.0,3-14,203.0,3.0,6.0,2.5,11
401752807,2025.0,1.0,regular,home,213.0,Penn State,Big Ten,2440.0,Nevada,Mountain West,29-35,0.0,25.0,2-3,0.0,2.0,0.0,14.0,0.0,0.0,88.0,2.0,16.0,303.0,2.0,1.0,1.0,33:40,0.0,8.0,3.0,4.0,36.0,4.0,135.0,3.0,35.0,9.0,6-13,1.0,5-45,438.0,0.0,8.7,3.8,46
401752805,2025.0,1.0,regular,away,36.0,Colorado State,Mountain West,264.0,Washington,Big Ten,17-33,0.0,17.0,3-5,0.0,1.0,,,1.0,0.0,95.0,4.0,3.0,180.0,3.0,,1.0,23:16,,,,0.0,27.0,2.0,85.0,3.0,47.0,5.0,3-13,1.0,5-20,265.0,1.0,5.5,3.1,21
401752805,2025.0,1.0,regular,home,264.0,Washington,Big Ten,36.0,Colorado State,Mountain West,18-24,0.0,26.0,1-1,1.0,0.0,0.0,0.0,0.0,0.0,113.0,4.0,8.0,226.0,3.0,1.0,1.0,36:44,0.0,11.0,2.0,0.0,51.0,4.0,283.0,2.0,37.0,6.0,8-14,1.0,6-34,509.0,1.0,9.4,5.5,38
401762791,2025.0,1.0,regular,away,193.0,Miami (OH),Mid-American,275.0,Wisconsin,Big Ten,9-18,0.0,7.0,0-0,0.0,,0.0,0.0,2.0,,,,,83.0,5.0,1.0,0.0,20:47,0.0,16.0,1.0,2.0,22.0,0.0,34.0,3.0,50.0,4.0,0-9,,5-60,117.0,2.0,4.6,1.5,0
401762791,2025.0,1.0,regular,home,275.0,Wisconsin,Big Ten,193.0,Miami (OH),Mid-American,18-32,0.0,23.0,1-2,0.0,,0.0,17.0,1.0,,,,5.0,188.0,2.0,2.0,1.0,39:13,,,,2.0,43.0,1.0,165.0,3.0,25.0,4.0,8-16,,5-40,353.0,1.0,5.9,3.8,17
401752795,2025.0,1.0,regular,away,2710.0,Western Illinois,Big South-OVC,356.0,Illinois,Big Ten,14-29,0.0,11.0,0-2,1.0,0.0,,,0.0,,,,3.0,134.0,0.0,,0.0,27:18,,,,0.0,26.0,0.0,29.0,3.0,32.0,5.0,5-14,1.0,8-59,163.0,1.0,4.6,1.1,3
401752795,2025.0,1.0,regular,home,356.0,Illinois,Big Ten,2710.0,Western Illinois,Big South-OVC,18-22,1.0,21.0,2-2,0.0,1.0,,,0.0,,,,10.0,231.0,2.0,,3.0,32:42,1.0,133.0,4.0,4.0,37.0,3.0,209.0,4.0,34.0,8.0,4-9,0.0,5-60,440.0,0.0,10.5,5.6,52
401752801,2025.0,1.0,regular,away,2050.0,Ball State,Mid-American,2509.0,Purdue,Big Ten,10-16,0.0,13.0,1-2,0.0,,,,0.0,0.0,34.0,2.0,0.0,87.0,3.0,,0.0,33:40,0.0,-3.0,1.0,0.0,36.0,0.0,116.0,1.0,39.0,5.0,4-13,,3-18,203.0,0.0,5.4,3.2,0
401752801,2025.0,1.0,regular,home,2509.0,Purdue,Big Ten,2050.0,Ball State,Mid-American,20-29,0.0,23.0,2-2,0.0,0.0,,,0.0,0.0,20.0,1.0,7.0,340.0,1.0,,2.0,26:20,0.0,7.0,2.0,1.0,30.0,2.0,93.0,4.0,42.0,7.0,4-11,1.0,3-25,433.0,0.0,11.7,3.1,31
401762789,2025.0,1.0,regular,away,2751.0,Wyoming,Mountain West,2006.0,Akron,Mid-American,19-36,0.0,19.0,1-3,0.0,,0.0,18.0,1.0,,,,4.0,260.0,4.0,1.0,1.0,33:16,0.0,11.0,2.0,3.0,39.0,0.0,166.0,3.0,30.0,3.0,9-20,,7-40,426.0,1.0,7.2,4.3,10
401762789,2025.0,1.0,regular,home,2006.0,Akron,Mid-American,2751.0,Wyoming,Mountain West,16-38,0.0,13.0,2-3,0.0,,0.0,0.0,1.0,0.0,48.0,2.0,0.0,139.0,6.0,1.0,0.0,26:44,,,,2.0,28.0,0.0,89.0,0.0,35.0,6.0,3-15,,5-34,228.0,1.0,3.7,3.2,0
401760358,2025.0,1.0,regular,home,23.0,San José State,Mountain West,2117.0,Central Michigan,Mid-American,24-43,0.0,19.0,0-0,1.0,0.0,,,2.0,0.0,66.0,4.0,2.0,308.0,3.0,,2.0,26:15,,,,1.0,24.0,0.0,75.0,0.0,37.0,3.0,8-16,1.0,4-39,383.0,3.0,7.2,3.1,14
401760358,2025.0,1.0,regular,away,2117.0,Central Michigan,Mid-American,23.0,San José State,Mountain West,8-13,0.0,20.0,1-2,0.0,1.0,0.0,0.0,0.0,,,,10.0,115.0,5.0,2.0,0.0,33:45,,,,3.0,50.0,1.0,247.0,1.0,34.0,3.0,2-13,0.0,7-33,362.0,0.0,8.8,4.9,16
401762792,2025.0,1.0,regular,away,2771.0,Merrimack,FCS Independents,2309.0,Kent State,Mid-American,15-31,0.0,17.0,0-1,0.0,1.0,,,0.0,0.0,6.0,1.0,9.0,176.0,2.0,,1.0,31:31,0.0,-1.0,1.0,2.0,35.0,0.0,164.0,3.0,29.0,5.0,3-14,1.0,11-115,340.0,0.0,5.7,4.7,17
401762792,2025.0,1.0,regular,home,2309.0,Kent State,Mid-American,2771.0,Merrimack,FCS Independents,12-19,1.0,15.0,0-1,1.0,0.0,,,0.0,1.0,117.0,3.0,3.0,209.0,2.0,,2.0,28:29,0.0,30.0,3.0,9.0,36.0,0.0,99.0,2.0,24.0,5.0,5-14,1.0,8-65,308.0,1.0,11.0,2.8,21
401752670,2025.0,1.0,regular,home,96.0,Kentucky,SEC,2649.0,Toledo,Mid-American,10-23,0.0,17.0,0-0,1.0,0.0,0.0,0.0,1.0,0.0,43.0,2.0,6.0,85.0,0.0,1.0,0.0,31:41,0.0,-3.0,2.0,5.0,43.0,3.0,220.0,3.0,35.0,6.0,8-15,2.0,3-30,305.0,2.0,3.7,5.1,24
401752670,2025.0,1.0,regular,away,2649.0,Toledo,Mid-American,96.0,Kentucky,SEC,23-40,0.0,17.0,1-4,0.0,1.0,0.0,0.0,1.0,0.0,45.0,2.0,2.0,270.0,3.0,1.0,1.0,28:19,0.0,2.0,2.0,4.0,29.0,1.0,59.0,0.0,35.0,4.0,7-17,2.0,11-93,329.0,1.0,6.8,2.0,16
401767612,2025.0,2.0,regular,home,2168.0,Dayton,Pioneer,2646.0,Thomas More College,Great Midwest Athletic,19-28,,23.0,5-5,0.0,1.0,0.0,-5.0,0.0,0.0,25.0,1.0,8.0,171.0,,2.0,3.0,37:22,,,,,45.0,2.0,200.0,,,,8-18,1.0,3-20,371.0,0.0,6.1,4.4,38
401767612,2025.0,2.0,regular,away,2646.0,Thomas More College,Great Midwest Athletic,2168.0,Dayton,Pioneer,15-32,,11.0,1-4,1.0,0.0,,,2.0,0.0,21.0,2.0,,126.0,,,0.0,22:38,0.0,14.0,2.0,,22.0,0.0,74.0,,,,2-11,1.0,8-70,200.0,3.0,3.9,3.4,0
401767089,2025.0,2.0,regular,away,2900.0,St. Thomas (MN),Pioneer,70.0,Idaho,Big Sky,21-32,,26.0,1-2,1.0,0.0,0.0,0.0,0.0,0.0,80.0,4.0,6.0,264.0,,1.0,3.0,28:41,,,,,34.0,1.0,208.0,,,,3-11,1.0,7-52,472.0,1.0,8.3,6.1,30
401767089,2025.0,2.0,regular,home,70.0,Idaho,Big Sky,2900.0,St. Thomas (MN),Pioneer,20-25,,22.0,0-1,0.0,1.0,,,1.0,0.0,107.0,5.0,5.0,281.0,,,3.0,31:19,,,,,35.0,2.0,186.0,,,,6-10,1.0,13-104,467.0,1.0,11.2,5.3,37
401752824,2025.0,2.0,regular,home,2483.0,Oregon,Big Ten,197.0,Oklahoma State,Big 12,18-25,2.0,24.0,1-2,0.0,,2.0,56.0,0.0,,,,9.0,319.0,7.0,2.0,3.0,28:41,0.0,15.0,1.0,2.0,37.0,5.0,312.0,2.0,33.0,4.0,7-12,,6-35,631.0,0.0,12.8,8.4,69
401752824,2025.0,2.0,regular,away,197.0,Oklahoma State,Big 12,2483.0,Oregon,Big Ten,7-19,0.0,9.0,1-1,0.0,,,,2.0,0.0,39.0,3.0,3.0,67.0,0.0,,0.0,31:19,,,,3.0,42.0,0.0,144.0,0.0,28.0,3.0,4-16,,8-45,211.0,2.0,3.5,3.4,3
401756882,2025.0,2.0,regular,away,349.0,Army,American Athletic,2306.0,Kansas State,Big 12,8-12,0.0,20.0,6-7,0.0,,0.0,8.0,0.0,,,,6.0,95.0,4.0,1.0,1.0,40:29,0.0,0.0,1.0,2.0,70.0,2.0,237.0,0.0,29.0,2.0,10-22,,2-10,332.0,0.0,7.9,3.4,24
401756882,2025.0,2.0,regular,home,2306.0,Kansas State,Big 12,349.0,Army,American Athletic,15-25,1.0,13.0,2-2,0.0,,,,1.0,1.0,143.0,2.0,7.0,172.0,0.0,,1.0,19:31,0.0,0.0,1.0,4.0,18.0,0.0,74.0,0.0,56.0,4.0,2-9,,2-15,246.0,1.0,6.9,4.1,21
401754525,2025.0,2.0,regular,home,2567.0,SMU,ACC,239.0,Baylor,Big 12,16-22,0.0,23.0,1-1,0.0,2.0,,,1.0,0.0,38.0,2.0,9.0,295.0,7.0,,3.0,27:24,0.0,4.0,1.0,0.0,44.0,3.0,163.0,1.0,55.0,6.0,5-13,1.0,6-55,458.0,1.0,13.4,3.7,45
401754525,2025.0,2.0,regular,away,239.0,Baylor,Big 12,2567.0,SMU,ACC,34-50,0.0,32.0,3-6,2.0,0.0,0.0,0.0,0.0,0.0,142.0,6.0,12.0,440.0,2.0,1.0,4.0,32:36,0.0,-6.0,2.0,0.0,44.0,2.0,161.0,2.0,41.0,5.0,8-18,2.0,6-64,601.0,2.0,8.8,3.7,48
401752822,2025.0,2.0,regular,away,2294.0,Iowa,Big Ten,66.0,Iowa State,Big 12,13-24,0.0,16.0,1-2,0.0,1.0,,,1.0,0.0,55.0,3.0,7.0,83.0,4.0,,0.0,31:08,0.0,-7.0,1.0,1.0,39.0,1.0,131.0,0.0,25.0,3.0,5-14,1.0,4-38,214.0,1.0,3.5,3.4,13
401752822,2025.0,2.0,regular,home,66.0,Iowa State,Big 12,2294.0,Iowa,Big Ten,18-27,0.0,14.0,0-0,1.0,0.0,0.0,24.0,0.0,0.0,0.0,1.0,10.0,134.0,3.0,1.0,1.0,28:52,0.0,1.0,1.0,4.0,30.0,0.0,104.0,3.0,34.0,6.0,8-15,2.0,5-42,238.0,1.0,5.0,3.5,16
401756885,2025.0,2.0,regular,away,2309.0,Kent State,Mid-American,2641.0,Texas Tech,Big 12,11-25,0.0,10.0,1-3,1.0,1.0,,,1.0,0.0,46.0,3.0,2.0,165.0,2.0,,1.0,29:57,,,,3.0,34.0,1.0,64.0,0.0,45.0,3.0,2-14,2.0,4-36,229.0,2.0,6.6,1.9,14
401756885,2025.0,2.0,regular,home,2641.0,Texas Tech,Big 12,2309.0,Kent State,Mid-American,27-38,1.0,27.0,1-2,1.0,1.0,1.0,55.0,0.0,0.0,12.0,1.0,14.0,371.0,4.0,1.0,4.0,30:03,0.0,34.0,3.0,13.0,42.0,3.0,230.0,3.0,31.0,6.0,6-13,1.0,7-60,601.0,1.0,9.8,5.5,62
401752689,2025.0,2.0,regular,home,142.0,Missouri,SEC,2305.0,Kansas,Big 12,30-39,0.0,28.0,4-5,1.0,0.0,0.0,0.0,0.0,0.0,49.0,3.0,10.0,334.0,2.0,1.0,3.0,40:27,0.0,15.0,3.0,6.0,47.0,2.0,261.0,3.0,24.0,7.0,10-19,2.0,7-70,595.0,1.0,8.6,5.6,42
401752689,2025.0,2.0,regular,away,2305.0,Kansas,Big 12,142.0,Missouri,SEC,18-30,1.0,13.0,2-2,0.0,1.0,,,1.0,0.0,72.0,4.0,7.0,223.0,4.0,,2.0,19:33,0.0,21.0,1.0,0.0,19.0,1.0,3.0,4.0,35.0,7.0,3-11,2.0,2-10,226.0,1.0,7.4,0.2,31
401756883,2025.0,2.0,regular,home,195.0,Ohio,Mid-American,277.0,West Virginia,Big 12,22-31,0.0,24.0,1-3,0.0,0.0,0.0,21.0,3.0,0.0,16.0,1.0,5.0,247.0,3.0,1.0,1.0,40:15,0.0,1.0,2.0,6.0,47.0,1.0,182.0,4.0,25.0,7.0,5-14,2.0,10-68,429.0,3.0,8.0,3.9,17
401756883,2025.0,2.0,regular,away,277.0,West Virginia,Big 12,195.0,Ohio,Mid-American,15-28,0.0,13.0,0-1,0.0,,0.0,37.0,1.0,0.0,63.0,3.0,4.0,178.0,5.0,3.0,0.0,16:40,0.0,19.0,2.0,3.0,28.0,1.0,72.0,3.0,40.0,6.0,2-13,,8-85,250.0,1.0,6.4,2.6,10
401767180,2025.0,2.0,regular,away,2207.0,Elizabeth City State,CIAA,2261.0,Hampton,CAA,19-30,,25.0,3-4,2.0,1.0,,,0.0,0.0,39.0,3.0,2.0,188.0,,,1.0,31:16,0.0,10.0,1.0,,36.0,2.0,165.0,,,,4-12,3.0,6-50,353.0,2.0,6.3,4.6,20
401767180,2025.0,2.0,regular,home,2261.0,Hampton,CAA,2207.0,Elizabeth City State,CIAA,11-20,,20.0,2-4,1.0,2.0,,,0.0,0.0,35.0,1.0,9.0,59.0,,,0.0,28:44,,,,,46.0,3.0,332.0,,,,5-13,1.0,10-102,391.0,1.0,3.0,7.2,27
401767257,2025.0,2.0,regular,home,2230.0,Fordham,Patriot,2405.0,Monmouth,CAA,27-49,,23.0,1-2,1.0,0.0,0.0,0.0,1.0,0.0,88.0,6.0,4.0,382.0,,1.0,3.0,31:13,,,,,25.0,1.0,39.0,,,,6-15,1.0,9-85,421.0,2.0,7.8,1.6,28
401767257,2025.0,2.0,regular,away,2405.0,Monmouth,CAA,2230.0,Fordham,Patriot,29-43,,25.0,6-7,0.0,1.0,0.0,5.0,1.0,0.0,132.0,3.0,5.0,342.0,,1.0,6.0,28:47,0.0,-3.0,1.0,,36.0,1.0,129.0,,,,5-16,0.0,9-90,471.0,1.0,8.0,3.6,49
401767097,2025.0,2.0,regular,home,149.0,Montana,Big Sky,2120.0,Central Washington,Lone Star,15-25,,20.0,1-2,1.0,0.0,0.0,25.0,2.0,0.0,67.0,3.0,6.0,257.0,,2.0,2.0,23:51,0.0,82.0,3.0,,35.0,4.0,310.0,,,,7-12,1.0,8-85,567.0,3.0,10.3,8.9,42
401767097,2025.0,2.0,regular,away,2120.0,Central Washington,Lone Star,149.0,Montana,Big Sky,9-20,,21.0,0-0,0.0,,0.0,10.0,2.0,0.0,61.0,4.0,5.0,108.0,,2.0,1.0,36:09,0.0,6.0,1.0,,44.0,1.0,221.0,,,,4-14,,3-25,329.0,2.0,5.4,5.0,17
401767771,2025.0,2.0,regular,away,322.0,Lafayette,Patriot,284.0,Stonehill,NEC,12-19,,22.0,0-1,1.0,0.0,0.0,3.0,1.0,0.0,73.0,5.0,6.0,150.0,,1.0,0.0,30:09,0.0,7.0,1.0,,41.0,6.0,319.0,,,,6-10,1.0,5-55,469.0,2.0,7.9,7.8,42
401767771,2025.0,2.0,regular,home,284.0,Stonehill,NEC,322.0,Lafayette,Patriot,25-35,,21.0,3-5,1.0,1.0,0.0,0.0,1.0,0.0,82.0,3.0,2.0,269.0,,1.0,3.0,29:51,0.0,0.0,1.0,,35.0,0.0,71.0,,,,8-17,0.0,7-58,340.0,2.0,7.7,2.0,26
401761597,2025.0,2.0,regular,home,324.0,Coastal Carolina,Sun Belt,2127.0,Charleston Southern,Big South-OVC,16-27,0.0,27.0,1-1,0.0,0.0,0.0,0.0,3.0,,,,7.0,139.0,5.0,1.0,0.0,35:35,0.0,2.0,2.0,3.0,51.0,1.0,245.0,2.0,27.0,6.0,7-14,3.0,8-80,384.0,3.0,5.1,4.8,13
401761597,2025.0,2.0,regular,away,2127.0,Charleston Southern,Big South-OVC,324.0,Coastal Carolina,Sun Belt,10-22,0.0,10.0,1-1,0.0,,0.0,0.0,1.0,0.0,32.0,2.0,,55.0,2.0,3.0,0.0,24:25,0.0,29.0,2.0,0.0,26.0,0.0,98.0,1.0,50.0,5.0,0-11,,10-65,153.0,1.0,2.5,3.8,0
401767172,2025.0,2.0,regular,home,282.0,Indiana State,MVFC,2197.0,Eastern Illinois,Big South-OVC,21-28,,22.0,0-1,0.0,,0.0,16.0,0.0,0.0,20.0,1.0,11.0,201.0,,1.0,3.0,25:00,0.0,50.0,4.0,,36.0,2.0,211.0,,,,3-9,,6-65,412.0,0.0,7.2,5.9,38
401767172,2025.0,2.0,regular,away,2197.0,Eastern Illinois,Big South-OVC,282.0,Indiana State,MVFC,16-25,,18.0,1-2,0.0,0.0,,,1.0,0.0,29.0,3.0,2.0,150.0,,,0.0,35:00,0.0,7.0,1.0,,45.0,2.0,89.0,,,,5-16,1.0,7-28,239.0,1.0,6.0,2.0,14
401754622,2025.0,2.0,regular,home,59.0,Georgia Tech,ACC,2241.0,Gardner-Webb,Big South-OVC,22-29,0.0,21.0,1-2,1.0,1.0,,,1.0,0.0,6.0,1.0,11.0,457.0,2.0,,2.0,22:40,0.0,50.0,4.0,1.0,28.0,5.0,223.0,6.0,40.0,14.0,2-8,2.0,12-94,680.0,2.0,15.8,8.0,59
401754622,2025.0,2.0,regular,away,2241.0,Gardner-Webb,Big South-OVC,59.0,Georgia Tech,ACC,20-30,0.0,20.0,1-2,1.0,0.0,0.0,0.0,0.0,0.0,34.0,3.0,0.0,209.0,0.0,1.0,2.0,37:23,,,,3.0,47.0,0.0,117.0,0.0,36.0,1.0,4-18,1.0,5-20,326.0,1.0,7.0,2.5,12
401767216,2025.0,2.0,regular,away,2453.0,North Alabama,UAC,2546.0,Southeast Missouri State,Big South-OVC,13-36,,26.0,1-4,0.0,2.0,,,1.0,0.0,66.0,4.0,1.0,160.0,,,2.0,29:30,,,,,42.0,1.0,280.0,,,,4-14,0.0,6-70,440.0,1.0,4.4,6.7,21
401767216,2025.0,2.0,regular,home,2546.0,Southeast Missouri State,Big South-OVC,2453.0,North Alabama,UAC,21-33,,22.0,0-0,2.0,0.0,0.0,0.0,0.0,0.0,72.0,2.0,12.0,225.0,,1.0,2.0,30:30,0.0,36.0,4.0,,36.0,1.0,159.0,,,,8-17,2.0,6-65,384.0,2.0,6.8,4.4,30
401757231,2025.0,2.0,regular,home,2638.0,UTEP,Conference USA,2630.0,UT Martin,Big South-OVC,15-29,0.0,14.0,0-0,1.0,1.0,,,0.0,0.0,64.0,3.0,4.0,278.0,3.0,,4.0,21:12,0.0,23.0,2.0,6.0,25.0,2.0,194.0,4.0,41.0,11.0,4-10,1.0,4-40,472.0,1.0,9.6,7.8,42
401757231,2025.0,2.0,regular,away,2630.0,UT Martin,Big South-OVC,2638.0,UTEP,Conference USA,24-36,0.0,19.0,2-6,1.0,1.0,,,0.0,0.0,94.0,5.0,5.0,295.0,3.0,,1.0,38:48,0.0,31.0,5.0,1.0,40.0,1.0,76.0,3.0,30.0,6.0,4-17,1.0,6-35,371.0,1.0,8.2,1.9,17
401767224,2025.0,2.0,regular,away,2449.0,North Dakota State,MVFC,2634.0,Tennessee State,Big South-OVC,16-23,,24.0,1-1,0.0,1.0,1.0,34.0,1.0,0.0,49.0,2.0,11.0,242.0,,1.0,2.0,33:37,0.0,79.0,4.0,,38.0,5.0,193.0,,,,3-9,0.0,1-10,435.0,1.0,10.5,5.1,59
401767224,2025.0,2.0,regular,home,2634.0,Tennessee State,Big South-OVC,2449.0,North Dakota State,MVFC,8-18,,4.0,0-0,1.0,0.0,0.0,0.0,1.0,0.0,42.0,3.0,3.0,61.0,,1.0,0.0,26:23,,,,,28.0,0.0,70.0,,,,1-13,1.0,5-44,131.0,2.0,3.4,2.5,3
401767231,2025.0,2.0,regular,away,236.0,Chattanooga,Southern,2635.0,Tennessee Tech,Big South-OVC,22-45,,15.0,2-3,1.0,1.0,0.0,7.0,1.0,0.0,57.0,3.0,5.0,249.0,,1.0,1.0,32:42,,,,,28.0,1.0,25.0,,,,8-20,1.0,2-25,274.0,2.0,5.5,0.9,17
401767231,2025.0,2.0,regular,home,2635.0,Tennessee Tech,Big South-OVC,236.0,Chattanooga,Southern,19-28,,22.0,1-2,1.0,1.0,0.0,30.0,1.0,0.0,45.0,2.0,9.0,292.0,,1.0,3.0,27:18,0.0,2.0,2.0,,32.0,3.0,221.0,,,,4-10,1.0,4-32,513.0,2.0,10.4,6.9,45
401761596,2025.0,2.0,regular,home,2026.0,App State,Sun Belt,2815.0,Lindenwood,Big South-OVC,19-34,0.0,20.0,0-2,3.0,0.0,0.0,27.0,1.0,0.0,28.0,1.0,8.0,293.0,7.0,2.0,2.0,24:52,0.0,18.0,5.0,10.0,33.0,0.0,209.0,8.0,27.0,16.0,6-13,3.0,9-80,502.0,4.0,8.6,6.3,20
401761596,2025.0,2.0,regular,away,2815.0,Lindenwood,Big South-OVC,2026.0,App State,Sun Belt,20-36,0.0,13.0,2-4,0.0,3.0,0.0,-3.0,2.0,0.0,39.0,1.0,1.0,217.0,4.0,1.0,1.0,35:08,,,,1.0,33.0,1.0,-1.0,1.0,28.0,2.0,3-17,1.0,3-30,216.0,2.0,6.0,0.0,13
401762459,2025.0,2.0,regular,home,151.0,East Carolina,American Athletic,2097.0,Campbell,CAA,31-44,0.0,27.0,0-1,0.0,2.0,,,0.0,,,,8.0,363.0,3.0,,3.0,27:44,0.0,38.0,3.0,0.0,37.0,5.0,172.0,2.0,19.0,9.0,13-17,0.0,10-84,535.0,0.0,8.3,4.6,56
401762459,2025.0,2.0,regular,away,2097.0,Campbell,CAA,151.0,East Carolina,American Athletic,22-36,0.0,14.0,1-1,2.0,0.0,,,0.0,0.0,87.0,4.0,3.0,147.0,3.0,,0.0,32:16,,,,0.0,27.0,0.0,4.0,0.0,41.0,1.0,2-14,3.0,3-25,151.0,2.0,4.1,0.1,3
401756886,2025.0,2.0,regular,home,2116.0,UCF,Big 12,2448.0,North Carolina A&T,CAA,14-24,2.0,20.0,2-2,0.0,2.0,0.0,0.0,0.0,1.0,96.0,1.0,14.0,204.0,4.0,1.0,0.0,24:01,0.0,38.0,2.0,4.0,32.0,7.0,356.0,2.0,50.0,11.0,5-11,0.0,6-55,560.0,0.0,8.5,11.1,68
401756886,2025.0,2.0,regular,away,2448.0,North Carolina A&T,CAA,2116.0,UCF,Big 12,5-11,0.0,13.0,0-0,2.0,0.0,,,1.0,0.0,80.0,4.0,1.0,40.0,2.0,,0.0,36:15,0.0,20.0,2.0,0.0,51.0,1.0,160.0,1.0,36.0,3.0,5-17,3.0,7-59,200.0,3.0,3.6,3.1,7
401767455,2025.0,2.0,regular,away,2545.0,SE Louisiana,Southland,93.0,Murray State,MVFC,24-33,,31.0,0-0,1.0,1.0,0.0,52.0,1.0,0.0,90.0,5.0,9.0,218.0,,2.0,1.0,34:13,0.0,44.0,2.0,,45.0,4.0,262.0,,,,8-13,2.0,5-43,480.0,2.0,6.6,5.8,45
401767455,2025.0,2.0,regular,home,93.0,Murray State,MVFC,2545.0,SE Louisiana,Southland,26-40,,22.0,1-2,1.0,1.0,0.0,0.0,2.0,0.0,94.0,5.0,6.0,259.0,,1.0,1.0,25:47,0.0,21.0,2.0,,29.0,2.0,121.0,,,,8-15,1.0,1-15,380.0,3.0,6.5,4.2,24
401767292,2025.0,2.0,regular,home,301.0,San Diego,Pioneer,253.0,Southern Utah,UAC,6-16,,18.0,0-0,0.0,1.0,,,0.0,0.0,18.0,1.0,6.0,64.0,,,1.0,33:24,0.0,13.0,1.0,,49.0,3.0,296.0,,,,7-15,0.0,5-29,360.0,0.0,4.0,6.0,30
401767292,2025.0,2.0,regular,away,253.0,Southern Utah,UAC,301.0,San Diego,Pioneer,24-40,,21.0,1-1,1.0,0.0,,,0.0,0.0,113.0,5.0,9.0,328.0,,,3.0,26:36,0.0,16.0,2.0,,26.0,0.0,82.0,,,,4-12,1.0,7-52,410.0,1.0,8.2,3.2,27
401767238,2025.0,2.0,regular,away,2617.0,Stephen F. Austin,Southland,2000.0,Abilene Christian,UAC,25-39,,16.0,2-5,2.0,1.0,,,1.0,0.0,42.0,2.0,2.0,248.0,,,1.0,25:11,0.0,61.0,3.0,,33.0,0.0,52.0,,,,6-17,2.0,10-92,300.0,3.0,6.4,1.6,20
401767238,2025.0,2.0,regular,home,2000.0,Abilene Christian,UAC,2617.0,Stephen F. Austin,Southland,23-34,,20.0,1-1,1.0,2.0,0.0,0.0,0.0,0.0,43.0,2.0,4.0,239.0,,1.0,0.0,34:49,0.0,7.0,2.0,,41.0,3.0,132.0,,,,9-17,2.0,9-55,371.0,1.0,7.0,3.2,28
401752685,2025.0,2.0,regular,home,61.0,Georgia,SEC,2046.0,Austin Peay,UAC,27-36,0.0,26.0,0-0,2.0,0.0,0.0,0.0,0.0,0.0,20.0,1.0,4.0,231.0,3.0,1.0,0.0,33:09,0.0,9.0,1.0,0.0,40.0,4.0,190.0,2.0,31.0,6.0,7-13,2.0,3-24,421.0,2.0,6.4,4.8,28
401752685,2025.0,2.0,regular,away,2046.0,Austin Peay,UAC,61.0,Georgia,SEC,16-23,0.0,10.0,1-2,0.0,2.0,,,1.0,,,,6.0,151.0,2.0,,0.0,26:51,,,,0.0,28.0,0.0,45.0,0.0,53.0,6.0,3-13,0.0,3-10,196.0,1.0,6.6,1.6,6
401767379,2025.0,2.0,regular,away,2029.0,Arkansas-Pine Bluff,SWAC,2110.0,Central Arkansas,UAC,18-36,,12.0,0-1,0.0,2.0,0.0,51.0,0.0,0.0,83.0,4.0,5.0,228.0,,1.0,1.0,22:53,,,,,22.0,1.0,44.0,,,,7-16,0.0,5-33,272.0,0.0,6.3,2.0,17
401767379,2025.0,2.0,regular,home,2110.0,Central Arkansas,UAC,2029.0,Arkansas-Pine Bluff,SWAC,21-29,,32.0,2-3,2.0,0.0,,,1.0,0.0,42.0,1.0,5.0,296.0,,,3.0,37:07,,,,,53.0,3.0,318.0,,,,8-12,2.0,6-40,614.0,3.0,10.2,6.0,41
401767277,2025.0,2.0,regular,away,2277.0,Houston Christian,Southland,2198.0,Eastern Kentucky,UAC,22-45,,17.0,2-3,4.0,1.0,0.0,-76.0,0.0,0.0,104.0,5.0,4.0,211.0,,1.0,1.0,27:00,0.0,15.0,2.0,,32.0,0.0,42.0,,,,5-18,5.0,7-68,253.0,4.0,4.7,1.3,10
401767277,2025.0,2.0,regular,home,2198.0,Eastern Kentucky,UAC,2277.0,Houston Christian,Southland,13-19,,10.0,2-3,1.0,4.0,,,1.0,0.0,39.0,3.0,8.0,79.0,,,0.0,33:00,0.0,7.0,1.0,,39.0,1.0,94.0,,,,1-16,1.0,5-24,173.0,2.0,4.2,2.4,20
401767304,2025.0,2.0,regular,away,2400.0,Mississippi Valley State,SWAC,2627.0,Tarleton State,UAC,14-29,,12.0,0-1,2.0,0.0,,,3.0,0.0,0.0,1.0,3.0,194.0,,,0.0,26:07,0.0,1.0,1.0,,34.0,0.0,50.0,,,,3-15,3.0,14-137,244.0,5.0,6.7,1.5,3
401767304,2025.0,2.0,regular,home,2627.0,Tarleton State,UAC,2400.0,Mississippi Valley State,SWAC,21-28,,28.0,0-3,0.0,2.0,1.0,70.0,0.0,0.0,53.0,1.0,11.0,307.0,,3.0,6.0,29:03,0.0,15.0,1.0,,33.0,1.0,153.0,,,,5-11,0.0,6-65,460.0,0.0,11.0,4.6,59
401767112,2025.0,2.0,regular,home,2464.0,Northern Arizona,Big Sky,3101.0,Utah Tech,UAC,21-28,,20.0,0-1,0.0,,0.0,62.0,1.0,,,,8.0,229.0,,3.0,1.0,33:08,0.0,5.0,1.0,,41.0,4.0,162.0,,,,7-14,,9-88,391.0,1.0,8.2,4.0,38
401767112,2025.0,2.0,regular,away,3101.0,Utah Tech,UAC,2464.0,Northern Arizona,Big Sky,15-31,,20.0,1-1,0.0,0.0,0.0,0.0,3.0,0.0,26.0,1.0,7.0,136.0,,1.0,1.0,26:52,0.0,23.0,3.0,,31.0,3.0,158.0,,,,5-14,4.0,6-45,294.0,3.0,4.4,5.1,31
401752684,2025.0,2.0,regular,home,57.0,Florida,SEC,58.0,South Florida,American Athletic,23-33,0.0,20.0,0-0,0.0,,,,1.0,,,,10.0,222.0,6.0,,1.0,34:13,0.0,40.0,1.0,9.0,31.0,0.0,133.0,1.0,29.0,3.0,4-12,,11-103,355.0,1.0,6.7,4.3,16
401752684,2025.0,2.0,regular,away,58.0,South Florida,American Athletic,57.0,Florida,SEC,23-36,0.0,20.0,1-1,0.0,,0.0,0.0,0.0,0.0,51.0,2.0,10.0,263.0,1.0,1.0,1.0,25:47,0.0,5.0,1.0,2.0,29.0,0.0,128.0,1.0,35.0,7.0,6-16,,9-75,391.0,0.0,7.3,4.4,18
401757229,2025.0,2.0,regular,home,166.0,New Mexico State,Conference USA,202.0,Tulsa,American Athletic,28-45,0.0,19.0,1-1,1.0,0.0,0.0,8.0,0.0,0.0,15.0,1.0,7.0,252.0,6.0,2.0,2.0,30:50,0.0,12.0,2.0,3.0,26.0,0.0,39.0,1.0,45.0,6.0,10-19,1.0,8-65,291.0,1.0,5.6,1.5,21
401757229,2025.0,2.0,regular,away,202.0,Tulsa,American Athletic,166.0,New Mexico State,Conference USA,27-40,0.0,25.0,2-4,0.0,1.0,,,2.0,,,,2.0,235.0,4.0,,1.0,29:10,0.0,19.0,2.0,3.0,37.0,1.0,141.0,2.0,38.0,9.0,6-15,1.0,6-40,376.0,2.0,5.9,3.8,14
401762462,2025.0,2.0,regular,away,47.0,Howard,MEAC,218.0,Temple,American Athletic,8-20,0.0,9.0,0-0,0.0,,,,1.0,0.0,55.0,3.0,1.0,39.0,0.0,,1.0,23:46,,,,0.0,28.0,0.0,82.0,2.0,51.0,5.0,5-14,,5-39,121.0,1.0,2.0,2.9,7
401762462,2025.0,2.0,regular,home,218.0,Temple,American Athletic,47.0,Howard,MEAC,14-16,0.0,28.0,1-1,0.0,0.0,0.0,0.0,0.0,0.0,36.0,2.0,13.0,231.0,2.0,1.0,4.0,36:14,0.0,59.0,4.0,1.0,48.0,3.0,331.0,2.0,32.0,6.0,8-12,1.0,6-70,562.0,0.0,14.4,6.9,55
401761598,2025.0,2.0,regular,home,2247.0,Georgia State,Sun Belt,235.0,Memphis,American Athletic,29-41,0.0,19.0,1-3,0.0,0.0,,,1.0,0.0,75.0,4.0,2.0,340.0,2.0,,1.0,30:07,,,,4.0,27.0,1.0,49.0,1.0,44.0,8.0,6-15,2.0,9-50,389.0,1.0,8.3,1.8,16
401761598,2025.0,2.0,regular,away,235.0,Memphis,American Athletic,2247.0,Georgia State,Sun Belt,16-20,1.0,21.0,1-1,0.0,,1.0,31.0,0.0,,,,8.0,196.0,3.0,1.0,0.0,29:53,0.0,54.0,2.0,5.0,40.0,4.0,205.0,3.0,39.0,10.0,5-10,,7-65,401.0,0.0,9.8,5.1,38
401762458,2025.0,2.0,regular,away,5.0,UAB,American Athletic,2426.0,Navy,American Athletic,23-33,0.0,23.0,1-2,1.0,0.0,,,2.0,0.0,39.0,2.0,6.0,321.0,0.0,,2.0,27:38,0.0,5.0,2.0,0.0,27.0,1.0,92.0,0.0,21.0,5.0,6-13,1.0,4-32,413.0,3.0,9.7,3.4,24
401762458,2025.0,2.0,regular,home,2426.0,Navy,American Athletic,5.0,UAB,American Athletic,6-8,0.0,20.0,1-1,0.0,1.0,0.0,0.0,0.0,0.0,15.0,1.0,8.0,168.0,1.0,2.0,1.0,32:22,,,,4.0,51.0,4.0,295.0,1.0,21.0,3.0,4-9,2.0,8-97,463.0,0.0,21.0,5.8,38
401761601,2025.0,2.0,regular,home,6.0,South Alabama,Sun Belt,2655.0,Tulane,American Athletic,17-24,0.0,23.0,2-4,2.0,1.0,,,0.0,,,,5.0,231.0,3.0,,2.0,25:31,0.0,42.0,2.0,0.0,41.0,2.0,190.0,1.0,33.0,5.0,4-12,2.0,2-10,421.0,2.0,9.6,4.6,31
401761601,2025.0,2.0,regular,away,2655.0,Tulane,American Athletic,6.0,South Alabama,Sun Belt,16-27,0.0,23.0,1-1,1.0,2.0,,,0.0,0.0,110.0,5.0,9.0,165.0,2.0,,1.0,34:29,0.0,0.0,1.0,3.0,45.0,3.0,241.0,1.0,26.0,3.0,9-17,1.0,11-87,406.0,1.0,6.1,5.4,33
401757232,2025.0,2.0,regular,home,2649.0,Toledo,Mid-American,98.0,Western Kentucky,Conference USA,12-21,1.0,21.0,0-1,0.0,1.0,1.0,37.0,1.0,0.0,19.0,2.0,9.0,201.0,3.0,1.0,3.0,33:25,0.0,14.0,3.0,5.0,42.0,2.0,307.0,2.0,27.0,4.0,5-12,0.0,9-78,508.0,1.0,9.6,7.3,45
401757232,2025.0,2.0,regular,away,98.0,Western Kentucky,Conference USA,2649.0,Toledo,Mid-American,24-39,0.0,18.0,0-2,1.0,0.0,0.0,0.0,1.0,,,,3.0,274.0,2.0,1.0,2.0,26:35,0.0,0.0,1.0,2.0,28.0,1.0,59.0,0.0,28.0,1.0,6-14,1.0,4-45,333.0,2.0,7.0,2.1,21
401752811,2025.0,2.0,regular,home,213.0,Penn State,Big Ten,2229.0,Florida International,Conference USA,19-33,0.0,20.0,2-4,0.0,1.0,0.0,3.0,0.0,0.0,18.0,1.0,10.0,200.0,4.0,1.0,2.0,25:43,0.0,15.0,3.0,8.0,31.0,2.0,209.0,2.0,41.0,9.0,3-12,0.0,1-10,409.0,0.0,6.1,6.7,34
401752811,2025.0,2.0,regular,away,2229.0,Florida International,Conference USA,213.0,Penn State,Big Ten,18-33,0.0,14.0,3-5,1.0,0.0,,,1.0,,,,,149.0,6.0,,0.0,34:17,0.0,10.0,2.0,2.0,39.0,0.0,141.0,2.0,40.0,2.0,6-18,1.0,4-40,290.0,2.0,4.5,3.6,0
401752687,2025.0,2.0,regular,home,99.0,LSU,SEC,2348.0,Louisiana Tech,Conference USA,26-41,0.0,27.0,0-0,0.0,0.0,,,1.0,0.0,42.0,1.0,11.0,237.0,5.0,,1.0,36:52,0.0,24.0,2.0,3.0,34.0,1.0,128.0,2.0,23.0,5.0,9-16,1.0,9-77,365.0,1.0,5.8,3.8,23
401752687,2025.0,2.0,regular,away,2348.0,Louisiana Tech,Conference USA,99.0,LSU,SEC,15-26,0.0,12.0,1-1,0.0,,0.0,0.0,0.0,0.0,16.0,1.0,1.0,96.0,5.0,1.0,1.0,23:08,0.0,17.0,2.0,3.0,27.0,0.0,58.0,3.0,36.0,8.0,3-13,,12-130,154.0,0.0,3.7,2.1,7
401752820,2025.0,2.0,regular,home,275.0,Wisconsin,Big Ten,2393.0,Middle Tennessee,Conference USA,23-27,0.0,21.0,2-2,0.0,,0.0,0.0,1.0,0.0,25.0,1.0,6.0,283.0,2.0,1.0,3.0,30:43,0.0,3.0,1.0,0.0,29.0,3.0,173.0,5.0,37.0,8.0,4-9,,0-0,456.0,1.0,10.5,6.0,42
401752820,2025.0,2.0,regular,away,2393.0,Middle Tennessee,Conference USA,275.0,Wisconsin,Big Ten,21-32,0.0,14.0,1-2,0.0,1.0,0.0,7.0,1.0,,,,4.0,208.0,0.0,1.0,1.0,29:17,0.0,15.0,1.0,0.0,28.0,0.0,33.0,0.0,39.0,7.0,5-14,0.0,4-25,241.0,1.0,6.5,1.2,10
401752937,2025.0,2.0,regular,away,278.0,Fresno State,Mountain West,204.0,Oregon State,Pac-12,13-18,2.0,15.0,0-0,0.0,,1.0,61.0,1.0,0.0,121.0,5.0,12.0,121.0,6.0,2.0,0.0,22:34,1.0,42.0,1.0,5.0,27.0,2.0,199.0,2.0,44.0,6.0,1-8,,6-55,320.0,1.0,6.7,7.4,36
401752937,2025.0,2.0,regular,home,204.0,Oregon State,Pac-12,278.0,Fresno State,Mountain West,32-49,0.0,30.0,1-2,0.0,,0.0,31.0,2.0,0.0,65.0,5.0,3.0,388.0,1.0,1.0,4.0,37:25,0.0,5.0,1.0,1.0,33.0,0.0,156.0,0.0,30.0,4.0,10-17,,10-70,544.0,2.0,7.9,4.7,27
401752948,2025.0,2.0,regular,away,21.0,San Diego State,Mountain West,265.0,Washington State,Pac-12,15-30,0.0,10.0,1-4,0.0,,,,0.0,,,,1.0,133.0,4.0,,1.0,24:54,0.0,4.0,1.0,4.0,30.0,1.0,82.0,0.0,44.0,3.0,2-13,,6-38,215.0,0.0,4.4,2.7,13
401752948,2025.0,2.0,regular,home,265.0,Washington State,Pac-12,21.0,San Diego State,Mountain West,28-42,0.0,19.0,2-3,0.0,0.0,,,0.0,0.0,44.0,2.0,10.0,257.0,5.0,,3.0,35:06,0.0,21.0,3.0,5.0,33.0,1.0,145.0,3.0,31.0,7.0,5-18,1.0,8-55,402.0,0.0,6.1,4.4,36
401754528,2025.0,2.0,regular,home,97.0,Louisville,ACC,256.0,James Madison,Sun Belt,13-23,1.0,12.0,1-2,1.0,1.0,0.0,0.0,0.0,0.0,25.0,1.0,6.0,151.0,2.0,1.0,1.0,22:48,,,,2.0,30.0,1.0,113.0,6.0,39.0,7.0,5-14,1.0,5-49,264.0,1.0,6.6,3.8,28
401754528,2025.0,2.0,regular,away,256.0,James Madison,Sun Belt,97.0,Louisville,ACC,18-31,0.0,19.0,1-3,1.0,1.0,,,1.0,0.0,51.0,3.0,2.0,137.0,4.0,,1.0,37:12,0.0,17.0,3.0,4.0,47.0,1.0,126.0,3.0,25.0,8.0,7-17,1.0,12-95,263.0,2.0,4.4,2.7,14
401757228,2025.0,2.0,regular,away,2623.0,Missouri State,Conference USA,276.0,Marshall,Sun Belt,22-32,0.0,18.0,0-0,0.0,0.0,0.0,5.0,1.0,0.0,63.0,3.0,3.0,388.0,5.0,1.0,3.0,34:34,0.0,15.0,2.0,5.0,38.0,0.0,86.0,1.0,28.0,3.0,7-16,2.0,8-93,474.0,1.0,12.1,2.3,21
401757228,2025.0,2.0,regular,home,276.0,Marshall,Sun Belt,2623.0,Missouri State,Conference USA,13-24,0.0,12.0,1-3,0.0,,0.0,34.0,1.0,0.0,23.0,1.0,8.0,83.0,2.0,1.0,0.0,25:26,0.0,51.0,2.0,9.0,33.0,2.0,191.0,6.0,30.0,12.0,3-15,,5-40,274.0,1.0,3.5,5.8,20
401752814,2025.0,2.0,regular,home,30.0,USC,Big Ten,290.0,Georgia Southern,Sun Belt,20-30,0.0,28.0,0-0,1.0,0.0,0.0,0.0,0.0,0.0,35.0,2.0,11.0,446.0,1.0,1.0,4.0,30:12,,,,2.0,33.0,4.0,309.0,4.0,50.0,8.0,5-9,1.0,8-93,755.0,1.0,14.9,9.4,59
401752814,2025.0,2.0,regular,away,290.0,Georgia Southern,Sun Belt,30.0,USC,Big Ten,24-45,0.0,26.0,2-3,0.0,1.0,,,1.0,0.0,18.0,1.0,2.0,235.0,2.0,,3.0,29:48,0.0,1.0,2.0,1.0,33.0,0.0,142.0,0.0,41.0,2.0,4-15,1.0,1-1,377.0,1.0,5.2,4.3,20
401761599,2025.0,2.0,regular,away,2428.0,North Carolina Central,MEAC,295.0,Old Dominion,Sun Belt,13-27,0.0,14.0,0-2,1.0,1.0,,,2.0,0.0,203.0,9.0,6.0,102.0,0.0,,0.0,31:37,,,,1.0,38.0,0.0,136.0,1.0,29.0,2.0,4-15,3.0,8-89,238.0,3.0,3.8,3.6,6
401761599,2025.0,2.0,regular,home,295.0,Old Dominion,Sun Belt,2428.0,North Carolina Central,MEAC,22-29,0.0,25.0,1-1,1.0,1.0,0.0,34.0,0.0,0.0,28.0,2.0,10.0,277.0,4.0,2.0,3.0,28:23,0.0,22.0,1.0,4.0,34.0,4.0,268.0,2.0,25.0,12.0,3-10,3.0,6-74,545.0,1.0,9.6,7.9,54
401761600,2025.0,2.0,regular,away,2377.0,McNeese,Southland,309.0,Louisiana,Sun Belt,19-30,0.0,14.0,2-3,1.0,0.0,,,1.0,0.0,39.0,4.0,4.0,191.0,2.0,,0.0,25:43,0.0,7.0,1.0,0.0,26.0,1.0,47.0,1.0,44.0,6.0,4-12,2.0,8-105,238.0,2.0,6.4,1.8,10
401761600,2025.0,2.0,regular,home,309.0,Louisiana,Sun Belt,2377.0,McNeese,Southland,14-22,0.0,25.0,2-3,0.0,1.0,0.0,0.0,0.0,0.0,77.0,3.0,10.0,86.0,1.0,1.0,1.0,34:17,0.0,-13.0,1.0,1.0,45.0,3.0,315.0,1.0,31.0,2.0,4-11,2.0,6-55,401.0,0.0,3.9,7.0,34
401761603,2025.0,2.0,regular,home,2636.0,UTSA,American Athletic,326.0,Texas State,Sun Belt,23-43,0.0,25.0,1-6,0.0,,0.0,9.0,0.0,0.0,52.0,2.0,4.0,219.0,4.0,1.0,2.0,30:23,0.0,3.0,1.0,2.0,33.0,3.0,278.0,1.0,45.0,5.0,3-12,,6-60,497.0,0.0,5.1,8.4,36
401761603,2025.0,2.0,regular,away,326.0,Texas State,Sun Belt,2636.0,UTSA,American Athletic,12-20,0.0,17.0,1-1,0.0,,,,1.0,0.0,121.0,4.0,11.0,286.0,5.0,,1.0,29:37,,,,3.0,44.0,4.0,175.0,1.0,39.0,7.0,6-16,,5-55,461.0,1.0,14.3,4.0,43
401752682,2025.0,2.0,regular,home,8.0,Arkansas,SEC,2032.0,Arkansas State,Sun Belt,20-29,0.0,29.0,0-0,0.0,,0.0,40.0,2.0,,,,8.0,309.0,5.0,2.0,4.0,23:03,0.0,5.0,1.0,2.0,29.0,4.0,321.0,4.0,34.0,10.0,5-6,,8-74,630.0,2.0,10.7,11.1,56
401752682,2025.0,2.0,regular,away,2032.0,Arkansas State,Sun Belt,8.0,Arkansas,SEC,22-36,1.0,23.0,0-2,0.0,0.0,0.0,18.0,2.0,1.0,98.0,1.0,2.0,132.0,4.0,2.0,1.0,36:57,0.0,9.0,1.0,1.0,42.0,0.0,153.0,0.0,28.0,1.0,10-19,1.0,6-56,285.0,2.0,3.7,3.6,14
401752681,2025.0,2.0,regular,home,333.0,Alabama,SEC,2433.0,UL Monroe,Sun Belt,29-33,0.0,29.0,2-2,0.0,2.0,0.0,0.0,0.0,0.0,1.0,1.0,13.0,371.0,2.0,1.0,7.0,34:14,0.0,45.0,2.0,5.0,36.0,3.0,212.0,0.0,32.0,12.0,9-12,0.0,5-55,583.0,0.0,11.2,5.9,73
401752681,2025.0,2.0,regular,away,2433.0,UL Monroe,Sun Belt,333.0,Alabama,SEC,10-18,0.0,9.0,0-1,2.0,0.0,,,1.0,0.0,33.0,5.0,,55.0,0.0,,0.0,25:46,,,,1.0,32.0,0.0,93.0,0.0,43.0,2.0,6-14,2.0,4-41,148.0,3.0,3.1,2.9,0
401761602,2025.0,2.0,regular,away,2296.0,Jackson State,SWAC,2572.0,Southern Miss,Sun Belt,14-28,0.0,19.0,1-1,0.0,,,,2.0,0.0,115.0,3.0,8.0,131.0,3.0,,0.0,31:15,0.0,13.0,1.0,6.0,42.0,2.0,191.0,2.0,27.0,6.0,5-16,,12-87,322.0,2.0,4.7,4.5,20
401761602,2025.0,2.0,regular,home,2572.0,Southern Miss,Sun Belt,2296.0,Jackson State,SWAC,22-32,1.0,25.0,0-0,0.0,,0.0,43.0,0.0,0.0,54.0,2.0,8.0,224.0,7.0,2.0,3.0,28:45,1.0,71.0,4.0,2.0,36.0,1.0,139.0,3.0,28.0,7.0,4-11,,4-43,363.0,0.0,7.0,3.9,38
401754637,2025.0,2.0,regular,home,228.0,Clemson,ACC,2653.0,Troy,Sun Belt,18-24,0.0,17.0,0-1,1.0,0.0,0.0,13.0,1.0,0.0,30.0,2.0,9.0,196.0,3.0,3.0,2.0,26:59,,,,4.0,31.0,1.0,120.0,4.0,42.0,5.0,5-12,1.0,3-30,316.0,2.0,8.2,3.9,27
401754637,2025.0,2.0,regular,away,2653.0,Troy,Sun Belt,228.0,Clemson,ACC,19-31,1.0,16.0,1-2,0.0,1.0,1.0,4.0,3.0,,,,4.0,223.0,4.0,1.0,1.0,33:01,0.0,1.0,1.0,0.0,32.0,0.0,78.0,1.0,37.0,4.0,5-13,0.0,10-97,301.0,3.0,7.2,2.4,16
401762816,2025.0,2.0,regular,away,2803.0,Bryant,CAA,113.0,Massachusetts,Mid-American,22-45,0.0,25.0,1-1,0.0,,0.0,0.0,2.0,0.0,132.0,5.0,9.0,318.0,3.0,1.0,3.0,23:55,,,,6.0,25.0,0.0,81.0,2.0,32.0,10.0,4-14,,4-27,399.0,2.0,7.1,3.2,27
401762816,2025.0,2.0,regular,home,113.0,Massachusetts,Mid-American,2803.0,Bryant,CAA,20-32,1.0,21.0,0-0,0.0,,1.0,23.0,1.0,0.0,57.0,1.0,8.0,257.0,6.0,2.0,0.0,36:05,0.0,6.0,2.0,2.0,35.0,2.0,101.0,2.0,25.0,3.0,7-15,,9-98,358.0,1.0,8.0,2.9,26
401756881,2025.0,2.0,regular,home,38.0,Colorado,Big 12,48.0,Delaware,Conference USA,22-30,0.0,21.0,1-1,0.0,2.0,0.0,2.0,0.0,,,,7.0,267.0,7.0,1.0,2.0,32:57,0.0,14.0,1.0,5.0,36.0,2.0,135.0,2.0,39.0,7.0,7-16,0.0,4-40,402.0,0.0,8.9,3.8,31
401756881,2025.0,2.0,regular,away,48.0,Delaware,Conference USA,38.0,Colorado,Big 12,18-36,0.0,19.0,1-3,1.0,0.0,,,1.0,,,,1.0,312.0,3.0,,1.0,27:03,0.0,13.0,1.0,1.0,29.0,0.0,85.0,5.0,46.0,11.0,2-10,2.0,3-31,397.0,2.0,8.7,2.9,7
401767432,2025.0,2.0,regular,home,2504.0,Prairie View A&M,SWAC,292.0,UT Rio Grande Valley,Southland,15-27,,18.0,2-4,0.0,0.0,,,0.0,0.0,90.0,5.0,3.0,137.0,,,0.0,31:19,0.0,3.0,1.0,,37.0,3.0,164.0,,,,4-15,1.0,9-74,301.0,0.0,5.1,4.4,21
401767432,2025.0,2.0,regular,away,292.0,UT Rio Grande Valley,Southland,2504.0,Prairie View A&M,SWAC,19-31,,24.0,1-1,0.0,1.0,,,0.0,0.0,52.0,2.0,9.0,263.0,,,1.0,28:41,0.0,-11.0,4.0,,34.0,2.0,146.0,,,,2-11,2.0,7-76,409.0,0.0,8.5,4.3,27
401767593,2025.0,2.0,regular,home,2747.0,Wofford,Southern,257.0,Richmond,Patriot,12-25,,13.0,1-2,0.0,,1.0,72.0,0.0,0.0,26.0,1.0,4.0,111.0,,1.0,0.0,22:53,,,,,25.0,0.0,47.0,,,,0-11,,8-51,158.0,0.0,4.4,1.9,10
401767593,2025.0,2.0,regular,away,257.0,Richmond,Patriot,2747.0,Wofford,Southern,20-29,,16.0,1-1,0.0,,,,1.0,0.0,47.0,3.0,2.0,153.0,,,1.0,37:07,0.0,16.0,4.0,,40.0,1.0,119.0,,,,7-17,,9-97,272.0,1.0,5.3,3.0,14
401779511,2025.0,2.0,regular,home,2385.0,Mercyhurst,NEC,2441.0,New Haven,NEC,27-35,,30.0,1-2,0.0,0.0,0.0,0.0,1.0,0.0,6.0,1.0,6.0,378.0,,1.0,2.0,39:08,,,,,42.0,4.0,269.0,,,,7-12,1.0,7-80,647.0,1.0,10.8,6.4,48
401779511,2025.0,2.0,regular,away,2441.0,New Haven,NEC,2385.0,Mercyhurst,NEC,18-35,,13.0,2-3,0.0,,0.0,3.0,1.0,0.0,123.0,6.0,2.0,183.0,,1.0,1.0,20:52,,,,,14.0,1.0,47.0,,,,2-10,,6-50,230.0,1.0,5.2,3.4,14
401767587,2025.0,2.0,regular,home,2678.0,VMI,Southern,366.0,Ferrum,Carolinas,16-32,,19.0,0-1,0.0,1.0,,,1.0,0.0,26.0,1.0,6.0,224.0,,,3.0,25:53,0.0,18.0,2.0,,31.0,2.0,179.0,,,,7-13,0.0,9-94,403.0,1.0,7.0,5.8,42
401767587,2025.0,2.0,regular,away,366.0,Ferrum,Carolinas,2678.0,VMI,Southern,13-21,,12.0,0-3,1.0,0.0,0.0,25.0,0.0,0.0,87.0,4.0,1.0,94.0,,1.0,0.0,34:07,0.0,23.0,1.0,,39.0,1.0,93.0,,,,1-13,2.0,6-60,187.0,1.0,4.5,2.4,7
401767626,2025.0,2.0,regular,home,2368.0,Marist,Pioneer,2083.0,Bucknell,Patriot,26-46,,24.0,4-7,0.0,,0.0,0.0,1.0,0.0,24.0,1.0,5.0,262.0,,1.0,1.0,33:49,0.0,-2.0,1.0,,41.0,2.0,177.0,,,,5-17,,3-35,439.0,1.0,5.7,4.3,23
401767626,2025.0,2.0,regular,away,2083.0,Bucknell,Patriot,2368.0,Marist,Pioneer,18-23,,20.0,1-1,0.0,,0.0,22.0,1.0,0.0,59.0,4.0,9.0,236.0,,1.0,0.0,26:11,0.0,25.0,2.0,,34.0,4.0,136.0,,,,3-9,,2-10,372.0,1.0,10.3,4.0,34
401767336,2025.0,2.0,regular,home,222.0,Villanova,CAA,2142.0,Colgate,Patriot,18-28,,18.0,1-1,0.0,,,,0.0,0.0,68.0,3.0,6.0,299.0,,,1.0,33:04,,,,,35.0,2.0,117.0,,,,6-13,,2-15,416.0,0.0,10.7,3.3,24
401767336,2025.0,2.0,regular,away,2142.0,Colgate,Patriot,222.0,Villanova,CAA,15-30,,17.0,0-0,0.0,,,,0.0,0.0,24.0,1.0,5.0,239.0,,,2.0,26:56,,,,,26.0,0.0,111.0,,,,5-13,,3-20,350.0,0.0,8.0,4.3,17
401767266,2025.0,2.0,regular,home,160.0,New Hampshire,CAA,107.0,Holy Cross,Patriot,12-23,,14.0,1-1,0.0,,0.0,0.0,2.0,0.0,85.0,4.0,13.0,182.0,,1.0,1.0,28:48,,,,,31.0,0.0,97.0,,,,2-12,,6-60,279.0,2.0,7.9,3.1,19
401767266,2025.0,2.0,regular,away,107.0,Holy Cross,Patriot,160.0,New Hampshire,CAA,8-15,,18.0,1-3,0.0,0.0,0.0,8.0,1.0,0.0,42.0,3.0,4.0,95.0,,2.0,0.0,31:12,0.0,17.0,2.0,,43.0,1.0,156.0,,,,2-11,2.0,6-85,251.0,1.0,6.3,3.6,16
401767658,2025.0,2.0,regular,away,2529.0,Sacred Heart,FCS Independents,2329.0,Lehigh,Patriot,16-26,,14.0,0-1,1.0,0.0,0.0,8.0,0.0,1.0,97.0,2.0,4.0,107.0,,1.0,0.0,26:23,,,,,31.0,0.0,81.0,,,,8-16,1.0,2-15,188.0,1.0,4.1,2.6,10
401767658,2025.0,2.0,regular,home,2329.0,Lehigh,Patriot,2529.0,Sacred Heart,FCS Independents,11-18,,21.0,1-2,0.0,1.0,,,1.0,,,,4.0,137.0,,,0.0,33:37,0.0,65.0,3.0,,39.0,4.0,286.0,,,,3-9,0.0,9-75,423.0,1.0,7.6,7.3,28
401767565,2025.0,2.0,regular,home,231.0,Furman,Southern,2506.0,Presbyterian,Pioneer,29-40,,21.0,0-0,1.0,,0.0,51.0,2.0,0.0,95.0,4.0,8.0,263.0,,3.0,1.0,31:04,0.0,9.0,1.0,,35.0,4.0,107.0,,,,6-16,,7-51,370.0,3.0,6.6,3.1,38
401767565,2025.0,2.0,regular,away,2506.0,Presbyterian,Pioneer,231.0,Furman,Southern,26-41,,23.0,0-0,0.0,1.0,0.0,1.0,3.0,,,,7.0,275.0,,2.0,5.0,28:56,0.0,68.0,4.0,,29.0,0.0,169.0,,,,6-13,0.0,9-85,444.0,3.0,6.7,5.8,39
401762460,2025.0,2.0,regular,home,2226.0,Florida Atlantic,American Athletic,50.0,Florida A&M,SWAC,29-45,1.0,34.0,3-3,0.0,0.0,,,0.0,0.0,23.0,1.0,12.0,360.0,5.0,,5.0,29:45,1.0,62.0,4.0,5.0,34.0,1.0,193.0,2.0,31.0,4.0,5-13,2.0,2-15,553.0,0.0,8.0,5.7,56
401762460,2025.0,2.0,regular,away,50.0,Florida A&M,SWAC,2226.0,Florida Atlantic,American Athletic,19-35,0.0,16.0,1-2,0.0,0.0,,,0.0,0.0,0.0,1.0,2.0,227.0,6.0,,2.0,30:15,0.0,14.0,2.0,3.0,29.0,0.0,70.0,1.0,40.0,4.0,5-16,2.0,6-52,297.0,0.0,6.5,2.4,14
401767309,2025.0,2.0,regular,away,2016.0,Alcorn State,SWAC,2010.0,Alabama A&M,SWAC,23-33,,20.0,1-3,1.0,1.0,,,0.0,0.0,115.0,5.0,7.0,168.0,,,1.0,30:55,0.0,5.0,2.0,,33.0,3.0,186.0,,,,4-12,1.0,9-70,354.0,1.0,5.1,5.6,31
401767309,2025.0,2.0,regular,home,2010.0,Alabama A&M,SWAC,2016.0,Alcorn State,SWAC,25-34,,23.0,0-0,1.0,1.0,,,0.0,0.0,41.0,2.0,5.0,260.0,,,3.0,29:05,,,,,36.0,3.0,192.0,,,,8-14,1.0,10-114,452.0,1.0,7.6,5.3,41
401767359,2025.0,2.0,regular,home,2582.0,Southern,SWAC,2011.0,Alabama State,SWAC,14-29,,18.0,0-1,2.0,1.0,,,2.0,0.0,76.0,5.0,1.0,160.0,,,1.0,29:36,0.0,1.0,1.0,,37.0,0.0,179.0,,,,9-15,2.0,9-94,339.0,4.0,5.5,4.8,7
401767359,2025.0,2.0,regular,away,2011.0,Alabama State,SWAC,2582.0,Southern,SWAC,16-25,,20.0,0-1,1.0,2.0,0.0,11.0,0.0,0.0,54.0,2.0,12.0,198.0,,2.0,2.0,30:24,0.0,12.0,1.0,,32.0,1.0,171.0,,,,4-10,2.0,8-76,369.0,1.0,7.9,5.3,30
401754641,2025.0,2.0,regular,home,2390.0,Miami,ACC,2065.0,Bethune-Cookman,SWAC,30-36,0.0,31.0,0-1,0.0,1.0,0.0,0.0,0.0,0.0,25.0,1.0,9.0,344.0,0.0,1.0,2.0,28:05,0.0,11.0,2.0,1.0,30.0,4.0,199.0,1.0,30.0,10.0,4-6,1.0,4-50,543.0,0.0,9.6,6.6,45
401754641,2025.0,2.0,regular,away,2065.0,Bethune-Cookman,SWAC,2390.0,Miami,ACC,14-18,0.0,14.0,0-1,1.0,0.0,,,1.0,,,,3.0,99.0,4.0,,0.0,31:55,,,,0.0,33.0,0.0,92.0,2.0,38.0,3.0,1-11,1.0,2-20,191.0,2.0,5.5,2.8,3
401754530,2025.0,2.0,regular,home,25.0,California,ACC,2640.0,Texas Southern,SWAC,28-39,0.0,22.0,1-2,1.0,0.0,0.0,28.0,1.0,0.0,52.0,2.0,9.0,286.0,3.0,1.0,1.0,31:38,0.0,44.0,5.0,5.0,34.0,3.0,181.0,2.0,23.0,5.0,6-12,2.0,7-81,467.0,2.0,7.3,5.3,35
401754530,2025.0,2.0,regular,away,2640.0,Texas Southern,SWAC,25.0,California,ACC,20-36,0.0,13.0,0-0,0.0,1.0,0.0,17.0,1.0,0.0,91.0,4.0,3.0,140.0,3.0,1.0,0.0,28:22,0.0,7.0,1.0,0.0,22.0,0.0,52.0,1.0,39.0,3.0,3-14,0.0,10-75,192.0,1.0,3.9,2.4,3
401752815,2025.0,2.0,regular,home,194.0,Ohio State,Big Ten,2755.0,Grambling,SWAC,24-28,1.0,32.0,1-1,0.0,2.0,0.0,0.0,1.0,0.0,17.0,1.0,10.0,377.0,1.0,1.0,5.0,30:55,0.0,8.0,1.0,1.0,38.0,4.0,274.0,2.0,36.0,9.0,5-7,1.0,3-15,651.0,1.0,13.5,7.2,70
401752815,2025.0,2.0,regular,away,2755.0,Grambling,SWAC,194.0,Ohio State,Big Ten,11-22,0.0,10.0,1-1,2.0,0.0,0.0,0.0,1.0,0.0,14.0,1.0,0.0,72.0,1.0,1.0,0.0,29:05,,,,0.0,33.0,0.0,94.0,0.0,41.0,1.0,3-14,2.0,6-40,166.0,3.0,3.3,2.8,0
401767404,2025.0,2.0,regular,home,2450.0,Norfolk State,MEAC,330.0,Virginia St,CIAA,23-37,,25.0,2-3,2.0,0.0,,,0.0,0.0,125.0,5.0,10.0,253.0,,,2.0,29:25,0.0,13.0,3.0,,37.0,1.0,237.0,,,,4-13,3.0,16-127,490.0,2.0,6.8,6.4,34
401767404,2025.0,2.0,regular,away,330.0,Virginia St,CIAA,2450.0,Norfolk State,MEAC,22-43,,24.0,1-3,0.0,2.0,,,0.0,0.0,67.0,6.0,5.0,313.0,,,3.0,30:35,0.0,11.0,1.0,,31.0,0.0,127.0,,,,4-14,0.0,11-97,440.0,0.0,7.3,4.1,31
401767750,2025.0,2.0,regular,home,2184.0,Duquesne,NEC,2339.0,Lincoln (PA),CIAA,22-29,,19.0,2-2,1.0,1.0,,,0.0,0.0,56.0,3.0,7.0,307.0,,,5.0,31:35,0.0,49.0,5.0,,31.0,3.0,177.0,,,,5-11,3.0,14-115,484.0,1.0,10.6,5.7,55
401767750,2025.0,2.0,regular,away,2339.0,Lincoln (PA),CIAA,2184.0,Duquesne,NEC,21-36,,13.0,0-1,1.0,1.0,,,0.0,0.0,102.0,5.0,2.0,198.0,,,2.0,28:25,0.0,-4.0,1.0,,24.0,0.0,23.0,,,,6-16,2.0,6-40,221.0,1.0,5.5,1.0,14
401754618,2025.0,2.0,regular,home,183.0,Syracuse,ACC,41.0,UConn,FBS Independents,33-53,0.0,24.0,1-3,1.0,0.0,,,1.0,0.0,16.0,1.0,7.0,417.0,7.0,,2.0,26:26,0.0,6.0,2.0,4.0,29.0,1.0,44.0,1.0,57.0,7.0,5-15,1.0,4-28,461.0,2.0,7.9,1.5,27
401754618,2025.0,2.0,regular,away,41.0,UConn,FBS Independents,183.0,Syracuse,ACC,25-44,0.0,20.0,2-4,0.0,1.0,0.0,0.0,0.0,0.0,36.0,2.0,8.0,274.0,6.0,1.0,1.0,33:34,0.0,8.0,4.0,2.0,34.0,1.0,142.0,3.0,51.0,7.0,4-17,0.0,4-32,416.0,0.0,6.2,4.2,20
401767719,2025.0,2.0,regular,away,2681.0,Wagner,NEC,46.0,Georgetown,Patriot,16-25,,23.0,0-1,0.0,,,,2.0,0.0,15.0,1.0,8.0,137.0,,,0.0,36:43,,,,,50.0,2.0,169.0,,,,7-15,,6-62,306.0,2.0,5.5,3.4,20
401767719,2025.0,2.0,regular,home,46.0,Georgetown,Patriot,2681.0,Wagner,NEC,15-28,,18.0,0-2,0.0,0.0,0.0,-3.0,0.0,,,,5.0,170.0,,2.0,1.0,23:17,1.0,65.0,2.0,,29.0,2.0,186.0,,,,6-13,1.0,5-40,356.0,0.0,6.1,6.4,31
401769891,2025.0,2.0,regular,away,2654.0,Truman State,Great Lakes,2086.0,Butler,Pioneer,14-31,,16.0,0-1,0.0,0.0,,,0.0,0.0,110.0,4.0,1.0,221.0,,,3.0,19:50,0.0,20.0,2.0,,20.0,1.0,131.0,,,,2-9,1.0,6-46,352.0,0.0,7.1,6.6,27
401769891,2025.0,2.0,regular,home,2086.0,Butler,Pioneer,2654.0,Truman State,Great Lakes,23-28,,25.0,2-2,0.0,,,,0.0,0.0,49.0,2.0,5.0,242.0,,,3.0,40:10,,,,,47.0,2.0,179.0,,,,7-15,,4-50,421.0,0.0,8.6,3.8,37
401767149,2025.0,2.0,regular,home,2210.0,Elon,CAA,2166.0,Davidson,Pioneer,16-29,,30.0,2-3,0.0,1.0,,,0.0,0.0,18.0,1.0,13.0,258.0,,,3.0,36:15,0.0,39.0,3.0,,51.0,4.0,289.0,,,,5-13,0.0,8-80,547.0,0.0,8.9,5.7,55
401767149,2025.0,2.0,regular,away,2166.0,Davidson,Pioneer,2210.0,Elon,CAA,12-30,,10.0,1-3,1.0,0.0,,,0.0,0.0,61.0,4.0,1.0,93.0,,,1.0,23:45,,,,,24.0,0.0,65.0,,,,3-14,2.0,2-10,158.0,1.0,3.1,2.7,7
401767437,2025.0,2.0,regular,home,2287.0,Illinois State,MVFC,2413.0,Morehead State,Pioneer,13-23,,21.0,1-1,1.0,2.0,0.0,0.0,1.0,0.0,18.0,1.0,11.0,170.0,,1.0,3.0,24:34,0.0,1.0,1.0,,38.0,1.0,223.0,,,,6-12,3.0,8-80,393.0,2.0,7.4,5.9,41
401767437,2025.0,2.0,regular,away,2413.0,Morehead State,Pioneer,2287.0,Illinois State,MVFC,14-28,,20.0,0-2,2.0,1.0,0.0,0.0,1.0,0.0,114.0,6.0,1.0,134.0,,1.0,1.0,35:26,,,,,41.0,1.0,100.0,,,,3-11,5.0,5-51,234.0,3.0,4.8,2.4,13
401767652,2025.0,2.0,regular,away,2683.0,Warner University,,56.0,Stetson,Pioneer,20-42,,20.0,2-3,0.0,1.0,,,2.0,0.0,81.0,5.0,7.0,226.0,,,0.0,31:49,0.0,1.0,1.0,,32.0,1.0,69.0,,,,4-16,1.0,10-61,295.0,2.0,5.4,2.2,13
401767652,2025.0,2.0,regular,home,56.0,Stetson,Pioneer,2683.0,Warner University,,13-19,,21.0,1-1,1.0,0.0,0.0,4.0,0.0,0.0,50.0,2.0,11.0,357.0,,2.0,3.0,28:11,0.0,34.0,3.0,,40.0,5.0,172.0,,,,7-12,1.0,10-93,529.0,1.0,18.8,4.3,59
401767656,2025.0,2.0,regular,away,2003.0,Adrian,Michigan,2674.0,Valparaiso,Pioneer,17-24,,16.0,4-5,1.0,2.0,0.0,24.0,0.0,0.0,36.0,2.0,4.0,174.0,,3.0,1.0,30:25,,,,,39.0,0.0,109.0,,,,4-15,1.0,5-35,283.0,1.0,7.3,2.8,10
401767656,2025.0,2.0,regular,home,2674.0,Valparaiso,Pioneer,2003.0,Adrian,Michigan,15-19,,15.0,0-1,2.0,1.0,,,3.0,0.0,43.0,3.0,1.0,153.0,,,0.0,29:35,0.0,60.0,3.0,,33.0,1.0,101.0,,,,4-10,4.0,2-15,254.0,5.0,8.1,3.1,7
401767332,2025.0,2.0,regular,home,2169.0,Delaware State,MEAC,399.0,UAlbany,CAA,19-30,,32.0,2-4,1.0,1.0,,,0.0,0.0,12.0,1.0,7.0,177.0,,,0.0,32:46,,,,,59.0,5.0,369.0,,,,5-15,1.0,14-114,546.0,1.0,5.9,6.3,37
401767332,2025.0,2.0,regular,away,399.0,UAlbany,CAA,2169.0,Delaware State,MEAC,20-37,,20.0,3-4,1.0,1.0,,,0.0,0.0,35.0,2.0,2.0,263.0,,,3.0,27:14,,,,,32.0,1.0,78.0,,,,3-12,2.0,5-60,341.0,1.0,7.1,2.4,32
401767189,2025.0,2.0,regular,home,2729.0,William & Mary,CAA,311.0,Maine,CAA,13-20,,19.0,1-3,0.0,0.0,0.0,1.0,0.0,0.0,97.0,5.0,4.0,129.0,,1.0,2.0,27:08,0.0,33.0,1.0,,39.0,2.0,124.0,,,,4-11,1.0,3-47,253.0,0.0,6.5,3.2,28
401767189,2025.0,2.0,regular,away,311.0,Maine,CAA,2729.0,William & Mary,CAA,13-27,,21.0,3-3,0.0,,,,1.0,0.0,21.0,1.0,9.0,97.0,,,2.0,32:52,0.0,25.0,1.0,,42.0,1.0,226.0,,,,5-15,,8-70,323.0,1.0,3.6,5.4,27
401767317,2025.0,2.0,regular,home,2619.0,Stony Brook,CAA,227.0,Rhode Island,CAA,12-20,,18.0,1-3,1.0,1.0,,,1.0,0.0,60.0,4.0,5.0,137.0,,,0.0,32:27,,,,,58.0,2.0,266.0,,,,7-18,1.0,5-43,403.0,2.0,6.9,4.6,17
401767317,2025.0,2.0,regular,away,227.0,Rhode Island,CAA,2619.0,Stony Brook,CAA,20-34,,22.0,1-2,1.0,1.0,1.0,30.0,0.0,0.0,21.0,1.0,7.0,316.0,,1.0,2.0,27:33,,,,,30.0,1.0,141.0,,,,3-11,1.0,8-60,457.0,1.0,9.3,4.7,31
401756887,2025.0,2.0,regular,home,254.0,Utah,Big 12,13.0,Cal Poly,Big Sky,21-27,1.0,24.0,1-1,0.0,,1.0,50.0,0.0,,,,9.0,245.0,5.0,2.0,3.0,31:15,0.0,58.0,2.0,0.0,46.0,5.0,273.0,3.0,34.0,9.0,9-13,,7-65,518.0,0.0,9.1,5.9,63
401756887,2025.0,2.0,regular,away,13.0,Cal Poly,Big Sky,254.0,Utah,Big 12,15-30,0.0,12.0,0-1,0.0,,,,2.0,0.0,34.0,2.0,9.0,158.0,3.0,,0.0,28:45,0.0,-2.0,1.0,0.0,28.0,0.0,65.0,1.0,33.0,4.0,3-13,,4-20,223.0,2.0,5.3,2.3,9
401752821,2025.0,2.0,regular,home,264.0,Washington,Big Ten,302.0,UC Davis,Big Sky,19-30,1.0,34.0,2-2,0.0,,0.0,0.0,0.0,0.0,28.0,2.0,10.0,304.0,2.0,1.0,1.0,35:08,1.0,95.0,2.0,3.0,46.0,8.0,324.0,3.0,29.0,4.0,11-13,,5-65,628.0,0.0,10.1,7.0,70
401752821,2025.0,2.0,regular,away,302.0,UC Davis,Big Sky,264.0,Washington,Big Ten,14-28,0.0,13.0,1-1,0.0,0.0,,,1.0,0.0,24.0,2.0,4.0,142.0,1.0,,1.0,24:52,,,,1.0,24.0,0.0,76.0,0.0,48.0,1.0,4-12,1.0,9-65,218.0,1.0,5.1,3.2,10
401767328,2025.0,2.0,regular,home,2415.0,Morgan State,MEAC,119.0,Towson,CAA,17-28,,20.0,1-1,2.0,1.0,,,1.0,0.0,118.0,5.0,4.0,214.0,,,1.0,35:31,0.0,32.0,1.0,,38.0,2.0,203.0,,,,9-13,3.0,5-38,417.0,3.0,7.6,5.3,22
401767328,2025.0,2.0,regular,away,119.0,Towson,CAA,2415.0,Morgan State,MEAC,18-23,,13.0,1-1,1.0,2.0,1.0,66.0,0.0,1.0,115.0,2.0,3.0,186.0,,1.0,1.0,24:29,0.0,0.0,1.0,,28.0,1.0,63.0,,,,8-14,1.0,8-75,249.0,1.0,8.1,2.3,27
401760364,2025.0,2.0,regular,home,36.0,Colorado State,Mountain West,2458.0,Northern Colorado,Big Sky,14-26,0.0,27.0,0-1,4.0,1.0,0.0,16.0,1.0,,,,3.0,141.0,5.0,1.0,0.0,30:37,0.0,36.0,3.0,1.0,46.0,3.0,230.0,0.0,31.0,6.0,5-10,4.0,10-94,371.0,5.0,5.4,5.0,21
401760364,2025.0,2.0,regular,away,2458.0,Northern Colorado,Big Sky,36.0,Colorado State,Mountain West,17-28,0.0,17.0,2-2,1.0,4.0,0.0,0.0,1.0,,,,5.0,160.0,4.0,1.0,0.0,29:23,,,,1.0,34.0,2.0,63.0,1.0,38.0,4.0,3-14,1.0,5-44,223.0,2.0,5.7,1.9,17
401760363,2025.0,2.0,regular,home,68.0,Boise State,Mountain West,331.0,Eastern Washington,Big Sky,17-29,0.0,22.0,0-1,0.0,1.0,0.0,21.0,0.0,0.0,20.0,1.0,9.0,309.0,3.0,1.0,2.0,28:24,0.0,16.0,2.0,9.0,39.0,5.0,328.0,1.0,40.0,7.0,7-13,1.0,6-55,637.0,0.0,10.7,8.4,51
401760363,2025.0,2.0,regular,away,331.0,Eastern Washington,Big Sky,68.0,Boise State,Mountain West,19-37,0.0,13.0,1-3,1.0,0.0,,,1.0,,,,2.0,176.0,3.0,,0.0,31:36,,,,2.0,31.0,2.0,117.0,0.0,39.0,5.0,6-18,1.0,5-39,293.0,2.0,4.8,3.8,14
401760366,2025.0,2.0,regular,home,167.0,New Mexico,Mountain West,304.0,Idaho State,Big Sky,13-21,0.0,20.0,1-2,1.0,0.0,0.0,0.0,0.0,0.0,83.0,4.0,6.0,155.0,1.0,1.0,0.0,29:29,0.0,3.0,1.0,4.0,38.0,4.0,218.0,0.0,43.0,3.0,6-13,1.0,2-13,373.0,1.0,7.4,5.7,32
401760366,2025.0,2.0,regular,away,304.0,Idaho State,Big Sky,167.0,New Mexico,Mountain West,28-39,0.0,21.0,0-1,0.0,1.0,,,1.0,0.0,20.0,1.0,10.0,265.0,1.0,,1.0,30:31,0.0,12.0,1.0,1.0,31.0,1.0,121.0,2.0,31.0,4.0,8-15,2.0,9-99,386.0,1.0,6.8,3.9,22
401767105,2025.0,2.0,regular,away,2571.0,South Dakota State,MVFC,147.0,Montana State,Big Sky,17-25,,16.0,1-2,2.0,2.0,,,0.0,0.0,45.0,2.0,6.0,190.0,,,3.0,33:05,0.0,-1.0,3.0,,40.0,1.0,107.0,,,,1-13,3.0,5-45,297.0,2.0,7.6,2.7,30
401767105,2025.0,2.0,regular,home,147.0,Montana State,Big Sky,2571.0,South Dakota State,MVFC,19-29,,17.0,0-1,2.0,2.0,,,0.0,0.0,51.0,2.0,6.0,139.0,,,0.0,26:55,0.0,9.0,3.0,,42.0,2.0,210.0,,,,5-15,2.0,4-28,349.0,2.0,4.8,5.0,24
401767127,2025.0,2.0,regular,home,155.0,North Dakota,MVFC,2502.0,Portland State,Big Sky,15-23,,27.0,1-1,1.0,1.0,0.0,44.0,0.0,0.0,80.0,4.0,6.0,171.0,,2.0,4.0,35:34,0.0,28.0,1.0,,51.0,3.0,275.0,,,,5-12,2.0,1-15,446.0,1.0,7.4,5.4,50
401767127,2025.0,2.0,regular,away,2502.0,Portland State,Big Sky,155.0,North Dakota,MVFC,11-18,,12.0,0-3,1.0,1.0,,,2.0,0.0,86.0,5.0,2.0,146.0,,,1.0,24:26,0.0,8.0,1.0,,31.0,1.0,82.0,,,,4-9,1.0,4-35,228.0,3.0,8.1,2.6,20
401760365,2025.0,2.0,regular,home,2440.0,Nevada,Mountain West,16.0,Sacramento State,Big Sky,12-21,1.0,23.0,2-4,0.0,,1.0,36.0,2.0,0.0,21.0,1.0,8.0,144.0,0.0,1.0,0.0,32:46,0.0,14.0,2.0,0.0,47.0,1.0,270.0,3.0,36.0,7.0,4-12,,7-62,414.0,2.0,6.9,5.7,20
401760365,2025.0,2.0,regular,away,16.0,Sacramento State,Big Sky,2440.0,Nevada,Mountain West,14-19,0.0,15.0,2-3,0.0,,0.0,27.0,1.0,,,,5.0,225.0,0.0,2.0,1.0,27:14,,,,0.0,41.0,1.0,146.0,0.0,43.0,5.0,2-12,,9-71,371.0,1.0,11.8,3.6,17
401756879,2025.0,2.0,regular,home,12.0,Arizona,Big 12,2692.0,Weber State,Big Sky,20-28,1.0,31.0,1-1,0.0,,1.0,52.0,0.0,,,,12.0,406.0,4.0,2.0,5.0,32:39,0.0,-7.0,1.0,1.0,39.0,0.0,150.0,2.0,24.0,6.0,5-10,,10-80,556.0,0.0,14.5,3.8,48
401756879,2025.0,2.0,regular,away,2692.0,Weber State,Big Sky,12.0,Arizona,Big 12,10-24,0.0,11.0,0-0,0.0,,,,2.0,0.0,19.0,1.0,3.0,68.0,2.0,,0.0,27:21,0.0,20.0,1.0,1.0,31.0,0.0,116.0,3.0,30.0,4.0,2-13,,7-68,184.0,2.0,2.8,3.7,3
401754526,2025.0,2.0,regular,away,24.0,Stanford,ACC,252.0,BYU,Big 12,17-32,0.0,12.0,2-3,1.0,0.0,,,2.0,0.0,39.0,2.0,3.0,142.0,0.0,,0.0,25:04,,,,2.0,24.0,0.0,19.0,3.0,44.0,6.0,2-13,2.0,6-45,161.0,3.0,4.4,0.8,3
401754526,2025.0,2.0,regular,home,252.0,BYU,Big 12,24.0,Stanford,ACC,17-27,0.0,18.0,1-2,0.0,1.0,0.0,50.0,0.0,0.0,44.0,1.0,13.0,175.0,0.0,2.0,0.0,34:56,0.0,61.0,3.0,7.0,41.0,2.0,157.0,3.0,25.0,8.0,5-14,1.0,4-35,332.0,0.0,6.5,3.8,27
401756880,2025.0,2.0,regular,away,189.0,Bowling Green,Mid-American,2132.0,Cincinnati,Big 12,29-37,0.0,21.0,1-2,0.0,1.0,,,0.0,0.0,41.0,2.0,8.0,274.0,2.0,,1.0,37:11,0.0,0.0,1.0,0.0,34.0,1.0,98.0,0.0,32.0,6.0,6-16,1.0,4-28,372.0,0.0,7.4,2.9,20
401756880,2025.0,2.0,regular,home,2132.0,Cincinnati,Big 12,189.0,Bowling Green,Mid-American,17-24,0.0,18.0,1-1,1.0,0.0,,,0.0,0.0,23.0,1.0,10.0,333.0,1.0,,3.0,22:49,0.0,3.0,1.0,2.0,29.0,1.0,106.0,4.0,38.0,8.0,2-7,1.0,5-52,439.0,1.0,13.9,3.7,34
401756884,2025.0,2.0,regular,home,242.0,Rice,American Athletic,248.0,Houston,Big 12,11-13,0.0,16.0,0-2,1.0,0.0,,,1.0,0.0,42.0,2.0,3.0,51.0,6.0,,0.0,32:46,0.0,11.0,1.0,0.0,53.0,1.0,177.0,3.0,27.0,5.0,4-15,1.0,1-10,228.0,2.0,3.9,3.3,9
401756884,2025.0,2.0,regular,away,248.0,Houston,Big 12,242.0,Rice,American Athletic,15-22,1.0,14.0,0-1,0.0,1.0,1.0,37.0,0.0,0.0,28.0,1.0,5.0,188.0,1.0,1.0,1.0,27:14,0.0,2.0,1.0,0.0,37.0,3.0,207.0,3.0,34.0,8.0,9-16,0.0,2-23,395.0,0.0,8.5,5.6,35
401762795,2025.0,2.0,regular,home,2199.0,Eastern Michigan,Mid-American,2341.0,Long Island University,NEC,18-29,0.0,17.0,0-1,0.0,0.0,,,0.0,0.0,140.0,5.0,5.0,189.0,6.0,,2.0,22:07,,,,4.0,25.0,1.0,122.0,0.0,18.0,6.0,5-12,1.0,0-0,311.0,0.0,6.5,4.9,23
401762795,2025.0,2.0,regular,away,2341.0,Long Island University,NEC,2199.0,Eastern Michigan,Mid-American,15-24,0.0,21.0,0-1,0.0,0.0,,,0.0,,,,4.0,248.0,2.0,,0.0,37:53,,,,6.0,45.0,4.0,231.0,0.0,27.0,4.0,11-17,1.0,3-22,479.0,0.0,10.3,5.1,28
401752691,2025.0,2.0,regular,home,2579.0,South Carolina,SEC,2569.0,South Carolina State,MEAC,11-20,3.0,16.0,2-2,0.0,1.0,,,0.0,0.0,11.0,1.0,8.0,128.0,1.0,,1.0,25:21,2.0,116.0,3.0,4.0,36.0,1.0,125.0,4.0,41.0,7.0,3-12,0.0,7-48,253.0,0.0,6.4,3.5,38
401752691,2025.0,2.0,regular,away,2569.0,South Carolina State,MEAC,2579.0,South Carolina,SEC,18-28,0.0,13.0,0-1,1.0,0.0,,,0.0,,,,4.0,208.0,1.0,,1.0,34:39,0.0,7.0,1.0,5.0,34.0,0.0,62.0,2.0,38.0,5.0,6-16,2.0,6-55,270.0,1.0,7.4,1.8,10
401760367,2025.0,2.0,regular,home,2751.0,Wyoming,Mountain West,2460.0,Northern Iowa,MVFC,20-26,0.0,25.0,0-0,1.0,0.0,0.0,-2.0,0.0,,,,7.0,190.0,2.0,2.0,2.0,29:19,0.0,57.0,5.0,2.0,37.0,2.0,189.0,2.0,33.0,2.0,4-10,1.0,13-115,379.0,1.0,7.3,5.1,31
401760367,2025.0,2.0,regular,away,2460.0,Northern Iowa,MVFC,2751.0,Wyoming,Mountain West,16-29,0.0,13.0,0-0,0.0,1.0,,,2.0,0.0,48.0,2.0,1.0,111.0,2.0,,0.0,30:41,0.0,9.0,1.0,0.0,29.0,1.0,59.0,4.0,46.0,9.0,5-16,0.0,9-80,170.0,2.0,3.8,2.0,7
401752819,2025.0,2.0,regular,home,2509.0,Purdue,Big Ten,79.0,Southern Illinois,MVFC,14-23,0.0,29.0,2-3,0.0,,,,1.0,0.0,40.0,2.0,10.0,170.0,3.0,,2.0,36:46,0.0,17.0,1.0,0.0,53.0,2.0,214.0,3.0,36.0,7.0,9-14,,2-30,384.0,1.0,7.4,4.0,34
401752819,2025.0,2.0,regular,away,79.0,Southern Illinois,MVFC,2509.0,Purdue,Big Ten,20-33,0.0,20.0,1-2,0.0,,0.0,0.0,0.0,,,,5.0,202.0,2.0,1.0,1.0,23:14,,,,0.0,26.0,1.0,81.0,0.0,48.0,7.0,5-11,,5-66,283.0,0.0,6.1,3.1,17
401767550,2025.0,2.0,regular,away,2523.0,Robert Morris,NEC,2754.0,Youngstown State,MVFC,16-29,,14.0,2-2,1.0,0.0,,,0.0,0.0,82.0,4.0,5.0,192.0,,,2.0,28:40,,,,,27.0,0.0,41.0,,,,4-13,1.0,6-50,233.0,1.0,6.6,1.5,17
401767550,2025.0,2.0,regular,home,2754.0,Youngstown State,MVFC,2523.0,Robert Morris,NEC,20-24,,27.0,1-1,0.0,1.0,,,0.0,0.0,49.0,2.0,8.0,169.0,,,1.0,31:20,,,,,36.0,7.0,424.0,,,,6-9,0.0,4-44,593.0,0.0,7.0,11.8,56
401767741,2025.0,2.0,regular,away,2022.0,American International,Northeast 10,2115.0,Central Connecticut,NEC,12-20,,10.0,1-3,1.0,1.0,,,0.0,0.0,35.0,3.0,1.0,121.0,,,0.0,33:46,0.0,31.0,3.0,,37.0,0.0,79.0,,,,4-15,3.0,8-48,200.0,1.0,6.1,2.1,7
401767741,2025.0,2.0,regular,home,2115.0,Central Connecticut,NEC,2022.0,American International,Northeast 10,15-21,,16.0,1-1,1.0,1.0,,,0.0,0.0,48.0,2.0,10.0,247.0,,,2.0,26:14,0.0,46.0,4.0,,35.0,2.0,128.0,,,,2-9,2.0,5-45,375.0,1.0,11.8,3.7,34
401762794,2025.0,2.0,regular,home,2084.0,Buffalo,Mid-American,2598.0,St. Francis (PA),NEC,11-22,0.0,32.0,2-4,0.0,2.0,,,2.0,,,,9.0,133.0,4.0,,1.0,37:19,0.0,74.0,7.0,3.0,63.0,5.0,370.0,3.0,25.0,7.0,11-17,0.0,3-29,503.0,2.0,6.0,5.9,45
401762794,2025.0,2.0,regular,away,2598.0,St. Francis (PA),NEC,2084.0,Buffalo,Mid-American,18-31,0.0,7.0,1-2,1.0,0.0,0.0,6.0,0.0,0.0,25.0,1.0,0.0,115.0,3.0,2.0,0.0,22:41,,,,0.0,20.0,1.0,11.0,0.0,55.0,3.0,4-15,1.0,6-30,126.0,1.0,3.7,0.6,6
401754527,2025.0,2.0,regular,away,153.0,North Carolina,ACC,2429.0,Charlotte,American Athletic,17-25,0.0,15.0,1-2,0.0,,0.0,34.0,0.0,0.0,19.0,1.0,8.0,155.0,5.0,2.0,1.0,29:38,0.0,8.0,2.0,5.0,33.0,1.0,148.0,1.0,34.0,5.0,5-15,,5-55,303.0,0.0,6.2,4.5,20
401754527,2025.0,2.0,regular,home,2429.0,Charlotte,American Athletic,153.0,North Carolina,ACC,25-41,0.0,21.0,0-1,0.0,,,,2.0,,,,3.0,250.0,2.0,,0.0,30:22,0.0,5.0,2.0,2.0,28.0,0.0,22.0,0.0,36.0,5.0,7-16,,5-43,272.0,2.0,6.1,0.8,3
401762461,2025.0,2.0,regular,home,2711.0,Western Michigan,Mid-American,249.0,North Texas,American Athletic,7-14,0.0,18.0,1-1,0.0,0.0,,,0.0,0.0,125.0,6.0,12.0,87.0,6.0,,1.0,36:39,0.0,-4.0,1.0,1.0,57.0,2.0,216.0,3.0,37.0,4.0,9-18,2.0,9-76,303.0,0.0,6.2,3.8,30
401762461,2025.0,2.0,regular,away,249.0,North Texas,American Athletic,2711.0,Western Michigan,Mid-American,18-33,0.0,23.0,0-0,0.0,,,,0.0,0.0,67.0,3.0,9.0,224.0,1.0,,2.0,23:21,,,,0.0,30.0,2.0,182.0,1.0,50.0,4.0,6-14,,9-81,406.0,0.0,6.8,6.1,33
401757227,2025.0,2.0,regular,away,2335.0,Liberty,Conference USA,55.0,Jacksonville State,Conference USA,19-29,0.0,20.0,0-2,1.0,0.0,,,1.0,0.0,44.0,4.0,6.0,335.0,1.0,,2.0,29:36,0.0,15.0,2.0,1.0,37.0,1.0,199.0,0.0,36.0,1.0,7-14,1.0,4-30,534.0,2.0,11.6,5.4,24
401757227,2025.0,2.0,regular,home,55.0,Jacksonville State,Conference USA,2335.0,Liberty,Conference USA,6-12,0.0,18.0,0-0,0.0,1.0,0.0,11.0,0.0,0.0,12.0,1.0,10.0,52.0,5.0,1.0,0.0,30:24,,,,1.0,48.0,4.0,343.0,4.0,43.0,6.0,8-14,0.0,1-10,395.0,0.0,4.3,7.1,34
401757230,2025.0,2.0,regular,home,62.0,Hawai'i,Mountain West,2534.0,Sam Houston,Conference USA,27-43,1.0,24.0,3-3,1.0,0.0,1.0,41.0,1.0,0.0,50.0,2.0,13.0,294.0,4.0,1.0,3.0,32:53,,,,2.0,34.0,0.0,123.0,3.0,28.0,6.0,6-17,1.0,6-73,417.0,2.0,6.8,3.6,37
401757230,2025.0,2.0,regular,away,2534.0,Sam Houston,Conference USA,62.0,Hawai'i,Mountain West,18-28,1.0,19.0,0-1,0.0,1.0,1.0,66.0,1.0,0.0,44.0,3.0,8.0,159.0,6.0,1.0,1.0,27:07,0.0,8.0,1.0,2.0,31.0,0.0,89.0,3.0,40.0,3.0,2-11,0.0,9-105,248.0,1.0,5.7,2.9,20
401754621,2025.0,2.0,regular,home,52.0,Florida State,ACC,2837.0,East Texas A&M,Southland,16-20,0.0,29.0,3-3,1.0,0.0,0.0,48.0,0.0,0.0,40.0,2.0,11.0,368.0,2.0,2.0,6.0,31:59,0.0,25.0,2.0,0.0,51.0,5.0,361.0,3.0,25.0,9.0,10-14,2.0,3-35,729.0,1.0,18.4,7.1,77
401754621,2025.0,2.0,regular,away,2837.0,East Texas A&M,Southland,52.0,Florida State,ACC,7-13,0.0,9.0,0-1,0.0,1.0,,,2.0,,,,3.0,92.0,1.0,,0.0,28:01,,,,0.0,36.0,0.0,105.0,1.0,42.0,5.0,3-12,1.0,7-55,197.0,2.0,7.1,2.9,3
401752692,2025.0,2.0,regular,home,2633.0,Tennessee,SEC,2193.0,East Tennessee State,Southern,38-52,0.0,41.0,0-0,0.0,,,,0.0,0.0,18.0,1.0,18.0,458.0,4.0,,4.0,35:02,0.0,118.0,7.0,5.0,47.0,5.0,276.0,3.0,25.0,7.0,10-14,,6-45,734.0,0.0,8.8,5.9,72
401752692,2025.0,2.0,regular,away,2193.0,East Tennessee State,Southern,2633.0,Tennessee,SEC,19-31,0.0,10.0,0-1,0.0,1.0,,,0.0,0.0,3.0,1.0,5.0,167.0,2.0,,1.0,24:58,,,,4.0,28.0,1.0,49.0,0.0,50.0,3.0,2-15,1.0,8-48,216.0,0.0,5.4,1.8,17
401767579,2025.0,2.0,regular,away,2643.0,The Citadel,Southern,2535.0,Samford,Southern,10-13,,15.0,2-2,1.0,2.0,0.0,70.0,0.0,0.0,37.0,2.0,10.0,168.0,,3.0,2.0,29:51,0.0,3.0,2.0,,42.0,1.0,162.0,,,,4-13,3.0,4-35,330.0,1.0,12.9,3.9,40
401767579,2025.0,2.0,regular,home,2535.0,Samford,Southern,2643.0,The Citadel,Southern,43-62,,26.0,2-4,2.0,1.0,,,3.0,0.0,65.0,3.0,7.0,362.0,,,0.0,30:09,0.0,37.0,1.0,,31.0,1.0,95.0,,,,9-22,2.0,9-88,457.0,5.0,5.8,3.1,13
401754620,2025.0,2.0,regular,home,154.0,Wake Forest,ACC,2717.0,Western Carolina,Southern,16-26,0.0,21.0,0-1,2.0,1.0,0.0,5.0,1.0,0.0,26.0,1.0,4.0,269.0,5.0,1.0,2.0,24:02,0.0,53.0,5.0,8.0,31.0,4.0,273.0,5.0,33.0,15.0,4-10,2.0,3-22,542.0,3.0,10.3,8.8,42
401754620,2025.0,2.0,regular,away,2717.0,Western Carolina,Southern,154.0,Wake Forest,ACC,26-43,0.0,17.0,2-3,1.0,2.0,0.0,0.0,1.0,0.0,11.0,1.0,4.0,204.0,2.0,1.0,0.0,35:58,,,,1.0,33.0,1.0,34.0,0.0,32.0,8.0,4-17,3.0,5-48,238.0,2.0,4.7,1.0,10
401769868,2025.0,2.0,regular,away,2698.0,West Georgia,UAC,2447.0,Nicholls,Southland,7-21,,28.0,0-0,1.0,0.0,0.0,24.0,2.0,0.0,7.0,1.0,10.0,63.0,,1.0,2.0,38:41,0.0,46.0,3.0,,63.0,2.0,342.0,,,,12-18,1.0,5-50,405.0,3.0,3.0,5.4,34
401769868,2025.0,2.0,regular,home,2447.0,Nicholls,Southland,2698.0,West Georgia,UAC,11-25,,9.0,0-1,0.0,1.0,0.0,27.0,1.0,,,,4.0,114.0,,2.0,1.0,21:19,0.0,20.0,2.0,,23.0,0.0,66.0,,,,2-13,1.0,10-73,180.0,1.0,4.6,2.9,10
401752813,2025.0,2.0,regular,home,135.0,Minnesota,Big Ten,2466.0,Northwestern State,Southland,13-17,2.0,25.0,1-2,0.0,2.0,1.0,29.0,1.0,,,,12.0,226.0,1.0,2.0,2.0,33:13,0.0,35.0,5.0,2.0,46.0,5.0,258.0,2.0,21.0,6.0,2-6,0.0,4-45,484.0,1.0,13.3,5.6,66
401752813,2025.0,2.0,regular,away,2466.0,Northwestern State,Southland,135.0,Minnesota,Big Ten,9-15,0.0,2.0,0-0,2.0,0.0,0.0,0.0,2.0,0.0,39.0,4.0,,23.0,0.0,1.0,0.0,20:32,,,,1.0,22.0,0.0,19.0,1.0,37.0,4.0,2-10,3.0,2-13,42.0,4.0,1.5,0.9,0
401769067,2025.0,2.0,regular,home,2771.0,Merrimack,FCS Independents,2830.0,St. Anselm,Northeast 10,21-29,,20.0,0-0,3.0,0.0,1.0,70.0,1.0,0.0,26.0,2.0,7.0,255.0,,1.0,1.0,34:01,0.0,6.0,3.0,,34.0,2.0,195.0,,,,9-13,3.0,12-115,450.0,4.0,8.8,5.7,31
401769067,2025.0,2.0,regular,away,2830.0,St. Anselm,Northeast 10,2771.0,Merrimack,FCS Independents,14-34,,11.0,1-2,0.0,3.0,0.0,0.0,1.0,0.0,64.0,3.0,0.0,141.0,,1.0,1.0,25:59,,,,,20.0,0.0,52.0,,,,5-15,0.0,6-47,193.0,1.0,4.1,2.6,6
401752816,2025.0,2.0,regular,home,127.0,Michigan State,Big Ten,103.0,Boston College,ACC,19-29,0.0,21.0,1-2,1.0,1.0,,,0.0,0.0,108.0,3.0,10.0,231.0,3.0,,4.0,29:48,0.0,8.0,3.0,1.0,35.0,1.0,149.0,0.0,37.0,4.0,5-12,2.0,6-60,380.0,1.0,8.0,4.3,42
401752816,2025.0,2.0,regular,away,103.0,Boston College,ACC,127.0,Michigan State,Big Ten,34-45,0.0,25.0,0-0,1.0,1.0,,,0.0,0.0,54.0,3.0,10.0,390.0,1.0,,4.0,30:12,,,,2.0,25.0,1.0,67.0,4.0,31.0,8.0,5-11,1.0,8-59,457.0,1.0,8.7,2.7,40
401752825,2025.0,2.0,regular,away,356.0,Illinois,Big Ten,150.0,Duke,ACC,22-31,0.0,25.0,2-2,0.0,4.0,0.0,-1.0,0.0,0.0,25.0,2.0,9.0,296.0,1.0,1.0,3.0,36:12,,,,5.0,42.0,3.0,123.0,2.0,27.0,2.0,5-13,1.0,7-51,419.0,0.0,9.5,2.9,45
401752825,2025.0,2.0,regular,home,150.0,Duke,ACC,356.0,Illinois,Big Ten,25-39,0.0,21.0,1-2,4.0,0.0,,,1.0,,,,7.0,356.0,4.0,,2.0,23:48,0.0,4.0,1.0,3.0,24.0,0.0,82.0,4.0,33.0,10.0,4-10,4.0,6-69,438.0,5.0,9.1,3.4,19
401754524,2025.0,2.0,regular,away,258.0,Virginia,ACC,152.0,NC State,ACC,30-43,0.0,24.0,1-2,0.0,,,,1.0,0.0,19.0,1.0,7.0,257.0,3.0,,1.0,32:25,0.0,81.0,4.0,4.0,32.0,3.0,257.0,0.0,26.0,5.0,13-19,,3-20,514.0,1.0,6.0,8.0,31
401754524,2025.0,2.0,regular,home,152.0,NC State,ACC,258.0,Virginia,ACC,16-23,0.0,22.0,2-2,0.0,,0.0,0.0,0.0,,,,5.0,200.0,2.0,1.0,1.0,27:35,0.0,8.0,1.0,4.0,33.0,4.0,220.0,0.0,31.0,5.0,1-7,,1-15,420.0,0.0,8.7,6.7,35
401754529,2025.0,2.0,regular,away,2117.0,Central Michigan,Mid-American,221.0,Pittsburgh,ACC,20-27,0.0,13.0,3-5,1.0,0.0,0.0,18.0,0.0,0.0,31.0,2.0,5.0,177.0,3.0,1.0,1.0,36:43,0.0,2.0,1.0,3.0,41.0,1.0,40.0,1.0,34.0,2.0,6-17,3.0,9-75,217.0,1.0,6.6,1.0,17
401754529,2025.0,2.0,regular,home,221.0,Pittsburgh,ACC,2117.0,Central Michigan,Mid-American,24-32,0.0,22.0,0-1,0.0,1.0,,,1.0,0.0,84.0,3.0,9.0,340.0,2.0,,4.0,23:17,0.0,26.0,2.0,10.0,26.0,2.0,124.0,4.0,38.0,11.0,6-9,0.0,6-63,464.0,1.0,10.6,4.8,45
401752695,2025.0,2.0,regular,away,238.0,Vanderbilt,SEC,259.0,Virginia Tech,ACC,14-20,0.0,23.0,1-1,1.0,1.0,,,1.0,,,,8.0,228.0,4.0,,3.0,32:12,,,,7.0,37.0,3.0,262.0,3.0,34.0,8.0,5-7,1.0,11-77,490.0,2.0,11.4,7.1,44
401752695,2025.0,2.0,regular,home,259.0,Virginia Tech,ACC,238.0,Vanderbilt,SEC,17-29,0.0,16.0,1-2,1.0,1.0,0.0,0.0,0.0,,,,8.0,134.0,2.0,1.0,1.0,27:48,,,,3.0,31.0,1.0,114.0,0.0,15.0,2.0,6-14,1.0,3-30,248.0,1.0,4.6,3.7,20
401752688,2025.0,2.0,regular,home,344.0,Mississippi State,SEC,9.0,Arizona State,Big 12,19-33,0.0,17.0,0-2,0.0,,0.0,10.0,0.0,0.0,13.0,1.0,6.0,279.0,3.0,2.0,3.0,22:03,0.0,31.0,2.0,3.0,30.0,0.0,66.0,2.0,16.0,6.0,6-14,,6-60,345.0,0.0,8.5,2.2,24
401752688,2025.0,2.0,regular,away,9.0,Arizona State,Big 12,344.0,Mississippi State,SEC,10-23,0.0,23.0,2-3,0.0,,,,2.0,0.0,11.0,1.0,8.0,82.0,7.0,,1.0,37:57,,,,2.0,51.0,1.0,251.0,3.0,24.0,6.0,3-14,,8-49,333.0,2.0,3.6,4.9,20
401752823,2025.0,2.0,regular,home,2439.0,UNLV,Mountain West,26.0,UCLA,Big Ten,15-21,0.0,20.0,1-1,0.0,1.0,0.0,0.0,0.0,0.0,19.0,2.0,6.0,203.0,4.0,1.0,3.0,28:34,0.0,0.0,1.0,3.0,30.0,1.0,151.0,2.0,34.0,5.0,5-10,0.0,13-130,354.0,0.0,9.7,5.0,30
401752823,2025.0,2.0,regular,away,26.0,UCLA,Big Ten,2439.0,UNLV,Mountain West,29-41,0.0,27.0,4-5,1.0,0.0,,,1.0,0.0,106.0,5.0,11.0,255.0,1.0,,1.0,31:26,0.0,0.0,1.0,0.0,30.0,1.0,173.0,2.0,18.0,3.0,3-13,1.0,14-129,428.0,2.0,6.2,5.8,23
401752817,2025.0,2.0,regular,away,2710.0,Western Illinois,Big South-OVC,77.0,Northwestern,Big Ten,12-27,0.0,10.0,0-0,0.0,1.0,,,1.0,0.0,63.0,5.0,1.0,110.0,3.0,,1.0,24:06,,,,0.0,23.0,0.0,71.0,1.0,37.0,6.0,2-12,0.0,3-13,181.0,1.0,4.1,3.1,7
401752817,2025.0,2.0,regular,home,77.0,Northwestern,Big Ten,2710.0,Western Illinois,Big South-OVC,21-29,0.0,24.0,1-1,1.0,0.0,0.0,7.0,0.0,,,,10.0,245.0,8.0,1.0,3.0,35:54,0.0,2.0,4.0,4.0,41.0,2.0,281.0,2.0,26.0,3.0,8-16,2.0,6-54,526.0,1.0,8.4,6.9,42
401752812,2025.0,2.0,regular,away,338.0,Kennesaw State,Conference USA,84.0,Indiana,Big Ten,13-21,0.0,10.0,0-0,1.0,0.0,,,1.0,,,,9.0,182.0,3.0,,0.0,27:30,0.0,6.0,1.0,1.0,32.0,0.0,89.0,0.0,31.0,3.0,2-13,1.0,3-34,271.0,2.0,8.7,2.8,9
401752812,2025.0,2.0,regular,home,84.0,Indiana,Big Ten,338.0,Kennesaw State,Conference USA,21-28,0.0,28.0,1-2,0.0,1.0,0.0,24.0,0.0,0.0,17.0,1.0,8.0,280.0,1.0,1.0,5.0,32:30,0.0,35.0,1.0,1.0,38.0,3.0,316.0,2.0,31.0,14.0,5-9,0.0,4-40,596.0,0.0,10.0,8.3,56
401752826,2025.0,2.0,regular,away,2459.0,Northern Illinois,Mid-American,120.0,Maryland,Big Ten,14-22,0.0,13.0,4-6,0.0,1.0,,,0.0,0.0,50.0,3.0,3.0,91.0,3.0,,0.0,33:35,,,,1.0,48.0,1.0,180.0,0.0,37.0,2.0,7-20,0.0,6-55,271.0,0.0,4.1,3.8,9
401752826,2025.0,2.0,regular,home,120.0,Maryland,Big Ten,2459.0,Northern Illinois,Mid-American,19-36,0.0,20.0,1-2,1.0,0.0,,,0.0,0.0,16.0,2.0,8.0,254.0,1.0,,2.0,26:25,0.0,15.0,3.0,1.0,28.0,0.0,86.0,4.0,44.0,9.0,3-12,1.0,3-30,340.0,1.0,7.1,3.1,20
401752690,2025.0,2.0,regular,home,201.0,Oklahoma,SEC,130.0,Michigan,Big Ten,21-34,0.0,22.0,1-1,1.0,0.0,,,1.0,0.0,2.0,3.0,6.0,270.0,1.0,,1.0,32:12,0.0,2.0,2.0,3.0,40.0,2.0,138.0,1.0,21.0,8.0,9-17,1.0,5-48,408.0,2.0,7.9,3.5,24
401752690,2025.0,2.0,regular,away,130.0,Michigan,Big Ten,201.0,Oklahoma,SEC,9-24,0.0,12.0,0-1,0.0,,0.0,0.0,0.0,0.0,37.0,2.0,7.0,142.0,4.0,1.0,0.0,27:48,0.0,4.0,2.0,4.0,32.0,1.0,146.0,2.0,38.0,8.0,3-14,,3-32,288.0,0.0,5.9,4.6,13
401752810,2025.0,2.0,regular,away,2006.0,Akron,Mid-American,158.0,Nebraska,Big Ten,9-23,0.0,13.0,1-2,1.0,1.0,,,0.0,0.0,125.0,7.0,0.0,62.0,2.0,,0.0,29:50,,,,0.0,36.0,0.0,113.0,0.0,44.0,3.0,1-14,2.0,1-5,175.0,1.0,2.7,3.1,0
401752810,2025.0,2.0,regular,home,158.0,Nebraska,Big Ten,2006.0,Akron,Mid-American,32-40,0.0,31.0,0-1,1.0,1.0,,,0.0,0.0,42.0,2.0,12.0,494.0,4.0,,4.0,30:10,0.0,92.0,5.0,5.0,33.0,5.0,234.0,2.0,33.0,9.0,8-10,1.0,6-71,728.0,1.0,12.4,7.1,68
401752818,2025.0,2.0,regular,away,193.0,Miami (OH),Mid-American,164.0,Rutgers,Big Ten,14-23,0.0,14.0,0-1,0.0,,,,1.0,,,,5.0,251.0,3.0,,0.0,20:54,,,,0.0,22.0,2.0,117.0,3.0,39.0,5.0,3-8,,10-94,368.0,1.0,10.9,5.3,17
401752818,2025.0,2.0,regular,home,164.0,Rutgers,Big Ten,193.0,Miami (OH),Mid-American,26-36,0.0,31.0,0-1,0.0,,0.0,68.0,0.0,0.0,47.0,2.0,9.0,259.0,0.0,1.0,4.0,39:06,0.0,7.0,1.0,0.0,41.0,2.0,162.0,2.0,23.0,5.0,7-10,,2-14,421.0,0.0,7.2,4.0,45
401752683,2025.0,2.0,regular,home,2.0,Auburn,SEC,2050.0,Ball State,Mid-American,26-33,0.0,27.0,1-1,1.0,1.0,,,0.0,0.0,49.0,2.0,6.0,271.0,0.0,,3.0,29:45,0.0,16.0,4.0,1.0,34.0,3.0,224.0,6.0,41.0,14.0,6-11,5.0,8-65,495.0,1.0,8.2,6.6,42
401752683,2025.0,2.0,regular,away,2050.0,Ball State,Mid-American,2.0,Auburn,SEC,10-16,0.0,6.0,1-1,1.0,1.0,,,0.0,0.0,63.0,3.0,3.0,71.0,2.0,,0.0,30:15,,,,0.0,33.0,0.0,-3.0,5.0,45.0,8.0,1-14,2.0,7-57,68.0,1.0,4.4,-0.1,3
401752693,2025.0,2.0,regular,home,251.0,Texas,SEC,23.0,San José State,Mountain West,21-33,0.0,18.0,2-2,1.0,3.0,0.0,0.0,1.0,0.0,36.0,2.0,8.0,317.0,8.0,1.0,4.0,30:15,0.0,0.0,1.0,7.0,32.0,1.0,155.0,2.0,43.0,3.0,2-12,2.0,12-115,472.0,2.0,9.6,4.8,38
401752693,2025.0,2.0,regular,away,23.0,San José State,Mountain West,251.0,Texas,SEC,21-43,0.0,16.0,0-2,3.0,1.0,0.0,41.0,1.0,,,,1.0,188.0,3.0,1.0,0.0,29:45,0.0,21.0,2.0,6.0,29.0,1.0,85.0,1.0,37.0,4.0,4-15,3.0,3-15,273.0,4.0,4.4,2.9,7
401752694,2025.0,2.0,regular,home,245.0,Texas A&M,SEC,328.0,Utah State,Mountain West,22-34,0.0,30.0,1-3,0.0,1.0,,,1.0,0.0,94.0,3.0,8.0,319.0,3.0,,4.0,34:14,0.0,18.0,2.0,6.0,45.0,2.0,235.0,6.0,36.0,9.0,5-13,0.0,5-54,554.0,1.0,9.4,5.2,44
401752694,2025.0,2.0,regular,away,328.0,Utah State,Mountain West,245.0,Texas A&M,SEC,16-31,0.0,18.0,1-1,1.0,0.0,0.0,10.0,0.0,0.0,13.0,1.0,,172.0,2.0,1.0,3.0,25:46,,,,3.0,35.0,0.0,78.0,2.0,42.0,5.0,2-14,2.0,11-72,250.0,1.0,5.5,2.2,22
401752686,2025.0,2.0,regular,away,145.0,Ole Miss,SEC,96.0,Kentucky,SEC,13-24,0.0,20.0,1-1,0.0,,,,2.0,,,,12.0,235.0,6.0,,0.0,27:47,0.0,4.0,1.0,3.0,47.0,3.0,222.0,3.0,38.0,4.0,3-13,,7-86,457.0,2.0,9.8,4.7,30
401752686,2025.0,2.0,regular,home,96.0,Kentucky,SEC,145.0,Ole Miss,SEC,16-33,0.0,18.0,1-3,0.0,,0.0,25.0,0.0,,,,11.0,187.0,3.0,2.0,0.0,32:13,,,,1.0,37.0,2.0,172.0,0.0,39.0,5.0,5-16,,6-50,359.0,0.0,5.7,4.6,23
401752836,2025.0,3.0,regular,home,84.0,Indiana,Big Ten,282.0,Indiana State,MVFC,26-30,0.0,33.0,0-0,0.0,0.0,,,0.0,0.0,34.0,1.0,13.0,379.0,2.0,,7.0,33:37,0.0,79.0,7.0,2.0,37.0,3.0,301.0,5.0,31.0,16.0,6-8,1.0,6-45,680.0,0.0,12.6,8.1,73
401752836,2025.0,3.0,regular,away,282.0,Indiana State,MVFC,84.0,Indiana,Big Ten,11-20,0.0,5.0,0-2,0.0,,,,0.0,0.0,99.0,5.0,,38.0,1.0,,0.0,26:08,,,,0.0,31.0,0.0,39.0,0.0,32.0,2.0,2-14,,0-0,77.0,0.0,1.9,1.3,0
401754532,2025.0,3.0,regular,home,183.0,Syracuse,ACC,2142.0,Colgate,Patriot,27-37,0.0,32.0,0-0,1.0,1.0,0.0,0.0,1.0,0.0,81.0,4.0,12.0,447.0,7.0,2.0,6.0,26:39,0.0,21.0,2.0,1.0,34.0,3.0,175.0,2.0,49.0,2.0,7-10,1.0,6-67,622.0,2.0,12.1,5.1,66
401754532,2025.0,3.0,regular,away,2142.0,Colgate,Patriot,183.0,Syracuse,ACC,30-54,0.0,25.0,0-2,0.0,1.0,0.0,4.0,2.0,0.0,20.0,1.0,6.0,301.0,3.0,1.0,2.0,33:21,,,,0.0,28.0,1.0,121.0,0.0,56.0,0.0,8-18,0.0,6-42,422.0,2.0,5.6,4.3,24
401760369,2025.0,3.0,regular,home,278.0,Fresno State,Mountain West,2582.0,Southern,SWAC,25-30,0.0,31.0,0-0,1.0,0.0,,,0.0,0.0,18.0,1.0,8.0,282.0,3.0,,4.0,34:46,0.0,0.0,3.0,0.0,41.0,4.0,225.0,3.0,16.0,6.0,8-10,2.0,6-50,507.0,1.0,9.4,5.5,56
401760369,2025.0,3.0,regular,away,2582.0,Southern,SWAC,278.0,Fresno State,Mountain West,10-18,0.0,7.0,0-0,0.0,1.0,,,0.0,0.0,61.0,3.0,1.0,131.0,1.0,,0.0,25:14,,,,0.0,27.0,1.0,11.0,1.0,34.0,2.0,3-12,1.0,12-91,142.0,0.0,7.3,0.4,7
401752828,2025.0,3.0,regular,home,158.0,Nebraska,Big Ten,2277.0,Houston Christian,Southland,23-29,1.0,30.0,1-2,0.0,2.0,,,0.0,0.0,28.0,1.0,11.0,362.0,1.0,,3.0,30:17,0.0,38.0,1.0,2.0,38.0,4.0,192.0,3.0,34.0,8.0,5-9,1.0,4-45,554.0,0.0,12.5,5.1,59
401752828,2025.0,3.0,regular,away,2277.0,Houston Christian,Southland,158.0,Nebraska,Big Ten,11-18,0.0,11.0,2-2,2.0,0.0,,,0.0,0.0,40.0,4.0,1.0,67.0,2.0,,0.0,29:43,,,,0.0,35.0,1.0,93.0,0.0,40.0,0.0,4-14,4.0,9-70,160.0,2.0,3.7,2.7,7
401752838,2025.0,3.0,regular,home,120.0,Maryland,Big Ten,119.0,Towson,CAA,21-29,1.0,21.0,2-2,0.0,1.0,1.0,100.0,1.0,0.0,46.0,3.0,14.0,276.0,3.0,1.0,1.0,36:06,0.0,32.0,5.0,4.0,42.0,3.0,152.0,3.0,30.0,4.0,5-14,0.0,8-75,428.0,1.0,9.5,3.6,44
401752838,2025.0,3.0,regular,away,119.0,Towson,CAA,120.0,Maryland,Big Ten,14-29,0.0,14.0,1-2,1.0,0.0,0.0,29.0,1.0,0.0,27.0,3.0,5.0,230.0,2.0,1.0,2.0,23:54,0.0,0.0,1.0,2.0,26.0,0.0,51.0,1.0,52.0,6.0,1-13,1.0,2-11,281.0,2.0,7.9,2.0,17
401754619,2025.0,3.0,regular,home,258.0,Virginia,ACC,2729.0,William & Mary,CAA,23-35,0.0,30.0,2-4,0.0,0.0,,,1.0,0.0,63.0,2.0,13.0,321.0,2.0,,1.0,37:36,0.0,17.0,3.0,7.0,52.0,6.0,379.0,3.0,25.0,3.0,9-16,2.0,5-35,700.0,1.0,9.2,7.3,55
401754619,2025.0,3.0,regular,away,2729.0,William & Mary,CAA,258.0,Virginia,ACC,13-25,0.0,7.0,0-2,0.0,,0.0,15.0,0.0,0.0,98.0,5.0,2.0,204.0,3.0,1.0,1.0,22:24,,,,2.0,24.0,1.0,59.0,0.0,50.0,3.0,2-13,,2-11,263.0,0.0,8.2,2.5,16
401756891,2025.0,3.0,regular,away,2535.0,Samford,Southern,239.0,Baylor,Big 12,13-25,0.0,10.0,0-0,1.0,0.0,0.0,22.0,3.0,,,,1.0,100.0,0.0,2.0,1.0,25:54,0.0,0.0,1.0,1.0,33.0,0.0,95.0,1.0,52.0,3.0,4-15,2.0,4-43,195.0,4.0,4.0,2.9,7
401756891,2025.0,3.0,regular,home,239.0,Baylor,Big 12,2535.0,Samford,Southern,28-44,0.0,29.0,2-3,0.0,1.0,0.0,0.0,2.0,0.0,20.0,2.0,6.0,245.0,3.0,3.0,3.0,34:06,0.0,6.0,2.0,4.0,43.0,3.0,223.0,2.0,44.0,7.0,4-13,0.0,4-45,468.0,2.0,5.6,5.2,42
401762818,2025.0,3.0,regular,home,2050.0,Ball State,Mid-American,160.0,New Hampshire,CAA,9-15,0.0,21.0,0-0,1.0,0.0,,,1.0,0.0,74.0,4.0,4.0,105.0,7.0,,2.0,21:55,0.0,2.0,2.0,2.0,36.0,3.0,308.0,4.0,42.0,9.0,7-10,1.0,6-56,413.0,2.0,7.0,8.6,34
401762818,2025.0,3.0,regular,away,160.0,New Hampshire,CAA,2050.0,Ball State,Mid-American,25-45,1.0,22.0,1-2,0.0,1.0,0.0,-3.0,0.0,0.0,93.0,5.0,9.0,259.0,2.0,1.0,1.0,38:05,1.0,46.0,2.0,0.0,34.0,1.0,132.0,1.0,30.0,5.0,8-18,0.0,6-62,391.0,0.0,5.8,3.9,29
401752835,2025.0,3.0,regular,home,213.0,Penn State,Big Ten,222.0,Villanova,CAA,17-31,1.0,28.0,1-1,0.0,,1.0,61.0,1.0,0.0,17.0,1.0,14.0,228.0,2.0,2.0,2.0,28:16,0.0,52.0,4.0,3.0,38.0,3.0,237.0,3.0,43.0,11.0,5-11,,5-25,465.0,1.0,7.4,6.2,52
401752835,2025.0,3.0,regular,away,222.0,Villanova,CAA,213.0,Penn State,Big Ten,13-27,0.0,11.0,2-2,0.0,0.0,0.0,0.0,2.0,0.0,79.0,4.0,0.0,96.0,6.0,1.0,1.0,31:44,,,,0.0,35.0,0.0,84.0,0.0,39.0,0.0,6-17,1.0,4-29,180.0,2.0,3.6,2.4,6
401752833,2025.0,3.0,regular,home,164.0,Rutgers,Big Ten,2450.0,Norfolk State,MEAC,23-34,2.0,33.0,3-4,0.0,2.0,0.0,21.0,0.0,0.0,37.0,2.0,12.0,378.0,4.0,1.0,3.0,36:05,2.0,56.0,2.0,2.0,46.0,3.0,185.0,2.0,19.0,6.0,9-14,0.0,5-45,563.0,0.0,11.1,4.0,60
401752833,2025.0,3.0,regular,away,2450.0,Norfolk State,MEAC,164.0,Rutgers,Big Ten,9-23,0.0,12.0,0-0,1.0,0.0,,,1.0,0.0,10.0,2.0,4.0,92.0,1.0,,0.0,23:55,,,,1.0,27.0,1.0,128.0,3.0,35.0,5.0,2-10,1.0,6-47,220.0,2.0,4.0,4.7,10
401756892,2025.0,3.0,regular,home,2132.0,Cincinnati,Big 12,2466.0,Northwestern State,Southland,21-23,0.0,26.0,0-0,0.0,1.0,,,0.0,,,,10.0,362.0,2.0,,7.0,20:45,0.0,22.0,4.0,0.0,26.0,3.0,243.0,1.0,24.0,6.0,2-4,2.0,6-65,605.0,0.0,15.7,9.3,70
401756892,2025.0,3.0,regular,away,2466.0,Northwestern State,Southland,2132.0,Cincinnati,Big 12,10-16,0.0,6.0,1-2,1.0,0.0,,,0.0,0.0,46.0,3.0,,33.0,1.0,,0.0,39:15,,,,0.0,35.0,0.0,69.0,0.0,22.0,1.0,0-12,1.0,5-42,102.0,1.0,2.1,2.0,0
401762467,2025.0,3.0,regular,away,2916.0,Incarnate Word,Southland,2636.0,UTSA,American Athletic,31-45,0.0,23.0,0-1,2.0,0.0,,,2.0,0.0,10.0,1.0,2.0,324.0,2.0,,3.0,25:48,0.0,11.0,2.0,3.0,27.0,0.0,33.0,0.0,44.0,7.0,6-14,3.0,8-88,357.0,4.0,7.2,1.2,20
401762467,2025.0,3.0,regular,home,2636.0,UTSA,American Athletic,2916.0,Incarnate Word,Southland,29-35,0.0,22.0,1-1,0.0,2.0,0.0,18.0,0.0,0.0,34.0,2.0,12.0,238.0,5.0,2.0,4.0,34:12,,,,3.0,35.0,2.0,204.0,4.0,49.0,10.0,8-16,0.0,6-60,442.0,0.0,6.8,5.8,48
401767090,2025.0,3.0,regular,home,70.0,Idaho,Big Sky,3101.0,Utah Tech,UAC,14-25,,26.0,2-2,0.0,0.0,0.0,0.0,0.0,,,,8.0,119.0,,1.0,1.0,34:46,0.0,20.0,3.0,,46.0,1.0,286.0,,,,7-15,2.0,1-5,405.0,0.0,4.8,6.2,20
401767090,2025.0,3.0,regular,away,3101.0,Utah Tech,UAC,70.0,Idaho,Big Sky,17-29,,15.0,2-2,0.0,,,,1.0,0.0,65.0,3.0,6.0,149.0,,,0.0,25:14,,,,,25.0,0.0,98.0,,,,5-13,,6-52,247.0,1.0,5.1,3.9,6
401767106,2025.0,3.0,regular,home,147.0,Montana State,Big Sky,301.0,San Diego,Pioneer,27-31,,28.0,2-2,0.0,,,,1.0,,,,11.0,321.0,,,3.0,35:03,0.0,21.0,2.0,,41.0,2.0,217.0,,,,6-13,,3-13,538.0,1.0,10.4,5.3,41
401767106,2025.0,3.0,regular,away,301.0,San Diego,Pioneer,147.0,Montana State,Big Sky,14-27,,12.0,0-0,0.0,,0.0,0.0,0.0,0.0,23.0,1.0,1.0,143.0,,1.0,1.0,24:57,0.0,7.0,1.0,,24.0,0.0,71.0,,,,2-11,,1-15,214.0,0.0,5.3,3.0,7
401767120,2025.0,3.0,regular,away,2458.0,Northern Colorado,Big Sky,233.0,South Dakota,MVFC,28-40,,20.0,2-5,0.0,0.0,0.0,33.0,0.0,0.0,47.0,3.0,9.0,336.0,,1.0,1.0,30:57,,,,,32.0,0.0,91.0,,,,3-14,1.0,5-34,427.0,0.0,8.4,2.8,17
401767120,2025.0,3.0,regular,home,233.0,South Dakota,MVFC,2458.0,Northern Colorado,Big Sky,7-19,,23.0,1-1,0.0,,,,1.0,0.0,15.0,1.0,6.0,99.0,,,1.0,29:03,,,,,45.0,2.0,309.0,,,,4-11,,2-20,408.0,1.0,5.2,6.9,24
401767131,2025.0,3.0,regular,home,16.0,Sacramento State,Big Sky,2385.0,Mercyhurst,NEC,8-18,,26.0,2-3,1.0,0.0,0.0,9.0,0.0,0.0,142.0,6.0,7.0,176.0,,2.0,2.0,24:33,0.0,-5.0,1.0,,42.0,5.0,349.0,,,,5-9,2.0,8-73,525.0,1.0,9.8,8.3,49
401767131,2025.0,3.0,regular,away,2385.0,Mercyhurst,NEC,16.0,Sacramento State,Big Sky,27-45,,22.0,2-4,0.0,1.0,,,2.0,0.0,58.0,5.0,8.0,280.0,,,2.0,35:27,,,,,34.0,1.0,89.0,,,,8-18,2.0,4-40,369.0,2.0,6.2,2.6,28
401767285,2025.0,3.0,regular,home,2453.0,North Alabama,UAC,196.0,Northeastern State,Independent DII,14-22,,19.0,0-1,0.0,0.0,0.0,-4.0,0.0,0.0,45.0,2.0,13.0,199.0,,2.0,1.0,34:42,0.0,7.0,1.0,,50.0,5.0,303.0,,,,8-16,1.0,6-59,502.0,0.0,9.0,6.1,49
401767285,2025.0,3.0,regular,away,196.0,Northeastern State,Independent DII,2453.0,North Alabama,UAC,23-51,,16.0,2-6,0.0,0.0,,,2.0,0.0,175.0,8.0,1.0,362.0,,,3.0,25:18,0.0,2.0,1.0,,16.0,0.0,17.0,,,,2-13,1.0,11-102,379.0,2.0,7.1,1.1,21
401767318,2025.0,3.0,regular,home,107.0,Holy Cross,Patriot,227.0,Rhode Island,CAA,14-29,,15.0,1-2,0.0,0.0,0.0,0.0,0.0,0.0,75.0,3.0,1.0,157.0,,1.0,0.0,28:51,0.0,4.0,1.0,,31.0,1.0,72.0,,,,6-15,1.0,3-43,229.0,0.0,5.4,2.3,7
401767318,2025.0,3.0,regular,away,227.0,Rhode Island,CAA,107.0,Holy Cross,Patriot,22-37,,19.0,1-2,0.0,0.0,,,1.0,0.0,16.0,2.0,9.0,271.0,,,0.0,31:03,0.0,6.0,1.0,,25.0,0.0,132.0,,,,4-12,2.0,11-92,403.0,1.0,7.3,5.3,9
401767395,2025.0,3.0,regular,away,2310.0,Kentucky State,SIAC,2755.0,Grambling,SWAC,20-30,,18.0,1-1,1.0,1.0,,,0.0,0.0,12.0,1.0,7.0,221.0,,,2.0,32:55,0.0,0.0,1.0,,34.0,2.0,136.0,,,,7-15,1.0,9-50,357.0,1.0,7.4,4.0,31
401767395,2025.0,3.0,regular,home,2755.0,Grambling,SWAC,2310.0,Kentucky State,SIAC,13-27,,23.0,1-1,1.0,1.0,,,0.0,0.0,71.0,3.0,7.0,228.0,,,2.0,27:05,0.0,46.0,4.0,,36.0,2.0,230.0,,,,7-13,1.0,8-76,458.0,1.0,8.4,6.4,37
401767524,2025.0,3.0,regular,away,2834.0,Sul Ross State,Lone Star,2617.0,Stephen F. Austin,Southland,2-8,,7.0,0-0,2.0,0.0,,,1.0,0.0,65.0,4.0,,-3.0,,,0.0,30:22,,,,,29.0,0.0,-18.0,,,,1-10,5.0,7-17,-21.0,3.0,-0.4,-0.6,0
401767524,2025.0,3.0,regular,home,2617.0,Stephen F. Austin,Southland,2834.0,Sul Ross State,Lone Star,15-19,,24.0,1-1,0.0,3.0,0.0,0.0,0.0,,,,9.0,287.0,,1.0,3.0,29:38,0.0,26.0,3.0,,36.0,4.0,247.0,,,,7-9,0.0,5-72,534.0,0.0,15.1,6.9,63
401767527,2025.0,3.0,regular,home,292.0,UT Rio Grande Valley,Southland,2324.0,Langston University,,16-24,,27.0,1-2,0.0,0.0,1.0,62.0,0.0,0.0,27.0,1.0,14.0,289.0,,3.0,5.0,29:31,0.0,30.0,3.0,,36.0,5.0,462.0,,,,4-10,1.0,10-115,751.0,0.0,12.0,12.8,80
401767527,2025.0,3.0,regular,away,2324.0,Langston University,,292.0,UT Rio Grande Valley,Southland,15-37,,11.0,0-0,0.0,,,,3.0,0.0,130.0,6.0,,120.0,,,0.0,30:29,,,,,29.0,0.0,59.0,,,,5-18,,10-68,179.0,3.0,3.2,2.0,0
401767544,2025.0,3.0,regular,home,2571.0,South Dakota State,MVFC,2181.0,Drake,Pioneer,18-25,,23.0,1-4,0.0,1.0,0.0,0.0,0.0,0.0,43.0,3.0,7.0,225.0,,1.0,1.0,32:30,0.0,22.0,1.0,,41.0,4.0,212.0,,,,3-9,1.0,7-68,437.0,0.0,9.0,5.2,37
401767544,2025.0,3.0,regular,away,2181.0,Drake,Pioneer,2571.0,South Dakota State,MVFC,18-29,,18.0,1-1,1.0,0.0,,,1.0,,,,7.0,174.0,,,1.0,27:30,,,,,32.0,1.0,121.0,,,,4-13,1.0,3-25,295.0,2.0,6.0,3.8,21
401767627,2025.0,3.0,regular,away,2368.0,Marist,Pioneer,2681.0,Wagner,NEC,12-34,,15.0,2-5,1.0,0.0,0.0,26.0,0.0,0.0,99.0,1.0,3.0,141.0,,5.0,2.0,28:47,,,,,39.0,0.0,131.0,,,,5-17,3.0,4-35,272.0,1.0,4.1,3.4,21
401767627,2025.0,3.0,regular,home,2681.0,Wagner,NEC,2368.0,Marist,Pioneer,11-24,,18.0,0-4,0.0,1.0,,,5.0,0.0,38.0,2.0,4.0,56.0,,,0.0,31:13,0.0,26.0,4.0,,50.0,1.0,242.0,,,,5-14,2.0,8-71,298.0,5.0,2.3,4.8,10
401767659,2025.0,3.0,regular,away,2529.0,Sacred Heart,FCS Independents,2341.0,Long Island University,NEC,14-19,,26.0,2-2,1.0,1.0,,,2.0,,,,6.0,193.0,,,0.0,38:10,0.0,-3.0,3.0,,56.0,3.0,214.0,,,,8-17,3.0,8-64,407.0,3.0,10.2,3.8,24
401767659,2025.0,3.0,regular,home,2341.0,Long Island University,NEC,2529.0,Sacred Heart,FCS Independents,3-10,,12.0,1-1,1.0,1.0,0.0,59.0,0.0,0.0,28.0,2.0,3.0,19.0,,2.0,0.0,21:50,0.0,21.0,2.0,,32.0,2.0,189.0,,,,0-9,3.0,4-56,208.0,1.0,1.9,5.9,21
401767742,2025.0,3.0,regular,home,2115.0,Central Connecticut,NEC,2598.0,St. Francis (PA),NEC,16-33,,19.0,1-2,0.0,3.0,0.0,10.0,0.0,0.0,23.0,1.0,7.0,193.0,,2.0,2.0,31:07,0.0,77.0,5.0,,38.0,2.0,107.0,,,,4-15,1.0,8-110,300.0,0.0,5.8,2.8,31
401767742,2025.0,3.0,regular,away,2598.0,St. Francis (PA),NEC,2115.0,Central Connecticut,NEC,13-26,,11.0,0-0,3.0,0.0,,,2.0,0.0,45.0,3.0,1.0,159.0,,,0.0,28:36,0.0,10.0,4.0,,27.0,1.0,51.0,,,,2-13,5.0,7-69,210.0,5.0,6.1,1.9,7
401767733,2025.0,3.0,regular,home,2184.0,Duquesne,NEC,2329.0,Lehigh,Patriot,17-28,,16.0,2-2,1.0,0.0,,,1.0,0.0,46.0,3.0,3.0,211.0,,,2.0,28:14,0.0,12.0,1.0,,30.0,1.0,107.0,,,,2-10,1.0,7-55,318.0,2.0,7.5,3.6,21
401767733,2025.0,3.0,regular,away,2329.0,Lehigh,Patriot,2184.0,Duquesne,NEC,17-25,,20.0,0-0,0.0,1.0,0.0,0.0,0.0,0.0,70.0,2.0,5.0,224.0,,1.0,3.0,31:46,0.0,5.0,3.0,,35.0,2.0,172.0,,,,6-12,0.0,6-50,396.0,0.0,9.0,4.9,35
401767341,2025.0,3.0,regular,home,2169.0,Delaware State,MEAC,2075.0,Bowie State,CIAA,18-35,,21.0,2-3,0.0,1.0,,,0.0,0.0,41.0,3.0,4.0,194.0,,,2.0,30:01,0.0,48.0,4.0,,41.0,2.0,278.0,,,,3-16,1.0,16-153,472.0,0.0,5.5,6.8,36
401767341,2025.0,3.0,regular,away,2075.0,Bowie State,CIAA,2169.0,Delaware State,MEAC,28-46,,20.0,0-3,1.0,0.0,,,0.0,0.0,75.0,3.0,2.0,176.0,,,1.0,29:59,0.0,5.0,4.0,,28.0,1.0,206.0,,,,5-16,1.0,12-102,382.0,1.0,3.8,7.4,14
401767351,2025.0,3.0,regular,home,47.0,Howard,MEAC,60.0,Morehouse College,SIAC,20-33,,23.0,2-3,0.0,1.0,0.0,6.0,0.0,0.0,29.0,2.0,8.0,269.0,,1.0,2.0,31:55,0.0,25.0,5.0,,39.0,3.0,156.0,,,,3-12,0.0,9-92,425.0,0.0,8.2,4.0,38
401767351,2025.0,3.0,regular,away,60.0,Morehouse College,SIAC,47.0,Howard,MEAC,10-30,,11.0,1-2,1.0,0.0,,,1.0,0.0,32.0,2.0,4.0,128.0,,,1.0,28:05,0.0,15.0,3.0,,31.0,0.0,54.0,,,,3-15,3.0,5-32,182.0,2.0,4.3,1.7,10
401767648,2025.0,3.0,regular,away,2900.0,St. Thomas (MN),Pioneer,128.0,Northern Michigan,GLIAC,13-19,,13.0,1-1,0.0,0.0,,,0.0,0.0,63.0,2.0,0.0,221.0,,,3.0,25:21,0.0,7.0,1.0,,29.0,0.0,54.0,,,,2-9,1.0,3-24,275.0,0.0,11.6,1.9,20
401767648,2025.0,3.0,regular,home,128.0,Northern Michigan,GLIAC,2900.0,St. Thomas (MN),Pioneer,11-19,,18.0,2-4,0.0,0.0,,,0.0,0.0,72.0,4.0,1.0,133.0,,,0.0,34:39,0.0,2.0,3.0,,54.0,1.0,129.0,,,,5-16,3.0,4-25,262.0,0.0,7.0,2.4,7
401767720,2025.0,3.0,regular,home,46.0,Georgetown,Patriot,322.0,Lafayette,Patriot,32-51,,26.0,1-2,0.0,2.0,0.0,18.0,1.0,0.0,35.0,3.0,7.0,362.0,,1.0,2.0,32:15,,,,,26.0,2.0,90.0,,,,10-17,0.0,7-69,452.0,1.0,7.1,3.5,37
401767720,2025.0,3.0,regular,away,322.0,Lafayette,Patriot,46.0,Georgetown,Patriot,18-28,,26.0,1-1,2.0,0.0,0.0,0.0,1.0,0.0,16.0,2.0,6.0,290.0,,1.0,2.0,27:45,,,,,37.0,4.0,289.0,,,,7-12,2.0,5-55,579.0,3.0,10.4,7.8,42
401769892,2025.0,3.0,regular,home,2262.0,Hanover College,Heartland,2086.0,Butler,Pioneer,17-26,,12.0,0-2,0.0,2.0,0.0,20.0,0.0,0.0,19.0,1.0,1.0,109.0,,1.0,1.0,27:07,,,,,30.0,0.0,49.0,,,,6-15,1.0,4-20,158.0,0.0,4.2,1.6,7
401769892,2025.0,3.0,regular,away,2086.0,Butler,Pioneer,2262.0,Hanover College,Heartland,17-23,,17.0,0-2,2.0,0.0,,,1.0,0.0,108.0,2.0,4.0,178.0,,,0.0,32:53,0.0,33.0,3.0,,39.0,1.0,152.0,,,,6-12,2.0,3-30,330.0,3.0,7.7,3.9,16
401767150,2025.0,3.0,regular,home,2717.0,Western Carolina,Southern,2210.0,Elon,CAA,36-55,,25.0,2-3,0.0,0.0,0.0,0.0,2.0,0.0,124.0,2.0,7.0,246.0,,2.0,2.0,29:37,0.0,23.0,2.0,,30.0,1.0,179.0,,,,6-17,1.0,8-99,425.0,2.0,4.5,6.0,31
401767150,2025.0,3.0,regular,away,2210.0,Elon,CAA,2717.0,Western Carolina,Southern,11-29,,24.0,1-1,0.0,0.0,0.0,0.0,2.0,0.0,89.0,3.0,11.0,305.0,,2.0,2.0,30:23,0.0,7.0,1.0,,47.0,2.0,151.0,,,,5-17,1.0,9-109,456.0,2.0,10.5,3.2,37
401767232,2025.0,3.0,regular,home,2635.0,Tennessee Tech,Big South-OVC,2166.0,Davidson,Pioneer,25-37,,33.0,1-2,1.0,0.0,1.0,60.0,0.0,0.0,26.0,1.0,12.0,268.0,,1.0,3.0,31:38,0.0,23.0,3.0,,40.0,6.0,308.0,,,,8-12,1.0,4-45,576.0,1.0,7.2,7.7,72
401767232,2025.0,3.0,regular,away,2166.0,Davidson,Pioneer,2635.0,Tennessee Tech,Big South-OVC,16-27,,12.0,0-0,0.0,1.0,,,1.0,0.0,118.0,9.0,2.0,132.0,,,2.0,28:22,,,,,30.0,0.0,74.0,,,,3-14,1.0,5-50,206.0,1.0,4.9,2.5,14
401752700,2025.0,3.0,regular,home,145.0,Ole Miss,SEC,8.0,Arkansas,SEC,22-30,0.0,25.0,0-0,0.0,1.0,,,0.0,,,,11.0,357.0,6.0,,2.0,26:49,,,,5.0,40.0,3.0,118.0,0.0,38.0,2.0,8-12,0.0,7-63,475.0,0.0,11.9,3.0,41
401752700,2025.0,3.0,regular,away,8.0,Arkansas,SEC,145.0,Ole Miss,SEC,22-35,0.0,30.0,0-0,1.0,0.0,,,0.0,,,,5.0,305.0,3.0,,1.0,33:11,0.0,-2.0,1.0,0.0,37.0,4.0,221.0,1.0,41.0,4.0,9-12,1.0,7-68,526.0,1.0,8.7,6.0,35
401757258,2025.0,3.0,regular,away,2393.0,Middle Tennessee,Conference USA,2440.0,Nevada,Mountain West,27-45,0.0,23.0,0-1,0.0,,0.0,0.0,1.0,,,,2.0,247.0,2.0,2.0,1.0,31:10,0.0,1.0,1.0,0.0,30.0,1.0,105.0,3.0,40.0,8.0,7-17,,7-50,352.0,1.0,5.5,3.5,14
401757258,2025.0,3.0,regular,home,2440.0,Nevada,Mountain West,2393.0,Middle Tennessee,Conference USA,14-25,0.0,16.0,1-1,0.0,,0.0,14.0,2.0,,,,7.0,166.0,4.0,1.0,1.0,28:50,0.0,39.0,3.0,0.0,35.0,0.0,203.0,4.0,41.0,6.0,3-13,,4-55,369.0,2.0,6.6,5.8,13
401752696,2025.0,3.0,regular,away,275.0,Wisconsin,Big Ten,333.0,Alabama,SEC,11-17,1.0,14.0,1-1,0.0,,,,2.0,1.0,95.0,1.0,2.0,117.0,1.0,,1.0,31:04,,,,0.0,34.0,0.0,92.0,1.0,1.0,1.0,6-11,,6-65,209.0,2.0,6.9,2.7,14
401752696,2025.0,3.0,regular,home,333.0,Alabama,SEC,275.0,Wisconsin,Big Ten,24-30,0.0,22.0,1-2,0.0,,0.0,8.0,0.0,,,,8.0,382.0,3.0,2.0,4.0,28:56,0.0,19.0,3.0,0.0,22.0,1.0,72.0,4.0,4.0,4.0,2-8,,7-57,454.0,0.0,12.7,3.3,38
401752703,2025.0,3.0,regular,home,218.0,Temple,American Athletic,201.0,Oklahoma,SEC,14-27,0.0,7.0,0-0,0.0,0.0,0.0,0.0,0.0,0.0,11.0,2.0,3.0,78.0,7.0,1.0,0.0,27:44,0.0,10.0,1.0,1.0,26.0,0.0,27.0,2.0,48.0,6.0,3-16,1.0,3-35,105.0,0.0,2.9,1.0,3
401752703,2025.0,3.0,regular,away,201.0,Oklahoma,SEC,218.0,Temple,American Athletic,21-37,0.0,29.0,0-0,0.0,0.0,,,1.0,,,,10.0,287.0,4.0,,1.0,32:16,0.0,10.0,2.0,3.0,42.0,4.0,228.0,4.0,37.0,11.0,6-13,2.0,3-25,515.0,1.0,7.8,5.4,42
401762817,2025.0,3.0,regular,away,2084.0,Buffalo,Mid-American,2309.0,Kent State,Mid-American,28-40,0.0,24.0,1-3,1.0,1.0,,,1.0,0.0,31.0,2.0,7.0,318.0,2.0,,3.0,22:38,0.0,40.0,3.0,6.0,29.0,1.0,149.0,3.0,39.0,9.0,5-12,3.0,4-42,467.0,2.0,8.0,5.1,31
401762817,2025.0,3.0,regular,home,2309.0,Kent State,Mid-American,2084.0,Buffalo,Mid-American,22-33,0.0,20.0,3-5,1.0,1.0,0.0,0.0,0.0,0.0,19.0,1.0,4.0,279.0,1.0,1.0,2.0,37:22,0.0,14.0,2.0,2.0,44.0,2.0,144.0,1.0,38.0,4.0,8-20,1.0,7-42,423.0,1.0,8.5,3.3,28
401752697,2025.0,3.0,regular,home,2.0,Auburn,SEC,6.0,South Alabama,Sun Belt,13-24,0.0,19.0,3-3,0.0,1.0,0.0,1.0,0.0,0.0,47.0,2.0,7.0,142.0,2.0,1.0,1.0,28:33,,,,0.0,39.0,3.0,195.0,1.0,54.0,7.0,7-13,0.0,4-43,337.0,0.0,5.9,5.0,31
401752697,2025.0,3.0,regular,away,6.0,South Alabama,Sun Belt,2.0,Auburn,SEC,18-26,0.0,20.0,3-4,1.0,0.0,,,1.0,0.0,18.0,1.0,3.0,170.0,2.0,,2.0,31:27,,,,0.0,42.0,0.0,140.0,1.0,42.0,2.0,7-16,1.0,5-35,310.0,2.0,6.5,3.3,15
401757168,2025.0,3.0,regular,home,48.0,Delaware,Conference USA,41.0,UConn,FBS Independents,23-34,0.0,28.0,3-3,0.0,,,,0.0,0.0,61.0,2.0,8.0,265.0,3.0,,1.0,32:25,,,,3.0,45.0,5.0,247.0,1.0,33.0,3.0,6-15,,6-60,512.0,0.0,7.8,5.5,44
401757168,2025.0,3.0,regular,away,41.0,UConn,FBS Independents,48.0,Delaware,Conference USA,28-39,0.0,27.0,1-2,0.0,,,,0.0,0.0,49.0,2.0,11.0,346.0,4.0,,2.0,27:35,,,,3.0,32.0,3.0,175.0,5.0,36.0,7.0,4-13,,7-67,521.0,0.0,8.9,5.5,41
401752705,2025.0,3.0,regular,home,2633.0,Tennessee,SEC,61.0,Georgia,SEC,24-36,0.0,23.0,0-0,0.0,1.0,0.0,38.0,2.0,,,,11.0,371.0,1.0,1.0,4.0,24:22,0.0,0.0,1.0,2.0,34.0,1.0,125.0,3.0,35.0,6.0,5-12,2.0,10-82,496.0,2.0,10.3,3.7,41
401752705,2025.0,3.0,regular,away,61.0,Georgia,SEC,2633.0,Tennessee,SEC,23-32,0.0,28.0,2-2,1.0,0.0,0.0,0.0,1.0,0.0,28.0,1.0,12.0,304.0,4.0,2.0,2.0,35:38,0.0,12.0,1.0,1.0,55.0,3.0,198.0,1.0,25.0,2.0,8-17,1.0,5-39,502.0,2.0,9.5,3.6,44
401752832,2025.0,3.0,regular,away,30.0,USC,Big Ten,2509.0,Purdue,Big Ten,17-28,1.0,22.0,4-4,0.0,,1.0,103.0,0.0,0.0,16.0,1.0,15.0,282.0,1.0,3.0,0.0,34:07,0.0,2.0,1.0,4.0,39.0,2.0,179.0,5.0,43.0,10.0,4-13,,9-103,461.0,0.0,10.1,4.6,33
401752832,2025.0,3.0,regular,home,2509.0,Purdue,Big Ten,30.0,USC,Big Ten,24-39,0.0,23.0,1-1,0.0,0.0,,,3.0,0.0,65.0,3.0,5.0,305.0,3.0,,1.0,25:53,,,,5.0,28.0,1.0,52.0,2.0,48.0,7.0,7-14,2.0,5-60,357.0,3.0,7.8,1.9,17
401752834,2025.0,3.0,regular,home,127.0,Michigan State,Big Ten,2754.0,Youngstown State,MVFC,22-29,0.0,23.0,1-2,0.0,,0.0,0.0,1.0,0.0,17.0,1.0,11.0,270.0,1.0,1.0,1.0,30:06,0.0,90.0,2.0,4.0,33.0,4.0,174.0,2.0,33.0,6.0,6-10,,2-10,444.0,1.0,9.3,5.3,41
401752834,2025.0,3.0,regular,away,2754.0,Youngstown State,MVFC,127.0,Michigan State,Big Ten,24-35,0.0,14.0,3-3,0.0,,0.0,5.0,1.0,0.0,20.0,1.0,6.0,242.0,3.0,1.0,2.0,29:54,,,,0.0,26.0,1.0,97.0,0.0,39.0,5.0,6-14,,3-22,339.0,1.0,6.9,3.7,24
401752949,2025.0,3.0,regular,away,265.0,Washington State,Pac-12,249.0,North Texas,American Athletic,23-35,0.0,17.0,1-1,2.0,0.0,,,3.0,0.0,54.0,3.0,4.0,211.0,0.0,,0.0,31:26,,,,1.0,28.0,1.0,64.0,1.0,32.0,3.0,8-14,2.0,6-54,275.0,5.0,6.0,2.3,10
401752949,2025.0,3.0,regular,home,249.0,North Texas,American Athletic,265.0,Washington State,Pac-12,29-34,0.0,24.0,1-1,0.0,2.0,0.0,103.0,0.0,,,,11.0,247.0,2.0,3.0,4.0,28:34,0.0,6.0,2.0,3.0,29.0,4.0,163.0,3.0,31.0,7.0,4-8,0.0,4-45,410.0,0.0,7.3,5.6,59
401754615,2025.0,3.0,regular,home,2623.0,Missouri State,Conference USA,2567.0,SMU,ACC,23-38,0.0,19.0,0-1,0.0,1.0,0.0,0.0,3.0,0.0,21.0,1.0,4.0,275.0,4.0,1.0,1.0,31:30,,,,1.0,27.0,0.0,53.0,2.0,49.0,5.0,0-12,0.0,7-72,328.0,3.0,7.2,2.0,10
401754615,2025.0,3.0,regular,away,2567.0,SMU,ACC,2623.0,Missouri State,Conference USA,24-36,0.0,24.0,0-0,1.0,0.0,0.0,16.0,1.0,0.0,14.0,1.0,4.0,281.0,3.0,3.0,1.0,28:30,0.0,42.0,2.0,4.0,34.0,3.0,167.0,5.0,33.0,9.0,7-15,1.0,12-130,448.0,2.0,7.8,4.9,28
401752702,2025.0,3.0,regular,home,142.0,Missouri,SEC,309.0,Louisiana,Sun Belt,17-24,0.0,32.0,1-1,0.0,0.0,,,1.0,0.0,22.0,1.0,10.0,179.0,4.0,,2.0,42:51,0.0,8.0,3.0,3.0,62.0,5.0,427.0,2.0,15.0,8.0,9-13,2.0,3-35,606.0,1.0,7.5,6.9,52
401752702,2025.0,3.0,regular,away,309.0,Louisiana,Sun Belt,142.0,Missouri,SEC,2-14,0.0,4.0,0-0,0.0,,0.0,1.0,0.0,0.0,48.0,4.0,4.0,4.0,1.0,1.0,0.0,17:09,,,,1.0,22.0,1.0,117.0,2.0,39.0,4.0,1-11,,6-32,121.0,0.0,0.3,5.3,10
401754535,2025.0,3.0,regular,away,58.0,South Florida,American Athletic,2390.0,Miami,ACC,24-41,0.0,15.0,0-2,1.0,0.0,0.0,27.0,1.0,,,,6.0,292.0,1.0,2.0,1.0,23:59,0.0,0.0,1.0,1.0,27.0,0.0,40.0,1.0,39.0,2.0,7-19,1.0,2-15,332.0,2.0,7.1,1.5,12
401754535,2025.0,3.0,regular,home,2390.0,Miami,ACC,58.0,South Florida,American Athletic,25-30,0.0,27.0,1-1,0.0,1.0,0.0,0.0,2.0,,,,7.0,371.0,7.0,1.0,3.0,36:01,0.0,18.0,2.0,1.0,38.0,4.0,205.0,2.0,26.0,4.0,7-11,0.0,9-69,576.0,2.0,12.4,5.4,49
401757256,2025.0,3.0,regular,away,2335.0,Liberty,Conference USA,189.0,Bowling Green,Mid-American,13-25,0.0,16.0,1-3,2.0,0.0,,,2.0,0.0,31.0,3.0,1.0,194.0,5.0,,1.0,28:51,,,,1.0,38.0,1.0,138.0,1.0,34.0,4.0,4-12,3.0,6-48,332.0,4.0,7.8,3.6,13
401757256,2025.0,3.0,regular,home,189.0,Bowling Green,Mid-American,2335.0,Liberty,Conference USA,16-32,0.0,17.0,1-1,0.0,2.0,0.0,4.0,0.0,0.0,0.0,1.0,11.0,146.0,3.0,2.0,1.0,31:09,0.0,25.0,1.0,2.0,36.0,1.0,158.0,4.0,36.0,7.0,6-17,0.0,13-105,304.0,0.0,4.6,4.4,23
401757233,2025.0,3.0,regular,home,2229.0,Florida International,Conference USA,2226.0,Florida Atlantic,American Athletic,18-24,0.0,17.0,0-1,1.0,0.0,0.0,55.0,0.0,0.0,19.0,1.0,8.0,184.0,4.0,3.0,1.0,33:55,0.0,33.0,1.0,2.0,40.0,4.0,224.0,2.0,44.0,5.0,3-12,4.0,6-50,408.0,1.0,7.7,5.6,38
401757233,2025.0,3.0,regular,away,2226.0,Florida Atlantic,American Athletic,2229.0,Florida International,Conference USA,33-51,1.0,24.0,2-6,0.0,1.0,,,3.0,0.0,99.0,4.0,4.0,343.0,2.0,,2.0,26:05,1.0,31.0,3.0,0.0,31.0,1.0,135.0,1.0,37.0,9.0,8-18,1.0,11-92,478.0,3.0,6.7,4.4,28
401752827,2025.0,3.0,regular,away,195.0,Ohio,Mid-American,194.0,Ohio State,Big Ten,10-21,0.0,9.0,2-3,0.0,0.0,0.0,4.0,0.0,,,,3.0,113.0,4.0,2.0,1.0,27:17,,,,1.0,34.0,0.0,68.0,1.0,42.0,2.0,3-15,1.0,3-25,181.0,0.0,5.4,2.0,9
401752827,2025.0,3.0,regular,home,194.0,Ohio State,Big Ten,195.0,Ohio,Mid-American,25-32,0.0,28.0,0-1,0.0,0.0,,,2.0,0.0,3.0,1.0,13.0,347.0,4.0,,3.0,32:43,0.0,20.0,3.0,4.0,30.0,1.0,226.0,4.0,25.0,7.0,5-9,1.0,6-50,573.0,2.0,10.8,7.5,37
401752829,2025.0,3.0,regular,away,2711.0,Western Michigan,Mid-American,356.0,Illinois,Big Ten,13-24,0.0,12.0,0-2,0.0,,,,0.0,0.0,20.0,1.0,0.0,91.0,1.0,,0.0,28:27,0.0,0.0,1.0,2.0,34.0,0.0,113.0,2.0,29.0,5.0,3-14,,6-68,204.0,0.0,3.8,3.3,0
401752829,2025.0,3.0,regular,home,356.0,Illinois,Big Ten,2711.0,Western Michigan,Mid-American,17-26,0.0,20.0,0-0,0.0,,,,0.0,,,,8.0,196.0,4.0,,2.0,31:33,0.0,19.0,2.0,1.0,37.0,3.0,162.0,3.0,35.0,9.0,7-12,,5-46,358.0,0.0,7.5,4.4,38
401760368,2025.0,3.0,regular,away,2005.0,Air Force,Mountain West,328.0,Utah State,Mountain West,11-23,0.0,23.0,5-5,1.0,0.0,,,2.0,0.0,36.0,2.0,4.0,179.0,0.0,,0.0,38:11,,,,2.0,61.0,4.0,266.0,3.0,27.0,5.0,8-18,2.0,4-35,445.0,3.0,7.8,4.4,30
401760368,2025.0,3.0,regular,home,328.0,Utah State,Mountain West,2005.0,Air Force,Mountain West,17-22,0.0,22.0,0-0,0.0,1.0,0.0,18.0,0.0,,,,7.0,287.0,3.0,2.0,2.0,21:49,0.0,5.0,1.0,2.0,34.0,5.0,186.0,2.0,27.0,3.0,4-9,0.0,5-28,473.0,0.0,13.0,5.5,49
401756893,2025.0,3.0,regular,home,248.0,Houston,Big 12,38.0,Colorado,Big 12,15-24,0.0,21.0,2-3,0.0,0.0,0.0,40.0,0.0,0.0,21.0,1.0,18.0,222.0,2.0,2.0,0.0,36:45,0.0,12.0,2.0,1.0,53.0,3.0,209.0,3.0,30.0,7.0,7-18,1.0,4-35,431.0,0.0,9.3,3.9,36
401756893,2025.0,3.0,regular,away,38.0,Colorado,Big 12,248.0,Houston,Big 12,19-35,0.0,15.0,1-2,0.0,0.0,,,2.0,0.0,173.0,7.0,2.0,204.0,2.0,,1.0,23:15,,,,5.0,23.0,2.0,96.0,2.0,48.0,4.0,4-14,2.0,6-45,300.0,2.0,5.8,4.2,20
401752840,2025.0,3.0,regular,home,25.0,California,ACC,135.0,Minnesota,Big Ten,24-39,0.0,19.0,0-1,0.0,1.0,0.0,0.0,0.0,,,,9.0,279.0,7.0,1.0,3.0,26:04,0.0,6.0,1.0,3.0,24.0,0.0,61.0,2.0,30.0,4.0,6-13,0.0,8-59,340.0,0.0,7.2,2.5,27
401752840,2025.0,3.0,regular,away,135.0,Minnesota,Big Ten,25.0,California,ACC,19-32,0.0,19.0,0-2,1.0,0.0,,,1.0,0.0,60.0,3.0,2.0,205.0,1.0,,1.0,33:56,0.0,0.0,2.0,2.0,37.0,1.0,130.0,3.0,20.0,6.0,7-15,1.0,8-85,335.0,2.0,6.4,3.5,14
401760370,2025.0,3.0,regular,home,62.0,Hawai'i,Mountain West,2502.0,Portland State,Big Sky,27-45,0.0,18.0,1-1,0.0,0.0,0.0,4.0,0.0,0.0,13.0,1.0,11.0,250.0,5.0,1.0,2.0,34:07,,,,3.0,29.0,0.0,107.0,3.0,33.0,6.0,9-19,1.0,13-138,357.0,0.0,5.6,3.7,23
401760370,2025.0,3.0,regular,away,2502.0,Portland State,Big Sky,62.0,Hawai'i,Mountain West,23-35,0.0,16.0,0-3,0.0,0.0,,,1.0,0.0,53.0,3.0,3.0,189.0,8.0,,0.0,25:53,0.0,18.0,3.0,0.0,22.0,0.0,43.0,2.0,36.0,3.0,4-13,1.0,7-65,232.0,1.0,5.4,2.0,3
401752701,2025.0,3.0,regular,home,344.0,Mississippi State,SEC,2016.0,Alcorn State,SWAC,13-18,0.0,22.0,2-2,0.0,2.0,0.0,-11.0,1.0,,,,9.0,232.0,3.0,1.0,3.0,28:12,0.0,98.0,4.0,1.0,36.0,6.0,282.0,1.0,18.0,5.0,4-6,0.0,10-75,514.0,1.0,12.9,7.8,63
401752701,2025.0,3.0,regular,away,2016.0,Alcorn State,SWAC,344.0,Mississippi State,SEC,13-21,0.0,9.0,0-0,2.0,0.0,0.0,14.0,1.0,0.0,49.0,4.0,0.0,87.0,0.0,1.0,0.0,26:48,,,,4.0,27.0,0.0,68.0,0.0,25.0,2.0,3-12,3.0,9-70,155.0,3.0,4.1,2.5,0
401757235,2025.0,3.0,regular,home,338.0,Kennesaw State,Conference USA,2771.0,Merrimack,FCS Independents,21-31,0.0,21.0,2-2,0.0,,,,1.0,0.0,39.0,1.0,9.0,196.0,3.0,,1.0,23:47,0.0,7.0,1.0,0.0,32.0,2.0,173.0,4.0,44.0,14.0,5-12,,12-102,369.0,1.0,6.3,5.4,27
401757235,2025.0,3.0,regular,away,2771.0,Merrimack,FCS Independents,338.0,Kennesaw State,Conference USA,13-25,1.0,16.0,1-3,0.0,0.0,1.0,85.0,0.0,0.0,80.0,5.0,1.0,215.0,1.0,1.0,0.0,36:48,,,,0.0,38.0,1.0,79.0,1.0,47.0,2.0,8-16,1.0,12-83,294.0,0.0,8.6,2.1,13
401761606,2025.0,3.0,regular,home,276.0,Marshall,Sun Belt,2198.0,Eastern Kentucky,UAC,8-14,0.0,21.0,1-2,2.0,0.0,0.0,60.0,0.0,0.0,26.0,2.0,8.0,114.0,4.0,2.0,2.0,34:04,0.0,73.0,5.0,7.0,57.0,3.0,263.0,5.0,16.0,10.0,6-16,2.0,8-75,377.0,2.0,8.1,4.6,38
401761606,2025.0,3.0,regular,away,2198.0,Eastern Kentucky,UAC,276.0,Marshall,Sun Belt,8-24,0.0,10.0,0-0,0.0,2.0,,,2.0,,,,1.0,91.0,2.0,,1.0,25:56,,,,3.0,28.0,0.0,11.0,3.0,32.0,5.0,2-13,0.0,7-67,102.0,2.0,3.8,0.4,7
401762464,2025.0,3.0,regular,home,2429.0,Charlotte,American Athletic,2405.0,Monmouth,CAA,26-30,0.0,29.0,1-2,2.0,0.0,,,1.0,0.0,123.0,4.0,6.0,382.0,2.0,,3.0,33:08,0.0,22.0,1.0,1.0,42.0,3.0,181.0,4.0,33.0,6.0,8-12,3.0,11-103,563.0,3.0,12.7,4.3,42
401762464,2025.0,3.0,regular,away,2405.0,Monmouth,CAA,2429.0,Charlotte,American Athletic,36-49,0.0,28.0,1-4,0.0,2.0,0.0,0.0,0.0,,,,5.0,410.0,1.0,1.0,4.0,26:52,,,,1.0,23.0,1.0,48.0,1.0,38.0,4.0,5-12,0.0,6-65,458.0,0.0,8.4,2.1,35
401761605,2025.0,3.0,regular,away,93.0,Murray State,MVFC,2247.0,Georgia State,Sun Belt,19-30,0.0,22.0,1-3,1.0,1.0,0.0,0.0,0.0,,,,1.0,159.0,5.0,2.0,1.0,29:05,0.0,22.0,1.0,0.0,42.0,2.0,123.0,0.0,41.0,1.0,4-14,1.0,2-25,282.0,1.0,5.3,2.9,21
401761605,2025.0,3.0,regular,home,2247.0,Georgia State,Sun Belt,93.0,Murray State,MVFC,21-30,0.0,18.0,2-2,1.0,1.0,,,2.0,0.0,70.0,5.0,5.0,288.0,6.0,,4.0,30:55,0.0,-4.0,1.0,2.0,32.0,1.0,166.0,2.0,41.0,7.0,5-11,2.0,13-132,454.0,3.0,9.6,5.2,37
401762466,2025.0,3.0,regular,away,2504.0,Prairie View A&M,SWAC,242.0,Rice,American Athletic,13-28,0.0,18.0,0-1,0.0,0.0,,,0.0,0.0,17.0,1.0,5.0,151.0,4.0,,1.0,23:38,,,,2.0,32.0,1.0,100.0,1.0,38.0,9.0,7-15,1.0,7-54,251.0,0.0,5.4,3.1,17
401762466,2025.0,3.0,regular,home,242.0,Rice,American Athletic,2504.0,Prairie View A&M,SWAC,12-19,0.0,28.0,3-4,0.0,0.0,,,0.0,0.0,11.0,1.0,8.0,114.0,3.0,,2.0,36:22,0.0,4.0,2.0,2.0,60.0,3.0,347.0,2.0,28.0,7.0,6-14,2.0,6-58,461.0,0.0,6.0,5.8,38
401756894,2025.0,3.0,regular,home,2628.0,TCU,Big 12,2000.0,Abilene Christian,UAC,25-32,0.0,24.0,1-1,0.0,,,,1.0,0.0,116.0,5.0,6.0,361.0,3.0,,4.0,23:17,,,,2.0,27.0,2.0,129.0,4.0,44.0,7.0,9-11,,4-46,490.0,1.0,11.3,4.8,42
401756894,2025.0,3.0,regular,away,2000.0,Abilene Christian,UAC,2628.0,TCU,Big 12,22-29,0.0,27.0,0-0,0.0,,0.0,-3.0,0.0,0.0,18.0,1.0,3.0,276.0,0.0,1.0,2.0,36:43,,,,0.0,46.0,1.0,177.0,0.0,36.0,3.0,12-17,,3-35,453.0,0.0,9.5,3.8,21
401754531,2025.0,3.0,regular,home,154.0,Wake Forest,ACC,152.0,NC State,ACC,21-35,1.0,12.0,1-2,0.0,,,,2.0,1.0,109.0,2.0,6.0,252.0,4.0,,0.0,21:55,0.0,1.0,1.0,1.0,22.0,2.0,59.0,1.0,34.0,10.0,6-15,,8-82,311.0,2.0,7.2,2.7,24
401754531,2025.0,3.0,regular,away,152.0,NC State,ACC,154.0,Wake Forest,ACC,23-32,1.0,24.0,2-2,0.0,,1.0,46.0,0.0,0.0,19.0,1.0,10.0,201.0,3.0,2.0,3.0,38:05,0.0,13.0,2.0,2.0,44.0,0.0,205.0,1.0,29.0,3.0,7-18,,10-94,406.0,0.0,6.3,4.7,34
401767098,2025.0,3.0,regular,home,149.0,Montana,Big Sky,155.0,North Dakota,MVFC,25-39,,18.0,1-1,0.0,,0.0,0.0,2.0,0.0,77.0,3.0,6.0,300.0,,1.0,2.0,29:23,0.0,10.0,5.0,,35.0,1.0,68.0,,,,5-18,,7-63,368.0,2.0,7.7,1.9,24
401767098,2025.0,3.0,regular,away,155.0,North Dakota,MVFC,149.0,Montana,Big Sky,17-41,,19.0,0-2,0.0,,0.0,0.0,1.0,0.0,42.0,2.0,5.0,258.0,,2.0,3.0,30:37,0.0,10.0,2.0,,41.0,0.0,202.0,,,,6-18,,9-81,460.0,1.0,6.3,4.9,23
401767173,2025.0,3.0,regular,home,2197.0,Eastern Illinois,Big South-OVC,2287.0,Illinois State,MVFC,28-44,,20.0,1-3,0.0,,,,2.0,0.0,59.0,4.0,6.0,411.0,,,4.0,29:30,0.0,15.0,2.0,,27.0,0.0,36.0,,,,3-14,,7-54,447.0,2.0,9.3,1.3,30
401767173,2025.0,3.0,regular,away,2287.0,Illinois State,MVFC,2197.0,Eastern Illinois,Big South-OVC,24-35,,24.0,1-2,0.0,,0.0,0.0,0.0,0.0,41.0,2.0,6.0,299.0,,2.0,3.0,30:30,0.0,6.0,3.0,,37.0,3.0,186.0,,,,7-17,,8-80,485.0,0.0,8.5,5.0,42
401767421,2025.0,3.0,regular,home,2296.0,Jackson State,SWAC,2657.0,Tuskegee,SIAC,15-22,,25.0,1-1,0.0,0.0,,,1.0,0.0,37.0,2.0,4.0,259.0,,,1.0,36:38,0.0,4.0,2.0,,50.0,3.0,252.0,,,,8-13,2.0,10-113,511.0,1.0,11.8,5.0,30
401767421,2025.0,3.0,regular,away,2657.0,Tuskegee,SIAC,2296.0,Jackson State,SWAC,11-20,,7.0,0-0,0.0,,0.0,0.0,0.0,0.0,38.0,3.0,0.0,85.0,,1.0,0.0,23:22,0.0,3.0,1.0,,20.0,0.0,24.0,,,,2-11,,7-36,109.0,0.0,4.3,1.2,0
401767141,2025.0,3.0,regular,away,231.0,Furman,Southern,2097.0,Campbell,CAA,26-36,,23.0,0-0,0.0,,,,1.0,0.0,16.0,1.0,8.0,314.0,,,2.0,27:31,,,,,22.0,1.0,71.0,,,,7-13,,4-40,385.0,1.0,8.7,3.2,28
401767141,2025.0,3.0,regular,home,2097.0,Campbell,CAA,231.0,Furman,Southern,34-43,,24.0,2-4,0.0,0.0,0.0,1.0,0.0,,,,6.0,294.0,,1.0,1.0,32:29,,,,,35.0,2.0,95.0,,,,7-15,1.0,5-34,389.0,0.0,6.8,2.7,24
401767217,2025.0,3.0,regular,home,2449.0,North Dakota State,MVFC,2546.0,Southeast Missouri State,Big South-OVC,16-24,,22.0,1-1,0.0,,0.0,0.0,0.0,,,,11.0,348.0,,1.0,4.0,30:48,0.0,-3.0,1.0,,35.0,1.0,216.0,,,,2-10,,7-74,564.0,0.0,14.5,6.2,41
401767217,2025.0,3.0,regular,away,2546.0,Southeast Missouri State,Big South-OVC,2449.0,North Dakota State,MVFC,13-25,,12.0,1-1,0.0,,,,1.0,0.0,45.0,3.0,2.0,153.0,,,1.0,29:12,0.0,0.0,1.0,,32.0,1.0,64.0,,,,6-15,,8-70,217.0,1.0,6.1,2.0,14
401767322,2025.0,3.0,regular,home,2619.0,Stony Brook,CAA,2230.0,Fordham,Patriot,21-28,,20.0,0-1,1.0,1.0,1.0,67.0,1.0,0.0,33.0,2.0,11.0,260.0,,2.0,3.0,27:08,0.0,18.0,3.0,,38.0,1.0,181.0,,,,3-12,1.0,8-70,441.0,2.0,9.3,4.8,41
401767322,2025.0,3.0,regular,away,2230.0,Fordham,Patriot,2619.0,Stony Brook,CAA,16-33,,15.0,1-2,1.0,1.0,0.0,8.0,2.0,0.0,87.0,5.0,4.0,163.0,,1.0,1.0,32:52,0.0,2.0,1.0,,44.0,1.0,124.0,,,,8-21,3.0,3-11,287.0,3.0,4.9,2.8,18
401767588,2025.0,3.0,regular,home,2083.0,Bucknell,Patriot,2678.0,VMI,Southern,21-28,,18.0,1-1,0.0,,,,1.0,0.0,51.0,2.0,5.0,405.0,,,5.0,29:32,0.0,13.0,1.0,,36.0,0.0,71.0,,,,8-15,,10-122,476.0,1.0,14.5,2.0,35
401767588,2025.0,3.0,regular,away,2678.0,VMI,Southern,2083.0,Bucknell,Patriot,21-38,,18.0,0-1,0.0,0.0,0.0,0.0,0.0,0.0,68.0,3.0,4.0,362.0,,1.0,3.0,30:28,0.0,8.0,2.0,,28.0,1.0,59.0,,,,7-15,1.0,7-55,421.0,0.0,9.5,2.1,28
401767161,2025.0,3.0,regular,home,2127.0,Charleston Southern,Big South-OVC,2815.0,Lindenwood,Big South-OVC,23-33,,18.0,0-0,1.0,0.0,,,1.0,0.0,61.0,3.0,4.0,289.0,,,1.0,31:55,0.0,71.0,5.0,,33.0,3.0,153.0,,,,9-16,2.0,11-115,442.0,2.0,8.8,4.6,28
401767161,2025.0,3.0,regular,away,2815.0,Lindenwood,Big South-OVC,2127.0,Charleston Southern,Big South-OVC,20-34,,22.0,0-0,0.0,1.0,0.0,23.0,0.0,,,,5.0,246.0,,1.0,1.0,28:05,0.0,31.0,1.0,,29.0,4.0,83.0,,,,6-13,1.0,2-20,329.0,0.0,7.2,2.9,35
401767225,2025.0,3.0,regular,home,2634.0,Tennessee State,Big South-OVC,2010.0,Alabama A&M,SWAC,17-27,,21.0,0-0,1.0,0.0,,,1.0,0.0,135.0,5.0,3.0,157.0,,,1.0,35:44,0.0,2.0,2.0,,41.0,2.0,179.0,,,,7-15,2.0,4-35,336.0,2.0,5.8,4.4,21
401767225,2025.0,3.0,regular,away,2010.0,Alabama A&M,SWAC,2634.0,Tennessee State,Big South-OVC,23-35,,19.0,1-1,0.0,1.0,0.0,0.0,0.0,0.0,39.0,2.0,11.0,355.0,,1.0,2.0,24:16,0.0,27.0,2.0,,26.0,0.0,70.0,,,,3-12,1.0,9-81,425.0,0.0,10.1,2.7,23
401767060,2025.0,3.0,regular,home,2460.0,Northern Iowa,MVFC,331.0,Eastern Washington,Big Sky,23-35,,23.0,0-1,1.0,0.0,,,1.0,,,,5.0,359.0,,,2.0,36:20,,,,,40.0,0.0,136.0,,,,9-17,1.0,10-70,495.0,2.0,10.3,3.4,17
401767060,2025.0,3.0,regular,away,331.0,Eastern Washington,Big Sky,2460.0,Northern Iowa,MVFC,21-35,,16.0,2-2,0.0,1.0,0.0,25.0,0.0,0.0,29.0,2.0,2.0,159.0,,1.0,0.0,23:40,0.0,10.0,2.0,,25.0,2.0,117.0,,,,2-12,0.0,9-88,276.0,0.0,4.5,4.7,14
401767030,2025.0,3.0,regular,away,2060.0,Bentley,Northeast 10,2803.0,Bryant,CAA,21-33,,12.0,1-3,0.0,2.0,0.0,9.0,1.0,0.0,78.0,5.0,,170.0,,1.0,1.0,29:28,,,,,25.0,0.0,24.0,,,,4-14,1.0,13-122,194.0,1.0,5.2,1.0,6
401767030,2025.0,3.0,regular,home,2803.0,Bryant,CAA,2060.0,Bentley,Northeast 10,24-33,,26.0,0-0,2.0,0.0,0.0,10.0,1.0,0.0,47.0,2.0,6.0,255.0,,1.0,2.0,30:32,1.0,35.0,2.0,,28.0,3.0,140.0,,,,7-10,3.0,8-85,395.0,3.0,7.7,5.0,42
401767190,2025.0,3.0,regular,away,284.0,Stonehill,NEC,311.0,Maine,CAA,14-26,,15.0,2-2,1.0,1.0,,,0.0,0.0,18.0,1.0,7.0,132.0,,,0.0,32:44,0.0,27.0,4.0,,34.0,0.0,65.0,,,,5-16,1.0,4-30,197.0,1.0,5.1,1.9,13
401767190,2025.0,3.0,regular,home,311.0,Maine,CAA,284.0,Stonehill,NEC,15-26,,11.0,0-2,1.0,1.0,,,0.0,0.0,48.0,2.0,4.0,95.0,,,0.0,27:16,0.0,3.0,2.0,,29.0,1.0,171.0,,,,3-12,3.0,6-70,266.0,1.0,3.7,5.9,10
401767300,2025.0,3.0,regular,home,2698.0,West Georgia,UAC,2193.0,East Tennessee State,Southern,18-34,,27.0,2-2,1.0,0.0,0.0,14.0,3.0,0.0,82.0,3.0,9.0,263.0,,2.0,3.0,36:46,0.0,-2.0,3.0,,45.0,1.0,194.0,,,,7-17,1.0,7-78,457.0,4.0,7.7,4.3,35
401767300,2025.0,3.0,regular,away,2193.0,East Tennessee State,Southern,2698.0,West Georgia,UAC,14-22,,18.0,1-2,0.0,1.0,0.0,13.0,2.0,0.0,24.0,1.0,7.0,184.0,,3.0,3.0,23:14,,,,,40.0,1.0,105.0,,,,5-13,0.0,8-86,289.0,2.0,8.4,2.6,31
401767411,2025.0,3.0,regular,home,2428.0,North Carolina Central,MEAC,2220.0,Fayetteville State,CIAA,24-37,,24.0,1-1,1.0,1.0,1.0,28.0,1.0,0.0,58.0,4.0,11.0,398.0,,1.0,3.0,30:53,0.0,10.0,2.0,,31.0,2.0,101.0,,,,9-14,1.0,7-68,499.0,2.0,10.8,3.3,49
401767411,2025.0,3.0,regular,away,2220.0,Fayetteville State,CIAA,2428.0,North Carolina Central,MEAC,10-17,,10.0,0-0,1.0,1.0,0.0,0.0,1.0,0.0,53.0,5.0,7.0,84.0,,1.0,1.0,29:07,0.0,24.0,1.0,,36.0,1.0,150.0,,,,6-14,1.0,11-86,234.0,2.0,4.9,4.2,19
401767159,2025.0,3.0,regular,home,2377.0,McNeese,Southland,2692.0,Weber State,Big Sky,20-39,,21.0,1-2,0.0,,0.0,17.0,2.0,0.0,53.0,3.0,5.0,278.0,,2.0,2.0,27:17,0.0,3.0,1.0,,33.0,4.0,259.0,,,,8-16,,7-62,537.0,2.0,7.1,7.8,41
401767159,2025.0,3.0,regular,away,2692.0,Weber State,Big Sky,2377.0,McNeese,Southland,11-20,,21.0,1-1,0.0,,1.0,20.0,2.0,0.0,82.0,4.0,6.0,218.0,,2.0,1.0,32:43,0.0,-2.0,1.0,,49.0,4.0,229.0,,,,9-16,,5-58,447.0,2.0,10.9,4.7,42
401767181,2025.0,3.0,regular,away,2261.0,Hampton,CAA,2448.0,North Carolina A&T,CAA,12-24,,15.0,1-1,0.0,,,,0.0,0.0,72.0,4.0,12.0,153.0,,,2.0,32:41,0.0,7.0,1.0,,40.0,1.0,168.0,,,,5-16,,9-76,321.0,0.0,6.4,4.2,30
401767181,2025.0,3.0,regular,home,2448.0,North Carolina A&T,CAA,2261.0,Hampton,CAA,14-27,,16.0,0-0,0.0,,,,0.0,0.0,49.0,4.0,9.0,144.0,,,1.0,27:19,0.0,33.0,4.0,,44.0,3.0,166.0,,,,7-19,,7-57,310.0,0.0,5.3,3.8,33
401767202,2025.0,3.0,regular,home,2241.0,Gardner-Webb,Big South-OVC,2643.0,The Citadel,Southern,15-25,,16.0,1-1,0.0,1.0,,,0.0,0.0,32.0,1.0,11.0,216.0,,,2.0,28:23,0.0,0.0,1.0,,33.0,0.0,118.0,,,,4-13,0.0,4-18,334.0,0.0,8.6,3.6,23
401767202,2025.0,3.0,regular,away,2643.0,The Citadel,Southern,2241.0,Gardner-Webb,Big South-OVC,6-11,,14.0,0-1,1.0,0.0,,,0.0,0.0,12.0,1.0,1.0,97.0,,,1.0,31:37,0.0,20.0,3.0,,49.0,1.0,210.0,,,,6-14,1.0,3-27,307.0,1.0,8.8,4.3,13
401767235,2025.0,3.0,regular,home,2630.0,UT Martin,Big South-OVC,79.0,Southern Illinois,MVFC,23-32,,16.0,0-2,1.0,1.0,0.0,13.0,1.0,,,,4.0,178.0,,2.0,1.0,30:55,0.0,20.0,1.0,,28.0,0.0,113.0,,,,5-13,1.0,8-55,291.0,2.0,5.6,4.0,10
401767235,2025.0,3.0,regular,away,79.0,Southern Illinois,MVFC,2630.0,UT Martin,Big South-OVC,13-18,,22.0,1-1,1.0,1.0,0.0,0.0,2.0,0.0,64.0,2.0,7.0,217.0,,1.0,1.0,29:05,,,,,39.0,4.0,273.0,,,,4-9,1.0,7-47,490.0,3.0,12.1,7.0,37
401756889,2025.0,3.0,regular,away,326.0,Texas State,Sun Belt,9.0,Arizona State,Big 12,25-36,0.0,21.0,4-6,2.0,0.0,,,0.0,0.0,69.0,2.0,3.0,184.0,2.0,,1.0,29:17,,,,2.0,42.0,1.0,119.0,3.0,35.0,5.0,5-16,3.0,1-10,303.0,2.0,5.1,2.8,15
401756889,2025.0,3.0,regular,home,9.0,Arizona State,Big 12,326.0,Texas State,Sun Belt,15-25,0.0,21.0,2-3,0.0,2.0,,,0.0,0.0,29.0,1.0,10.0,188.0,5.0,,2.0,30:43,,,,4.0,42.0,2.0,245.0,5.0,50.0,10.0,5-13,0.0,5-40,433.0,0.0,7.5,5.8,34
401754533,2025.0,3.0,regular,away,103.0,Boston College,ACC,24.0,Stanford,ACC,30-44,0.0,19.0,0-1,2.0,0.0,,,1.0,0.0,38.0,2.0,8.0,333.0,2.0,,1.0,28:16,0.0,12.0,1.0,3.0,23.0,1.0,56.0,1.0,32.0,3.0,5-13,2.0,5-30,389.0,3.0,7.6,2.4,20
401754533,2025.0,3.0,regular,home,24.0,Stanford,ACC,103.0,Boston College,ACC,13-22,1.0,15.0,0-1,0.0,2.0,1.0,19.0,0.0,0.0,29.0,2.0,12.0,186.0,3.0,1.0,1.0,31:44,0.0,3.0,1.0,4.0,34.0,1.0,223.0,2.0,39.0,5.0,5-14,0.0,4-30,409.0,0.0,8.5,6.6,30
401752837,2025.0,3.0,regular,home,26.0,UCLA,Big Ten,167.0,New Mexico,Mountain West,22-34,0.0,15.0,0-1,0.0,2.0,,,1.0,0.0,27.0,2.0,4.0,217.0,2.0,,1.0,23:22,0.0,2.0,1.0,1.0,22.0,0.0,109.0,0.0,36.0,0.0,3-11,0.0,13-116,326.0,1.0,6.4,5.0,10
401752837,2025.0,3.0,regular,away,167.0,New Mexico,Mountain West,26.0,UCLA,Big Ten,12-17,0.0,22.0,2-4,2.0,0.0,0.0,11.0,0.0,,,,5.0,152.0,7.0,1.0,2.0,36:38,0.0,-3.0,3.0,0.0,46.0,3.0,298.0,0.0,30.0,2.0,4-10,3.0,4-29,450.0,2.0,8.9,6.5,35
401756888,2025.0,3.0,regular,away,2306.0,Kansas State,Big 12,12.0,Arizona,Big 12,13-29,0.0,8.0,0-4,1.0,1.0,0.0,0.0,0.0,,,,5.0,88.0,6.0,1.0,0.0,23:05,0.0,16.0,2.0,2.0,24.0,2.0,105.0,2.0,38.0,4.0,3-13,1.0,2-30,193.0,1.0,3.0,4.4,17
401756888,2025.0,3.0,regular,home,12.0,Arizona,Big 12,2306.0,Kansas State,Big 12,16-34,0.0,21.0,1-2,1.0,1.0,,,1.0,,,,11.0,178.0,8.0,,0.0,36:55,0.0,26.0,4.0,6.0,45.0,2.0,234.0,1.0,20.0,9.0,8-18,1.0,7-56,412.0,2.0,5.2,5.2,23
401767237,2025.0,3.0,regular,home,2710.0,Western Illinois,Big South-OVC,2674.0,Valparaiso,Pioneer,14-23,,27.0,3-3,0.0,,,,2.0,0.0,116.0,5.0,,261.0,,,4.0,29:34,0.0,55.0,3.0,,41.0,3.0,246.0,,,,3-10,,5-31,507.0,2.0,11.3,6.0,51
401767237,2025.0,3.0,regular,away,2674.0,Valparaiso,Pioneer,2710.0,Western Illinois,Big South-OVC,18-27,,15.0,1-2,0.0,,0.0,19.0,0.0,0.0,149.0,4.0,,159.0,,2.0,1.0,30:26,,,,,33.0,2.0,122.0,,,,6-14,,9-60,281.0,0.0,5.9,3.7,30
401767248,2025.0,3.0,regular,home,2046.0,Austin Peay,UAC,2413.0,Morehead State,Pioneer,18-23,,30.0,0-0,0.0,,0.0,23.0,0.0,0.0,15.0,1.0,8.0,271.0,,1.0,1.0,36:52,,,,,49.0,7.0,429.0,,,,10-12,,4-45,700.0,0.0,11.8,8.8,56
401767248,2025.0,3.0,regular,away,2413.0,Morehead State,Pioneer,2046.0,Austin Peay,UAC,19-31,,10.0,0-0,0.0,,,,1.0,,,,1.0,172.0,,,1.0,23:08,,,,,19.0,0.0,6.0,,,,3-13,,1-5,178.0,1.0,5.5,0.3,7
401767305,2025.0,3.0,regular,home,2110.0,Central Arkansas,UAC,2627.0,Tarleton State,UAC,12-21,,18.0,0-4,1.0,0.0,,,1.0,0.0,77.0,4.0,4.0,163.0,,,1.0,27:37,,,,,43.0,0.0,131.0,,,,4-13,2.0,6-49,294.0,2.0,7.8,3.0,10
401767305,2025.0,3.0,regular,away,2627.0,Tarleton State,UAC,2110.0,Central Arkansas,UAC,10-16,,22.0,2-3,0.0,1.0,0.0,0.0,0.0,0.0,39.0,2.0,8.0,177.0,,1.0,3.0,32:23,0.0,43.0,2.0,,50.0,4.0,241.0,,,,8-14,0.0,4-34,418.0,0.0,11.1,4.8,56
401767380,2025.0,3.0,regular,home,2029.0,Arkansas-Pine Bluff,SWAC,124179.0,Lincoln (CA),Independent DII,16-27,,33.0,3-3,0.0,,0.0,29.0,3.0,0.0,10.0,2.0,4.0,201.0,,1.0,1.0,32:59,0.0,42.0,5.0,,51.0,4.0,324.0,,,,6-12,,12-100,525.0,3.0,7.4,6.4,34
401767380,2025.0,3.0,regular,away,124179.0,Lincoln (CA),Independent DII,2029.0,Arkansas-Pine Bluff,SWAC,13-25,,12.0,1-3,0.0,0.0,0.0,39.0,1.0,0.0,84.0,5.0,,145.0,,3.0,0.0,27:01,1.0,42.0,2.0,,23.0,0.0,36.0,,,,1-10,2.0,13-69,181.0,1.0,5.8,1.6,8
401767426,2025.0,3.0,regular,home,2545.0,SE Louisiana,Southland,2400.0,Mississippi Valley State,SWAC,16-20,,19.0,0-2,0.0,1.0,0.0,0.0,0.0,0.0,26.0,2.0,8.0,302.0,,1.0,5.0,29:10,1.0,118.0,5.0,,31.0,2.0,145.0,,,,5-9,0.0,4-35,447.0,0.0,15.1,4.7,56
401767426,2025.0,3.0,regular,away,2400.0,Mississippi Valley State,SWAC,2545.0,SE Louisiana,Southland,11-16,,9.0,0-1,1.0,0.0,,,1.0,0.0,64.0,4.0,3.0,61.0,,,0.0,30:50,0.0,-10.0,1.0,,38.0,0.0,103.0,,,,2-12,2.0,7-55,164.0,2.0,3.8,2.7,3
401767458,2025.0,3.0,regular,home,2640.0,Texas Southern,SWAC,2320.0,Lamar,Southland,13-23,,11.0,0-2,1.0,0.0,0.0,0.0,1.0,0.0,107.0,4.0,1.0,53.0,,1.0,0.0,27:22,,,,,31.0,1.0,143.0,,,,3-13,1.0,4-35,196.0,2.0,2.3,4.6,7
401767458,2025.0,3.0,regular,away,2320.0,Lamar,Southland,2640.0,Texas Southern,SWAC,12-22,,21.0,0-1,0.0,1.0,0.0,0.0,1.0,0.0,70.0,2.0,7.0,81.0,,1.0,0.0,32:38,1.0,54.0,4.0,,42.0,2.0,252.0,,,,5-11,0.0,4-40,333.0,1.0,3.7,6.0,31
401767639,2025.0,3.0,regular,away,101784.0,ERSKINE,Carolinas,2506.0,Presbyterian,Pioneer,11-18,,11.0,1-2,0.0,1.0,,,1.0,0.0,50.0,3.0,2.0,132.0,,,1.0,22:47,,,,,28.0,0.0,77.0,,,,2-11,3.0,11-69,209.0,1.0,7.3,2.8,14
401767639,2025.0,3.0,regular,home,2506.0,Presbyterian,Pioneer,101784.0,ERSKINE,Carolinas,17-28,,28.0,1-3,1.0,0.0,0.0,0.0,0.0,0.0,53.0,3.0,6.0,364.0,,1.0,3.0,37:13,0.0,17.0,1.0,,51.0,3.0,198.0,,,,7-13,1.0,11-112,562.0,1.0,13.0,3.9,42
401769832,2025.0,3.0,regular,home,50.0,Florida A&M,SWAC,2013.0,Albany State GA,SIAC,26-36,,26.0,1-1,0.0,1.0,,,1.0,0.0,76.0,3.0,9.0,371.0,,,2.0,34:58,,,,,34.0,2.0,91.0,,,,9-14,0.0,11-102,462.0,1.0,10.3,2.7,33
401769832,2025.0,3.0,regular,away,2013.0,Albany State GA,SIAC,50.0,Florida A&M,SWAC,17-31,,21.0,0-1,1.0,0.0,0.0,0.0,0.0,0.0,126.0,5.0,3.0,201.0,,1.0,1.0,25:02,0.0,30.0,1.0,,26.0,2.0,120.0,,,,6-11,1.0,6-42,321.0,1.0,6.5,4.6,25
401783278,2025.0,3.0,regular,home,399.0,UAlbany,CAA,2441.0,New Haven,NEC,31-54,,24.0,2-4,0.0,0.0,,,2.0,0.0,54.0,3.0,5.0,409.0,,,1.0,32:15,0.0,0.0,1.0,,25.0,1.0,40.0,,,,4-15,1.0,12-102,449.0,2.0,7.6,1.6,17
401783278,2025.0,3.0,regular,away,2441.0,New Haven,NEC,399.0,UAlbany,CAA,23-35,,20.0,0-0,0.0,,0.0,2.0,0.0,0.0,35.0,2.0,6.0,180.0,,2.0,3.0,27:45,0.0,-8.0,1.0,,29.0,0.0,114.0,,,,4-12,,8-80,294.0,0.0,5.1,3.9,24
401767071,2025.0,3.0,regular,home,13.0,Cal Poly,Big Sky,2848.0,Western Oregon,Lone Star,20-35,,23.0,1-3,0.0,,1.0,74.0,2.0,0.0,19.0,2.0,8.0,376.0,,2.0,4.0,28:58,0.0,38.0,3.0,,38.0,3.0,140.0,,,,7-14,,9-100,516.0,2.0,10.7,3.7,56
401767071,2025.0,3.0,regular,away,2848.0,Western Oregon,Lone Star,13.0,Cal Poly,Big Sky,23-40,,16.0,1-3,0.0,,0.0,23.0,2.0,0.0,216.0,10.0,1.0,261.0,,2.0,1.0,31:02,,,,,29.0,0.0,67.0,,,,3-16,,10-90,328.0,2.0,6.5,2.3,7
401754623,2025.0,3.0,regular,away,228.0,Clemson,ACC,59.0,Georgia Tech,ACC,15-26,0.0,17.0,1-1,1.0,,,,1.0,0.0,20.0,1.0,3.0,207.0,1.0,,1.0,27:55,0.0,24.0,2.0,0.0,35.0,2.0,174.0,1.0,47.0,8.0,7-12,,2-25,381.0,2.0,8.0,5.0,21
401754623,2025.0,3.0,regular,home,59.0,Georgia Tech,ACC,228.0,Clemson,ACC,20-28,0.0,18.0,0-2,0.0,1.0,0.0,45.0,0.0,,,,10.0,211.0,3.0,1.0,0.0,32:05,0.0,-2.0,1.0,0.0,42.0,2.0,147.0,0.0,31.0,0.0,8-15,0.0,3-16,358.0,0.0,7.5,3.5,24
401752831,2025.0,3.0,regular,home,77.0,Northwestern,Big Ten,2483.0,Oregon,Big Ten,11-22,0.0,15.0,2-4,0.0,0.0,0.0,-1.0,2.0,0.0,39.0,1.0,2.0,135.0,3.0,1.0,0.0,32:18,,,,2.0,37.0,2.0,178.0,0.0,25.0,4.0,3-11,1.0,4-27,313.0,2.0,6.1,4.8,14
401752831,2025.0,3.0,regular,away,2483.0,Oregon,Big Ten,77.0,Northwestern,Big Ten,19-26,0.0,21.0,0-0,0.0,,0.0,67.0,1.0,,,,10.0,197.0,4.0,2.0,1.0,27:42,0.0,9.0,1.0,1.0,30.0,3.0,176.0,2.0,19.0,4.0,7-11,,0-0,373.0,1.0,7.6,5.9,34
401761608,2025.0,3.0,regular,away,235.0,Memphis,American Athletic,2653.0,Troy,Sun Belt,17-27,0.0,21.0,1-2,1.0,0.0,0.0,-1.0,0.0,,,,4.0,213.0,7.0,1.0,1.0,36:55,0.0,10.0,4.0,4.0,45.0,3.0,217.0,4.0,14.0,8.0,6-15,1.0,7-65,430.0,1.0,7.9,4.8,28
401761608,2025.0,3.0,regular,home,2653.0,Troy,Sun Belt,235.0,Memphis,American Athletic,12-32,1.0,12.0,0-0,0.0,1.0,,,1.0,0.0,20.0,1.0,1.0,72.0,2.0,,0.0,23:05,,,,6.0,23.0,0.0,40.0,3.0,35.0,6.0,4-15,0.0,4-20,112.0,1.0,2.3,1.7,7
401752839,2025.0,3.0,regular,home,130.0,Michigan,Big Ten,2117.0,Central Michigan,Mid-American,16-25,0.0,35.0,1-2,0.0,1.0,0.0,0.0,1.0,0.0,16.0,1.0,9.0,235.0,4.0,1.0,1.0,33:07,0.0,2.0,3.0,2.0,52.0,8.0,390.0,3.0,38.0,6.0,8-11,0.0,4-45,625.0,1.0,9.4,7.5,63
401752839,2025.0,3.0,regular,away,2117.0,Central Michigan,Mid-American,130.0,Michigan,Big Ten,11-20,0.0,8.0,0-2,1.0,0.0,0.0,0.0,1.0,0.0,23.0,1.0,3.0,60.0,2.0,1.0,0.0,26:53,,,,0.0,31.0,0.0,82.0,0.0,41.0,1.0,6-15,1.0,1-6,142.0,2.0,3.0,2.6,3
401754638,2025.0,3.0,regular,home,277.0,West Virginia,Big 12,221.0,Pittsburgh,ACC,22-32,0.0,28.0,2-3,0.0,0.0,0.0,10.0,2.0,0.0,18.0,1.0,7.0,260.0,3.0,1.0,1.0,31:01,0.0,2.0,1.0,2.0,58.0,3.0,174.0,6.0,38.0,8.0,5-17,1.0,6-60,434.0,2.0,8.1,3.0,31
401754638,2025.0,3.0,regular,away,221.0,Pittsburgh,ACC,277.0,West Virginia,Big 12,22-38,0.0,15.0,1-2,0.0,0.0,0.0,22.0,1.0,0.0,17.0,3.0,10.0,303.0,3.0,2.0,1.0,28:59,0.0,28.0,3.0,0.0,33.0,1.0,47.0,3.0,47.0,8.0,4-17,1.0,14-118,350.0,1.0,8.0,1.4,24
401752938,2025.0,3.0,regular,home,2641.0,Texas Tech,Big 12,204.0,Oregon State,Pac-12,26-40,0.0,30.0,0-1,0.0,,0.0,0.0,2.0,0.0,36.0,2.0,9.0,466.0,5.0,2.0,4.0,31:00,0.0,13.0,1.0,12.0,39.0,2.0,135.0,3.0,27.0,6.0,9-15,,10-80,601.0,2.0,11.7,3.5,45
401752938,2025.0,3.0,regular,away,204.0,Oregon State,Pac-12,2641.0,Texas Tech,Big 12,25-46,0.0,17.0,2-2,0.0,,0.0,25.0,2.0,,,,2.0,276.0,3.0,2.0,2.0,29:00,,,,6.0,22.0,0.0,8.0,2.0,38.0,7.0,7-17,,4-23,284.0,2.0,6.0,0.4,14
401762819,2025.0,3.0,regular,home,2649.0,Toledo,Mid-American,2415.0,Morgan State,MEAC,27-37,0.0,31.0,0-1,1.0,1.0,,,0.0,,,,10.0,297.0,3.0,,3.0,33:59,0.0,112.0,7.0,2.0,47.0,5.0,260.0,3.0,27.0,11.0,7-14,1.0,7-65,557.0,1.0,8.0,5.5,60
401762819,2025.0,3.0,regular,away,2415.0,Morgan State,MEAC,2649.0,Toledo,Mid-American,9-16,0.0,4.0,0-0,1.0,1.0,,,0.0,0.0,17.0,1.0,,20.0,1.0,,0.0,26:01,,,,1.0,32.0,0.0,36.0,1.0,42.0,6.0,0-12,2.0,5-19,56.0,1.0,1.3,1.1,0
401752706,2025.0,3.0,regular,home,251.0,Texas,SEC,2638.0,UTEP,Conference USA,11-25,0.0,23.0,2-5,0.0,,0.0,16.0,1.0,0.0,43.0,3.0,9.0,114.0,1.0,2.0,1.0,36:47,0.0,72.0,3.0,2.0,55.0,2.0,227.0,2.0,35.0,6.0,5-16,,7-78,341.0,1.0,4.6,4.1,27
401752706,2025.0,3.0,regular,away,2638.0,UTEP,Conference USA,251.0,Texas,SEC,24-36,0.0,13.0,0-3,0.0,,0.0,5.0,2.0,0.0,0.0,1.0,4.0,209.0,3.0,1.0,0.0,23:13,0.0,5.0,2.0,4.0,23.0,1.0,50.0,0.0,36.0,5.0,4-15,,6-33,259.0,2.0,5.8,2.2,10
401756890,2025.0,3.0,regular,away,66.0,Iowa State,Big 12,2032.0,Arkansas State,Sun Belt,14-25,0.0,20.0,0-0,0.0,,0.0,0.0,1.0,,,,4.0,265.0,4.0,1.0,1.0,25:19,,,,2.0,34.0,2.0,187.0,3.0,43.0,7.0,5-11,,3-31,452.0,1.0,10.6,5.5,24
401756890,2025.0,3.0,regular,home,2032.0,Arkansas State,Sun Belt,66.0,Iowa State,Big 12,19-33,0.0,20.0,1-2,0.0,0.0,0.0,0.0,1.0,0.0,104.0,5.0,10.0,222.0,5.0,1.0,0.0,34:41,0.0,14.0,1.0,1.0,40.0,1.0,160.0,2.0,27.0,5.0,7-16,1.0,10-90,382.0,1.0,6.7,4.0,16
401754639,2025.0,3.0,regular,away,257.0,Richmond,Patriot,153.0,North Carolina,ACC,9-15,0.0,15.0,1-3,2.0,0.0,0.0,14.0,1.0,0.0,72.0,4.0,6.0,75.0,1.0,1.0,0.0,37:59,,,,5.0,48.0,0.0,124.0,2.0,21.0,3.0,5-13,3.0,2-8,199.0,3.0,5.0,2.6,6
401754639,2025.0,3.0,regular,home,153.0,North Carolina,ACC,257.0,Richmond,Patriot,10-19,1.0,16.0,0-0,0.0,2.0,0.0,7.0,1.0,,,,11.0,119.0,3.0,1.0,2.0,21:59,0.0,22.0,1.0,0.0,31.0,2.0,193.0,3.0,33.0,4.0,6-11,1.0,4-50,312.0,1.0,6.3,6.2,41
401767573,2025.0,3.0,regular,away,2747.0,Wofford,Southern,2382.0,Mercer,Southern,9-21,,7.0,0-2,2.0,2.0,0.0,73.0,0.0,0.0,43.0,3.0,3.0,230.0,,2.0,3.0,21:06,0.0,7.0,1.0,,26.0,0.0,61.0,,,,2-12,3.0,7-69,291.0,2.0,11.0,2.3,21
401767573,2025.0,3.0,regular,home,2382.0,Mercer,Southern,2747.0,Wofford,Southern,26-37,,27.0,1-1,2.0,2.0,,,2.0,0.0,19.0,1.0,10.0,316.0,,,1.0,38:54,0.0,16.0,4.0,,46.0,1.0,152.0,,,,5-16,3.0,5-45,468.0,4.0,8.5,3.3,22
401767762,2025.0,3.0,regular,home,2523.0,Robert Morris,NEC,2699.0,West Liberty,Mountain East,8-9,,18.0,0-0,3.0,1.0,0.0,29.0,0.0,0.0,102.0,3.0,4.0,83.0,,2.0,2.0,28:48,0.0,10.0,1.0,,39.0,2.0,242.0,,,,4-6,3.0,7-75,325.0,3.0,9.2,6.2,28
401767762,2025.0,3.0,regular,away,2699.0,West Liberty,Mountain East,2523.0,Robert Morris,NEC,20-35,,22.0,2-4,1.0,3.0,,,2.0,0.0,23.0,2.0,2.0,219.0,,,1.0,31:12,,,,,31.0,1.0,63.0,,,,5-12,1.0,5-25,282.0,3.0,6.3,2.0,14
401767360,2025.0,3.0,regular,home,2011.0,Alabama State,SWAC,2396.0,Miles College,SIAC,16-20,,17.0,0-1,0.0,0.0,,,0.0,0.0,39.0,3.0,13.0,277.0,,,4.0,23:04,0.0,1.0,1.0,,27.0,0.0,130.0,,,,3-9,1.0,8-57,407.0,0.0,13.9,4.8,37
401767360,2025.0,3.0,regular,away,2396.0,Miles College,SIAC,2011.0,Alabama State,SWAC,19-30,,19.0,0-1,0.0,,,,0.0,0.0,25.0,3.0,3.0,165.0,,,0.0,36:56,,,,,42.0,1.0,73.0,,,,7-16,,8-57,238.0,0.0,5.5,1.7,9
401767388,2025.0,3.0,regular,home,2569.0,South Carolina State,MEAC,2065.0,Bethune-Cookman,SWAC,22-37,,28.0,0-0,0.0,1.0,0.0,0.0,0.0,0.0,76.0,4.0,13.0,335.0,,1.0,1.0,28:34,0.0,15.0,2.0,,37.0,5.0,226.0,,,,9-13,0.0,5-50,561.0,0.0,9.1,6.1,55
401767388,2025.0,3.0,regular,away,2065.0,Bethune-Cookman,SWAC,2569.0,South Carolina State,MEAC,23-38,,29.0,2-3,2.0,0.0,,,1.0,0.0,146.0,7.0,5.0,325.0,,,4.0,31:26,0.0,9.0,2.0,,34.0,2.0,182.0,,,,3-10,2.0,7-69,507.0,3.0,8.6,5.4,41
401767529,2025.0,3.0,regular,home,236.0,Chattanooga,Southern,56.0,Stetson,Pioneer,7-14,,24.0,1-2,0.0,0.0,0.0,17.0,1.0,0.0,91.0,1.0,9.0,94.0,,1.0,2.0,35:29,0.0,72.0,4.0,,55.0,5.0,445.0,,,,10-14,1.0,8-100,539.0,1.0,6.7,8.1,63
401767529,2025.0,3.0,regular,away,56.0,Stetson,Pioneer,236.0,Chattanooga,Southern,20-34,,8.0,0-2,0.0,0.0,0.0,0.0,1.0,0.0,122.0,7.0,,97.0,,1.0,0.0,24:31,0.0,0.0,1.0,,22.0,0.0,29.0,,,,3-15,1.0,2-25,126.0,1.0,2.9,1.3,0
401761607,2025.0,3.0,regular,away,2026.0,App State,Sun Belt,2572.0,Southern Miss,Sun Belt,31-52,0.0,27.0,2-4,0.0,,0.0,0.0,3.0,0.0,25.0,1.0,2.0,375.0,2.0,1.0,1.0,36:29,,,,0.0,38.0,2.0,95.0,1.0,21.0,6.0,6-18,,7-65,470.0,3.0,7.2,2.5,22
401761607,2025.0,3.0,regular,home,2572.0,Southern Miss,Sun Belt,2026.0,App State,Sun Belt,22-31,1.0,18.0,0-0,0.0,0.0,1.0,117.0,1.0,,,,8.0,279.0,12.0,3.0,2.0,23:24,0.0,1.0,2.0,6.0,25.0,2.0,110.0,5.0,30.0,6.0,4-9,1.0,9-74,389.0,1.0,9.0,4.4,38
401754536,2025.0,3.0,regular,home,259.0,Virginia Tech,ACC,295.0,Old Dominion,Sun Belt,26-39,0.0,24.0,0-1,2.0,1.0,,,1.0,0.0,124.0,6.0,2.0,266.0,2.0,,3.0,30:03,0.0,8.0,1.0,0.0,34.0,1.0,167.0,0.0,26.0,3.0,6-13,2.0,12-113,433.0,3.0,6.8,4.9,26
401754536,2025.0,3.0,regular,away,295.0,Old Dominion,Sun Belt,259.0,Virginia Tech,ACC,16-22,0.0,29.0,0-0,1.0,2.0,0.0,0.0,0.0,,,,9.0,276.0,7.0,1.0,2.0,29:57,0.0,8.0,2.0,3.0,39.0,4.0,251.0,4.0,39.0,8.0,4-9,1.0,8-85,527.0,1.0,12.5,6.4,45
401757234,2025.0,3.0,regular,home,290.0,Georgia Southern,Sun Belt,55.0,Jacksonville State,Conference USA,16-24,1.0,24.0,0-0,1.0,0.0,0.0,0.0,0.0,1.0,182.0,4.0,11.0,191.0,4.0,1.0,1.0,29:30,,,,3.0,42.0,3.0,219.0,1.0,38.0,7.0,7-11,1.0,5-61,410.0,1.0,8.0,5.2,41
401757234,2025.0,3.0,regular,away,55.0,Jacksonville State,Conference USA,290.0,Georgia Southern,Sun Belt,17-25,0.0,22.0,0-1,0.0,1.0,,,1.0,0.0,37.0,2.0,10.0,180.0,2.0,,1.0,30:30,,,,1.0,42.0,3.0,214.0,0.0,28.0,1.0,7-14,1.0,3-15,394.0,1.0,7.2,5.1,34
401761604,2025.0,3.0,regular,away,151.0,East Carolina,American Athletic,324.0,Coastal Carolina,Sun Belt,28-37,0.0,29.0,1-3,0.0,3.0,0.0,35.0,1.0,,,,8.0,293.0,6.0,2.0,2.0,33:55,0.0,29.0,3.0,5.0,49.0,3.0,204.0,5.0,46.0,9.0,9-16,0.0,6-50,497.0,1.0,7.9,4.2,38
401761604,2025.0,3.0,regular,home,324.0,Coastal Carolina,Sun Belt,151.0,East Carolina,American Athletic,19-39,0.0,18.0,0-1,3.0,0.0,0.0,0.0,2.0,0.0,26.0,1.0,0.0,172.0,3.0,1.0,0.0,26:05,0.0,16.0,2.0,0.0,26.0,0.0,67.0,0.0,70.0,3.0,5-14,4.0,7-55,239.0,5.0,4.4,2.6,0
401752698,2025.0,3.0,regular,away,2199.0,Eastern Michigan,Mid-American,96.0,Kentucky,SEC,25-43,0.0,21.0,1-4,0.0,,,,1.0,,,,11.0,330.0,3.0,,1.0,30:04,,,,2.0,30.0,1.0,131.0,0.0,41.0,3.0,4-14,,7-45,461.0,1.0,7.7,4.4,23
401752698,2025.0,3.0,regular,home,96.0,Kentucky,SEC,2199.0,Eastern Michigan,Mid-American,12-21,0.0,24.0,0-0,0.0,0.0,0.0,25.0,0.0,0.0,26.0,2.0,12.0,240.0,3.0,1.0,2.0,29:56,0.0,28.0,2.0,4.0,45.0,4.0,253.0,2.0,36.0,3.0,5-11,1.0,7-68,493.0,0.0,11.4,5.6,48
401757257,2025.0,3.0,regular,home,2348.0,Louisiana Tech,Conference USA,166.0,New Mexico State,Conference USA,11-20,1.0,28.0,0-0,0.0,1.0,0.0,29.0,1.0,0.0,41.0,3.0,11.0,221.0,7.0,2.0,2.0,35:30,0.0,30.0,3.0,1.0,63.0,3.0,354.0,1.0,17.0,5.0,11-19,0.0,11-101,575.0,1.0,11.1,5.6,49
401757257,2025.0,3.0,regular,away,166.0,New Mexico State,Conference USA,2348.0,Louisiana Tech,Conference USA,17-33,0.0,12.0,0-0,1.0,0.0,0.0,0.0,2.0,0.0,19.0,1.0,2.0,281.0,2.0,1.0,2.0,24:30,0.0,-2.0,2.0,1.0,16.0,0.0,28.0,1.0,43.0,6.0,1-9,1.0,7-75,309.0,3.0,8.5,1.8,14
401752830,2025.0,3.0,regular,home,2294.0,Iowa,Big Ten,113.0,Massachusetts,Mid-American,21-31,1.0,22.0,1-2,0.0,0.0,,,0.0,0.0,56.0,2.0,11.0,234.0,3.0,,3.0,32:04,1.0,182.0,4.0,2.0,40.0,2.0,201.0,5.0,31.0,11.0,10-16,1.0,1-5,435.0,0.0,7.5,5.0,47
401752830,2025.0,3.0,regular,away,113.0,Massachusetts,Mid-American,2294.0,Iowa,Big Ten,13-22,0.0,8.0,0-2,0.0,,,,0.0,,,,1.0,93.0,0.0,,0.0,27:56,0.0,33.0,2.0,2.0,27.0,1.0,26.0,2.0,43.0,3.0,0-10,,1-5,119.0,0.0,4.2,1.0,7
401752704,2025.0,3.0,regular,away,238.0,Vanderbilt,SEC,2579.0,South Carolina,SEC,18-26,0.0,22.0,1-1,0.0,2.0,0.0,18.0,1.0,0.0,40.0,2.0,7.0,177.0,3.0,2.0,2.0,35:43,0.0,0.0,1.0,1.0,37.0,2.0,146.0,2.0,46.0,8.0,6-12,1.0,4-40,323.0,1.0,6.8,3.9,31
401752704,2025.0,3.0,regular,home,2579.0,South Carolina,SEC,238.0,Vanderbilt,SEC,24-34,0.0,20.0,1-3,2.0,0.0,0.0,20.0,2.0,0.0,43.0,1.0,1.0,242.0,2.0,1.0,0.0,24:17,0.0,11.0,1.0,4.0,29.0,1.0,86.0,1.0,48.0,5.0,4-12,3.0,8-85,328.0,4.0,7.1,3.0,7
401756895,2025.0,3.0,regular,home,2751.0,Wyoming,Mountain West,254.0,Utah,Big 12,12-23,0.0,15.0,2-2,1.0,1.0,,,1.0,,,,,108.0,3.0,,0.0,24:30,,,,0.0,34.0,1.0,121.0,1.0,1.0,1.0,3-12,0.0,5-45,229.0,2.0,4.7,3.6,6
401756895,2025.0,3.0,regular,away,254.0,Utah,Big 12,2751.0,Wyoming,Mountain West,27-41,0.0,31.0,1-1,1.0,1.0,0.0,57.0,0.0,0.0,13.0,1.0,7.0,230.0,2.0,1.0,2.0,35:30,0.0,28.0,2.0,0.0,45.0,2.0,311.0,2.0,3.0,2.0,9-15,0.0,10-100,541.0,1.0,5.6,6.9,31
401752699,2025.0,3.0,regular,home,99.0,LSU,SEC,57.0,Florida,SEC,15-27,1.0,10.0,0-0,0.0,0.0,1.0,82.0,1.0,0.0,41.0,2.0,8.0,220.0,4.0,5.0,1.0,22:14,0.0,18.0,1.0,4.0,22.0,0.0,102.0,3.0,40.0,5.0,4-14,1.0,7-68,322.0,1.0,8.1,4.6,20
401752699,2025.0,3.0,regular,away,57.0,Florida,SEC,99.0,LSU,SEC,33-49,0.0,23.0,1-1,0.0,,0.0,7.0,5.0,,,,4.0,287.0,4.0,1.0,1.0,37:46,0.0,43.0,3.0,1.0,27.0,0.0,79.0,0.0,30.0,3.0,6-17,,7-57,366.0,5.0,5.9,2.9,10
401752707,2025.0,3.0,regular,home,87.0,Notre Dame,FBS Independents,245.0,Texas A&M,SEC,20-32,1.0,23.0,2-4,0.0,0.0,0.0,0.0,1.0,0.0,39.0,2.0,10.0,293.0,4.0,1.0,1.0,33:07,1.0,56.0,3.0,4.0,39.0,3.0,136.0,0.0,33.0,2.0,7-15,1.0,5-31,429.0,1.0,9.2,3.5,40
401752707,2025.0,3.0,regular,away,245.0,Texas A&M,SEC,87.0,Notre Dame,FBS Independents,17-37,0.0,24.0,1-1,0.0,,0.0,3.0,1.0,0.0,55.0,2.0,11.0,360.0,4.0,1.0,2.0,26:53,,,,2.0,32.0,3.0,128.0,2.0,42.0,8.0,4-11,,13-86,488.0,1.0,9.7,4.0,41
401762465,2025.0,3.0,regular,away,2426.0,Navy,American Athletic,202.0,Tulsa,American Athletic,6-10,0.0,25.0,2-3,1.0,1.0,0.0,3.0,2.0,0.0,19.0,1.0,6.0,94.0,5.0,1.0,1.0,35:24,0.0,0.0,1.0,1.0,63.0,5.0,367.0,3.0,31.0,6.0,8-13,3.0,4-39,461.0,3.0,9.4,5.8,42
401762465,2025.0,3.0,regular,home,202.0,Tulsa,American Athletic,2426.0,Navy,American Athletic,22-37,0.0,23.0,2-4,1.0,1.0,0.0,0.0,1.0,0.0,119.0,5.0,5.0,189.0,0.0,2.0,1.0,24:36,0.0,8.0,1.0,1.0,33.0,2.0,140.0,1.0,25.0,2.0,4-13,1.0,4-29,329.0,2.0,5.1,4.2,23
401762463,2025.0,3.0,regular,away,2006.0,Akron,Mid-American,5.0,UAB,American Athletic,19-35,0.0,21.0,1-3,0.0,,0.0,44.0,0.0,0.0,64.0,3.0,8.0,282.0,5.0,1.0,2.0,29:58,0.0,8.0,1.0,6.0,43.0,1.0,159.0,2.0,42.0,7.0,6-16,,5-44,441.0,0.0,8.1,3.7,28
401762463,2025.0,3.0,regular,home,5.0,UAB,American Athletic,2006.0,Akron,Mid-American,30-45,1.0,26.0,1-3,0.0,0.0,,,1.0,1.0,180.0,6.0,7.0,341.0,8.0,,2.0,30:02,0.0,14.0,1.0,3.0,31.0,1.0,81.0,5.0,42.0,8.0,3-12,2.0,4-29,422.0,1.0,7.6,2.6,31
401754534,2025.0,3.0,regular,home,2655.0,Tulane,American Athletic,150.0,Duke,ACC,17-25,0.0,22.0,1-2,1.0,0.0,0.0,1.0,0.0,0.0,12.0,1.0,10.0,270.0,5.0,1.0,0.0,33:17,,,,1.0,38.0,4.0,156.0,0.0,38.0,5.0,5-13,1.0,8-100,426.0,1.0,10.8,4.1,34
401754534,2025.0,3.0,regular,away,150.0,Duke,ACC,2655.0,Tulane,American Athletic,30-51,0.0,27.0,1-3,0.0,1.0,,,1.0,,,,7.0,313.0,1.0,,3.0,26:43,,,,3.0,24.0,0.0,139.0,1.0,34.0,7.0,6-14,1.0,9-85,452.0,1.0,6.1,5.8,27
401767772,2025.0,4.0,regular,home,284.0,Stonehill,NEC,219.0,Pennsylvania,Ivy,18-26,,17.0,1-2,0.0,0.0,0.0,0.0,0.0,0.0,140.0,4.0,3.0,165.0,,1.0,2.0,32:03,,,,,33.0,1.0,96.0,,,,7-16,1.0,7-65,261.0,0.0,6.3,2.9,21
401767772,2025.0,4.0,regular,away,219.0,Pennsylvania,Ivy,284.0,Stonehill,NEC,16-31,,17.0,2-2,0.0,0.0,,,1.0,0.0,91.0,4.0,6.0,238.0,,,1.0,27:57,1.0,71.0,3.0,,32.0,1.0,137.0,,,,6-15,1.0,6-63,375.0,1.0,7.7,4.3,24
401767672,2025.0,4.0,regular,home,2142.0,Colgate,Patriot,2230.0,Fordham,Patriot,22-33,,27.0,1-3,0.0,,0.0,1.0,0.0,0.0,36.0,2.0,8.0,331.0,,1.0,3.0,33:39,0.0,19.0,3.0,,44.0,3.0,216.0,,,,10-15,,6-30,547.0,0.0,10.0,4.9,44
401767672,2025.0,4.0,regular,away,2230.0,Fordham,Patriot,2142.0,Colgate,Patriot,24-42,,19.0,1-3,0.0,,,,1.0,0.0,74.0,4.0,3.0,213.0,,,3.0,26:21,0.0,7.0,1.0,,28.0,0.0,94.0,,,,7-16,,4-39,307.0,1.0,5.1,3.4,21
401752708,2025.0,4.0,regular,home,235.0,Memphis,American Athletic,8.0,Arkansas,SEC,15-31,0.0,26.0,0-0,0.0,1.0,0.0,5.0,2.0,,,,8.0,199.0,4.0,2.0,1.0,32:05,0.0,11.0,1.0,5.0,40.0,3.0,294.0,1.0,38.0,5.0,6-13,2.0,4-20,493.0,2.0,6.4,7.4,32
401752708,2025.0,4.0,regular,away,8.0,Arkansas,SEC,235.0,Memphis,American Athletic,18-34,0.0,23.0,0-0,1.0,0.0,0.0,19.0,2.0,0.0,23.0,1.0,7.0,325.0,2.0,2.0,1.0,27:55,0.0,4.0,2.0,4.0,32.0,3.0,175.0,3.0,45.0,8.0,3-10,1.0,7-55,500.0,3.0,9.6,5.5,31
401752709,2025.0,4.0,regular,away,57.0,Florida,SEC,2390.0,Miami,ACC,12-23,0.0,7.0,3-6,0.0,,0.0,0.0,0.0,0.0,19.0,1.0,1.0,61.0,3.0,1.0,0.0,23:30,,,,1.0,29.0,1.0,80.0,1.0,38.0,4.0,0-13,,3-20,141.0,0.0,2.7,2.8,7
401752709,2025.0,4.0,regular,home,2390.0,Miami,ACC,57.0,Florida,SEC,17-30,0.0,21.0,1-1,0.0,,,,1.0,0.0,19.0,1.0,8.0,160.0,0.0,,0.0,36:30,0.0,14.0,1.0,4.0,44.0,3.0,189.0,4.0,24.0,7.0,8-16,,6-30,349.0,1.0,5.3,4.3,26
401752711,2025.0,4.0,regular,home,145.0,Ole Miss,SEC,2655.0,Tulane,American Athletic,17-27,0.0,23.0,0-0,1.0,0.0,0.0,0.0,0.0,0.0,23.0,1.0,13.0,307.0,4.0,1.0,2.0,27:31,0.0,29.0,3.0,17.0,42.0,3.0,241.0,0.0,27.0,5.0,7-11,1.0,3-35,548.0,1.0,11.4,5.7,45
401752711,2025.0,4.0,regular,away,2655.0,Tulane,American Athletic,145.0,Ole Miss,SEC,10-29,0.0,18.0,0-3,0.0,1.0,,,1.0,0.0,20.0,1.0,4.0,104.0,5.0,,1.0,32:29,0.0,12.0,1.0,3.0,39.0,0.0,178.0,1.0,42.0,4.0,6-15,1.0,4-30,282.0,1.0,3.6,4.6,10
401752713,2025.0,4.0,regular,away,2579.0,South Carolina,SEC,142.0,Missouri,SEC,18-28,0.0,15.0,0-1,0.0,,0.0,0.0,0.0,0.0,124.0,6.0,8.0,302.0,3.0,1.0,2.0,24:34,0.0,13.0,1.0,3.0,22.0,0.0,-9.0,1.0,33.0,3.0,3-11,,14-98,293.0,0.0,10.8,-0.4,20
401752713,2025.0,4.0,regular,home,142.0,Missouri,SEC,2579.0,South Carolina,SEC,16-27,0.0,29.0,0-0,0.0,,,,1.0,0.0,12.0,1.0,9.0,171.0,3.0,,1.0,35:26,,,,6.0,46.0,2.0,287.0,5.0,25.0,8.0,7-13,,5-54,458.0,1.0,6.3,6.2,29
401752714,2025.0,4.0,regular,home,201.0,Oklahoma,SEC,2.0,Auburn,SEC,24-36,0.0,16.0,1-1,1.0,0.0,,,0.0,,,,10.0,271.0,4.0,,1.0,24:26,0.0,4.0,2.0,3.0,24.0,1.0,35.0,9.0,44.0,14.0,3-12,1.0,9-99,306.0,1.0,7.5,1.5,24
401752714,2025.0,4.0,regular,away,2.0,Auburn,SEC,201.0,Oklahoma,SEC,21-33,0.0,18.0,1-3,0.0,1.0,,,0.0,0.0,43.0,3.0,5.0,220.0,4.0,,1.0,35:34,0.0,9.0,4.0,5.0,35.0,1.0,67.0,1.0,35.0,6.0,3-15,0.0,13-85,287.0,0.0,6.7,1.9,17
401752841,2025.0,4.0,regular,away,204.0,Oregon State,Pac-12,2483.0,Oregon,Big Ten,7-22,0.0,8.0,0-0,1.0,0.0,,,0.0,0.0,18.0,1.0,1.0,80.0,4.0,,0.0,23:05,,,,0.0,26.0,1.0,67.0,1.0,42.0,4.0,4-12,1.0,2-10,147.0,1.0,3.6,2.6,7
401752841,2025.0,4.0,regular,home,2483.0,Oregon,Big Ten,204.0,Oregon State,Pac-12,21-31,0.0,29.0,1-2,0.0,1.0,,,0.0,,,,11.0,305.0,3.0,,4.0,36:55,0.0,70.0,6.0,4.0,46.0,1.0,280.0,0.0,13.0,2.0,4-10,1.0,5-40,585.0,0.0,9.8,6.1,41
401752843,2025.0,4.0,regular,away,356.0,Illinois,Big Ten,84.0,Indiana,Big Ten,16-25,0.0,9.0,0-0,0.0,,,,1.0,0.0,22.0,1.0,4.0,159.0,0.0,,1.0,20:18,0.0,9.0,1.0,1.0,20.0,0.0,2.0,2.0,47.0,3.0,1-10,,4-23,161.0,1.0,6.4,0.1,10
401752843,2025.0,4.0,regular,home,84.0,Indiana,Big Ten,356.0,Illinois,Big Ten,21-23,2.0,31.0,1-1,0.0,,0.0,0.0,0.0,,,,9.0,267.0,4.0,1.0,5.0,39:42,1.0,60.0,3.0,0.0,49.0,3.0,312.0,7.0,24.0,10.0,8-11,,2-10,579.0,0.0,11.6,6.4,63
401752845,2025.0,4.0,regular,home,275.0,Wisconsin,Big Ten,120.0,Maryland,Big Ten,22-35,0.0,21.0,2-3,0.0,0.0,,,1.0,0.0,86.0,4.0,4.0,235.0,4.0,,1.0,37:07,0.0,35.0,2.0,1.0,42.0,0.0,61.0,1.0,29.0,4.0,3-17,2.0,2-20,296.0,1.0,6.7,1.5,10
401752845,2025.0,4.0,regular,away,120.0,Maryland,Big Ten,275.0,Wisconsin,Big Ten,18-34,0.0,13.0,0-0,0.0,,0.0,46.0,0.0,,,,9.0,265.0,1.0,1.0,2.0,22:53,0.0,20.0,3.0,6.0,23.0,1.0,61.0,6.0,56.0,10.0,4-14,,4-50,326.0,0.0,7.8,2.7,27
401752847,2025.0,4.0,regular,away,127.0,Michigan State,Big Ten,30.0,USC,Big Ten,13-23,0.0,19.0,0-1,0.0,1.0,,,0.0,0.0,20.0,1.0,6.0,225.0,4.0,,3.0,28:39,,,,1.0,31.0,1.0,108.0,0.0,43.0,1.0,5-11,0.0,5-48,333.0,0.0,9.8,3.5,31
401752847,2025.0,4.0,regular,home,30.0,USC,Big Ten,127.0,Michigan State,Big Ten,20-26,0.0,27.0,1-2,1.0,0.0,,,0.0,0.0,64.0,3.0,9.0,234.0,1.0,,3.0,28:42,0.0,23.0,1.0,6.0,37.0,3.0,283.0,2.0,30.0,7.0,8-11,1.0,9-67,517.0,1.0,9.0,7.6,45
401754537,2025.0,4.0,regular,away,183.0,Syracuse,ACC,228.0,Clemson,ACC,21-39,0.0,24.0,2-2,0.0,1.0,0.0,14.0,0.0,0.0,26.0,1.0,10.0,278.0,3.0,1.0,3.0,30:40,0.0,1.0,1.0,6.0,37.0,1.0,157.0,1.0,41.0,3.0,3-15,0.0,7-52,435.0,0.0,7.1,4.2,34
401754537,2025.0,4.0,regular,home,228.0,Clemson,ACC,183.0,Syracuse,ACC,37-60,0.0,29.0,1-5,1.0,0.0,,,1.0,0.0,53.0,2.0,3.0,363.0,9.0,,3.0,29:20,0.0,0.0,1.0,2.0,22.0,0.0,140.0,3.0,41.0,5.0,3-13,1.0,8-75,503.0,2.0,6.1,6.4,21
401767653,2025.0,4.0,regular,home,56.0,Stetson,Pioneer,108.0,Harvard,Ivy,18-33,,11.0,2-4,2.0,1.0,0.0,24.0,1.0,0.0,28.0,2.0,1.0,149.0,,1.0,1.0,29:43,0.0,8.0,1.0,,31.0,0.0,56.0,,,,4-15,3.0,4-30,205.0,3.0,4.5,1.8,7
401767653,2025.0,4.0,regular,away,108.0,Harvard,Ivy,56.0,Stetson,Pioneer,13-19,,20.0,3-3,1.0,2.0,0.0,0.0,1.0,,,,11.0,281.0,,1.0,2.0,30:17,,,,,40.0,6.0,192.0,,,,3-10,2.0,1-5,473.0,2.0,14.8,4.8,59
401773491,2025.0,4.0,regular,home,2441.0,New Haven,NEC,129.0,Saginaw Valley State,GLIAC,19-34,,24.0,1-2,1.0,0.0,0.0,2.0,2.0,0.0,53.0,4.0,5.0,266.0,,1.0,4.0,30:28,0.0,4.0,2.0,,30.0,1.0,187.0,,,,5-15,3.0,7-67,453.0,3.0,7.8,6.2,35
401773491,2025.0,4.0,regular,away,129.0,Saginaw Valley State,GLIAC,2441.0,New Haven,NEC,21-38,,20.0,0-1,0.0,1.0,0.0,64.0,1.0,,,,4.0,202.0,,2.0,2.0,29:32,0.0,0.0,1.0,,34.0,2.0,188.0,,,,5-16,0.0,16-166,390.0,1.0,5.3,5.5,28
401760375,2025.0,4.0,regular,home,23.0,San José State,Mountain West,70.0,Idaho,Big Sky,13-21,0.0,15.0,0-0,1.0,1.0,,,0.0,0.0,23.0,2.0,7.0,222.0,5.0,,1.0,20:59,,,,3.0,26.0,3.0,198.0,1.0,44.0,3.0,7-10,2.0,4-50,420.0,1.0,10.6,7.6,31
401760375,2025.0,4.0,regular,away,70.0,Idaho,Big Sky,23.0,San José State,Mountain West,18-32,0.0,22.0,5-5,1.0,1.0,,,0.0,0.0,25.0,2.0,4.0,232.0,3.0,,2.0,39:01,,,,1.0,43.0,2.0,152.0,0.0,23.0,3.0,9-18,1.0,9-63,384.0,1.0,7.3,3.5,28
401767589,2025.0,4.0,regular,home,257.0,Richmond,Patriot,2678.0,VMI,Southern,11-14,,22.0,0-0,1.0,0.0,0.0,29.0,0.0,,,,8.0,188.0,,1.0,2.0,33:32,0.0,38.0,4.0,,50.0,3.0,353.0,,,,6-13,1.0,7-65,541.0,1.0,13.4,7.1,38
401767589,2025.0,4.0,regular,away,2678.0,VMI,Southern,257.0,Richmond,Patriot,17-35,,12.0,0-0,0.0,1.0,,,1.0,0.0,36.0,3.0,2.0,195.0,,,2.0,26:28,,,,,23.0,0.0,34.0,,,,5-15,1.0,6-60,229.0,1.0,5.6,1.5,14
401767099,2025.0,4.0,regular,home,149.0,Montana,Big Sky,282.0,Indiana State,MVFC,24-30,,33.0,2-2,0.0,1.0,0.0,6.0,0.0,0.0,26.0,1.0,9.0,344.0,,1.0,2.0,38:22,0.0,0.0,1.0,,51.0,6.0,303.0,,,,9-15,0.0,3-18,647.0,0.0,11.5,5.9,63
401767099,2025.0,4.0,regular,away,282.0,Indiana State,MVFC,149.0,Montana,Big Sky,15-28,,12.0,0-0,1.0,0.0,,,1.0,0.0,55.0,3.0,2.0,189.0,,,1.0,23:18,0.0,4.0,2.0,,30.0,2.0,198.0,,,,5-15,1.0,5-27,387.0,2.0,6.8,6.6,20
401767389,2025.0,4.0,regular,home,2065.0,Bethune-Cookman,SWAC,2206.0,Edward Waters,SIAC,13-23,,15.0,0-1,0.0,,1.0,51.0,1.0,0.0,8.0,1.0,5.0,209.0,,4.0,3.0,29:11,0.0,10.0,1.0,,41.0,1.0,228.0,,,,6-13,,11-89,437.0,1.0,9.1,5.6,35
401767389,2025.0,4.0,regular,away,2206.0,Edward Waters,SIAC,2065.0,Bethune-Cookman,SWAC,19-40,,20.0,1-1,0.0,,0.0,0.0,4.0,0.0,59.0,3.0,3.0,173.0,,1.0,1.0,30:49,0.0,4.0,2.0,,30.0,0.0,74.0,,,,4-15,,13-98,247.0,4.0,4.3,2.5,9
401767502,2025.0,4.0,regular,home,155.0,North Dakota,MVFC,2674.0,Valparaiso,Pioneer,18-29,,24.0,1-1,1.0,0.0,0.0,3.0,0.0,1.0,101.0,2.0,16.0,220.0,,1.0,2.0,29:44,0.0,62.0,4.0,,40.0,4.0,228.0,,,,5-12,1.0,5-55,448.0,1.0,7.6,5.7,58
401767502,2025.0,4.0,regular,away,2674.0,Valparaiso,Pioneer,155.0,North Dakota,MVFC,8-19,,6.0,0-1,0.0,1.0,,,1.0,0.0,87.0,5.0,1.0,111.0,,,1.0,30:16,0.0,-2.0,1.0,,35.0,0.0,65.0,,,,2-15,0.0,2-13,176.0,1.0,5.8,1.9,7
401760372,2025.0,4.0,regular,home,2005.0,Air Force,Mountain West,68.0,Boise State,Mountain West,13-20,0.0,24.0,2-3,0.0,,0.0,0.0,1.0,,,,7.0,246.0,2.0,1.0,2.0,36:20,,,,4.0,54.0,3.0,269.0,0.0,22.0,1.0,8-14,,6-45,515.0,1.0,12.3,5.0,37
401760372,2025.0,4.0,regular,away,68.0,Boise State,Mountain West,2005.0,Air Force,Mountain West,16-27,0.0,23.0,0-0,0.0,,0.0,23.0,1.0,0.0,38.0,2.0,7.0,310.0,1.0,1.0,2.0,23:40,0.0,7.0,1.0,1.0,29.0,5.0,285.0,1.0,42.0,6.0,7-10,,12-107,595.0,1.0,11.5,9.8,49
401767132,2025.0,4.0,regular,home,16.0,Sacramento State,Big Sky,2110.0,Central Arkansas,UAC,17-22,,19.0,1-1,1.0,0.0,,,0.0,0.0,34.0,3.0,9.0,340.0,,,2.0,29:41,0.0,7.0,1.0,,39.0,4.0,262.0,,,,8-12,3.0,8-67,602.0,1.0,15.5,6.7,45
401767132,2025.0,4.0,regular,away,2110.0,Central Arkansas,UAC,16.0,Sacramento State,Big Sky,17-26,,19.0,3-5,0.0,1.0,,,0.0,0.0,49.0,3.0,4.0,195.0,,,1.0,30:19,,,,,44.0,1.0,87.0,,,,3-16,0.0,4-35,282.0,0.0,7.5,2.0,16
401767286,2025.0,4.0,regular,away,2453.0,North Alabama,UAC,2287.0,Illinois State,MVFC,22-37,,24.0,1-1,0.0,2.0,,,1.0,0.0,58.0,4.0,6.0,265.0,,,4.0,30:30,0.0,0.0,1.0,,45.0,1.0,144.0,,,,9-18,1.0,10-129,409.0,1.0,7.2,3.2,36
401767286,2025.0,4.0,regular,home,2287.0,Illinois State,MVFC,2453.0,North Alabama,UAC,21-37,,29.0,1-1,2.0,0.0,0.0,-3.0,0.0,0.0,56.0,3.0,12.0,289.0,,1.0,3.0,29:30,0.0,26.0,2.0,,41.0,1.0,217.0,,,,6-15,4.0,4-55,506.0,2.0,7.8,5.3,38
401767342,2025.0,4.0,regular,home,2598.0,St. Francis (PA),NEC,2169.0,Delaware State,MEAC,25-35,,16.0,3-5,1.0,0.0,0.0,-1.0,2.0,0.0,17.0,3.0,4.0,265.0,,1.0,1.0,33:18,0.0,13.0,1.0,,19.0,0.0,59.0,,,,0-8,1.0,11-82,324.0,3.0,7.6,3.1,10
401767342,2025.0,4.0,regular,away,2169.0,Delaware State,MEAC,2598.0,St. Francis (PA),NEC,7-18,,22.0,1-1,0.0,1.0,0.0,28.0,1.0,0.0,28.0,2.0,3.0,85.0,,2.0,0.0,26:42,0.0,-11.0,2.0,,53.0,2.0,299.0,,,,8-15,0.0,5-44,384.0,1.0,4.7,5.6,39
401767267,2025.0,4.0,regular,home,159.0,Dartmouth,Ivy,160.0,New Hampshire,CAA,22-30,,21.0,0-1,0.0,0.0,0.0,22.0,1.0,,,,1.0,244.0,,2.0,0.0,32:03,,,,,33.0,4.0,188.0,,,,8-12,1.0,2-25,432.0,1.0,8.1,5.7,27
401767267,2025.0,4.0,regular,away,160.0,New Hampshire,CAA,159.0,Dartmouth,Ivy,22-35,,17.0,3-5,0.0,0.0,0.0,65.0,2.0,0.0,75.0,4.0,8.0,273.0,,1.0,1.0,27:57,0.0,5.0,2.0,,29.0,1.0,88.0,,,,2-12,1.0,1-5,361.0,2.0,7.8,3.0,20
401767107,2025.0,4.0,regular,home,147.0,Montana State,Big Sky,2385.0,Mercyhurst,NEC,12-17,,20.0,0-0,0.0,1.0,0.0,0.0,1.0,0.0,13.0,1.0,5.0,121.0,,1.0,0.0,28:34,0.0,5.0,1.0,,41.0,2.0,233.0,,,,9-11,0.0,4-23,354.0,1.0,7.1,5.7,17
401767107,2025.0,4.0,regular,away,2385.0,Mercyhurst,NEC,147.0,Montana State,Big Sky,24-36,,15.0,4-7,1.0,0.0,0.0,0.0,1.0,0.0,36.0,2.0,,205.0,,1.0,0.0,31:26,0.0,10.0,1.0,,23.0,0.0,58.0,,,,4-14,1.0,5-45,263.0,2.0,5.7,2.5,0
401767114,2025.0,4.0,regular,home,2464.0,Northern Arizona,Big Sky,2916.0,Incarnate Word,Southland,17-34,,19.0,2-2,0.0,0.0,,,0.0,0.0,22.0,1.0,7.0,286.0,,,3.0,28:17,0.0,17.0,2.0,,29.0,1.0,116.0,,,,4-13,1.0,3-40,402.0,0.0,8.4,4.0,31
401767114,2025.0,4.0,regular,away,2916.0,Incarnate Word,Southland,2464.0,Northern Arizona,Big Sky,30-38,,22.0,1-2,0.0,,,,0.0,,,,5.0,292.0,,,2.0,31:43,0.0,7.0,1.0,,28.0,1.0,144.0,,,,6-14,,9-60,436.0,0.0,7.7,5.1,23
401767151,2025.0,4.0,regular,home,2193.0,East Tennessee State,Southern,2210.0,Elon,CAA,30-45,,24.0,1-2,0.0,1.0,0.0,0.0,1.0,0.0,34.0,1.0,8.0,268.0,,1.0,0.0,34:34,0.0,0.0,1.0,,43.0,3.0,138.0,,,,9-21,0.0,3-20,406.0,1.0,6.0,3.2,26
401767151,2025.0,4.0,regular,away,2210.0,Elon,CAA,2193.0,East Tennessee State,Southern,15-29,,15.0,0-2,1.0,0.0,0.0,0.0,1.0,0.0,99.0,4.0,4.0,223.0,,1.0,2.0,25:26,,,,,30.0,0.0,70.0,,,,2-11,2.0,9-71,293.0,2.0,7.7,2.3,16
401762821,2025.0,4.0,regular,away,2184.0,Duquesne,NEC,2006.0,Akron,Mid-American,9-25,0.0,12.0,0-2,1.0,0.0,0.0,4.0,2.0,0.0,22.0,2.0,1.0,52.0,5.0,1.0,0.0,33:18,0.0,0.0,1.0,4.0,40.0,1.0,178.0,0.0,31.0,1.0,6-16,1.0,2-10,230.0,3.0,2.1,4.5,7
401762821,2025.0,4.0,regular,home,2006.0,Akron,Mid-American,2184.0,Duquesne,NEC,16-32,1.0,26.0,0-0,0.0,1.0,1.0,27.0,1.0,0.0,30.0,1.0,15.0,249.0,5.0,2.0,2.0,26:42,0.0,24.0,3.0,3.0,34.0,3.0,269.0,3.0,31.0,7.0,5-11,1.0,6-55,518.0,1.0,7.8,7.9,51
401767081,2025.0,4.0,regular,home,304.0,Idaho State,Big Sky,124179.0,Lincoln (CA),Independent DII,15-20,,25.0,1-1,0.0,2.0,0.0,32.0,0.0,0.0,10.0,1.0,12.0,240.0,,2.0,7.0,23:47,0.0,47.0,2.0,,27.0,5.0,281.0,,,,6-7,1.0,6-50,521.0,0.0,12.0,10.4,90
401767081,2025.0,4.0,regular,away,124179.0,Lincoln (CA),Independent DII,304.0,Idaho State,Big Sky,20-34,,13.0,1-5,2.0,0.0,,,2.0,0.0,43.0,3.0,,208.0,,,0.0,36:13,,,,,25.0,0.0,6.0,,,,3-12,2.0,11-65,214.0,4.0,6.1,0.2,0
401757260,2025.0,4.0,regular,home,55.0,Jacksonville State,Conference USA,93.0,Murray State,MVFC,19-34,0.0,29.0,1-1,0.0,,0.0,21.0,0.0,0.0,12.0,2.0,9.0,202.0,4.0,2.0,1.0,30:32,0.0,4.0,1.0,1.0,44.0,5.0,334.0,2.0,36.0,5.0,7-14,,8-99,536.0,0.0,5.9,7.6,45
401757260,2025.0,4.0,regular,away,93.0,Murray State,MVFC,55.0,Jacksonville State,Conference USA,21-33,1.0,16.0,0-2,0.0,1.0,,,2.0,0.0,55.0,4.0,4.0,141.0,6.0,,0.0,29:28,,,,3.0,34.0,0.0,94.0,0.0,38.0,4.0,5-16,0.0,8-45,235.0,2.0,4.3,2.8,10
401757265,2025.0,4.0,regular,home,2623.0,Missouri State,Conference USA,2630.0,UT Martin,Big South-OVC,22-32,0.0,22.0,1-1,1.0,2.0,0.0,25.0,0.0,0.0,58.0,3.0,6.0,287.0,2.0,1.0,3.0,30:28,0.0,1.0,2.0,2.0,26.0,3.0,133.0,1.0,32.0,6.0,5-10,4.0,11-84,420.0,1.0,9.0,5.1,42
401757265,2025.0,4.0,regular,away,2630.0,UT Martin,Big South-OVC,2623.0,Missouri State,Conference USA,23-32,0.0,14.0,1-1,2.0,1.0,,,1.0,0.0,23.0,1.0,4.0,150.0,4.0,,0.0,29:32,0.0,-2.0,1.0,2.0,25.0,1.0,71.0,2.0,32.0,5.0,5-14,2.0,3-35,221.0,3.0,4.7,2.8,10
401761609,2025.0,4.0,regular,home,290.0,Georgia Southern,Sun Belt,311.0,Maine,CAA,22-35,0.0,28.0,0-0,1.0,1.0,0.0,0.0,1.0,0.0,66.0,4.0,9.0,310.0,5.0,1.0,2.0,28:30,0.0,21.0,2.0,3.0,40.0,4.0,206.0,3.0,39.0,7.0,9-15,2.0,8-70,516.0,2.0,8.9,5.2,45
401761609,2025.0,4.0,regular,away,311.0,Maine,CAA,290.0,Georgia Southern,Sun Belt,19-34,1.0,17.0,2-6,1.0,1.0,1.0,76.0,1.0,0.0,67.0,3.0,5.0,139.0,4.0,1.0,0.0,31:30,0.0,0.0,2.0,3.0,30.0,1.0,109.0,0.0,37.0,1.0,1-12,1.0,3-12,248.0,2.0,4.1,3.6,17
401752710,2025.0,4.0,regular,away,2545.0,SE Louisiana,Southland,99.0,LSU,SEC,11-21,0.0,10.0,0-1,0.0,0.0,,,0.0,0.0,21.0,1.0,4.0,116.0,4.0,,1.0,25:16,,,,0.0,25.0,0.0,89.0,2.0,47.0,5.0,1-10,1.0,5-55,205.0,0.0,5.5,3.6,10
401752710,2025.0,4.0,regular,home,99.0,LSU,SEC,2545.0,SE Louisiana,Southland,35-43,0.0,32.0,3-3,0.0,,,,0.0,0.0,58.0,3.0,8.0,395.0,5.0,,4.0,34:44,0.0,49.0,3.0,2.0,35.0,4.0,135.0,4.0,24.0,7.0,9-14,,7-50,530.0,0.0,9.2,3.9,56
401761612,2025.0,4.0,regular,home,326.0,Texas State,Sun Belt,2447.0,Nicholls,Southland,14-22,0.0,25.0,0-0,1.0,0.0,0.0,0.0,0.0,0.0,23.0,1.0,5.0,194.0,1.0,1.0,0.0,26:51,,,,3.0,47.0,5.0,207.0,1.0,49.0,5.0,11-14,1.0,6-67,401.0,1.0,8.8,4.4,35
401761612,2025.0,4.0,regular,away,2447.0,Nicholls,Southland,326.0,Texas State,Sun Belt,15-22,0.0,17.0,1-3,0.0,1.0,,,1.0,,,,3.0,97.0,2.0,,0.0,33:09,,,,1.0,42.0,0.0,127.0,0.0,34.0,0.0,5-16,2.0,4-36,224.0,1.0,4.4,3.0,3
401767160,2025.0,4.0,regular,home,2692.0,Weber State,Big Sky,2086.0,Butler,Pioneer,14-25,,21.0,0-2,1.0,0.0,0.0,0.0,2.0,0.0,25.0,1.0,12.0,185.0,,1.0,2.0,31:16,0.0,79.0,5.0,,41.0,2.0,257.0,,,,3-12,3.0,8-88,442.0,3.0,7.4,6.3,38
401767160,2025.0,4.0,regular,away,2086.0,Butler,Pioneer,2692.0,Weber State,Big Sky,8-25,,13.0,1-3,0.0,1.0,0.0,56.0,1.0,,,,6.0,63.0,,2.0,1.0,28:44,0.0,1.0,1.0,,37.0,2.0,185.0,,,,0-14,0.0,5-29,248.0,1.0,2.5,5.0,24
401767157,2025.0,4.0,regular,home,302.0,UC Davis,Big Sky,253.0,Southern Utah,UAC,13-21,,18.0,0-0,0.0,1.0,0.0,0.0,0.0,0.0,102.0,4.0,6.0,162.0,,1.0,2.0,23:01,0.0,50.0,2.0,,27.0,5.0,357.0,,,,4-8,0.0,4-35,519.0,0.0,7.7,13.2,50
401767157,2025.0,4.0,regular,away,253.0,Southern Utah,UAC,302.0,UC Davis,Big Sky,23-43,,28.0,2-2,1.0,0.0,,,1.0,0.0,73.0,3.0,4.0,316.0,,,2.0,36:59,0.0,22.0,2.0,,43.0,3.0,233.0,,,,10-18,2.0,4-31,549.0,2.0,7.3,5.4,34
401754542,2025.0,4.0,regular,away,218.0,Temple,American Athletic,59.0,Georgia Tech,ACC,17-37,0.0,19.0,3-4,0.0,1.0,,,0.0,,,,6.0,144.0,1.0,,2.0,37:29,0.0,4.0,1.0,1.0,44.0,1.0,184.0,2.0,21.0,5.0,6-19,1.0,8-75,328.0,0.0,3.9,4.2,24
401754542,2025.0,4.0,regular,home,59.0,Georgia Tech,ACC,218.0,Temple,American Athletic,13-18,0.0,19.0,0-0,1.0,0.0,,,0.0,0.0,-1.0,1.0,9.0,161.0,5.0,,2.0,22:31,0.0,0.0,1.0,5.0,30.0,4.0,307.0,2.0,34.0,6.0,3-8,1.0,6-55,468.0,1.0,8.9,10.2,45
401767333,2025.0,4.0,regular,home,399.0,UAlbany,CAA,172.0,Cornell,Ivy,13-30,,17.0,2-3,0.0,,0.0,0.0,1.0,0.0,41.0,2.0,7.0,115.0,,1.0,0.0,33:42,0.0,10.0,1.0,,38.0,1.0,162.0,,,,5-17,,6-55,277.0,1.0,3.8,4.3,13
401767333,2025.0,4.0,regular,away,172.0,Cornell,Ivy,399.0,UAlbany,CAA,16-26,,15.0,0-1,0.0,,0.0,0.0,1.0,0.0,86.0,4.0,4.0,153.0,,1.0,1.0,26:18,0.0,1.0,1.0,,30.0,0.0,110.0,,,,3-12,,8-70,263.0,1.0,5.9,3.7,10
401767310,2025.0,4.0,regular,home,2010.0,Alabama A&M,SWAC,2323.0,Lane College,SIAC,15-30,,21.0,2-3,0.0,2.0,0.0,0.0,3.0,0.0,97.0,4.0,9.0,205.0,,2.0,2.0,27:54,0.0,29.0,1.0,,39.0,4.0,192.0,,,,4-13,0.0,7-75,397.0,3.0,6.8,4.9,49
401767310,2025.0,4.0,regular,away,2323.0,Lane College,SIAC,2010.0,Alabama A&M,SWAC,8-20,,11.0,0-2,2.0,0.0,1.0,62.0,2.0,0.0,87.0,4.0,1.0,73.0,,3.0,0.0,32:06,,,,,35.0,0.0,82.0,,,,2-12,4.0,5-40,155.0,4.0,3.7,2.3,7
401767603,2025.0,4.0,regular,away,2256.0,Greensboro College,USA South,2166.0,Davidson,Pioneer,26-46,,17.0,1-6,3.0,0.0,0.0,17.0,3.0,0.0,41.0,3.0,,270.0,,1.0,0.0,31:27,0.0,4.0,1.0,,27.0,0.0,23.0,,,,5-15,5.0,7-57,293.0,6.0,5.9,0.9,0
401767603,2025.0,4.0,regular,home,2166.0,Davidson,Pioneer,2256.0,Greensboro College,USA South,18-28,,21.0,4-5,0.0,3.0,0.0,-23.0,1.0,0.0,19.0,1.0,6.0,246.0,,3.0,3.0,28:33,,,,,41.0,4.0,256.0,,,,4-11,0.0,13-110,502.0,1.0,8.8,6.2,48
401757263,2025.0,4.0,regular,home,2348.0,Louisiana Tech,Conference USA,2572.0,Southern Miss,Sun Belt,15-21,1.0,14.0,2-2,0.0,,1.0,48.0,0.0,0.0,28.0,1.0,6.0,239.0,7.0,1.0,0.0,27:24,0.0,32.0,3.0,4.0,38.0,3.0,101.0,1.0,21.0,5.0,2-13,,8-76,340.0,0.0,11.4,2.7,30
401757263,2025.0,4.0,regular,away,2572.0,Southern Miss,Sun Belt,2348.0,Louisiana Tech,Conference USA,28-47,0.0,28.0,0-2,0.0,,,,1.0,,,,8.0,392.0,4.0,,2.0,32:36,0.0,4.0,1.0,0.0,35.0,0.0,122.0,2.0,24.0,6.0,7-17,,8-54,514.0,1.0,8.3,3.5,20
401757264,2025.0,4.0,regular,away,276.0,Marshall,Sun Belt,2393.0,Middle Tennessee,Conference USA,18-22,0.0,27.0,0-0,1.0,0.0,0.0,0.0,0.0,,,,6.0,261.0,5.0,1.0,4.0,36:47,0.0,8.0,2.0,1.0,47.0,2.0,191.0,3.0,26.0,4.0,7-12,3.0,8-62,452.0,1.0,11.9,4.1,42
401757264,2025.0,4.0,regular,home,2393.0,Middle Tennessee,Conference USA,276.0,Marshall,Sun Belt,19-33,0.0,14.0,0-1,0.0,1.0,,,1.0,0.0,20.0,1.0,8.0,299.0,4.0,,2.0,23:13,0.0,16.0,1.0,0.0,15.0,1.0,74.0,3.0,42.0,5.0,3-10,1.0,12-111,373.0,1.0,9.1,4.9,28
401757267,2025.0,4.0,regular,away,2433.0,UL Monroe,Sun Belt,2638.0,UTEP,Conference USA,9-15,0.0,18.0,0-1,0.0,0.0,0.0,5.0,0.0,,,,7.0,149.0,9.0,2.0,2.0,31:51,,,,6.0,41.0,2.0,252.0,3.0,36.0,6.0,2-10,1.0,12-98,401.0,0.0,9.9,6.1,31
401757267,2025.0,4.0,regular,home,2638.0,UTEP,Conference USA,2433.0,UL Monroe,Sun Belt,23-50,0.0,21.0,1-4,0.0,,,,2.0,0.0,53.0,6.0,5.0,409.0,1.0,,3.0,28:09,0.0,24.0,2.0,3.0,28.0,0.0,33.0,0.0,21.0,6.0,8-19,,8-80,442.0,2.0,8.2,1.2,25
401760374,2025.0,4.0,regular,away,278.0,Fresno State,Mountain West,62.0,Hawai'i,Mountain West,22-29,1.0,16.0,0-0,1.0,1.0,1.0,101.0,0.0,0.0,57.0,2.0,5.0,230.0,2.0,3.0,1.0,30:10,0.0,7.0,1.0,3.0,31.0,1.0,65.0,4.0,38.0,4.0,7-14,3.0,8-87,295.0,1.0,7.9,2.1,23
401760374,2025.0,4.0,regular,home,62.0,Hawai'i,Mountain West,278.0,Fresno State,Mountain West,28-47,1.0,20.0,2-3,0.0,1.0,,,3.0,,,,7.0,219.0,1.0,,1.0,29:50,,,,2.0,26.0,0.0,95.0,1.0,40.0,8.0,7-17,0.0,7-41,314.0,3.0,4.7,3.7,21
401760376,2025.0,4.0,regular,home,193.0,Miami (OH),Mid-American,2439.0,UNLV,Mountain West,15-30,2.0,19.0,1-1,1.0,0.0,1.0,77.0,2.0,1.0,138.0,4.0,8.0,265.0,5.0,2.0,3.0,21:52,,,,0.0,22.0,0.0,131.0,4.0,49.0,10.0,1-8,1.0,7-79,396.0,3.0,8.8,6.0,38
401760376,2025.0,4.0,regular,away,2439.0,UNLV,Mountain West,193.0,Miami (OH),Mid-American,29-43,1.0,30.0,0-1,0.0,1.0,1.0,67.0,2.0,0.0,53.0,3.0,11.0,293.0,3.0,2.0,2.0,38:08,,,,3.0,43.0,2.0,220.0,0.0,26.0,4.0,12-17,0.0,6-35,513.0,2.0,6.8,5.1,41
401761610,2025.0,4.0,regular,home,2199.0,Eastern Michigan,Mid-American,309.0,Louisiana,Sun Belt,21-31,0.0,20.0,1-1,0.0,,0.0,0.0,1.0,0.0,81.0,4.0,10.0,226.0,1.0,2.0,1.0,30:01,0.0,40.0,3.0,13.0,36.0,3.0,183.0,1.0,19.0,3.0,6-14,,8-92,409.0,1.0,7.3,5.1,34
401761610,2025.0,4.0,regular,away,309.0,Louisiana,Sun Belt,2199.0,Eastern Michigan,Mid-American,21-35,1.0,21.0,0-1,0.0,,1.0,35.0,2.0,0.0,61.0,3.0,7.0,227.0,1.0,1.0,0.0,29:59,0.0,12.0,1.0,13.0,32.0,3.0,214.0,1.0,21.0,4.0,6-15,,10-85,441.0,2.0,6.5,6.7,31
401761613,2025.0,4.0,regular,home,2084.0,Buffalo,Mid-American,2653.0,Troy,Sun Belt,14-28,0.0,14.0,0-1,0.0,1.0,0.0,12.0,0.0,0.0,22.0,1.0,5.0,153.0,4.0,1.0,0.0,27:08,0.0,0.0,1.0,1.0,34.0,2.0,125.0,7.0,48.0,10.0,6-17,1.0,5-30,278.0,0.0,5.5,3.7,17
401761613,2025.0,4.0,regular,away,2653.0,Troy,Sun Belt,2084.0,Buffalo,Mid-American,19-36,0.0,22.0,3-4,1.0,0.0,,,1.0,0.0,49.0,4.0,3.0,202.0,2.0,,1.0,32:52,0.0,17.0,5.0,3.0,47.0,2.0,163.0,0.0,29.0,6.0,10-21,4.0,5-60,365.0,2.0,5.6,3.5,21
401762820,2025.0,4.0,regular,home,2711.0,Western Michigan,Mid-American,2649.0,Toledo,Mid-American,16-33,0.0,17.0,1-3,2.0,0.0,0.0,-1.0,1.0,,,,0.0,201.0,4.0,2.0,0.0,30:18,0.0,5.0,3.0,9.0,36.0,2.0,91.0,2.0,51.0,5.0,6-15,3.0,2-20,292.0,3.0,6.1,2.5,14
401762820,2025.0,4.0,regular,away,2649.0,Toledo,Mid-American,2711.0,Western Michigan,Mid-American,15-30,0.0,16.0,1-2,0.0,2.0,0.0,0.0,2.0,0.0,33.0,1.0,7.0,89.0,4.0,1.0,0.0,29:42,0.0,17.0,2.0,1.0,42.0,1.0,191.0,4.0,44.0,6.0,5-18,1.0,5-48,280.0,2.0,3.0,4.5,13
401762469,2025.0,4.0,regular,home,349.0,Army,American Athletic,249.0,North Texas,American Athletic,6-13,0.0,26.0,3-5,2.0,1.0,,,1.0,,,,8.0,101.0,2.0,,2.0,32:01,,,,2.0,68.0,3.0,387.0,0.0,43.0,2.0,8-16,3.0,1-15,488.0,3.0,7.8,5.7,38
401762469,2025.0,4.0,regular,away,249.0,North Texas,American Athletic,349.0,Army,American Athletic,26-36,0.0,26.0,1-3,1.0,2.0,0.0,35.0,0.0,0.0,39.0,4.0,9.0,249.0,1.0,1.0,1.0,27:59,,,,4.0,41.0,5.0,229.0,1.0,37.0,4.0,7-12,2.0,7-50,478.0,1.0,6.9,5.6,45
401761611,2025.0,4.0,regular,home,6.0,South Alabama,Sun Belt,324.0,Coastal Carolina,Sun Belt,22-36,0.0,22.0,1-3,1.0,0.0,,,2.0,0.0,16.0,1.0,8.0,197.0,2.0,,0.0,36:41,0.0,21.0,2.0,5.0,44.0,2.0,223.0,1.0,23.0,5.0,8-18,5.0,8-70,420.0,3.0,5.5,5.1,20
401761611,2025.0,4.0,regular,away,324.0,Coastal Carolina,Sun Belt,6.0,South Alabama,Sun Belt,13-25,1.0,15.0,0-0,0.0,1.0,0.0,30.0,0.0,0.0,41.0,2.0,8.0,112.0,1.0,2.0,2.0,23:19,,,,4.0,31.0,2.0,182.0,3.0,42.0,5.0,4-11,0.0,8-55,294.0,0.0,4.5,5.9,38
401760373,2025.0,4.0,regular,home,36.0,Colorado State,Mountain West,2636.0,UTSA,American Athletic,24-38,0.0,20.0,1-2,0.0,0.0,0.0,0.0,0.0,,,,4.0,254.0,7.0,2.0,1.0,33:33,0.0,8.0,3.0,6.0,37.0,1.0,153.0,0.0,25.0,5.0,7-18,1.0,11-115,407.0,0.0,6.7,4.1,16
401760373,2025.0,4.0,regular,away,2636.0,UTSA,American Athletic,36.0,Colorado State,Mountain West,14-27,0.0,13.0,0-2,0.0,0.0,,,2.0,,,,5.0,173.0,6.0,,1.0,26:27,0.0,12.0,5.0,4.0,33.0,1.0,172.0,3.0,28.0,5.0,6-15,1.0,9-80,345.0,2.0,6.4,5.2,17
401754617,2025.0,4.0,regular,home,259.0,Virginia Tech,ACC,2747.0,Wofford,Southern,27-33,0.0,28.0,0-1,1.0,0.0,0.0,0.0,0.0,0.0,32.0,1.0,8.0,307.0,3.0,1.0,2.0,34:29,0.0,14.0,2.0,4.0,36.0,3.0,155.0,4.0,13.0,12.0,6-11,1.0,8-74,462.0,1.0,9.3,4.3,38
401754617,2025.0,4.0,regular,away,2747.0,Wofford,Southern,259.0,Virginia Tech,ACC,16-27,0.0,8.0,0-0,0.0,1.0,,,1.0,0.0,11.0,1.0,6.0,142.0,2.0,,0.0,25:31,,,,0.0,23.0,0.0,-1.0,1.0,34.0,4.0,5-15,0.0,7-73,141.0,1.0,5.3,0.0,6
401760377,2025.0,4.0,regular,home,328.0,Utah State,Mountain West,2377.0,McNeese,Southland,19-28,0.0,27.0,1-1,1.0,0.0,,,1.0,,,,6.0,293.0,4.0,,3.0,31:14,0.0,4.0,1.0,5.0,45.0,4.0,337.0,4.0,22.0,6.0,6-12,1.0,6-55,630.0,2.0,10.5,7.5,48
401760377,2025.0,4.0,regular,away,2377.0,McNeese,Southland,328.0,Utah State,Mountain West,11-28,0.0,13.0,2-4,0.0,1.0,0.0,0.0,0.0,0.0,15.0,1.0,1.0,130.0,2.0,1.0,1.0,28:46,0.0,11.0,1.0,2.0,40.0,0.0,109.0,1.0,31.0,1.0,6-18,0.0,3-22,239.0,0.0,4.6,2.7,7
401762470,2025.0,4.0,regular,away,2569.0,South Carolina State,MEAC,58.0,South Florida,American Athletic,25-42,0.0,20.0,1-2,0.0,0.0,0.0,0.0,1.0,,,,2.0,235.0,2.0,1.0,0.0,43:07,,,,2.0,38.0,2.0,70.0,0.0,26.0,2.0,7-18,1.0,9-55,305.0,1.0,5.6,1.8,14
401762470,2025.0,4.0,regular,home,58.0,South Florida,American Athletic,2569.0,South Carolina State,MEAC,18-26,2.0,20.0,2-2,0.0,0.0,1.0,93.0,1.0,0.0,57.0,3.0,9.0,252.0,3.0,1.0,4.0,16:53,1.0,142.0,6.0,5.0,28.0,3.0,252.0,5.0,38.0,10.0,4-10,1.0,8-80,504.0,1.0,9.7,9.0,63
401762822,2025.0,4.0,regular,home,2117.0,Central Michigan,Mid-American,2681.0,Wagner,NEC,14-18,1.0,24.0,2-2,2.0,1.0,1.0,30.0,0.0,0.0,0.0,1.0,7.0,273.0,5.0,1.0,4.0,32:23,0.0,46.0,1.0,2.0,47.0,2.0,234.0,3.0,23.0,6.0,5-11,2.0,8-73,507.0,2.0,15.2,5.0,49
401762822,2025.0,4.0,regular,away,2681.0,Wagner,NEC,2117.0,Central Michigan,Mid-American,12-20,1.0,6.0,1-2,1.0,2.0,,,1.0,0.0,0.0,1.0,4.0,41.0,1.0,,0.0,27:37,,,,1.0,34.0,0.0,74.0,0.0,34.0,4.0,2-14,1.0,3-25,115.0,2.0,2.1,2.2,10
401762823,2025.0,4.0,regular,away,2241.0,Gardner-Webb,Big South-OVC,195.0,Ohio,Mid-American,19-30,0.0,16.0,5-5,0.0,,,,1.0,0.0,40.0,2.0,5.0,289.0,3.0,,2.0,26:01,0.0,35.0,2.0,1.0,30.0,3.0,193.0,2.0,32.0,5.0,2-13,,4-31,482.0,1.0,9.6,6.4,35
401762823,2025.0,4.0,regular,home,195.0,Ohio,Mid-American,2241.0,Gardner-Webb,Big South-OVC,18-27,0.0,33.0,0-1,0.0,,0.0,0.0,0.0,0.0,58.0,1.0,8.0,290.0,0.0,1.0,1.0,33:59,0.0,45.0,2.0,4.0,47.0,6.0,319.0,0.0,27.0,2.0,5-9,,4-35,609.0,0.0,10.7,6.8,52
401767329,2025.0,4.0,regular,away,2754.0,Youngstown State,MVFC,119.0,Towson,CAA,24-42,,23.0,2-3,0.0,,0.0,0.0,0.0,0.0,142.0,4.0,11.0,277.0,,1.0,1.0,32:51,0.0,1.0,1.0,,32.0,2.0,149.0,,,,6-13,,8-70,426.0,0.0,6.6,4.7,31
401767329,2025.0,4.0,regular,home,119.0,Towson,CAA,2754.0,Youngstown State,MVFC,20-31,,19.0,3-3,0.0,,,,1.0,0.0,11.0,1.0,4.0,285.0,,,2.0,27:09,,,,,25.0,2.0,93.0,,,,2-10,,6-56,378.0,1.0,9.2,3.7,28
401767635,2025.0,4.0,regular,away,3077.0,Kentucky Christian,,2413.0,Morehead State,Pioneer,16-27,,17.0,0-1,0.0,0.0,,,0.0,0.0,133.0,4.0,4.0,252.0,,,3.0,19:48,0.0,0.0,1.0,,21.0,1.0,101.0,,,,1-9,1.0,8-50,353.0,0.0,9.3,4.8,28
401767635,2025.0,4.0,regular,home,2413.0,Morehead State,Pioneer,3077.0,Kentucky Christian,,18-23,,30.0,0-0,0.0,0.0,,,0.0,0.0,76.0,3.0,9.0,311.0,,,4.0,40:12,0.0,0.0,1.0,,44.0,2.0,289.0,,,,4-7,1.0,8-78,600.0,0.0,13.5,6.6,45
401767664,2025.0,4.0,regular,home,2083.0,Bucknell,Patriot,2329.0,Lehigh,Patriot,23-34,,20.0,2-2,0.0,,,,1.0,0.0,34.0,4.0,6.0,291.0,,,2.0,27:53,,,,,27.0,1.0,80.0,,,,5-14,,6-66,371.0,1.0,8.6,3.0,24
401767664,2025.0,4.0,regular,away,2329.0,Lehigh,Patriot,2083.0,Bucknell,Patriot,16-20,,25.0,1-2,0.0,0.0,0.0,13.0,0.0,0.0,25.0,1.0,11.0,171.0,,1.0,2.0,32:07,0.0,23.0,3.0,,41.0,3.0,323.0,,,,4-10,1.0,9-89,494.0,0.0,8.6,7.9,41
401767061,2025.0,4.0,regular,home,331.0,Eastern Washington,Big Sky,2710.0,Western Illinois,Big South-OVC,11-29,,22.0,1-2,0.0,,0.0,46.0,2.0,0.0,80.0,2.0,6.0,272.0,,1.0,2.0,27:38,0.0,98.0,4.0,,42.0,5.0,325.0,,,,4-14,,11-122,597.0,2.0,9.4,7.7,52
401767061,2025.0,4.0,regular,away,2710.0,Western Illinois,Big South-OVC,331.0,Eastern Washington,Big Sky,21-43,,22.0,2-3,0.0,,0.0,18.0,1.0,0.0,66.0,3.0,7.0,208.0,,2.0,2.0,32:22,,,,,39.0,2.0,150.0,,,,6-19,,8-80,358.0,1.0,4.8,3.8,31
401767121,2025.0,4.0,regular,home,2277.0,Houston Christian,Southland,2458.0,Northern Colorado,Big Sky,17-35,,8.0,1-2,1.0,1.0,2.0,119.0,0.0,0.0,46.0,2.0,11.0,160.0,,2.0,0.0,21:35,0.0,6.0,2.0,,23.0,0.0,40.0,,,,1-15,2.0,8-50,200.0,1.0,4.6,1.7,23
401767121,2025.0,4.0,regular,away,2458.0,Northern Colorado,Big Sky,2277.0,Houston Christian,Southland,24-37,,24.0,1-1,1.0,1.0,,,2.0,,,,8.0,215.0,,,1.0,38:25,0.0,10.0,1.0,,54.0,2.0,222.0,,,,4-16,2.0,6-40,437.0,3.0,5.8,4.1,26
401767210,2025.0,4.0,regular,home,2815.0,Lindenwood,Big South-OVC,2619.0,Stony Brook,CAA,20-29,,20.0,1-2,0.0,1.0,,,0.0,0.0,48.0,2.0,6.0,249.0,,,2.0,37:08,0.0,11.0,1.0,,40.0,2.0,216.0,,,,6-14,0.0,3-20,465.0,0.0,8.6,5.4,30
401767210,2025.0,4.0,regular,away,2619.0,Stony Brook,CAA,2815.0,Lindenwood,Big South-OVC,27-41,,20.0,3-3,1.0,0.0,,,0.0,,,,3.0,317.0,,,2.0,22:52,0.0,7.0,1.0,,30.0,1.0,99.0,,,,5-16,1.0,4-45,416.0,1.0,7.7,3.3,27
401767218,2025.0,4.0,regular,home,2546.0,Southeast Missouri State,Big South-OVC,79.0,Southern Illinois,MVFC,33-47,,34.0,1-1,1.0,0.0,,,1.0,0.0,56.0,3.0,7.0,422.0,,,2.0,33:19,,,,,38.0,2.0,147.0,,,,7-13,1.0,3-30,569.0,2.0,9.0,3.9,31
401767218,2025.0,4.0,regular,away,79.0,Southern Illinois,MVFC,2546.0,Southeast Missouri State,Big South-OVC,18-25,,22.0,0-0,0.0,1.0,0.0,13.0,0.0,0.0,10.0,1.0,11.0,342.0,,1.0,4.0,26:41,,,,,33.0,4.0,270.0,,,,9-11,1.0,3-11,612.0,0.0,13.7,8.2,59
401767306,2025.0,4.0,regular,home,2627.0,Tarleton State,UAC,236.0,Chattanooga,Southern,20-33,,20.0,2-2,0.0,2.0,1.0,57.0,0.0,0.0,19.0,1.0,14.0,404.0,,1.0,3.0,32:07,0.0,20.0,2.0,,37.0,2.0,172.0,,,,7-17,0.0,6-74,576.0,0.0,12.2,4.6,52
401767306,2025.0,4.0,regular,away,236.0,Chattanooga,Southern,2627.0,Tarleton State,UAC,7-14,,18.0,0-0,2.0,0.0,,,1.0,0.0,41.0,3.0,6.0,117.0,,,0.0,27:53,,,,,37.0,3.0,292.0,,,,1-9,2.0,5-47,409.0,3.0,8.4,7.9,24
401762468,2025.0,4.0,regular,home,2429.0,Charlotte,American Athletic,242.0,Rice,American Athletic,23-44,0.0,22.0,1-1,1.0,0.0,,,0.0,,,,9.0,259.0,0.0,,1.0,29:48,0.0,42.0,2.0,4.0,32.0,0.0,75.0,0.0,29.0,4.0,8-18,2.0,5-43,334.0,1.0,5.9,2.3,17
401762468,2025.0,4.0,regular,away,242.0,Rice,American Athletic,2429.0,Charlotte,American Athletic,9-12,0.0,17.0,0-0,0.0,1.0,,,0.0,,,,4.0,98.0,9.0,,1.0,30:12,,,,5.0,46.0,3.0,255.0,6.0,36.0,9.0,5-12,0.0,7-82,353.0,0.0,8.2,5.5,28
401756900,2025.0,4.0,regular,home,197.0,Oklahoma State,Big 12,202.0,Tulsa,American Athletic,26-41,0.0,24.0,1-4,0.0,1.0,,,0.0,,,,6.0,218.0,4.0,,0.0,25:15,0.0,3.0,1.0,7.0,33.0,1.0,185.0,0.0,37.0,6.0,4-15,0.0,3-30,403.0,0.0,5.3,5.6,12
401756900,2025.0,4.0,regular,away,202.0,Tulsa,American Athletic,197.0,Oklahoma State,Big 12,23-36,0.0,21.0,3-3,1.0,0.0,,,0.0,0.0,28.0,2.0,13.0,219.0,4.0,,1.0,34:45,,,,1.0,43.0,0.0,205.0,2.0,44.0,7.0,7-19,2.0,4-34,424.0,1.0,6.1,4.8,19
401752844,2025.0,4.0,regular,away,2294.0,Iowa,Big Ten,164.0,Rutgers,Big Ten,12-18,1.0,22.0,0-0,0.0,0.0,0.0,0.0,0.0,1.0,129.0,3.0,8.0,186.0,8.0,1.0,0.0,28:54,0.0,43.0,1.0,1.0,38.0,4.0,160.0,3.0,27.0,3.0,3-8,1.0,2-30,346.0,0.0,10.3,4.2,38
401752844,2025.0,4.0,regular,home,164.0,Rutgers,Big Ten,2294.0,Iowa,Big Ten,24-40,0.0,20.0,0-1,0.0,,,,1.0,,,,4.0,330.0,1.0,,0.0,31:06,,,,3.0,30.0,4.0,70.0,2.0,23.0,3.0,6-13,,6-50,400.0,1.0,8.3,2.3,28
401756896,2025.0,4.0,regular,home,239.0,Baylor,Big 12,9.0,Arizona State,Big 12,25-39,0.0,18.0,2-3,2.0,0.0,,,1.0,0.0,71.0,3.0,6.0,250.0,5.0,,3.0,23:36,0.0,31.0,1.0,0.0,23.0,0.0,107.0,1.0,48.0,5.0,5-12,2.0,7-86,357.0,3.0,6.4,4.7,24
401756896,2025.0,4.0,regular,away,9.0,Arizona State,Big 12,239.0,Baylor,Big 12,22-32,0.0,26.0,1-2,0.0,2.0,0.0,0.0,0.0,0.0,28.0,2.0,13.0,221.0,4.0,1.0,1.0,36:24,,,,2.0,47.0,1.0,180.0,2.0,40.0,5.0,6-16,1.0,7-70,401.0,0.0,6.9,3.8,27
401754636,2025.0,4.0,regular,home,2628.0,TCU,Big 12,2567.0,SMU,ACC,22-40,0.0,24.0,3-4,0.0,0.0,0.0,56.0,1.0,0.0,55.0,2.0,5.0,379.0,3.0,2.0,5.0,31:06,0.0,3.0,3.0,2.0,36.0,0.0,140.0,2.0,40.0,4.0,9-17,1.0,9-65,519.0,1.0,9.5,3.9,35
401754636,2025.0,4.0,regular,away,2567.0,SMU,ACC,2628.0,TCU,Big 12,24-38,0.0,19.0,1-1,0.0,,0.0,0.0,2.0,0.0,71.0,3.0,6.0,290.0,7.0,1.0,3.0,28:54,,,,3.0,27.0,0.0,94.0,2.0,30.0,6.0,4-13,,7-70,384.0,2.0,7.6,3.5,24
401756901,2025.0,4.0,regular,home,254.0,Utah,Big 12,2641.0,Texas Tech,Big 12,25-38,0.0,16.0,0-2,2.0,0.0,0.0,0.0,2.0,,,,4.0,162.0,2.0,2.0,0.0,27:45,0.0,-9.0,1.0,0.0,31.0,1.0,101.0,1.0,47.0,9.0,4-14,3.0,2-10,263.0,4.0,4.3,3.3,10
401756901,2025.0,4.0,regular,away,2641.0,Texas Tech,Big 12,254.0,Utah,Big 12,25-35,0.0,20.0,0-0,0.0,2.0,0.0,0.0,2.0,,,,10.0,311.0,3.0,2.0,2.0,32:15,0.0,0.0,1.0,0.0,37.0,2.0,173.0,1.0,38.0,4.0,9-17,1.0,14-122,484.0,2.0,8.9,4.7,34
401754538,2025.0,4.0,regular,away,152.0,NC State,ACC,150.0,Duke,ACC,29-39,0.0,26.0,1-4,1.0,0.0,,,3.0,0.0,71.0,4.0,3.0,364.0,1.0,,2.0,32:29,0.0,-4.0,2.0,5.0,35.0,3.0,171.0,3.0,32.0,8.0,7-12,2.0,6-49,535.0,4.0,9.3,4.9,33
401754538,2025.0,4.0,regular,home,150.0,Duke,ACC,152.0,NC State,ACC,19-28,0.0,22.0,2-2,0.0,1.0,0.0,70.0,0.0,0.0,51.0,2.0,9.0,269.0,2.0,3.0,3.0,27:31,,,,9.0,35.0,3.0,149.0,2.0,28.0,7.0,5-12,1.0,8-103,418.0,0.0,9.6,4.3,45
401754539,2025.0,4.0,regular,away,24.0,Stanford,ACC,258.0,Virginia,ACC,20-29,0.0,15.0,1-1,1.0,0.0,,,0.0,0.0,28.0,2.0,2.0,286.0,2.0,,2.0,25:12,,,,1.0,30.0,1.0,37.0,1.0,27.0,2.0,6-14,1.0,4-40,323.0,1.0,9.9,1.2,20
401754539,2025.0,4.0,regular,home,258.0,Virginia,ACC,24.0,Stanford,ACC,24-32,0.0,29.0,1-1,0.0,1.0,,,0.0,0.0,32.0,1.0,12.0,384.0,3.0,,5.0,34:48,0.0,0.0,1.0,3.0,40.0,1.0,210.0,5.0,23.0,8.0,7-13,0.0,7-55,594.0,0.0,12.0,5.3,48
401754541,2025.0,4.0,regular,home,52.0,Florida State,ACC,2309.0,Kent State,Mid-American,16-24,0.0,37.0,0-1,0.0,,0.0,1.0,1.0,,,,12.0,277.0,1.0,1.0,1.0,34:31,0.0,-6.0,1.0,1.0,54.0,8.0,498.0,2.0,22.0,6.0,9-10,,5-59,775.0,1.0,11.5,9.2,66
401754541,2025.0,4.0,regular,away,2309.0,Kent State,Mid-American,52.0,Florida State,ACC,13-27,0.0,12.0,1-2,0.0,,0.0,29.0,1.0,,,,4.0,163.0,2.0,1.0,1.0,25:29,,,,0.0,28.0,0.0,43.0,1.0,41.0,3.0,3-14,,5-32,206.0,1.0,6.0,1.5,10
401754640,2025.0,4.0,regular,away,153.0,North Carolina,ACC,2116.0,UCF,Big 12,22-33,0.0,14.0,3-4,0.0,,,,2.0,0.0,27.0,2.0,3.0,154.0,1.0,,1.0,26:13,0.0,5.0,1.0,0.0,25.0,0.0,63.0,0.0,49.0,5.0,5-13,,5-50,217.0,2.0,4.7,2.5,9
401754640,2025.0,4.0,regular,home,2116.0,UCF,Big 12,153.0,North Carolina,ACC,25-32,0.0,23.0,4-4,0.0,0.0,0.0,6.0,0.0,0.0,17.0,1.0,10.0,223.0,3.0,2.0,1.0,33:47,0.0,1.0,1.0,5.0,34.0,3.0,143.0,2.0,41.0,4.0,5-13,1.0,7-40,366.0,0.0,7.0,4.2,34
401754642,2025.0,4.0,regular,away,189.0,Bowling Green,Mid-American,97.0,Louisville,ACC,11-21,0.0,14.0,0-0,0.0,1.0,,,2.0,0.0,25.0,1.0,5.0,131.0,2.0,,1.0,26:08,,,,2.0,29.0,1.0,190.0,3.0,30.0,6.0,4-12,0.0,6-43,321.0,2.0,6.2,6.6,17
401754642,2025.0,4.0,regular,home,97.0,Louisville,ACC,189.0,Bowling Green,Mid-American,24-33,1.0,21.0,0-0,1.0,0.0,0.0,5.0,0.0,0.0,65.0,2.0,16.0,313.0,3.0,2.0,0.0,33:52,1.0,106.0,3.0,2.0,29.0,3.0,126.0,0.0,21.0,2.0,4-11,2.0,6-55,439.0,1.0,9.5,4.3,40
401756897,2025.0,4.0,regular,away,2751.0,Wyoming,Mountain West,38.0,Colorado,Big 12,12-26,0.0,20.0,1-1,0.0,1.0,,,0.0,,,,8.0,182.0,1.0,,2.0,32:04,0.0,16.0,1.0,3.0,40.0,0.0,166.0,1.0,47.0,4.0,5-13,1.0,7-80,348.0,0.0,7.0,4.2,20
401756897,2025.0,4.0,regular,home,38.0,Colorado,Big 12,2751.0,Wyoming,Mountain West,18-28,0.0,23.0,0-0,1.0,0.0,,,0.0,0.0,112.0,4.0,5.0,304.0,7.0,,3.0,27:56,0.0,12.0,1.0,1.0,31.0,2.0,193.0,2.0,47.0,6.0,5-10,1.0,5-53,497.0,1.0,10.9,6.2,37
401756898,2025.0,4.0,regular,home,151.0,East Carolina,American Athletic,252.0,BYU,Big 12,25-42,0.0,24.0,1-3,0.0,0.0,,,2.0,0.0,81.0,4.0,7.0,285.0,3.0,,0.0,28:21,0.0,-11.0,1.0,0.0,35.0,1.0,119.0,0.0,26.0,8.0,6-15,1.0,11-76,404.0,2.0,6.8,3.4,13
401756898,2025.0,4.0,regular,away,252.0,BYU,Big 12,151.0,East Carolina,American Athletic,18-26,1.0,20.0,0-1,0.0,,1.0,15.0,0.0,0.0,76.0,3.0,10.0,246.0,4.0,2.0,1.0,31:39,0.0,12.0,1.0,0.0,34.0,2.0,172.0,2.0,40.0,6.0,7-14,,10-101,418.0,0.0,9.5,5.1,34
401756899,2025.0,4.0,regular,away,277.0,West Virginia,Big 12,2305.0,Kansas,Big 12,17-31,0.0,18.0,0-2,1.0,0.0,,,1.0,,,,4.0,142.0,3.0,,0.0,26:10,0.0,0.0,1.0,3.0,41.0,1.0,182.0,0.0,36.0,1.0,3-15,1.0,5-30,324.0,2.0,4.6,4.4,10
401756899,2025.0,4.0,regular,home,2305.0,Kansas,Big 12,277.0,West Virginia,Big 12,13-26,1.0,19.0,1-2,0.0,1.0,0.0,32.0,0.0,1.0,137.0,2.0,11.0,146.0,6.0,1.0,3.0,33:50,0.0,30.0,4.0,5.0,39.0,1.0,259.0,2.0,37.0,5.0,5-14,1.0,4-40,405.0,0.0,5.6,6.6,41
401752715,2025.0,4.0,regular,home,2633.0,Tennessee,SEC,5.0,UAB,American Athletic,18-30,1.0,28.0,1-1,1.0,1.0,0.0,1.0,1.0,0.0,44.0,1.0,8.0,275.0,3.0,1.0,3.0,26:08,0.0,35.0,3.0,2.0,42.0,4.0,239.0,3.0,27.0,9.0,7-13,2.0,5-50,514.0,2.0,9.2,5.7,56
401752715,2025.0,4.0,regular,away,5.0,UAB,American Athletic,2633.0,Tennessee,SEC,39-52,0.0,18.0,2-3,1.0,1.0,0.0,-5.0,1.0,0.0,14.0,1.0,6.0,371.0,3.0,1.0,2.0,33:52,,,,1.0,19.0,1.0,23.0,1.0,26.0,3.0,5-15,2.0,13-110,394.0,2.0,7.1,1.2,24
401752848,2025.0,4.0,regular,home,87.0,Notre Dame,FBS Independents,2509.0,Purdue,Big Ten,17-20,1.0,26.0,0-2,1.0,0.0,0.0,8.0,0.0,1.0,167.0,4.0,8.0,281.0,6.0,2.0,2.0,32:00,0.0,13.0,2.0,4.0,39.0,5.0,258.0,2.0,36.0,5.0,6-10,1.0,3-30,539.0,1.0,14.1,6.6,56
401752848,2025.0,4.0,regular,away,2509.0,Purdue,Big Ten,87.0,Notre Dame,FBS Independents,25-39,0.0,20.0,1-1,0.0,1.0,,,2.0,,,,12.0,303.0,1.0,,3.0,28:00,,,,2.0,28.0,0.0,76.0,1.0,43.0,2.0,4-14,1.0,7-75,379.0,2.0,7.8,2.7,30
401752846,2025.0,4.0,regular,away,130.0,Michigan,Big Ten,158.0,Nebraska,Big Ten,12-23,0.0,16.0,0-0,1.0,0.0,0.0,0.0,0.0,0.0,1.0,1.0,12.0,105.0,3.0,1.0,0.0,26:43,0.0,-1.0,1.0,2.0,31.0,3.0,290.0,7.0,40.0,9.0,4-12,1.0,4-39,395.0,1.0,4.6,9.4,30
401752846,2025.0,4.0,regular,home,158.0,Nebraska,Big Ten,130.0,Michigan,Big Ten,30-41,0.0,23.0,2-3,0.0,1.0,,,1.0,0.0,23.0,1.0,9.0,308.0,3.0,,3.0,33:17,0.0,21.0,3.0,1.0,31.0,0.0,43.0,1.0,26.0,5.0,2-13,0.0,3-9,351.0,1.0,7.5,1.4,27
401757169,2025.0,4.0,regular,away,2050.0,Ball State,Mid-American,41.0,UConn,FBS Independents,18-25,0.0,19.0,2-2,0.0,,,,1.0,0.0,36.0,2.0,5.0,228.0,2.0,,2.0,27:44,,,,0.0,37.0,1.0,176.0,0.0,44.0,2.0,4-12,,4-32,404.0,1.0,9.1,4.8,25
401757169,2025.0,4.0,regular,home,41.0,UConn,FBS Independents,2050.0,Ball State,Mid-American,20-30,0.0,17.0,5-5,0.0,,0.0,0.0,0.0,0.0,56.0,3.0,7.0,181.0,1.0,1.0,1.0,32:16,0.0,34.0,3.0,1.0,34.0,3.0,226.0,4.0,36.0,5.0,5-15,,2-20,407.0,0.0,6.0,6.6,31
401752712,2025.0,4.0,regular,home,344.0,Mississippi State,SEC,2459.0,Northern Illinois,Mid-American,12-20,0.0,23.0,4-4,0.0,,0.0,0.0,0.0,,,,8.0,160.0,0.0,1.0,1.0,31:55,0.0,1.0,1.0,3.0,49.0,4.0,292.0,1.0,15.0,6.0,5-13,,11-103,452.0,0.0,8.0,6.0,38
401752712,2025.0,4.0,regular,away,2459.0,Northern Illinois,Mid-American,344.0,Mississippi State,SEC,15-25,0.0,14.0,0-2,0.0,0.0,,,1.0,,,,4.0,142.0,1.0,,1.0,28:05,,,,2.0,26.0,0.0,126.0,2.0,23.0,3.0,1-9,1.0,5-50,268.0,1.0,5.7,4.8,10
401757259,2025.0,4.0,regular,away,48.0,Delaware,Conference USA,2229.0,Florida International,Conference USA,23-35,1.0,24.0,1-2,0.0,,0.0,0.0,1.0,0.0,64.0,3.0,8.0,218.0,3.0,2.0,3.0,30:31,1.0,68.0,1.0,0.0,31.0,1.0,140.0,2.0,46.0,5.0,11-16,,2-10,358.0,1.0,6.2,4.5,38
401757259,2025.0,4.0,regular,home,2229.0,Florida International,Conference USA,48.0,Delaware,Conference USA,22-35,0.0,14.0,4-5,0.0,0.0,0.0,5.0,2.0,0.0,27.0,2.0,4.0,203.0,5.0,1.0,1.0,29:29,,,,1.0,34.0,1.0,160.0,1.0,36.0,4.0,5-17,1.0,7-68,363.0,2.0,5.8,4.7,16
401757261,2025.0,4.0,regular,home,338.0,Kennesaw State,Conference USA,2032.0,Arkansas State,Sun Belt,25-34,0.0,30.0,1-2,2.0,1.0,,,0.0,0.0,36.0,2.0,4.0,308.0,8.0,,1.0,32:25,0.0,56.0,3.0,3.0,46.0,3.0,199.0,1.0,32.0,3.0,7-13,3.0,7-68,507.0,2.0,9.1,4.3,28
401757261,2025.0,4.0,regular,away,2032.0,Arkansas State,Sun Belt,338.0,Kennesaw State,Conference USA,25-41,0.0,18.0,1-2,1.0,3.0,,,0.0,0.0,54.0,4.0,3.0,226.0,2.0,,2.0,27:35,0.0,-2.0,2.0,2.0,28.0,1.0,92.0,2.0,39.0,6.0,4-15,1.0,6-45,318.0,1.0,5.5,3.3,21
401757262,2025.0,4.0,regular,away,256.0,James Madison,Sun Belt,2335.0,Liberty,Conference USA,17-25,0.0,24.0,0-0,0.0,,,,1.0,0.0,30.0,2.0,7.0,213.0,4.0,,1.0,33:03,,,,0.0,39.0,3.0,233.0,3.0,32.0,5.0,6-10,,7-72,446.0,1.0,8.5,6.0,31
401757262,2025.0,4.0,regular,home,2335.0,Liberty,Conference USA,256.0,James Madison,Sun Belt,7-21,0.0,16.0,3-4,0.0,,0.0,0.0,0.0,,,,7.0,75.0,4.0,1.0,0.0,26:57,,,,1.0,42.0,1.0,158.0,0.0,40.0,2.0,3-14,,6-44,233.0,0.0,3.6,3.8,13
401757268,2025.0,4.0,regular,away,2440.0,Nevada,Mountain West,98.0,Western Kentucky,Conference USA,16-33,0.0,22.0,2-2,1.0,1.0,0.0,16.0,2.0,0.0,25.0,1.0,10.0,165.0,3.0,1.0,0.0,32:22,,,,1.0,39.0,1.0,207.0,2.0,38.0,4.0,5-16,1.0,6-60,372.0,3.0,5.0,5.3,16
401757268,2025.0,4.0,regular,home,98.0,Western Kentucky,Conference USA,2440.0,Nevada,Mountain West,22-33,1.0,22.0,1-1,1.0,1.0,0.0,12.0,1.0,1.0,81.0,2.0,7.0,216.0,3.0,2.0,0.0,27:44,,,,1.0,33.0,3.0,145.0,0.0,42.0,5.0,5-12,1.0,8-85,361.0,2.0,6.5,4.4,31
401752716,2025.0,4.0,regular,away,2247.0,Georgia State,Sun Belt,238.0,Vanderbilt,SEC,31-48,0.0,18.0,2-2,1.0,0.0,,,0.0,0.0,37.0,2.0,3.0,258.0,2.0,,3.0,30:11,,,,2.0,20.0,0.0,32.0,0.0,36.0,5.0,6-16,1.0,15-109,290.0,1.0,5.4,1.6,21
401752716,2025.0,4.0,regular,home,238.0,Vanderbilt,SEC,2247.0,Georgia State,Sun Belt,23-34,1.0,30.0,1-3,0.0,1.0,,,0.0,0.0,46.0,1.0,10.0,349.0,3.0,,1.0,29:49,1.0,51.0,4.0,9.0,36.0,8.0,287.0,3.0,32.0,8.0,6-10,0.0,10-99,636.0,0.0,10.3,8.0,70
401752842,2025.0,4.0,regular,away,264.0,Washington,Big Ten,265.0,Washington State,Pac-12,16-19,1.0,23.0,0-0,0.0,1.0,1.0,74.0,0.0,0.0,10.0,1.0,11.0,298.0,3.0,2.0,4.0,24:14,,,,5.0,32.0,3.0,175.0,3.0,26.0,7.0,8-9,0.0,5-50,473.0,0.0,15.7,5.5,59
401752842,2025.0,4.0,regular,home,265.0,Washington State,Pac-12,264.0,Washington,Big Ten,25-36,0.0,21.0,2-3,1.0,0.0,,,2.0,,,,6.0,277.0,0.0,,2.0,35:46,,,,1.0,27.0,1.0,28.0,3.0,39.0,7.0,6-13,1.0,2-10,305.0,3.0,7.7,1.0,24
401752723,2025.0,4.0,regular,home,251.0,Texas,SEC,2534.0,Sam Houston,Conference USA,23-28,0.0,26.0,0-0,0.0,,0.0,0.0,0.0,0.0,22.0,1.0,13.0,343.0,3.0,1.0,3.0,33:51,0.0,56.0,3.0,1.0,41.0,4.0,264.0,5.0,31.0,10.0,7-11,,9-70,607.0,0.0,12.3,6.4,55
401752723,2025.0,4.0,regular,away,2534.0,Sam Houston,Conference USA,251.0,Texas,SEC,13-25,0.0,7.0,0-2,0.0,0.0,,,1.0,,,,,86.0,1.0,,0.0,26:09,,,,3.0,26.0,0.0,27.0,1.0,39.0,5.0,2-14,2.0,6-40,113.0,1.0,3.4,1.0,0
401754540,2025.0,4.0,regular,away,25.0,California,ACC,21.0,San Diego State,Mountain West,18-41,0.0,17.0,2-4,1.0,0.0,,,2.0,0.0,15.0,1.0,0.0,224.0,3.0,,0.0,29:42,0.0,11.0,2.0,0.0,31.0,0.0,65.0,1.0,38.0,6.0,6-17,1.0,6-40,289.0,3.0,5.5,2.1,0
401754540,2025.0,4.0,regular,home,21.0,San Diego State,Mountain West,25.0,California,ACC,15-18,2.0,15.0,0-0,0.0,1.0,1.0,96.0,0.0,0.0,16.0,1.0,10.0,189.0,10.0,2.0,1.0,30:18,0.0,22.0,1.0,5.0,31.0,1.0,134.0,4.0,42.0,5.0,3-10,0.0,7-75,323.0,0.0,10.5,4.3,34
401767679,2025.0,4.0,regular,home,322.0,Lafayette,Patriot,171.0,Columbia,Ivy,14-17,,22.0,1-1,0.0,,0.0,4.0,0.0,,,,8.0,166.0,,1.0,0.0,34:34,0.0,9.0,1.0,,49.0,5.0,234.0,,,,6-12,,5-25,400.0,0.0,9.8,4.8,38
401767679,2025.0,4.0,regular,away,171.0,Columbia,Ivy,322.0,Lafayette,Patriot,16-36,,18.0,1-4,0.0,0.0,,,1.0,0.0,130.0,6.0,2.0,198.0,,,1.0,25:26,0.0,0.0,1.0,,28.0,1.0,91.0,,,,5-13,1.0,6-22,289.0,1.0,5.5,3.3,14
401767072,2025.0,4.0,regular,home,2617.0,Stephen F. Austin,Southland,13.0,Cal Poly,Big Sky,19-30,,18.0,1-2,1.0,0.0,1.0,45.0,0.0,,,,5.0,190.0,,3.0,2.0,28:09,1.0,85.0,4.0,,37.0,1.0,164.0,,,,4-14,1.0,7-80,354.0,1.0,6.3,4.4,35
401767072,2025.0,4.0,regular,away,13.0,Cal Poly,Big Sky,2617.0,Stephen F. Austin,Southland,19-39,,19.0,1-1,0.0,1.0,,,3.0,0.0,9.0,1.0,5.0,288.0,,,2.0,31:51,0.0,0.0,1.0,,32.0,0.0,69.0,,,,4-17,2.0,8-75,357.0,3.0,7.4,2.2,17
401767405,2025.0,4.0,regular,home,2450.0,Norfolk State,MEAC,2529.0,Sacred Heart,FCS Independents,27-42,,29.0,3-4,2.0,0.0,,,1.0,0.0,12.0,3.0,4.0,340.0,,,1.0,25:23,0.0,36.0,3.0,,31.0,3.0,210.0,,,,3-10,2.0,9-77,550.0,3.0,8.1,6.8,28
401767405,2025.0,4.0,regular,away,2529.0,Sacred Heart,FCS Independents,2450.0,Norfolk State,MEAC,9-14,,18.0,1-1,0.0,2.0,0.0,2.0,0.0,0.0,47.0,4.0,7.0,95.0,,1.0,0.0,34:37,,,,,51.0,4.0,295.0,,,,6-15,0.0,9-80,390.0,0.0,6.8,5.8,31
401767416,2025.0,4.0,regular,home,2755.0,Grambling,SWAC,2837.0,East Texas A&M,Southland,14-26,,15.0,1-1,0.0,,0.0,0.0,0.0,0.0,31.0,1.0,7.0,179.0,,1.0,1.0,23:31,0.0,29.0,1.0,,28.0,3.0,142.0,,,,2-11,,5-40,321.0,0.0,6.9,5.1,31
401767416,2025.0,4.0,regular,away,2837.0,East Texas A&M,Southland,2755.0,Grambling,SWAC,23-33,,23.0,0-2,0.0,,,,1.0,,,,4.0,229.0,,,2.0,36:29,0.0,65.0,4.0,,40.0,2.0,123.0,,,,6-14,,6-47,352.0,1.0,6.9,3.1,28
401767433,2025.0,4.0,regular,home,2504.0,Prairie View A&M,SWAC,2466.0,Northwestern State,Southland,15-23,,19.0,2-3,1.0,1.0,0.0,32.0,1.0,0.0,35.0,4.0,7.0,148.0,,1.0,0.0,33:40,0.0,0.0,1.0,,44.0,3.0,346.0,,,,3-12,2.0,4-50,494.0,2.0,6.4,7.9,27
401767433,2025.0,4.0,regular,away,2466.0,Northwestern State,Southland,2504.0,Prairie View A&M,SWAC,12-21,,14.0,1-1,1.0,1.0,0.0,0.0,1.0,0.0,15.0,4.0,6.0,156.0,,1.0,2.0,26:20,0.0,17.0,1.0,,32.0,1.0,164.0,,,,5-13,2.0,4-35,320.0,2.0,7.4,5.1,24
401767528,2025.0,4.0,regular,home,292.0,UT Rio Grande Valley,Southland,102626.0,Texas Wesleyan,,19-32,,21.0,0-1,0.0,3.0,1.0,52.0,1.0,0.0,37.0,1.0,11.0,247.0,,2.0,1.0,29:16,0.0,30.0,3.0,,41.0,6.0,283.0,,,,8-15,0.0,3-20,530.0,1.0,7.7,6.9,61
401767528,2025.0,4.0,regular,away,102626.0,Texas Wesleyan,,292.0,UT Rio Grande Valley,Southland,20-40,,16.0,1-5,3.0,0.0,1.0,65.0,2.0,0.0,73.0,4.0,1.0,287.0,,1.0,0.0,30:44,0.0,27.0,2.0,,37.0,1.0,38.0,,,,8-18,3.0,4-20,325.0,5.0,7.2,1.0,13
401767541,2025.0,4.0,regular,home,233.0,South Dakota,MVFC,2181.0,Drake,Pioneer,13-20,,21.0,0-0,1.0,1.0,0.0,0.0,0.0,0.0,66.0,3.0,6.0,226.0,,2.0,2.0,29:21,0.0,-3.0,3.0,,35.0,4.0,282.0,,,,5-8,3.0,8-75,508.0,1.0,11.3,8.1,42
401767541,2025.0,4.0,regular,away,2181.0,Drake,Pioneer,233.0,South Dakota,MVFC,15-20,,20.0,1-1,1.0,1.0,,,2.0,0.0,23.0,1.0,3.0,164.0,,,1.0,30:39,,,,,39.0,2.0,138.0,,,,5-11,1.0,3-21,302.0,3.0,8.2,3.5,21
401767644,2025.0,4.0,regular,home,163.0,Princeton,Ivy,301.0,San Diego,Pioneer,18-27,,16.0,1-2,1.0,1.0,,,0.0,0.0,25.0,1.0,5.0,283.0,,,1.0,21:38,0.0,39.0,4.0,,28.0,4.0,116.0,,,,4-12,1.0,3-40,399.0,1.0,10.5,4.1,35
401767644,2025.0,4.0,regular,away,301.0,San Diego,Pioneer,163.0,Princeton,Ivy,38-51,,25.0,1-1,1.0,1.0,,,0.0,0.0,56.0,3.0,6.0,352.0,,,3.0,38:22,0.0,26.0,2.0,,34.0,3.0,133.0,,,,14-21,1.0,8-65,485.0,1.0,6.9,3.9,42
401767743,2025.0,4.0,regular,home,2771.0,Merrimack,FCS Independents,2115.0,Central Connecticut,NEC,12-30,,20.0,0-1,0.0,2.0,0.0,13.0,2.0,0.0,43.0,3.0,10.0,124.0,,1.0,0.0,36:19,0.0,12.0,3.0,,42.0,1.0,190.0,,,,5-14,1.0,5-41,314.0,2.0,4.1,4.5,16
401767743,2025.0,4.0,regular,away,2115.0,Central Connecticut,NEC,2771.0,Merrimack,FCS Independents,14-32,,17.0,0-1,2.0,0.0,0.0,-3.0,1.0,0.0,38.0,2.0,2.0,174.0,,2.0,0.0,23:41,0.0,19.0,3.0,,31.0,2.0,88.0,,,,4-14,3.0,3-30,262.0,3.0,5.4,2.8,14
401774013,2025.0,4.0,regular,home,2415.0,Morgan State,MEAC,2119.0,Central State (OH),SIAC,17-27,,18.0,0-4,1.0,1.0,0.0,12.0,1.0,0.0,25.0,1.0,3.0,165.0,,2.0,1.0,28:06,1.0,43.0,5.0,,36.0,2.0,138.0,,,,5-13,2.0,5-55,303.0,2.0,6.1,3.8,27
401774013,2025.0,4.0,regular,away,2119.0,Central State (OH),SIAC,2415.0,Morgan State,MEAC,14-23,,9.0,0-0,1.0,1.0,0.0,0.0,2.0,0.0,0.0,1.0,,93.0,,1.0,0.0,31:54,,,,,32.0,0.0,15.0,,,,3-14,3.0,11-78,108.0,3.0,4.0,0.5,0
401767551,2025.0,4.0,regular,home,225.0,Brown,Ivy,46.0,Georgetown,Patriot,20-28,,18.0,1-1,0.0,2.0,0.0,3.0,1.0,,,,8.0,219.0,,2.0,2.0,30:33,0.0,6.0,3.0,,34.0,4.0,168.0,,,,4-13,1.0,4-30,387.0,1.0,7.8,4.9,46
401767551,2025.0,4.0,regular,away,46.0,Georgetown,Patriot,225.0,Brown,Ivy,9-29,,11.0,2-4,2.0,0.0,0.0,0.0,2.0,0.0,27.0,3.0,0.0,107.0,,1.0,0.0,29:27,0.0,24.0,2.0,,41.0,0.0,76.0,,,,6-19,4.0,5-45,183.0,4.0,3.7,1.9,0
401767726,2025.0,4.0,regular,home,43.0,Yale,Ivy,107.0,Holy Cross,Patriot,13-18,,18.0,1-2,0.0,1.0,,,0.0,0.0,26.0,2.0,4.0,166.0,,,1.0,30:45,0.0,-1.0,1.0,,43.0,3.0,152.0,,,,5-12,1.0,13-100,318.0,0.0,9.2,3.5,28
401767726,2025.0,4.0,regular,away,107.0,Holy Cross,Patriot,43.0,Yale,Ivy,15-32,,19.0,0-2,1.0,0.0,,,0.0,0.0,83.0,5.0,4.0,193.0,,,1.0,29:15,,,,,34.0,0.0,88.0,,,,6-15,1.0,10-77,281.0,1.0,6.0,2.6,10
401767258,2025.0,4.0,regular,home,2405.0,Monmouth,CAA,222.0,Villanova,CAA,20-30,,34.0,0-1,0.0,1.0,,,0.0,0.0,54.0,2.0,9.0,397.0,,,4.0,32:21,0.0,11.0,1.0,,45.0,3.0,240.0,,,,7-12,1.0,7-72,637.0,0.0,13.2,5.3,51
401767258,2025.0,4.0,regular,away,222.0,Villanova,CAA,2405.0,Monmouth,CAA,25-43,,27.0,0-1,1.0,0.0,,,0.0,0.0,194.0,8.0,3.0,333.0,,,2.0,27:39,,,,,28.0,3.0,165.0,,,,7-14,2.0,13-124,498.0,1.0,7.7,5.9,33
401767640,2025.0,4.0,regular,away,495.0,BLUEFIELD,,2506.0,Presbyterian,Pioneer,14-28,,8.0,1-2,1.0,0.0,,,2.0,0.0,197.0,12.0,3.0,85.0,,,0.0,30:57,,,,,31.0,0.0,75.0,,,,2-15,2.0,10-95,160.0,3.0,3.0,2.4,3
401767640,2025.0,4.0,regular,home,2506.0,Presbyterian,Pioneer,495.0,BLUEFIELD,,19-25,,28.0,1-1,0.0,1.0,0.0,44.0,0.0,0.0,72.0,3.0,14.0,320.0,,2.0,6.0,29:03,0.0,5.0,3.0,,35.0,4.0,226.0,,,,4-9,0.0,2-20,546.0,0.0,12.8,6.5,76
401767574,2025.0,4.0,regular,away,2382.0,Mercer,Southern,2643.0,The Citadel,Southern,29-35,,24.0,0-0,0.0,,0.0,0.0,0.0,,,,8.0,305.0,,1.0,4.0,31:33,,,,,27.0,1.0,152.0,,,,5-9,,6-45,457.0,0.0,8.7,5.6,38
401767574,2025.0,4.0,regular,home,2643.0,The Citadel,Southern,2382.0,Mercer,Southern,10-16,,10.0,0-5,0.0,,,,1.0,0.0,17.0,2.0,,76.0,,,0.0,28:27,0.0,0.0,1.0,,37.0,0.0,118.0,,,,3-13,,4-40,194.0,1.0,4.8,3.2,0
401767613,2025.0,4.0,regular,home,2523.0,Robert Morris,NEC,2168.0,Dayton,Pioneer,10-25,,18.0,0-3,0.0,,,,0.0,,,,2.0,115.0,,,0.0,33:20,0.0,15.0,3.0,,39.0,2.0,148.0,,,,8-15,,7-55,263.0,0.0,4.6,3.8,14
401767613,2025.0,4.0,regular,away,2168.0,Dayton,Pioneer,2523.0,Robert Morris,NEC,13-20,,16.0,1-1,0.0,0.0,,,0.0,0.0,19.0,1.0,5.0,194.0,,,2.0,26:40,0.0,9.0,2.0,,31.0,0.0,92.0,,,,4-11,1.0,7-64,286.0,0.0,9.7,3.0,17
401767580,2025.0,4.0,regular,home,2717.0,Western Carolina,Southern,2535.0,Samford,Southern,35-46,,31.0,1-3,1.0,0.0,0.0,0.0,0.0,0.0,73.0,3.0,6.0,582.0,,1.0,6.0,29:47,0.0,-3.0,1.0,,31.0,1.0,151.0,,,,8-12,1.0,16-145,733.0,1.0,12.7,4.9,50
401767580,2025.0,4.0,regular,away,2535.0,Samford,Southern,2717.0,Western Carolina,Southern,35-53,,34.0,0-1,0.0,1.0,,,1.0,0.0,62.0,3.0,11.0,456.0,,,3.0,30:13,,,,,35.0,1.0,120.0,,,,7-15,0.0,5-47,576.0,1.0,8.6,3.4,35
401767162,2025.0,4.0,regular,home,2729.0,William & Mary,CAA,2127.0,Charleston Southern,Big South-OVC,22-34,,27.0,1-3,0.0,2.0,,,0.0,0.0,15.0,1.0,4.0,296.0,,,4.0,36:04,0.0,3.0,1.0,,50.0,1.0,151.0,,,,14-21,0.0,3-25,447.0,0.0,8.7,3.0,34
401767162,2025.0,4.0,regular,away,2127.0,Charleston Southern,Big South-OVC,2729.0,William & Mary,CAA,11-18,,10.0,0-1,2.0,0.0,,,0.0,0.0,26.0,2.0,1.0,86.0,,,0.0,23:56,0.0,19.0,2.0,,27.0,1.0,163.0,,,,3-11,2.0,9-68,249.0,2.0,4.8,6.0,7
401767182,2025.0,4.0,regular,home,47.0,Howard,MEAC,2261.0,Hampton,CAA,13-17,,24.0,1-1,1.0,0.0,0.0,44.0,0.0,0.0,15.0,2.0,4.0,182.0,,1.0,1.0,35:54,0.0,46.0,4.0,,46.0,4.0,274.0,,,,4-10,1.0,8-65,456.0,1.0,10.7,6.0,34
401767182,2025.0,4.0,regular,away,2261.0,Hampton,CAA,47.0,Howard,MEAC,8-15,,11.0,0-1,0.0,1.0,,,1.0,0.0,14.0,1.0,1.0,71.0,,,0.0,24:06,0.0,20.0,2.0,,35.0,1.0,144.0,,,,4-12,1.0,6-54,215.0,1.0,4.7,4.1,7
401767272,2025.0,4.0,regular,home,2448.0,North Carolina A&T,CAA,2428.0,North Carolina Central,MEAC,11-20,,13.0,0-2,0.0,1.0,,,2.0,0.0,39.0,3.0,2.0,252.0,,,1.0,24:07,0.0,22.0,1.0,,35.0,1.0,42.0,,,,3-11,1.0,8-63,294.0,2.0,12.6,1.2,20
401767272,2025.0,4.0,regular,away,2428.0,North Carolina Central,MEAC,2448.0,North Carolina A&T,CAA,24-32,,32.0,0-1,1.0,0.0,0.0,0.0,0.0,0.0,38.0,5.0,10.0,399.0,,2.0,3.0,35:53,,,,,42.0,5.0,366.0,,,,7-11,1.0,8-59,765.0,1.0,12.5,8.7,62
401767031,2025.0,4.0,regular,home,2097.0,Campbell,CAA,2803.0,Bryant,CAA,30-50,,27.0,3-4,2.0,1.0,0.0,0.0,2.0,0.0,80.0,4.0,6.0,337.0,,2.0,6.0,32:23,,,,,42.0,1.0,220.0,,,,11-20,2.0,11-108,557.0,4.0,6.7,5.2,50
401767031,2025.0,4.0,regular,away,2803.0,Bryant,CAA,2097.0,Campbell,CAA,15-34,,19.0,1-3,1.0,2.0,1.0,30.0,2.0,1.0,132.0,3.0,6.0,215.0,,2.0,1.0,27:37,0.0,1.0,1.0,,37.0,4.0,175.0,,,,7-17,1.0,6-52,390.0,3.0,6.3,4.7,48
401767278,2025.0,4.0,regular,home,2698.0,West Georgia,UAC,2198.0,Eastern Kentucky,UAC,8-15,,17.0,0-1,0.0,1.0,0.0,0.0,0.0,0.0,140.0,5.0,7.0,95.0,,1.0,2.0,28:06,0.0,7.0,2.0,,41.0,1.0,147.0,,,,5-13,1.0,5-54,242.0,0.0,6.3,3.6,33
401767278,2025.0,4.0,regular,away,2198.0,Eastern Kentucky,UAC,2698.0,West Georgia,UAC,21-41,,21.0,1-3,1.0,0.0,,,1.0,0.0,24.0,1.0,6.0,203.0,,,0.0,31:54,0.0,6.0,1.0,,31.0,1.0,154.0,,,,7-16,1.0,7-80,357.0,2.0,5.0,5.0,12
401767319,2025.0,4.0,regular,home,227.0,Rhode Island,CAA,2341.0,Long Island University,NEC,19-32,,17.0,0-0,0.0,,0.0,0.0,1.0,,,,4.0,193.0,,2.0,2.0,31:02,0.0,31.0,1.0,,37.0,2.0,158.0,,,,9-16,,4-35,351.0,1.0,6.0,4.3,28
401767319,2025.0,4.0,regular,away,2341.0,Long Island University,NEC,227.0,Rhode Island,CAA,10-28,,16.0,1-3,0.0,,0.0,3.0,2.0,0.0,29.0,1.0,1.0,101.0,,1.0,0.0,28:58,,,,,35.0,1.0,203.0,,,,2-12,,6-40,304.0,2.0,3.6,5.8,7
401767239,2025.0,4.0,regular,home,2000.0,Abilene Christian,UAC,2046.0,Austin Peay,UAC,30-42,,22.0,1-1,0.0,,,,1.0,,,,,339.0,,,,28:06,,,,,29.0,,93.0,,,,6-14,,6-37,432.0,1.0,8.1,3.2,45
401767239,2025.0,4.0,regular,away,2046.0,Austin Peay,UAC,2000.0,Abilene Christian,UAC,24-39,,23.0,2-2,3.0,,,,0.0,,,,,330.0,,,,31:54,,,,,34.0,,104.0,,,,3-13,,9-80,434.0,3.0,8.5,3.1,31
401767308,2025.0,4.0,regular,home,3101.0,Utah Tech,UAC,2460.0,Northern Iowa,MVFC,12-22,,22.0,0-0,0.0,1.0,,,1.0,0.0,45.0,3.0,8.0,110.0,,,1.0,33:15,0.0,0.0,1.0,,51.0,1.0,239.0,,,,7-15,0.0,13-116,349.0,1.0,5.0,4.7,20
401767308,2025.0,4.0,regular,away,2460.0,Northern Iowa,MVFC,3101.0,Utah Tech,UAC,18-31,,11.0,1-2,0.0,0.0,0.0,19.0,0.0,0.0,38.0,2.0,9.0,160.0,,1.0,0.0,26:45,0.0,19.0,3.0,,25.0,0.0,47.0,,,,4-14,2.0,11-118,207.0,0.0,5.2,1.9,9
401756908,2025.0,5.0,regular,home,277.0,West Virginia,Big 12,254.0,Utah,Big 12,6-13,0.0,14.0,4-7,0.0,0.0,0.0,0.0,0.0,,,,2.0,85.0,0.0,1.0,1.0,25:15,,,,2.0,48.0,1.0,261.0,0.0,46.0,5.0,4-14,1.0,6-70,346.0,0.0,6.5,5.4,14
401756908,2025.0,5.0,regular,away,254.0,Utah,Big 12,277.0,West Virginia,Big 12,25-30,0.0,33.0,3-3,0.0,0.0,,,1.0,0.0,10.0,1.0,12.0,290.0,3.0,,5.0,34:45,0.0,6.0,2.0,1.0,47.0,1.0,242.0,1.0,34.0,5.0,8-13,2.0,5-43,532.0,1.0,9.7,5.1,48
401762827,2025.0,5.0,regular,home,193.0,Miami (OH),Mid-American,2815.0,Lindenwood,Big South-OVC,13-21,1.0,23.0,2-3,0.0,,0.0,40.0,0.0,0.0,15.0,1.0,8.0,208.0,4.0,2.0,2.0,36:53,1.0,49.0,5.0,5.0,47.0,2.0,268.0,3.0,23.0,6.0,4-13,,6-50,476.0,0.0,9.9,5.7,38
401762827,2025.0,5.0,regular,away,2815.0,Lindenwood,Big South-OVC,193.0,Miami (OH),Mid-American,9-25,0.0,9.0,0-0,0.0,,,,2.0,,,,,87.0,3.0,,0.0,23:07,,,,1.0,28.0,0.0,60.0,0.0,40.0,2.0,1-13,,4-30,147.0,2.0,3.5,2.1,0
401767142,2025.0,5.0,regular,home,2097.0,Campbell,CAA,2717.0,Western Carolina,Southern,20-48,,24.0,1-1,0.0,2.0,,,1.0,0.0,65.0,3.0,9.0,284.0,,,1.0,36:40,0.0,23.0,3.0,,37.0,3.0,153.0,,,,5-18,1.0,7-79,437.0,1.0,5.9,4.1,35
401767142,2025.0,5.0,regular,away,2717.0,Western Carolina,Southern,2097.0,Campbell,CAA,27-41,,27.0,1-2,2.0,0.0,0.0,2.0,0.0,0.0,16.0,1.0,6.0,488.0,,1.0,5.0,23:20,0.0,47.0,2.0,,29.0,1.0,76.0,,,,2-11,2.0,8-84,564.0,2.0,11.9,2.6,42
401767191,2025.0,5.0,regular,away,2448.0,North Carolina A&T,CAA,311.0,Maine,CAA,19-33,,20.0,0-0,0.0,0.0,,,0.0,0.0,113.0,6.0,4.0,279.0,,,2.0,28:10,1.0,85.0,1.0,,32.0,1.0,69.0,,,,9-15,1.0,4-30,348.0,0.0,8.5,2.2,30
401767191,2025.0,5.0,regular,home,311.0,Maine,CAA,2448.0,North Carolina A&T,CAA,20-27,,20.0,1-1,0.0,0.0,,,0.0,0.0,111.0,3.0,7.0,298.0,,,2.0,31:50,0.0,9.0,1.0,,37.0,3.0,180.0,,,,8-14,1.0,8-80,478.0,0.0,11.0,4.9,37
401762828,2025.0,5.0,regular,home,2711.0,Western Michigan,Mid-American,227.0,Rhode Island,CAA,17-24,0.0,25.0,2-3,1.0,3.0,0.0,45.0,1.0,0.0,15.0,1.0,17.0,156.0,3.0,1.0,1.0,39:25,0.0,30.0,2.0,3.0,53.0,4.0,216.0,7.0,26.0,9.0,8-16,1.0,3-30,372.0,2.0,6.5,4.1,47
401762828,2025.0,5.0,regular,away,227.0,Rhode Island,CAA,2711.0,Western Michigan,Mid-American,19-28,0.0,16.0,0-1,3.0,1.0,0.0,0.0,1.0,0.0,21.0,1.0,2.0,256.0,0.0,1.0,1.0,20:35,,,,2.0,23.0,1.0,-5.0,1.0,45.0,6.0,2-7,3.0,3-25,251.0,4.0,9.1,-0.2,14
401757273,2025.0,5.0,regular,away,98.0,Western Kentucky,Conference USA,2623.0,Missouri State,Conference USA,26-39,0.0,25.0,0-1,0.0,,,,0.0,0.0,33.0,2.0,9.0,317.0,5.0,,1.0,31:28,,,,0.0,29.0,2.0,159.0,1.0,30.0,6.0,4-12,,9-94,476.0,0.0,8.1,5.5,27
401757273,2025.0,5.0,regular,home,2623.0,Missouri State,Conference USA,98.0,Western Kentucky,Conference USA,15-32,0.0,21.0,1-2,0.0,,,,0.0,0.0,21.0,1.0,10.0,200.0,4.0,,1.0,28:32,0.0,39.0,3.0,4.0,34.0,1.0,214.0,2.0,35.0,5.0,2-12,,8-70,414.0,0.0,6.3,6.3,22
401757274,2025.0,5.0,regular,home,167.0,New Mexico,Mountain West,166.0,New Mexico State,Conference USA,24-31,0.0,24.0,0-1,2.0,0.0,0.0,0.0,0.0,0.0,14.0,1.0,8.0,344.0,11.0,1.0,5.0,32:05,0.0,-7.0,2.0,0.0,37.0,0.0,133.0,9.0,32.0,10.0,7-14,2.0,8-55,477.0,2.0,11.1,3.6,38
401757274,2025.0,5.0,regular,away,166.0,New Mexico State,Conference USA,167.0,New Mexico,Mountain West,21-38,1.0,16.0,1-3,0.0,2.0,,,1.0,,,,8.0,289.0,1.0,,1.0,27:55,0.0,2.0,1.0,3.0,30.0,0.0,15.0,0.0,26.0,2.0,6-17,1.0,9-94,304.0,1.0,7.6,0.5,20
401760378,2025.0,5.0,regular,away,62.0,Hawai'i,Mountain West,2005.0,Air Force,Mountain West,35-47,0.0,26.0,0-1,0.0,,0.0,14.0,0.0,0.0,0.0,1.0,14.0,457.0,0.0,1.0,3.0,37:24,0.0,14.0,1.0,3.0,28.0,2.0,86.0,2.0,23.0,5.0,14-19,,4-17,543.0,0.0,9.7,3.1,44
401760378,2025.0,5.0,regular,home,2005.0,Air Force,Mountain West,62.0,Hawai'i,Mountain West,10-13,0.0,17.0,0-2,0.0,,,,1.0,0.0,36.0,2.0,5.0,278.0,3.0,,3.0,22:36,,,,4.0,34.0,2.0,216.0,0.0,37.0,6.0,3-6,,5-32,494.0,1.0,21.4,6.4,35
401752852,2025.0,5.0,regular,home,264.0,Washington,Big Ten,194.0,Ohio State,Big Ten,18-23,0.0,15.0,1-3,0.0,1.0,,,0.0,0.0,71.0,3.0,6.0,173.0,0.0,,0.0,28:05,,,,1.0,30.0,0.0,61.0,1.0,41.0,1.0,1-11,0.0,6-49,234.0,0.0,7.5,2.0,6
401752852,2025.0,5.0,regular,away,194.0,Ohio State,Big Ten,264.0,Washington,Big Ten,22-28,0.0,23.0,1-2,1.0,0.0,,,0.0,,,,6.0,208.0,0.0,,2.0,31:55,0.0,32.0,1.0,3.0,34.0,1.0,149.0,6.0,40.0,9.0,6-10,1.0,5-60,357.0,1.0,7.4,4.4,24
401752850,2025.0,5.0,regular,home,356.0,Illinois,Big Ten,30.0,USC,Big Ten,21-27,0.0,25.0,1-1,2.0,1.0,0.0,0.0,0.0,,,,10.0,331.0,2.0,1.0,3.0,27:26,0.0,9.0,1.0,4.0,34.0,1.0,172.0,1.0,43.0,4.0,6-10,2.0,5-42,503.0,2.0,12.3,5.1,34
401752850,2025.0,5.0,regular,away,30.0,USC,Big Ten,356.0,Illinois,Big Ten,30-43,0.0,29.0,4-5,1.0,2.0,,,1.0,0.0,26.0,2.0,6.0,364.0,2.0,,2.0,32:34,,,,0.0,34.0,2.0,126.0,1.0,40.0,2.0,8-14,1.0,8-69,490.0,2.0,8.5,3.7,32
401752722,2025.0,5.0,regular,away,96.0,Kentucky,SEC,2579.0,South Carolina,SEC,10-19,0.0,14.0,0-2,2.0,0.0,,,2.0,0.0,62.0,4.0,7.0,124.0,0.0,,0.0,28:57,,,,1.0,41.0,1.0,108.0,2.0,45.0,3.0,5-13,3.0,6-36,232.0,4.0,6.5,2.6,13
401752722,2025.0,5.0,regular,home,2579.0,South Carolina,SEC,96.0,Kentucky,SEC,12-15,2.0,20.0,2-4,0.0,2.0,1.0,45.0,0.0,0.0,14.0,1.0,5.0,163.0,1.0,2.0,0.0,31:03,0.0,-5.0,2.0,4.0,48.0,3.0,178.0,6.0,46.0,10.0,8-15,1.0,5-65,341.0,0.0,10.9,3.7,35
401756904,2025.0,5.0,regular,away,12.0,Arizona,Big 12,66.0,Iowa State,Big 12,32-48,0.0,20.0,1-3,0.0,,0.0,15.0,2.0,0.0,102.0,5.0,2.0,253.0,3.0,1.0,2.0,28:55,0.0,6.0,1.0,3.0,24.0,0.0,107.0,2.0,42.0,7.0,4-13,,2-30,360.0,2.0,5.3,4.5,14
401756904,2025.0,5.0,regular,home,66.0,Iowa State,Big 12,12.0,Arizona,Big 12,15-22,0.0,19.0,2-2,0.0,,0.0,52.0,1.0,,,,7.0,288.0,3.0,2.0,0.0,31:05,0.0,4.0,1.0,4.0,46.0,5.0,112.0,1.0,41.0,3.0,6-13,,1-5,400.0,1.0,13.1,2.4,39
401752720,2025.0,5.0,regular,home,344.0,Mississippi State,SEC,2633.0,Tennessee,SEC,18-29,0.0,23.0,1-2,1.0,1.0,0.0,47.0,1.0,,,,10.0,180.0,5.0,2.0,1.0,32:23,0.0,3.0,1.0,6.0,57.0,3.0,198.0,2.0,22.0,4.0,8-19,1.0,6-71,378.0,2.0,6.2,3.5,34
401752720,2025.0,5.0,regular,away,2633.0,Tennessee,SEC,344.0,Mississippi State,SEC,24-40,2.0,24.0,2-2,1.0,1.0,1.0,23.0,2.0,,,,11.0,335.0,4.0,1.0,1.0,27:37,0.0,-6.0,2.0,1.0,31.0,2.0,136.0,5.0,42.0,11.0,5-14,1.0,6-60,471.0,3.0,8.4,4.4,41
401752853,2025.0,5.0,regular,away,84.0,Indiana,Big Ten,2294.0,Iowa,Big Ten,13-23,0.0,18.0,0-3,0.0,0.0,0.0,1.0,1.0,,,,8.0,233.0,2.0,2.0,2.0,27:18,,,,4.0,35.0,0.0,153.0,1.0,40.0,6.0,6-15,2.0,4-30,386.0,1.0,10.1,4.4,20
401752853,2025.0,5.0,regular,home,2294.0,Iowa,Big Ten,84.0,Indiana,Big Ten,24-38,0.0,17.0,1-2,0.0,0.0,0.0,38.0,2.0,0.0,17.0,1.0,7.0,192.0,2.0,1.0,0.0,32:42,0.0,17.0,1.0,6.0,31.0,1.0,92.0,2.0,36.0,6.0,6-16,1.0,2-25,284.0,2.0,5.1,3.0,15
401767398,2025.0,5.0,regular,away,2396.0,Miles College,SIAC,2415.0,Morgan State,MEAC,24-38,,13.0,0-2,0.0,0.0,0.0,0.0,0.0,0.0,13.0,1.0,5.0,260.0,,1.0,2.0,24:37,0.0,10.0,1.0,,21.0,0.0,29.0,,,,5-15,1.0,10-85,289.0,0.0,6.8,1.4,17
401767398,2025.0,5.0,regular,home,2415.0,Morgan State,MEAC,2396.0,Miles College,SIAC,11-26,,22.0,2-3,0.0,0.0,,,1.0,0.0,83.0,4.0,6.0,76.0,,,1.0,35:23,0.0,36.0,2.0,,49.0,1.0,253.0,,,,5-15,1.0,15-166,329.0,1.0,2.9,5.2,24
401752719,2025.0,5.0,regular,home,145.0,Ole Miss,SEC,99.0,LSU,SEC,23-39,0.0,28.0,2-2,1.0,0.0,0.0,0.0,1.0,0.0,9.0,1.0,6.0,314.0,3.0,1.0,1.0,32:22,0.0,17.0,2.0,7.0,42.0,2.0,170.0,1.0,29.0,3.0,8-16,1.0,14-109,484.0,2.0,8.1,4.0,24
401752719,2025.0,5.0,regular,away,99.0,LSU,SEC,145.0,Ole Miss,SEC,21-34,0.0,16.0,2-2,0.0,1.0,0.0,31.0,1.0,0.0,55.0,3.0,7.0,197.0,4.0,1.0,1.0,27:38,0.0,12.0,1.0,6.0,21.0,1.0,59.0,0.0,42.0,5.0,2-11,0.0,7-78,256.0,1.0,5.8,2.8,19
401752721,2025.0,5.0,regular,away,113.0,Massachusetts,Mid-American,142.0,Missouri,SEC,14-39,0.0,9.0,0-0,0.0,,0.0,63.0,1.0,,,,0.0,105.0,0.0,1.0,1.0,21:17,,,,1.0,16.0,0.0,19.0,4.0,38.0,6.0,4-16,,3-10,124.0,1.0,2.7,1.2,6
401752721,2025.0,5.0,regular,home,142.0,Missouri,SEC,113.0,Massachusetts,Mid-American,27-31,0.0,31.0,0-0,0.0,0.0,0.0,7.0,1.0,0.0,44.0,1.0,6.0,253.0,9.0,1.0,1.0,38:43,0.0,41.0,3.0,13.0,52.0,5.0,268.0,1.0,16.0,4.0,10-15,2.0,1-5,521.0,1.0,8.2,5.2,42
401767343,2025.0,5.0,regular,home,2529.0,Sacred Heart,FCS Independents,2169.0,Delaware State,MEAC,28-36,,29.0,1-1,0.0,,,,0.0,0.0,46.0,2.0,9.0,298.0,,,2.0,36:40,,,,,50.0,2.0,158.0,,,,10-17,,6-39,456.0,0.0,8.3,3.2,35
401767343,2025.0,5.0,regular,away,2169.0,Delaware State,MEAC,2529.0,Sacred Heart,FCS Independents,13-19,,16.0,0-2,0.0,,,,0.0,0.0,11.0,1.0,7.0,213.0,,,1.0,23:20,0.0,38.0,1.0,,34.0,3.0,253.0,,,,5-11,,10-125,466.0,0.0,11.2,7.4,31
401756905,2025.0,5.0,regular,home,2305.0,Kansas,Big 12,2132.0,Cincinnati,Big 12,19-28,0.0,26.0,2-2,1.0,0.0,,,0.0,0.0,20.0,1.0,10.0,445.0,3.0,,4.0,25:24,,,,8.0,27.0,0.0,152.0,1.0,44.0,3.0,3-8,3.0,5-26,597.0,1.0,15.9,5.6,34
401756905,2025.0,5.0,regular,away,2132.0,Cincinnati,Big 12,2305.0,Kansas,Big 12,29-43,0.0,29.0,3-3,0.0,1.0,,,0.0,0.0,16.0,1.0,13.0,388.0,1.0,,2.0,34:36,0.0,0.0,1.0,2.0,37.0,2.0,215.0,1.0,26.0,2.0,7-16,0.0,9-68,603.0,0.0,9.0,5.8,37
401756906,2025.0,5.0,regular,away,2116.0,UCF,Big 12,2306.0,Kansas State,Big 12,13-26,0.0,13.0,0-2,1.0,0.0,0.0,0.0,2.0,0.0,64.0,3.0,8.0,197.0,1.0,1.0,1.0,27:51,,,,0.0,33.0,1.0,205.0,1.0,52.0,5.0,3-13,2.0,6-45,402.0,3.0,7.6,6.2,20
401756906,2025.0,5.0,regular,home,2306.0,Kansas State,Big 12,2116.0,UCF,Big 12,18-26,0.0,21.0,1-2,0.0,1.0,0.0,12.0,1.0,0.0,48.0,2.0,10.0,168.0,5.0,2.0,2.0,32:09,0.0,6.0,1.0,6.0,42.0,2.0,270.0,3.0,38.0,8.0,6-14,2.0,2-25,438.0,1.0,6.5,6.4,34
401767406,2025.0,5.0,regular,home,2681.0,Wagner,NEC,2450.0,Norfolk State,MEAC,14-22,,22.0,0-2,1.0,0.0,0.0,18.0,2.0,0.0,30.0,1.0,0.0,183.0,,2.0,2.0,30:12,0.0,17.0,1.0,,52.0,1.0,214.0,,,,7-14,2.0,4-35,397.0,3.0,8.3,4.1,18
401767406,2025.0,5.0,regular,away,2450.0,Norfolk State,MEAC,2681.0,Wagner,NEC,22-38,,19.0,1-1,0.0,1.0,0.0,0.0,2.0,0.0,53.0,2.0,1.0,148.0,,2.0,0.0,29:48,,,,,32.0,2.0,140.0,,,,6-15,1.0,7-50,288.0,2.0,3.9,4.4,13
401767352,2025.0,5.0,regular,home,257.0,Richmond,Patriot,47.0,Howard,MEAC,4-17,,10.0,0-0,0.0,0.0,0.0,56.0,1.0,0.0,64.0,2.0,1.0,35.0,,2.0,1.0,17:51,0.0,-3.0,1.0,,26.0,1.0,117.0,,,,2-9,2.0,6-65,152.0,1.0,2.1,4.5,13
401767352,2025.0,5.0,regular,away,47.0,Howard,MEAC,257.0,Richmond,Patriot,11-24,,22.0,1-1,0.0,0.0,0.0,13.0,2.0,0.0,84.0,4.0,4.0,84.0,,1.0,0.0,42:09,0.0,0.0,3.0,,53.0,1.0,213.0,,,,8-19,2.0,3-38,297.0,2.0,3.5,4.0,12
401767510,2025.0,5.0,regular,away,233.0,South Dakota,MVFC,2449.0,North Dakota State,MVFC,13-21,,13.0,0-1,0.0,0.0,,,1.0,,,,7.0,208.0,,,0.0,24:53,,,,,27.0,1.0,88.0,,,,2-9,1.0,5-20,296.0,1.0,9.9,3.3,13
401767510,2025.0,5.0,regular,home,2449.0,North Dakota State,MVFC,233.0,South Dakota,MVFC,15-19,,24.0,1-1,0.0,,1.0,43.0,0.0,0.0,55.0,3.0,9.0,273.0,,1.0,2.0,35:07,0.0,42.0,2.0,,50.0,4.0,274.0,,,,10-13,,6-45,547.0,0.0,14.4,5.5,51
401767545,2025.0,5.0,regular,away,2385.0,Mercyhurst,NEC,2571.0,South Dakota State,MVFC,13-20,,9.0,1-1,0.0,,,,2.0,0.0,118.0,7.0,1.0,113.0,,,1.0,23:13,,,,,20.0,0.0,41.0,,,,3-10,,8-55,154.0,2.0,5.7,2.1,7
401767545,2025.0,5.0,regular,home,2571.0,South Dakota State,MVFC,2385.0,Mercyhurst,NEC,24-32,,26.0,1-1,0.0,0.0,0.0,51.0,0.0,0.0,53.0,2.0,15.0,343.0,,2.0,3.0,36:47,0.0,6.0,1.0,,37.0,3.0,126.0,,,,9-13,1.0,8-60,469.0,0.0,10.7,3.4,51
401767311,2025.0,5.0,regular,away,2010.0,Alabama A&M,SWAC,2065.0,Bethune-Cookman,SWAC,27-40,,22.0,3-3,1.0,0.0,0.0,0.0,1.0,0.0,111.0,5.0,10.0,355.0,,2.0,3.0,31:59,0.0,16.0,2.0,,32.0,1.0,125.0,,,,11-18,1.0,4-50,480.0,2.0,8.9,3.9,34
401767311,2025.0,5.0,regular,home,2065.0,Bethune-Cookman,SWAC,2010.0,Alabama A&M,SWAC,18-25,,25.0,0-0,0.0,1.0,0.0,0.0,2.0,0.0,68.0,6.0,5.0,257.0,,1.0,2.0,28:01,,,,,35.0,4.0,259.0,,,,8-11,0.0,6-61,516.0,2.0,10.3,7.4,41
401762474,2025.0,5.0,regular,home,202.0,Tulsa,American Athletic,2655.0,Tulane,American Athletic,18-36,0.0,16.0,0-2,1.0,1.0,,,1.0,,,,2.0,245.0,5.0,,1.0,25:01,0.0,3.0,2.0,0.0,37.0,1.0,93.0,3.0,34.0,4.0,5-16,2.0,6-54,338.0,2.0,6.8,2.5,14
401762474,2025.0,5.0,regular,away,2655.0,Tulane,American Athletic,202.0,Tulsa,American Athletic,18-32,0.0,23.0,1-1,1.0,1.0,0.0,15.0,0.0,0.0,18.0,1.0,7.0,252.0,6.0,1.0,0.0,34:59,0.0,29.0,3.0,5.0,42.0,4.0,186.0,6.0,31.0,13.0,8-18,2.0,12-104,438.0,1.0,7.9,4.4,31
401762824,2025.0,5.0,regular,away,2006.0,Akron,Mid-American,2649.0,Toledo,Mid-American,14-25,0.0,11.0,2-3,1.0,0.0,,,0.0,0.0,89.0,4.0,3.0,79.0,1.0,,0.0,28:53,,,,2.0,34.0,0.0,69.0,1.0,31.0,4.0,2-15,1.0,3-16,148.0,1.0,3.2,2.0,3
401762824,2025.0,5.0,regular,home,2649.0,Toledo,Mid-American,2006.0,Akron,Mid-American,20-24,0.0,28.0,0-0,0.0,1.0,,,0.0,0.0,55.0,2.0,9.0,293.0,2.0,,3.0,31:07,0.0,47.0,4.0,4.0,37.0,3.0,252.0,2.0,32.0,9.0,3-8,0.0,7-82,545.0,0.0,12.2,6.8,45
401762825,2025.0,5.0,regular,home,195.0,Ohio,Mid-American,189.0,Bowling Green,Mid-American,17-25,1.0,24.0,1-2,2.0,1.0,1.0,108.0,1.0,0.0,31.0,2.0,5.0,208.0,3.0,3.0,2.0,29:29,0.0,13.0,1.0,4.0,36.0,2.0,238.0,5.0,43.0,9.0,4-10,2.0,4-35,446.0,3.0,8.3,6.6,35
401762825,2025.0,5.0,regular,away,189.0,Bowling Green,Mid-American,195.0,Ohio,Mid-American,19-29,0.0,21.0,0-1,1.0,2.0,0.0,0.0,3.0,0.0,129.0,4.0,8.0,170.0,3.0,1.0,1.0,30:31,0.0,8.0,2.0,1.0,36.0,1.0,180.0,2.0,30.0,2.0,5-13,1.0,5-50,350.0,4.0,5.9,5.0,20
401767636,2025.0,5.0,regular,home,2506.0,Presbyterian,Pioneer,2413.0,Morehead State,Pioneer,12-19,,20.0,0-0,1.0,1.0,0.0,3.0,0.0,0.0,19.0,1.0,5.0,142.0,,3.0,2.0,23:35,0.0,56.0,1.0,,32.0,4.0,303.0,,,,2-7,1.0,6-66,445.0,1.0,7.5,9.5,41
401767636,2025.0,5.0,regular,away,2413.0,Morehead State,Pioneer,2506.0,Presbyterian,Pioneer,15-35,,18.0,0-4,1.0,1.0,,,3.0,0.0,85.0,4.0,,154.0,,,0.0,36:25,0.0,5.0,1.0,,36.0,0.0,123.0,,,,6-16,1.0,7-50,277.0,4.0,4.4,3.4,0
401767361,2025.0,5.0,regular,home,50.0,Florida A&M,SWAC,2011.0,Alabama State,SWAC,20-33,,18.0,1-5,0.0,1.0,,,0.0,0.0,98.0,5.0,0.0,133.0,,,1.0,31:20,0.0,8.0,1.0,,29.0,1.0,176.0,,,,5-12,1.0,7-75,309.0,0.0,4.0,6.1,14
401767361,2025.0,5.0,regular,away,2011.0,Alabama State,SWAC,50.0,Florida A&M,SWAC,10-18,,21.0,1-1,1.0,0.0,,,0.0,,,,6.0,106.0,,,2.0,28:40,0.0,35.0,2.0,,42.0,4.0,299.0,,,,8-12,1.0,5-37,405.0,1.0,5.9,7.1,42
401767673,2025.0,5.0,regular,home,2230.0,Fordham,Patriot,107.0,Holy Cross,Patriot,14-21,,17.0,1-1,0.0,0.0,0.0,0.0,0.0,0.0,82.0,4.0,8.0,254.0,,1.0,1.0,25:05,0.0,3.0,1.0,,33.0,2.0,168.0,,,,1-10,1.0,8-77,422.0,0.0,12.1,5.1,26
401767673,2025.0,5.0,regular,away,107.0,Holy Cross,Patriot,2230.0,Fordham,Patriot,27-43,,20.0,4-6,0.0,0.0,,,1.0,1.0,140.0,3.0,3.0,243.0,,,0.0,34:55,0.0,19.0,2.0,,35.0,2.0,102.0,,,,6-17,1.0,6-66,345.0,1.0,5.7,2.9,21
401767323,2025.0,5.0,regular,home,2619.0,Stony Brook,CAA,2771.0,Merrimack,FCS Independents,14-23,,27.0,0-1,0.0,0.0,,,1.0,,,,9.0,187.0,,,1.0,27:43,0.0,10.0,2.0,,44.0,3.0,251.0,,,,4-10,2.0,4-40,438.0,1.0,8.1,5.7,35
401767323,2025.0,5.0,regular,away,2771.0,Merrimack,FCS Independents,2619.0,Stony Brook,CAA,6-24,,15.0,2-3,0.0,,0.0,0.0,0.0,0.0,78.0,4.0,4.0,60.0,,1.0,1.0,32:17,0.0,10.0,2.0,,45.0,0.0,163.0,,,,5-16,,12-92,223.0,0.0,2.5,3.6,10
401756907,2025.0,5.0,regular,away,239.0,Baylor,Big 12,197.0,Oklahoma State,Big 12,24-35,0.0,29.0,1-2,1.0,0.0,,,0.0,0.0,71.0,4.0,9.0,393.0,6.0,,4.0,31:52,0.0,3.0,2.0,8.0,39.0,2.0,219.0,1.0,46.0,4.0,7-14,2.0,8-60,612.0,1.0,11.2,5.6,45
401756907,2025.0,5.0,regular,home,197.0,Oklahoma State,Big 12,239.0,Baylor,Big 12,27-46,0.0,22.0,0-2,0.0,1.0,,,0.0,0.0,17.0,2.0,9.0,291.0,4.0,,1.0,28:08,0.0,13.0,3.0,2.0,31.0,2.0,158.0,1.0,37.0,4.0,6-16,1.0,8-100,449.0,0.0,6.3,5.1,27
401767412,2025.0,5.0,regular,home,2837.0,East Texas A&M,Southland,2428.0,North Carolina Central,MEAC,26-51,,22.0,1-5,1.0,2.0,,,1.0,0.0,79.0,4.0,6.0,456.0,,,4.0,23:03,0.0,-2.0,1.0,,24.0,2.0,54.0,,,,5-12,6.0,5-51,510.0,2.0,8.9,2.3,42
401767412,2025.0,5.0,regular,away,2428.0,North Carolina Central,MEAC,2837.0,East Texas A&M,Southland,21-34,,25.0,2-2,2.0,1.0,0.0,35.0,0.0,0.0,80.0,3.0,12.0,288.0,,1.0,2.0,36:57,0.0,-1.0,1.0,,50.0,4.0,169.0,,,,10-19,2.0,1-15,457.0,2.0,8.5,3.4,50
401767523,2025.0,5.0,regular,home,2545.0,SE Louisiana,Southland,292.0,UT Rio Grande Valley,Southland,20-25,,24.0,2-2,1.0,0.0,0.0,0.0,0.0,0.0,61.0,3.0,9.0,252.0,,1.0,3.0,33:17,0.0,2.0,4.0,,39.0,3.0,288.0,,,,4-11,5.0,9-74,540.0,1.0,10.1,7.4,45
401767523,2025.0,5.0,regular,away,292.0,UT Rio Grande Valley,Southland,2545.0,SE Louisiana,Southland,18-34,,19.0,0-1,0.0,1.0,,,1.0,0.0,85.0,5.0,7.0,240.0,,,3.0,26:43,0.0,10.0,2.0,,29.0,1.0,217.0,,,,3-12,1.0,5-36,457.0,1.0,7.1,7.5,31
401761615,2025.0,5.0,regular,home,309.0,Louisiana,Sun Belt,276.0,Marshall,Sun Belt,14-28,0.0,29.0,0-0,0.0,1.0,,,2.0,0.0,14.0,1.0,12.0,197.0,0.0,,2.0,29:32,0.0,0.0,1.0,2.0,46.0,5.0,264.0,3.0,62.0,7.0,7-14,0.0,1-5,461.0,2.0,7.0,5.7,54
401761615,2025.0,5.0,regular,away,276.0,Marshall,Sun Belt,309.0,Louisiana,Sun Belt,24-31,1.0,27.0,1-1,1.0,0.0,1.0,46.0,0.0,0.0,96.0,4.0,15.0,258.0,2.0,2.0,3.0,30:28,0.0,4.0,2.0,2.0,48.0,2.0,245.0,1.0,39.0,4.0,6-14,1.0,12-102,503.0,1.0,8.3,5.1,51
401760379,2025.0,5.0,regular,home,68.0,Boise State,Mountain West,2026.0,App State,Sun Belt,25-38,2.0,25.0,2-3,0.0,1.0,2.0,57.0,0.0,0.0,13.0,2.0,11.0,321.0,4.0,3.0,4.0,38:10,0.0,0.0,1.0,6.0,44.0,0.0,152.0,5.0,27.0,5.0,9-18,2.0,5-55,473.0,0.0,8.4,3.5,47
401760379,2025.0,5.0,regular,away,2026.0,App State,Sun Belt,68.0,Boise State,Mountain West,12-28,0.0,9.0,1-1,1.0,0.0,,,3.0,0.0,32.0,2.0,2.0,65.0,2.0,,1.0,21:50,0.0,45.0,1.0,4.0,29.0,1.0,119.0,2.0,41.0,9.0,2-13,1.0,11-94,184.0,4.0,2.3,4.1,14
401767219,2025.0,5.0,regular,away,2546.0,Southeast Missouri State,Big South-OVC,2630.0,UT Martin,Big South-OVC,22-41,,16.0,1-4,0.0,0.0,,,2.0,0.0,86.0,6.0,4.0,209.0,,,0.0,24:58,0.0,0.0,1.0,,27.0,1.0,30.0,,,,5-15,1.0,8-55,239.0,2.0,5.1,1.1,10
401767219,2025.0,5.0,regular,home,2630.0,UT Martin,Big South-OVC,2546.0,Southeast Missouri State,Big South-OVC,15-23,,22.0,0-1,0.0,0.0,0.0,0.0,0.0,,,,10.0,225.0,,2.0,2.0,35:02,0.0,-6.0,3.0,,46.0,2.0,243.0,,,,6-13,2.0,6-60,468.0,0.0,9.8,5.3,34
401767293,2025.0,5.0,regular,home,253.0,Southern Utah,UAC,2698.0,West Georgia,UAC,17-28,,18.0,1-1,1.0,0.0,,,1.0,0.0,48.0,2.0,6.0,206.0,,,1.0,28:12,0.0,37.0,3.0,,30.0,2.0,89.0,,,,2-11,1.0,9-95,295.0,2.0,7.4,3.0,24
401767293,2025.0,5.0,regular,away,2698.0,West Georgia,UAC,253.0,Southern Utah,UAC,14-26,,23.0,1-2,0.0,1.0,0.0,6.0,0.0,0.0,18.0,1.0,9.0,142.0,,1.0,1.0,31:48,0.0,1.0,1.0,,46.0,2.0,206.0,,,,6-15,0.0,7-54,348.0,0.0,5.5,4.5,27
401757272,2025.0,5.0,regular,away,2348.0,Louisiana Tech,Conference USA,2638.0,UTEP,Conference USA,18-26,2.0,16.0,0-1,3.0,0.0,2.0,87.0,1.0,0.0,27.0,1.0,6.0,137.0,9.0,5.0,1.0,32:15,0.0,-1.0,3.0,3.0,42.0,1.0,95.0,0.0,35.0,2.0,4-14,3.0,5-49,232.0,4.0,5.3,2.3,30
401757272,2025.0,5.0,regular,home,2638.0,UTEP,Conference USA,2348.0,Louisiana Tech,Conference USA,22-44,0.0,15.0,1-3,0.0,3.0,0.0,0.0,5.0,,,,3.0,147.0,5.0,1.0,1.0,27:45,0.0,13.0,2.0,2.0,29.0,0.0,126.0,5.0,32.0,9.0,6-17,1.0,5-50,273.0,5.0,3.3,4.3,11
401756903,2025.0,5.0,regular,home,38.0,Colorado,Big 12,252.0,BYU,Big 12,11-16,0.0,17.0,0-1,0.0,,,,1.0,0.0,20.0,1.0,3.0,119.0,4.0,,1.0,26:25,0.0,6.0,1.0,5.0,37.0,2.0,172.0,0.0,35.0,5.0,3-9,,6-67,291.0,1.0,7.4,4.6,21
401756903,2025.0,5.0,regular,away,252.0,BYU,Big 12,38.0,Colorado,Big 12,19-29,0.0,27.0,2-3,0.0,,0.0,0.0,0.0,0.0,23.0,1.0,6.0,179.0,2.0,1.0,2.0,33:35,0.0,17.0,2.0,0.0,34.0,1.0,217.0,3.0,37.0,4.0,3-11,,6-34,396.0,0.0,6.2,6.4,24
401760380,2025.0,5.0,regular,away,21.0,San Diego State,Mountain West,2459.0,Northern Illinois,Mid-American,14-22,0.0,19.0,1-3,0.0,0.0,0.0,4.0,2.0,,,,6.0,115.0,0.0,1.0,0.0,31:18,0.0,-1.0,4.0,2.0,43.0,0.0,152.0,2.0,34.0,4.0,5-15,2.0,5-50,267.0,2.0,5.2,3.5,6
401760380,2025.0,5.0,regular,home,2459.0,Northern Illinois,Mid-American,21.0,San Diego State,Mountain West,7-16,0.0,10.0,1-2,0.0,0.0,0.0,11.0,1.0,,,,3.0,57.0,4.0,2.0,0.0,28:42,0.0,18.0,1.0,1.0,40.0,0.0,113.0,1.0,34.0,5.0,4-15,1.0,7-60,170.0,1.0,3.6,2.8,3
401761614,2025.0,5.0,regular,home,256.0,James Madison,Sun Belt,290.0,Georgia Southern,Sun Belt,11-22,1.0,29.0,0-0,0.0,,,,0.0,1.0,133.0,3.0,5.0,148.0,3.0,,1.0,35:50,0.0,13.0,3.0,2.0,50.0,3.0,343.0,7.0,26.0,10.0,8-13,,7-60,491.0,0.0,6.7,6.9,35
401761614,2025.0,5.0,regular,away,290.0,Georgia Southern,Sun Belt,256.0,James Madison,Sun Belt,14-24,0.0,10.0,0-1,0.0,0.0,,,0.0,,,,4.0,165.0,2.0,,1.0,24:10,0.0,11.0,1.0,2.0,25.0,0.0,32.0,0.0,39.0,3.0,4-14,1.0,2-20,197.0,0.0,6.9,1.3,10
401761616,2025.0,5.0,regular,away,2032.0,Arkansas State,Sun Belt,2433.0,UL Monroe,Sun Belt,29-46,1.0,22.0,4-6,1.0,0.0,1.0,32.0,1.0,0.0,52.0,4.0,10.0,288.0,2.0,1.0,0.0,29:39,0.0,20.0,2.0,0.0,27.0,0.0,17.0,0.0,32.0,4.0,4-15,2.0,2-18,305.0,2.0,6.3,0.6,16
401761616,2025.0,5.0,regular,home,2433.0,UL Monroe,Sun Belt,2032.0,Arkansas State,Sun Belt,16-25,0.0,18.0,0-0,0.0,1.0,0.0,10.0,1.0,,,,4.0,175.0,5.0,1.0,2.0,30:21,,,,3.0,32.0,2.0,218.0,6.0,50.0,11.0,7-14,0.0,9-67,393.0,1.0,7.0,6.8,28
401761617,2025.0,5.0,regular,home,249.0,North Texas,American Athletic,6.0,South Alabama,Sun Belt,14-26,0.0,20.0,2-3,1.0,0.0,0.0,14.0,0.0,0.0,44.0,1.0,4.0,234.0,4.0,1.0,1.0,27:32,0.0,14.0,1.0,6.0,36.0,4.0,201.0,2.0,38.0,7.0,4-13,2.0,5-41,435.0,1.0,9.0,5.6,36
401761617,2025.0,5.0,regular,away,6.0,South Alabama,Sun Belt,249.0,North Texas,American Athletic,18-35,0.0,18.0,3-5,0.0,1.0,,,1.0,0.0,24.0,1.0,2.0,192.0,3.0,,1.0,32:28,,,,3.0,45.0,2.0,204.0,1.0,29.0,3.0,7-19,0.0,8-80,396.0,1.0,5.5,4.5,22
401762472,2025.0,5.0,regular,away,235.0,Memphis,American Athletic,2226.0,Florida Atlantic,American Athletic,13-19,0.0,24.0,1-2,1.0,1.0,,,0.0,,,,13.0,196.0,4.0,,2.0,31:12,0.0,20.0,1.0,2.0,46.0,5.0,291.0,0.0,38.0,6.0,6-13,1.0,3-25,487.0,1.0,10.3,6.3,55
401762472,2025.0,5.0,regular,home,2226.0,Florida Atlantic,American Athletic,235.0,Memphis,American Athletic,32-51,0.0,19.0,3-6,1.0,1.0,,,0.0,0.0,56.0,4.0,8.0,322.0,1.0,,0.0,28:48,,,,2.0,29.0,3.0,75.0,3.0,34.0,7.0,7-19,4.0,10-62,397.0,1.0,6.3,2.6,26
401762826,2025.0,5.0,regular,home,2117.0,Central Michigan,Mid-American,2199.0,Eastern Michigan,Mid-American,15-18,0.0,22.0,3-3,0.0,,0.0,0.0,0.0,0.0,18.0,1.0,6.0,140.0,3.0,1.0,2.0,35:46,0.0,11.0,2.0,1.0,48.0,1.0,311.0,2.0,31.0,3.0,4-13,,4-45,451.0,0.0,7.8,6.5,24
401762826,2025.0,5.0,regular,away,2199.0,Eastern Michigan,Mid-American,2117.0,Central Michigan,Mid-American,17-28,0.0,19.0,0-0,0.0,0.0,,,1.0,0.0,90.0,4.0,7.0,175.0,1.0,,0.0,23:36,0.0,11.0,1.0,1.0,29.0,1.0,123.0,0.0,31.0,5.0,7-14,1.0,5-52,298.0,1.0,6.3,4.2,13
401752717,2025.0,5.0,regular,away,87.0,Notre Dame,FBS Independents,8.0,Arkansas,SEC,24-32,0.0,32.0,2-3,0.0,1.0,0.0,0.0,0.0,,,,8.0,431.0,5.0,1.0,4.0,32:47,0.0,3.0,1.0,3.0,39.0,4.0,212.0,3.0,36.0,3.0,6-10,0.0,5-42,643.0,0.0,13.5,5.4,56
401752717,2025.0,5.0,regular,home,8.0,Arkansas,SEC,87.0,Notre Dame,FBS Independents,17-32,0.0,15.0,1-3,1.0,0.0,,,1.0,,,,7.0,207.0,4.0,,0.0,27:13,,,,2.0,29.0,1.0,160.0,1.0,29.0,4.0,7-15,1.0,6-60,367.0,2.0,6.5,5.5,13
401752725,2025.0,5.0,regular,home,238.0,Vanderbilt,SEC,328.0,Utah State,Mountain West,26-35,0.0,31.0,0-0,0.0,1.0,,,1.0,0.0,51.0,2.0,13.0,321.0,2.0,,5.0,33:17,0.0,9.0,2.0,9.0,28.0,2.0,225.0,3.0,33.0,8.0,5-8,0.0,6-65,546.0,1.0,9.2,8.0,55
401752725,2025.0,5.0,regular,away,328.0,Utah State,Mountain West,238.0,Vanderbilt,SEC,28-38,0.0,21.0,0-1,1.0,0.0,0.0,0.0,0.0,0.0,42.0,2.0,5.0,274.0,0.0,1.0,5.0,26:43,0.0,0.0,1.0,1.0,25.0,0.0,119.0,1.0,27.0,2.0,5-14,2.0,3-30,393.0,1.0,7.2,4.8,35
401762473,2025.0,5.0,regular,home,2426.0,Navy,American Athletic,242.0,Rice,American Athletic,8-13,0.0,19.0,1-2,0.0,,,,1.0,,,,3.0,172.0,1.0,,0.0,33:29,0.0,5.0,1.0,6.0,48.0,3.0,283.0,2.0,28.0,7.0,7-12,,10-85,455.0,1.0,13.2,5.9,21
401762473,2025.0,5.0,regular,away,242.0,Rice,American Athletic,2426.0,Navy,American Athletic,12-21,0.0,13.0,4-5,0.0,,0.0,7.0,0.0,0.0,49.0,3.0,7.0,114.0,0.0,1.0,1.0,26:31,,,,2.0,39.0,0.0,120.0,0.0,30.0,2.0,4-15,,5-35,234.0,0.0,5.4,3.1,13
401757270,2025.0,5.0,regular,home,338.0,Kennesaw State,Conference USA,2393.0,Middle Tennessee,Conference USA,13-20,0.0,17.0,0-1,1.0,1.0,0.0,0.0,0.0,0.0,22.0,1.0,6.0,177.0,4.0,1.0,3.0,21:01,0.0,15.0,1.0,3.0,31.0,0.0,157.0,1.0,44.0,5.0,1-8,2.0,5-40,334.0,1.0,8.9,5.1,24
401757270,2025.0,5.0,regular,away,2393.0,Middle Tennessee,Conference USA,338.0,Kennesaw State,Conference USA,28-42,0.0,25.0,1-3,1.0,1.0,,,1.0,0.0,40.0,2.0,4.0,285.0,1.0,,0.0,38:59,0.0,4.0,1.0,0.0,37.0,2.0,155.0,0.0,29.0,0.0,5-14,2.0,6-55,440.0,2.0,6.8,4.2,16
401752718,2025.0,5.0,regular,away,333.0,Alabama,SEC,61.0,Georgia,SEC,25-39,0.0,25.0,0-1,0.0,1.0,,,0.0,,,,6.0,280.0,3.0,,2.0,35:36,,,,0.0,38.0,1.0,117.0,1.0,35.0,6.0,13-19,0.0,4-16,397.0,0.0,7.2,3.1,24
401752718,2025.0,5.0,regular,home,61.0,Georgia,SEC,333.0,Alabama,SEC,13-20,0.0,17.0,0-1,1.0,0.0,,,0.0,0.0,19.0,2.0,3.0,130.0,4.0,,1.0,24:24,,,,0.0,33.0,2.0,227.0,1.0,46.0,4.0,2-8,1.0,6-68,357.0,1.0,6.5,6.9,21
401752854,2025.0,5.0,regular,home,213.0,Penn State,Big Ten,2483.0,Oregon,Big Ten,14-25,0.0,15.0,3-3,0.0,,,,1.0,,,,6.0,137.0,3.0,,2.0,26:08,0.0,-1.0,1.0,2.0,35.0,1.0,139.0,0.0,40.0,1.0,6-15,,2-10,276.0,1.0,5.5,4.0,24
401752854,2025.0,5.0,regular,away,2483.0,Oregon,Big Ten,213.0,Penn State,Big Ten,29-39,0.0,20.0,5-7,0.0,0.0,0.0,0.0,0.0,,,,6.0,248.0,3.0,1.0,3.0,33:52,0.0,7.0,1.0,2.0,39.0,1.0,176.0,2.0,32.0,5.0,6-18,1.0,4-34,424.0,0.0,6.4,4.5,30
401752950,2025.0,5.0,regular,away,265.0,Washington State,Pac-12,36.0,Colorado State,Mountain West,16-28,0.0,19.0,0-0,0.0,1.0,,,0.0,0.0,18.0,1.0,8.0,189.0,1.0,,2.0,31:23,0.0,42.0,2.0,4.0,33.0,0.0,158.0,4.0,23.0,9.0,5-12,0.0,4-40,347.0,0.0,6.8,4.8,20
401752950,2025.0,5.0,regular,home,36.0,Colorado State,Mountain West,265.0,Washington State,Pac-12,19-28,0.0,20.0,1-4,1.0,0.0,,,0.0,0.0,10.0,1.0,3.0,188.0,6.0,,0.0,28:37,0.0,15.0,1.0,8.0,37.0,0.0,146.0,1.0,16.0,3.0,5-13,2.0,7-60,334.0,1.0,6.7,3.9,3
401762471,2025.0,5.0,regular,home,151.0,East Carolina,American Athletic,349.0,Army,American Athletic,15-22,0.0,23.0,1-3,1.0,1.0,,,1.0,,,,4.0,251.0,0.0,,2.0,25:58,,,,0.0,50.0,2.0,180.0,1.0,30.0,7.0,7-12,2.0,2-15,431.0,2.0,11.4,3.6,28
401762471,2025.0,5.0,regular,away,349.0,Army,American Athletic,151.0,East Carolina,American Athletic,6-12,0.0,12.0,4-9,1.0,1.0,0.0,2.0,0.0,,,,,49.0,3.0,1.0,0.0,34:02,0.0,0.0,1.0,0.0,53.0,1.0,241.0,1.0,41.0,6.0,2-15,1.0,3-19,290.0,1.0,4.1,4.5,6
401754543,2025.0,5.0,regular,home,258.0,Virginia,ACC,52.0,Florida State,ACC,26-36,0.0,27.0,2-2,0.0,1.0,0.0,9.0,3.0,,,,8.0,229.0,2.0,2.0,2.0,31:57,,,,5.0,48.0,4.0,211.0,2.0,30.0,5.0,7-13,0.0,4-25,440.0,3.0,6.4,4.4,46
401754543,2025.0,5.0,regular,away,52.0,Florida State,ACC,258.0,Virginia,ACC,19-33,0.0,24.0,3-5,1.0,0.0,0.0,31.0,2.0,,,,8.0,258.0,2.0,3.0,2.0,28:03,0.0,23.0,1.0,0.0,47.0,3.0,258.0,2.0,33.0,4.0,6-15,2.0,5-49,516.0,3.0,7.8,5.5,38
401756902,2025.0,5.0,regular,home,9.0,Arizona State,Big 12,2628.0,TCU,Big 12,27-39,0.0,25.0,2-4,1.0,1.0,0.0,11.0,0.0,0.0,13.0,2.0,9.0,291.0,5.0,2.0,2.0,35:47,,,,1.0,42.0,1.0,209.0,6.0,33.0,13.0,5-16,1.0,7-56,500.0,1.0,7.5,5.0,27
401756902,2025.0,5.0,regular,away,2628.0,TCU,Big 12,9.0,Arizona State,Big 12,21-33,0.0,15.0,0-0,1.0,1.0,,,2.0,0.0,12.0,1.0,6.0,259.0,5.0,,0.0,24:13,,,,2.0,24.0,3.0,12.0,4.0,50.0,8.0,5-12,1.0,8-72,271.0,3.0,7.8,0.5,24
401752939,2025.0,5.0,regular,home,204.0,Oregon State,Pac-12,248.0,Houston,Big 12,20-33,0.0,22.0,0-1,0.0,0.0,0.0,25.0,0.0,0.0,38.0,2.0,6.0,201.0,2.0,1.0,1.0,35:23,0.0,19.0,3.0,6.0,49.0,2.0,189.0,3.0,34.0,6.0,7-17,4.0,5-27,390.0,0.0,6.1,3.9,24
401752939,2025.0,5.0,regular,away,248.0,Houston,Big 12,204.0,Oregon State,Pac-12,20-36,0.0,17.0,1-1,0.0,,,,1.0,0.0,116.0,5.0,9.0,270.0,5.0,,2.0,24:37,0.0,18.0,3.0,3.0,29.0,1.0,84.0,1.0,38.0,2.0,6-15,,8-60,354.0,1.0,7.5,2.9,27
401767758,2025.0,5.0,regular,home,284.0,Stonehill,NEC,2341.0,Long Island University,NEC,15-19,,14.0,0-0,0.0,,0.0,31.0,1.0,0.0,16.0,1.0,4.0,162.0,,2.0,1.0,32:06,0.0,0.0,1.0,,34.0,0.0,72.0,,,,7-12,,12-90,234.0,1.0,8.5,2.1,10
401767758,2025.0,5.0,regular,away,2341.0,Long Island University,NEC,284.0,Stonehill,NEC,12-24,,16.0,1-3,0.0,0.0,0.0,15.0,2.0,0.0,59.0,3.0,3.0,137.0,,1.0,0.0,27:54,,,,,35.0,0.0,104.0,,,,5-13,1.0,6-60,241.0,2.0,5.7,3.0,3
401767152,2025.0,5.0,regular,home,2210.0,Elon,CAA,2261.0,Hampton,CAA,10-23,,24.0,1-1,1.0,0.0,0.0,21.0,1.0,0.0,92.0,5.0,11.0,169.0,,3.0,1.0,27:25,0.0,69.0,5.0,,41.0,4.0,288.0,,,,3-11,2.0,7-70,457.0,2.0,7.3,7.0,41
401767152,2025.0,5.0,regular,away,2261.0,Hampton,CAA,2210.0,Elon,CAA,16-31,,18.0,0-0,0.0,1.0,0.0,0.0,3.0,0.0,53.0,3.0,8.0,213.0,,1.0,1.0,32:35,0.0,17.0,3.0,,41.0,1.0,160.0,,,,6-17,1.0,13-96,373.0,3.0,6.9,3.9,20
401767249,2025.0,5.0,regular,home,2046.0,Austin Peay,UAC,3101.0,Utah Tech,UAC,20-27,,23.0,0-0,0.0,1.0,,,0.0,0.0,27.0,2.0,6.0,239.0,,,4.0,32:18,0.0,34.0,2.0,,37.0,2.0,253.0,,,,8-12,1.0,11-76,492.0,0.0,8.9,6.8,42
401767249,2025.0,5.0,regular,away,3101.0,Utah Tech,UAC,2046.0,Austin Peay,UAC,16-28,,16.0,2-2,1.0,0.0,,,0.0,0.0,14.0,1.0,4.0,143.0,,,0.0,27:42,0.0,7.0,1.0,,33.0,1.0,94.0,,,,5-15,1.0,4-40,237.0,1.0,5.1,2.8,10
401767734,2025.0,5.0,regular,home,2329.0,Lehigh,Patriot,219.0,Pennsylvania,Ivy,15-31,,27.0,1-2,0.0,2.0,0.0,0.0,0.0,0.0,58.0,3.0,14.0,240.0,,1.0,2.0,36:07,,,,,45.0,3.0,299.0,,,,8-14,0.0,9-101,539.0,0.0,7.7,6.6,44
401767734,2025.0,5.0,regular,away,219.0,Pennsylvania,Ivy,2329.0,Lehigh,Patriot,28-38,,19.0,0-0,1.0,1.0,,,1.0,0.0,171.0,7.0,6.0,316.0,,,3.0,23:53,0.0,11.0,1.0,,18.0,1.0,29.0,,,,4-9,1.0,3-35,345.0,2.0,8.3,1.6,30
401779328,2025.0,5.0,regular,away,2441.0,New Haven,NEC,2184.0,Duquesne,NEC,21-32,,17.0,0-1,0.0,,,,2.0,0.0,31.0,1.0,0.0,193.0,,,2.0,27:05,0.0,19.0,2.0,,25.0,1.0,149.0,,,,7-12,,3-15,342.0,2.0,6.0,6.0,18
401779328,2025.0,5.0,regular,home,2184.0,Duquesne,NEC,2441.0,New Haven,NEC,15-23,,22.0,3-3,0.0,,1.0,34.0,0.0,0.0,51.0,2.0,6.0,201.0,,2.0,3.0,32:55,0.0,8.0,1.0,,37.0,2.0,298.0,,,,2-9,,7-65,499.0,0.0,8.7,8.1,44
401767032,2025.0,5.0,regular,home,2803.0,Bryant,CAA,119.0,Towson,CAA,22-36,,21.0,2-3,1.0,0.0,,,1.0,0.0,58.0,6.0,4.0,218.0,,,1.0,28:20,,,,,31.0,2.0,129.0,,,,5-13,1.0,6-45,347.0,2.0,6.1,4.2,24
401767032,2025.0,5.0,regular,away,119.0,Towson,CAA,2803.0,Bryant,CAA,17-31,,18.0,1-2,0.0,1.0,0.0,21.0,0.0,0.0,86.0,3.0,14.0,153.0,,1.0,1.0,31:40,,,,,40.0,1.0,151.0,,,,8-17,0.0,7-60,304.0,0.0,4.9,3.8,26
401752724,2025.0,5.0,regular,away,2.0,Auburn,SEC,245.0,Texas A&M,SEC,18-33,0.0,9.0,0-2,0.0,,0.0,73.0,0.0,,,,4.0,125.0,0.0,1.0,0.0,25:54,0.0,6.0,1.0,1.0,24.0,1.0,52.0,4.0,37.0,6.0,0-13,,10-69,177.0,0.0,3.8,2.2,10
401752724,2025.0,5.0,regular,home,245.0,Texas A&M,SEC,2.0,Auburn,SEC,15-22,0.0,21.0,0-0,0.0,0.0,,,1.0,0.0,18.0,1.0,10.0,207.0,3.0,,0.0,34:06,0.0,30.0,3.0,4.0,47.0,1.0,207.0,5.0,35.0,6.0,3-14,2.0,13-119,414.0,1.0,9.4,4.4,16
401754546,2025.0,5.0,regular,home,154.0,Wake Forest,ACC,59.0,Georgia Tech,ACC,14-31,0.0,20.0,0-0,0.0,1.0,,,0.0,,,,11.0,233.0,3.0,,0.0,27:14,,,,3.0,39.0,3.0,212.0,0.0,44.0,4.0,9-19,1.0,8-81,445.0,0.0,7.5,5.4,29
401754546,2025.0,5.0,regular,away,59.0,Georgia Tech,ACC,154.0,Wake Forest,ACC,29-43,0.0,27.0,0-2,1.0,0.0,,,0.0,0.0,58.0,3.0,12.0,248.0,3.0,,1.0,32:46,0.0,28.0,2.0,4.0,42.0,2.0,163.0,0.0,35.0,5.0,7-16,1.0,4-23,411.0,1.0,5.8,3.9,30
401752849,2025.0,5.0,regular,away,164.0,Rutgers,Big Ten,135.0,Minnesota,Big Ten,21-34,0.0,29.0,0-0,0.0,0.0,,,1.0,,,,4.0,249.0,1.0,,2.0,31:05,0.0,5.0,1.0,4.0,41.0,2.0,144.0,2.0,33.0,5.0,7-14,1.0,5-41,393.0,1.0,7.3,3.5,28
401752849,2025.0,5.0,regular,home,135.0,Minnesota,Big Ten,164.0,Rutgers,Big Ten,31-41,0.0,20.0,0-1,0.0,0.0,0.0,28.0,0.0,0.0,84.0,4.0,7.0,324.0,5.0,1.0,3.0,28:55,0.0,13.0,1.0,2.0,17.0,1.0,38.0,7.0,36.0,11.0,5-11,2.0,3-30,362.0,0.0,7.9,2.2,31
401752851,2025.0,5.0,regular,home,77.0,Northwestern,Big Ten,26.0,UCLA,Big Ten,12-18,0.0,21.0,2-2,0.0,0.0,,,0.0,0.0,23.0,1.0,5.0,115.0,2.0,,1.0,34:21,0.0,2.0,2.0,1.0,42.0,1.0,199.0,3.0,33.0,4.0,6-13,1.0,2-20,314.0,0.0,6.4,4.7,17
401752851,2025.0,5.0,regular,away,26.0,UCLA,Big Ten,77.0,Northwestern,Big Ten,19-28,0.0,18.0,1-2,0.0,0.0,,,0.0,0.0,46.0,3.0,6.0,180.0,3.0,,1.0,25:39,,,,1.0,29.0,0.0,131.0,2.0,31.0,7.0,7-14,1.0,6-60,311.0,0.0,6.4,4.5,14
401754544,2025.0,5.0,regular,home,103.0,Boston College,ACC,25.0,California,ACC,21-37,0.0,20.0,2-2,0.0,,0.0,0.0,2.0,0.0,57.0,3.0,6.0,197.0,5.0,1.0,0.0,24:45,,,,6.0,21.0,3.0,178.0,0.0,38.0,3.0,4-11,,15-109,375.0,2.0,5.3,8.5,24
401754544,2025.0,5.0,regular,away,25.0,California,ACC,103.0,Boston College,ACC,22-34,0.0,23.0,1-3,0.0,,0.0,24.0,1.0,0.0,18.0,1.0,4.0,254.0,4.0,2.0,2.0,35:15,,,,1.0,36.0,2.0,121.0,1.0,28.0,1.0,6-12,,11-78,375.0,1.0,7.5,3.4,28
401754545,2025.0,5.0,regular,home,183.0,Syracuse,ACC,150.0,Duke,ACC,24-37,0.0,19.0,1-3,2.0,0.0,,,1.0,0.0,24.0,2.0,3.0,229.0,0.0,,0.0,28:25,,,,2.0,27.0,0.0,85.0,2.0,32.0,5.0,5-14,3.0,4-55,314.0,3.0,6.2,3.1,3
401754545,2025.0,5.0,regular,away,150.0,Duke,ACC,183.0,Syracuse,ACC,22-28,0.0,23.0,2-2,0.0,2.0,0.0,40.0,0.0,,,,8.0,268.0,6.0,1.0,2.0,31:35,,,,2.0,36.0,3.0,236.0,1.0,31.0,5.0,6-13,0.0,9-105,504.0,0.0,9.6,6.6,38
401754547,2025.0,5.0,regular,away,97.0,Louisville,ACC,221.0,Pittsburgh,ACC,33-51,0.0,23.0,0-0,0.0,2.0,0.0,0.0,1.0,0.0,35.0,2.0,10.0,339.0,5.0,3.0,3.0,39:22,0.0,6.0,1.0,2.0,33.0,1.0,54.0,2.0,25.0,5.0,9-19,0.0,9-92,393.0,1.0,6.6,1.6,34
401754547,2025.0,5.0,regular,home,221.0,Pittsburgh,ACC,97.0,Louisville,ACC,17-32,1.0,14.0,1-4,2.0,0.0,1.0,75.0,3.0,0.0,52.0,3.0,9.0,259.0,3.0,1.0,2.0,20:38,0.0,-14.0,2.0,3.0,23.0,0.0,80.0,2.0,52.0,10.0,1-10,2.0,6-38,339.0,5.0,8.1,3.5,27
401754548,2025.0,5.0,regular,home,152.0,NC State,ACC,259.0,Virginia Tech,ACC,26-34,0.0,18.0,1-3,0.0,0.0,,,0.0,,,,3.0,240.0,6.0,,2.0,30:11,,,,10.0,31.0,1.0,62.0,2.0,30.0,4.0,6-14,1.0,2-5,302.0,0.0,7.1,2.0,21
401754548,2025.0,5.0,regular,away,259.0,Virginia Tech,ACC,152.0,NC State,ACC,20-34,0.0,18.0,1-1,0.0,,,,0.0,0.0,69.0,3.0,11.0,177.0,4.0,,2.0,29:49,0.0,16.0,2.0,2.0,30.0,0.0,235.0,5.0,38.0,8.0,7-15,,7-55,412.0,0.0,5.2,7.8,23
401754549,2025.0,5.0,regular,home,24.0,Stanford,ACC,23.0,San José State,Mountain West,29-43,0.0,23.0,2-3,1.0,1.0,,,0.0,0.0,55.0,3.0,6.0,444.0,8.0,,2.0,29:07,,,,4.0,26.0,2.0,37.0,0.0,34.0,3.0,3-13,1.0,11-95,481.0,1.0,10.3,1.4,30
401754549,2025.0,5.0,regular,away,23.0,San José State,Mountain West,24.0,Stanford,ACC,36-58,0.0,27.0,0-1,1.0,1.0,,,0.0,0.0,15.0,1.0,11.0,473.0,4.0,,3.0,30:53,0.0,4.0,1.0,4.0,13.0,0.0,52.0,4.0,32.0,6.0,4-12,1.0,8-54,525.0,1.0,8.2,4.0,29
401757170,2025.0,5.0,regular,home,2084.0,Buffalo,Mid-American,41.0,UConn,FBS Independents,17-29,0.0,17.0,2-4,0.0,0.0,,,0.0,0.0,31.0,2.0,5.0,125.0,5.0,,1.0,33:50,0.0,15.0,1.0,2.0,42.0,1.0,204.0,1.0,41.0,4.0,4-15,1.0,4-25,329.0,0.0,4.3,4.9,17
401757170,2025.0,5.0,regular,away,41.0,UConn,FBS Independents,2084.0,Buffalo,Mid-American,19-31,0.0,17.0,0-0,0.0,0.0,,,0.0,0.0,46.0,2.0,8.0,155.0,5.0,,1.0,26:10,0.0,6.0,1.0,2.0,31.0,1.0,165.0,0.0,40.0,6.0,5-13,1.0,0-0,320.0,0.0,5.0,5.3,20
401757269,2025.0,5.0,regular,home,2572.0,Southern Miss,Sun Belt,55.0,Jacksonville State,Conference USA,13-22,1.0,25.0,2-3,1.0,2.0,1.0,49.0,0.0,0.0,24.0,1.0,6.0,152.0,3.0,2.0,2.0,29:02,0.0,22.0,2.0,6.0,49.0,3.0,227.0,4.0,44.0,8.0,4-12,1.0,7-51,379.0,1.0,6.9,4.6,42
401757269,2025.0,5.0,regular,away,55.0,Jacksonville State,Conference USA,2572.0,Southern Miss,Sun Belt,13-25,0.0,21.0,1-2,2.0,1.0,,,2.0,0.0,20.0,1.0,3.0,128.0,4.0,,1.0,30:58,,,,6.0,54.0,2.0,262.0,2.0,31.0,5.0,8-16,3.0,6-53,390.0,4.0,5.1,4.9,25
401757271,2025.0,5.0,regular,home,295.0,Old Dominion,Sun Belt,2335.0,Liberty,Conference USA,18-26,0.0,25.0,1-1,3.0,2.0,0.0,0.0,1.0,0.0,38.0,2.0,3.0,271.0,1.0,1.0,3.0,32:02,0.0,20.0,2.0,0.0,44.0,0.0,219.0,3.0,23.0,6.0,6-14,3.0,4-25,490.0,4.0,10.4,5.0,21
401757271,2025.0,5.0,regular,away,2335.0,Liberty,Conference USA,295.0,Old Dominion,Sun Belt,6-12,0.0,11.0,0-1,2.0,3.0,0.0,28.0,1.0,0.0,68.0,3.0,1.0,77.0,1.0,1.0,0.0,27:58,0.0,0.0,1.0,0.0,40.0,1.0,130.0,1.0,29.0,4.0,4-13,2.0,10-70,207.0,3.0,6.4,3.3,7
401767697,2025.0,5.0,regular,home,2115.0,Central Connecticut,NEC,159.0,Dartmouth,Ivy,25-33,,23.0,1-1,2.0,1.0,0.0,27.0,0.0,0.0,160.0,5.0,4.0,223.0,,1.0,3.0,27:31,0.0,12.0,1.0,,28.0,1.0,66.0,,,,3-9,2.0,8-97,289.0,2.0,6.8,2.4,28
401767697,2025.0,5.0,regular,away,159.0,Dartmouth,Ivy,2115.0,Central Connecticut,NEC,30-44,,31.0,0-0,1.0,2.0,,,1.0,0.0,12.0,1.0,9.0,407.0,,,2.0,32:29,0.0,23.0,3.0,,32.0,2.0,117.0,,,,7-12,1.0,6-63,524.0,2.0,9.3,3.7,35
401767337,2025.0,5.0,regular,home,222.0,Villanova,CAA,2729.0,William & Mary,CAA,15-28,,24.0,2-2,0.0,,,,0.0,1.0,122.0,2.0,7.0,194.0,,,0.0,29:34,,,,,36.0,3.0,232.0,,,,6-12,,11-91,426.0,0.0,6.9,6.4,31
401767337,2025.0,5.0,regular,away,2729.0,William & Mary,CAA,222.0,Villanova,CAA,18-36,,23.0,1-1,0.0,,,,0.0,0.0,84.0,4.0,6.0,233.0,,,1.0,30:26,0.0,-6.0,1.0,,39.0,2.0,123.0,,,,9-15,,3-20,356.0,0.0,6.5,3.2,24
401767566,2025.0,5.0,regular,home,2535.0,Samford,Southern,231.0,Furman,Southern,32-47,,23.0,1-3,1.0,0.0,,,2.0,0.0,65.0,2.0,1.0,319.0,,,2.0,25:07,0.0,8.0,2.0,,30.0,0.0,70.0,,,,5-16,2.0,3-21,389.0,3.0,6.8,2.3,13
401767566,2025.0,5.0,regular,away,231.0,Furman,Southern,2535.0,Samford,Southern,28-41,,17.0,1-2,0.0,1.0,1.0,47.0,0.0,0.0,42.0,3.0,7.0,272.0,,2.0,2.0,34:53,0.0,11.0,1.0,,30.0,1.0,105.0,,,,5-17,1.0,6-65,377.0,0.0,6.6,3.5,31
401769866,2025.0,5.0,regular,home,322.0,Lafayette,Patriot,163.0,Princeton,Ivy,27-36,,20.0,1-1,2.0,0.0,,,1.0,0.0,104.0,5.0,4.0,256.0,,,1.0,24:12,0.0,34.0,2.0,,31.0,3.0,126.0,,,,8-14,2.0,4-37,382.0,3.0,7.1,4.1,28
401769866,2025.0,5.0,regular,away,163.0,Princeton,Ivy,322.0,Lafayette,Patriot,22-33,,24.0,2-2,0.0,2.0,1.0,0.0,0.0,0.0,48.0,3.0,8.0,207.0,,1.0,1.0,35:48,0.0,4.0,1.0,,41.0,3.0,121.0,,,,6-13,0.0,4-26,328.0,0.0,6.3,3.0,38
401767062,2025.0,5.0,regular,home,147.0,Montana State,Big Sky,331.0,Eastern Washington,Big Sky,15-26,,25.0,1-1,0.0,1.0,,,1.0,,,,9.0,287.0,,,3.0,32:06,0.0,12.0,1.0,,44.0,5.0,293.0,,,,8-14,1.0,2-11,580.0,1.0,11.0,6.7,57
401767062,2025.0,5.0,regular,away,331.0,Eastern Washington,Big Sky,147.0,Montana State,Big Sky,15-31,,14.0,1-3,1.0,0.0,0.0,0.0,0.0,0.0,87.0,4.0,3.0,124.0,,1.0,0.0,27:54,0.0,6.0,1.0,,36.0,0.0,83.0,,,,4-16,3.0,3-20,207.0,1.0,4.0,2.3,3
401767174,2025.0,5.0,regular,home,2710.0,Western Illinois,Big South-OVC,2197.0,Eastern Illinois,Big South-OVC,27-42,,23.0,2-3,1.0,0.0,0.0,0.0,0.0,0.0,78.0,4.0,11.0,202.0,,1.0,2.0,35:15,0.0,37.0,3.0,,38.0,0.0,124.0,,,,5-15,2.0,14-95,326.0,1.0,4.8,3.3,23
401767174,2025.0,5.0,regular,away,2197.0,Eastern Illinois,Big South-OVC,2710.0,Western Illinois,Big South-OVC,4-10,,16.0,1-1,0.0,1.0,,,1.0,0.0,61.0,3.0,7.0,90.0,,,0.0,24:45,0.0,50.0,3.0,,41.0,4.0,239.0,,,,2-9,0.0,5-55,329.0,1.0,9.0,5.8,31
401767645,2025.0,5.0,regular,home,301.0,San Diego,Pioneer,2900.0,St. Thomas (MN),Pioneer,22-30,,17.0,1-1,1.0,1.0,,,0.0,0.0,32.0,2.0,12.0,320.0,,,2.0,29:23,,,,,34.0,1.0,100.0,,,,2-12,1.0,6-75,420.0,1.0,10.7,2.9,30
401767645,2025.0,5.0,regular,away,2900.0,St. Thomas (MN),Pioneer,301.0,San Diego,Pioneer,14-27,,18.0,0-1,1.0,1.0,,,0.0,0.0,40.0,2.0,9.0,216.0,,,2.0,30:37,0.0,47.0,5.0,,39.0,1.0,131.0,,,,6-15,2.0,3-20,347.0,1.0,8.0,3.4,27
401767226,2025.0,5.0,regular,away,2635.0,Tennessee Tech,Big South-OVC,2634.0,Tennessee State,Big South-OVC,9-16,,17.0,0-1,1.0,1.0,1.0,93.0,0.0,0.0,23.0,1.0,5.0,103.0,,3.0,1.0,26:18,0.0,18.0,1.0,,39.0,3.0,281.0,,,,3-10,2.0,8-89,384.0,1.0,6.4,7.2,35
401767226,2025.0,5.0,regular,home,2634.0,Tennessee State,Big South-OVC,2635.0,Tennessee Tech,Big South-OVC,21-39,,21.0,0-1,0.0,1.0,,,3.0,0.0,32.0,2.0,6.0,241.0,,,0.0,33:42,0.0,3.0,1.0,,33.0,0.0,49.0,,,,5-15,0.0,10-79,290.0,3.0,6.2,1.5,8
401767115,2025.0,5.0,regular,home,2502.0,Portland State,Big Sky,2464.0,Northern Arizona,Big Sky,19-37,,20.0,0-2,0.0,,,,0.0,0.0,66.0,3.0,5.0,202.0,,,1.0,29:34,1.0,63.0,3.0,,25.0,0.0,125.0,,,,5-12,,2-12,327.0,0.0,5.5,5.0,17
401767115,2025.0,5.0,regular,away,2464.0,Northern Arizona,Big Sky,2502.0,Portland State,Big Sky,15-24,,25.0,0-1,0.0,,,,0.0,0.0,59.0,3.0,7.0,262.0,,,1.0,30:26,0.0,3.0,1.0,,39.0,3.0,257.0,,,,5-10,,3-40,519.0,0.0,10.9,6.6,31
401767558,2025.0,5.0,regular,home,2193.0,East Tennessee State,Southern,2382.0,Mercer,Southern,29-47,,33.0,1-1,1.0,1.0,0.0,0.0,2.0,0.0,42.0,2.0,10.0,398.0,,1.0,4.0,26:45,0.0,-2.0,1.0,,33.0,0.0,69.0,,,,9-16,1.0,5-55,467.0,3.0,8.5,2.1,34
401767558,2025.0,5.0,regular,away,2382.0,Mercer,Southern,2193.0,East Tennessee State,Southern,18-26,,22.0,1-1,1.0,1.0,0.0,24.0,1.0,,,,8.0,187.0,,2.0,3.0,33:15,0.0,11.0,1.0,,44.0,2.0,234.0,,,,8-15,1.0,8-83,421.0,2.0,7.2,5.3,38
401767163,2025.0,5.0,regular,home,2127.0,Charleston Southern,Big South-OVC,2569.0,South Carolina State,MEAC,13-28,,18.0,0-1,0.0,3.0,,,1.0,0.0,48.0,3.0,7.0,198.0,,,1.0,26:13,0.0,24.0,1.0,,29.0,2.0,147.0,,,,2-9,0.0,6-35,345.0,1.0,7.1,5.1,31
401767163,2025.0,5.0,regular,away,2569.0,South Carolina State,MEAC,2127.0,Charleston Southern,Big South-OVC,18-26,,25.0,0-1,3.0,0.0,0.0,0.0,0.0,0.0,82.0,5.0,6.0,194.0,,1.0,0.0,33:47,0.0,4.0,2.0,,50.0,3.0,255.0,,,,7-13,4.0,12-110,449.0,3.0,7.5,5.1,24
401767279,2025.0,5.0,regular,home,2198.0,Eastern Kentucky,UAC,2447.0,Nicholls,Southland,7-21,,14.0,0-0,0.0,1.0,1.0,16.0,0.0,0.0,45.0,2.0,9.0,72.0,,2.0,1.0,28:13,0.0,8.0,1.0,,38.0,1.0,242.0,,,,4-13,0.0,9-71,314.0,0.0,3.4,6.4,27
401767279,2025.0,5.0,regular,away,2447.0,Nicholls,Southland,2198.0,Eastern Kentucky,UAC,20-31,,16.0,2-5,1.0,0.0,,,2.0,0.0,66.0,3.0,1.0,213.0,,,1.0,31:47,0.0,14.0,2.0,,32.0,0.0,117.0,,,,1-11,1.0,6-34,330.0,3.0,6.9,3.7,7
401767530,2025.0,5.0,regular,home,236.0,Chattanooga,Southern,2643.0,The Citadel,Southern,15-24,,15.0,1-4,0.0,0.0,,,1.0,0.0,47.0,2.0,4.0,201.0,,,0.0,23:47,,,,,27.0,1.0,120.0,,,,4-10,1.0,8-55,321.0,1.0,8.4,4.4,10
401767530,2025.0,5.0,regular,away,2643.0,The Citadel,Southern,236.0,Chattanooga,Southern,11-14,,26.0,2-3,0.0,,0.0,0.0,0.0,0.0,50.0,3.0,4.0,97.0,,1.0,1.0,36:13,,,,,58.0,3.0,336.0,,,,10-15,,4-45,433.0,0.0,6.9,5.8,28
401767552,2025.0,5.0,regular,home,108.0,Harvard,Ivy,225.0,Brown,Ivy,24-33,,23.0,2-4,0.0,,1.0,38.0,0.0,0.0,30.0,2.0,5.0,317.0,,3.0,4.0,39:07,0.0,0.0,1.0,,44.0,1.0,162.0,,,,8-17,,6-55,479.0,0.0,9.6,3.7,41
401767552,2025.0,5.0,regular,away,225.0,Brown,Ivy,108.0,Harvard,Ivy,14-26,,12.0,0-1,0.0,,,,3.0,,,,1.0,99.0,,,1.0,20:53,,,,,24.0,0.0,58.0,,,,2-10,,2-25,157.0,3.0,3.8,2.4,7
401767665,2025.0,5.0,regular,home,2083.0,Bucknell,Patriot,2598.0,St. Francis (PA),NEC,15-26,,23.0,0-1,0.0,1.0,0.0,0.0,0.0,0.0,106.0,5.0,4.0,168.0,,1.0,1.0,24:13,0.0,31.0,2.0,,33.0,3.0,210.0,,,,7-13,0.0,3-35,378.0,0.0,6.5,6.4,30
401767665,2025.0,5.0,regular,away,2598.0,St. Francis (PA),NEC,2083.0,Bucknell,Patriot,31-44,,25.0,0-1,1.0,0.0,,,1.0,0.0,62.0,3.0,5.0,377.0,,,1.0,35:47,0.0,36.0,3.0,,29.0,2.0,101.0,,,,8-14,1.0,10-79,478.0,2.0,8.6,3.5,23
401767240,2025.0,5.0,regular,home,2916.0,Incarnate Word,Southland,2000.0,Abilene Christian,UAC,17-30,,28.0,3-4,0.0,,1.0,28.0,0.0,0.0,20.0,1.0,8.0,122.0,,2.0,1.0,40:16,0.0,16.0,3.0,,59.0,3.0,301.0,,,,9-17,,7-67,423.0,0.0,4.1,5.1,38
401767240,2025.0,5.0,regular,away,2000.0,Abilene Christian,UAC,2916.0,Incarnate Word,Southland,17-30,,16.0,0-1,0.0,,,,2.0,0.0,22.0,1.0,1.0,141.0,,,1.0,19:44,0.0,2.0,1.0,,20.0,0.0,107.0,,,,2-10,,9-65,248.0,2.0,4.7,5.4,7
401767370,2025.0,5.0,regular,home,2016.0,Alcorn State,SWAC,2029.0,Arkansas-Pine Bluff,SWAC,15-30,,22.0,1-2,0.0,,,,1.0,0.0,53.0,4.0,2.0,207.0,,,1.0,28:45,0.0,28.0,1.0,,38.0,2.0,272.0,,,,5-13,,12-106,479.0,1.0,6.9,7.2,20
401767370,2025.0,5.0,regular,away,2029.0,Arkansas-Pine Bluff,SWAC,2016.0,Alcorn State,SWAC,20-32,,19.0,0-3,0.0,0.0,0.0,0.0,0.0,0.0,23.0,1.0,6.0,323.0,,1.0,1.0,31:15,0.0,22.0,2.0,,37.0,2.0,140.0,,,,6-14,1.0,13-108,463.0,0.0,10.1,3.8,24
401767422,2025.0,5.0,regular,home,2582.0,Southern,SWAC,2296.0,Jackson State,SWAC,10-20,,14.0,1-2,0.0,1.0,,,1.0,0.0,26.0,3.0,7.0,120.0,,,0.0,27:43,0.0,0.0,1.0,,32.0,1.0,180.0,,,,3-12,0.0,13-111,300.0,1.0,6.0,5.6,13
401767422,2025.0,5.0,regular,away,2296.0,Jackson State,SWAC,2582.0,Southern,SWAC,21-32,,29.0,1-1,1.0,0.0,0.0,2.0,0.0,0.0,48.0,4.0,8.0,337.0,,1.0,2.0,32:17,0.0,0.0,1.0,,42.0,3.0,197.0,,,,7-13,1.0,13-107,534.0,1.0,10.5,4.7,38
401767483,2025.0,5.0,regular,away,2110.0,Central Arkansas,UAC,2320.0,Lamar,Southland,26-44,,28.0,3-5,1.0,0.0,0.0,0.0,2.0,0.0,20.0,1.0,6.0,370.0,,1.0,3.0,33:33,0.0,3.0,1.0,,42.0,1.0,144.0,,,,6-17,2.0,13-115,514.0,3.0,8.4,3.4,32
401767483,2025.0,5.0,regular,home,2320.0,Lamar,Southland,2110.0,Central Arkansas,UAC,13-17,,19.0,1-2,0.0,1.0,0.0,0.0,1.0,0.0,116.0,6.0,5.0,142.0,,2.0,3.0,26:27,0.0,97.0,3.0,,36.0,2.0,151.0,,,,1-10,1.0,7-56,293.0,1.0,8.4,4.2,35
401767491,2025.0,5.0,regular,home,2617.0,Stephen F. Austin,Southland,2377.0,McNeese,Southland,15-29,,19.0,2-2,1.0,2.0,0.0,1.0,0.0,,,,10.0,233.0,,1.0,3.0,27:48,0.0,-3.0,1.0,,37.0,1.0,148.0,,,,4-14,2.0,8-79,381.0,1.0,8.0,4.0,34
401767491,2025.0,5.0,regular,away,2377.0,McNeese,Southland,2617.0,Stephen F. Austin,Southland,21-36,,18.0,4-4,2.0,1.0,,,1.0,0.0,9.0,2.0,5.0,214.0,,,1.0,32:12,0.0,-5.0,1.0,,37.0,1.0,89.0,,,,5-17,2.0,8-70,303.0,3.0,5.9,2.4,17
401767158,2025.0,5.0,regular,home,302.0,UC Davis,Big Sky,2692.0,Weber State,Big Sky,17-29,,21.0,1-1,1.0,0.0,,,0.0,0.0,0.0,1.0,10.0,294.0,,,2.0,25:33,,,,,37.0,2.0,175.0,,,,6-12,1.0,3-30,469.0,1.0,10.1,4.7,34
401767158,2025.0,5.0,regular,away,2692.0,Weber State,Big Sky,302.0,UC Davis,Big Sky,16-24,,17.0,0-2,0.0,1.0,,,0.0,0.0,108.0,4.0,6.0,175.0,,,1.0,34:27,0.0,10.0,1.0,,43.0,0.0,138.0,,,,7-16,1.0,1-15,313.0,0.0,7.3,3.2,12
401767091,2025.0,5.0,regular,home,149.0,Montana,Big Sky,70.0,Idaho,Big Sky,17-23,,22.0,2-2,0.0,1.0,,,0.0,0.0,75.0,3.0,11.0,223.0,,,1.0,33:47,0.0,16.0,2.0,,43.0,4.0,191.0,,,,4-12,0.0,7-72,414.0,0.0,9.7,4.4,41
401767091,2025.0,5.0,regular,away,70.0,Idaho,Big Sky,149.0,Montana,Big Sky,14-28,,15.0,1-1,1.0,0.0,,,0.0,0.0,42.0,2.0,6.0,262.0,,,0.0,26:13,0.0,2.0,2.0,,34.0,3.0,108.0,,,,7-16,3.0,3-30,370.0,1.0,9.4,3.2,30
401767614,2025.0,5.0,regular,home,2168.0,Dayton,Pioneer,56.0,Stetson,Pioneer,22-28,,22.0,2-3,0.0,1.0,1.0,99.0,0.0,0.0,80.0,3.0,6.0,351.0,,2.0,5.0,33:15,0.0,25.0,3.0,,35.0,1.0,110.0,,,,9-14,0.0,8-75,461.0,0.0,12.5,3.1,48
401767614,2025.0,5.0,regular,away,56.0,Stetson,Pioneer,2168.0,Dayton,Pioneer,18-32,,18.0,2-4,1.0,0.0,,,2.0,0.0,67.0,3.0,2.0,198.0,,,2.0,26:45,0.0,6.0,1.0,,32.0,0.0,101.0,,,,4-13,1.0,2-5,299.0,3.0,6.2,3.2,14
401767689,2025.0,5.0,regular,home,43.0,Yale,Ivy,172.0,Cornell,Ivy,14-23,,12.0,0-2,2.0,1.0,1.0,99.0,1.0,0.0,123.0,4.0,11.0,139.0,,4.0,1.0,24:08,0.0,16.0,1.0,,37.0,3.0,158.0,,,,4-13,3.0,9-82,297.0,3.0,6.0,4.3,41
401767689,2025.0,5.0,regular,away,172.0,Cornell,Ivy,43.0,Yale,Ivy,24-53,,25.0,3-6,1.0,2.0,0.0,0.0,4.0,0.0,54.0,4.0,6.0,267.0,,1.0,2.0,35:52,0.0,59.0,5.0,,43.0,1.0,133.0,,,,4-19,2.0,11-79,400.0,5.0,5.0,3.1,24
401767721,2025.0,5.0,regular,home,171.0,Columbia,Ivy,46.0,Georgetown,Patriot,13-27,,17.0,2-3,0.0,,0.0,39.0,1.0,0.0,75.0,3.0,7.0,157.0,,3.0,1.0,30:48,0.0,10.0,2.0,,39.0,1.0,136.0,,,,4-13,,10-90,293.0,1.0,5.8,3.5,19
401767721,2025.0,5.0,regular,away,46.0,Georgetown,Patriot,171.0,Columbia,Ivy,9-24,,13.0,1-4,0.0,,0.0,26.0,3.0,0.0,40.0,2.0,4.0,67.0,,1.0,0.0,29:12,0.0,22.0,1.0,,40.0,1.0,144.0,,,,3-14,,10-106,211.0,3.0,2.8,3.6,10
401767268,2025.0,5.0,regular,home,160.0,New Hampshire,CAA,399.0,UAlbany,CAA,19-24,,17.0,2-3,0.0,0.0,0.0,23.0,0.0,,,,6.0,190.0,,1.0,1.0,34:20,0.0,0.0,1.0,,39.0,2.0,118.0,,,,7-14,1.0,9-71,308.0,0.0,7.9,3.0,24
401767268,2025.0,5.0,regular,away,399.0,UAlbany,CAA,160.0,New Hampshire,CAA,21-42,,19.0,1-3,0.0,,,,1.0,0.0,14.0,1.0,0.0,181.0,,,1.0,25:40,,,,,24.0,0.0,94.0,,,,5-12,,5-40,275.0,1.0,4.3,3.9,6
401767594,2025.0,5.0,regular,home,2086.0,Butler,Pioneer,2368.0,Marist,Pioneer,17-27,,15.0,1-3,1.0,1.0,0.0,24.0,0.0,0.0,84.0,4.0,7.0,151.0,,1.0,3.0,33:38,,,,,39.0,1.0,225.0,,,,5-15,1.0,6-54,376.0,1.0,5.6,5.8,31
401767594,2025.0,5.0,regular,away,2368.0,Marist,Pioneer,2086.0,Butler,Pioneer,26-38,,13.0,4-7,1.0,1.0,,,1.0,,,,4.0,219.0,,,3.0,26:22,0.0,1.0,1.0,,23.0,0.0,21.0,,,,0-13,1.0,3-15,240.0,2.0,5.8,0.9,28
401767082,2025.0,5.0,regular,home,2458.0,Northern Colorado,Big Sky,304.0,Idaho State,Big Sky,26-39,,16.0,0-2,1.0,1.0,,,0.0,,,,4.0,396.0,,,2.0,27:03,,,,,28.0,0.0,30.0,,,,5-14,1.0,6-40,426.0,1.0,10.2,1.1,18
401767082,2025.0,5.0,regular,away,304.0,Idaho State,Big Sky,2458.0,Northern Colorado,Big Sky,14-41,,25.0,1-2,1.0,1.0,,,0.0,0.0,0.0,1.0,14.0,250.0,,,1.0,32:57,0.0,10.0,1.0,,43.0,1.0,289.0,,,,7-18,1.0,10-65,539.0,1.0,6.1,6.7,26
401767427,2025.0,5.0,regular,home,2400.0,Mississippi Valley State,SWAC,2640.0,Texas Southern,SWAC,21-32,,26.0,1-2,1.0,1.0,,,0.0,0.0,40.0,4.0,8.0,247.0,,,1.0,29:17,0.0,2.0,1.0,,44.0,1.0,193.0,,,,7-15,1.0,5-38,440.0,1.0,7.7,4.4,20
401767427,2025.0,5.0,regular,away,2640.0,Texas Southern,SWAC,2400.0,Mississippi Valley State,SWAC,13-21,,20.0,2-3,1.0,1.0,,,0.0,0.0,212.0,6.0,2.0,161.0,,,0.0,27:11,,,,,46.0,3.0,146.0,,,,4-12,1.0,9-77,307.0,1.0,7.7,3.2,23
401767417,2025.0,5.0,regular,home,2504.0,Prairie View A&M,SWAC,2755.0,Grambling,SWAC,11-24,,20.0,0-0,2.0,1.0,0.0,31.0,0.0,0.0,29.0,2.0,4.0,122.0,,3.0,0.0,29:23,0.0,-5.0,2.0,,35.0,4.0,220.0,,,,2-9,3.0,6-50,342.0,2.0,5.1,6.3,28
401767417,2025.0,5.0,regular,away,2755.0,Grambling,SWAC,2504.0,Prairie View A&M,SWAC,21-43,,17.0,0-2,1.0,2.0,,,3.0,0.0,67.0,3.0,7.0,161.0,,,1.0,30:37,0.0,2.0,1.0,,33.0,0.0,105.0,,,,5-17,2.0,4-50,266.0,4.0,3.7,3.2,13
401767073,2025.0,5.0,regular,home,16.0,Sacramento State,Big Sky,13.0,Cal Poly,Big Sky,12-31,,20.0,1-2,0.0,0.0,,,3.0,0.0,41.0,3.0,6.0,196.0,,,2.0,28:18,0.0,37.0,2.0,,46.0,1.0,230.0,,,,8-16,2.0,10-62,426.0,3.0,6.3,5.0,24
401767073,2025.0,5.0,regular,away,13.0,Cal Poly,Big Sky,16.0,Sacramento State,Big Sky,17-27,,17.0,0-0,0.0,,1.0,56.0,0.0,0.0,29.0,1.0,6.0,203.0,,3.0,2.0,31:42,,,,,39.0,1.0,178.0,,,,7-16,,5-53,381.0,0.0,7.5,4.6,32
401757165,2025.0,6.0,regular,away,68.0,Boise State,Mountain West,87.0,Notre Dame,FBS Independents,22-37,0.0,23.0,1-3,0.0,0.0,,,4.0,,,,1.0,215.0,1.0,,0.0,35:46,,,,1.0,34.0,1.0,100.0,0.0,26.0,5.0,6-15,1.0,13-112,315.0,4.0,5.8,2.9,7
401757165,2025.0,6.0,regular,home,87.0,Notre Dame,FBS Independents,68.0,Boise State,Mountain West,15-23,0.0,19.0,0-2,0.0,0.0,0.0,28.0,0.0,,,,2.0,189.0,2.0,4.0,2.0,24:14,0.0,18.0,2.0,2.0,28.0,2.0,203.0,4.0,32.0,4.0,4-9,3.0,11-112,392.0,0.0,8.2,7.3,28
401767436,2025.0,6.0,regular,home,2569.0,South Carolina State,MEAC,2542.0,Savannah St,SIAC,23-41,,21.0,1-3,2.0,0.0,1.0,115.0,0.0,0.0,33.0,2.0,7.0,368.0,,2.0,5.0,24:50,1.0,58.0,4.0,,24.0,0.0,46.0,,,,5-12,2.0,6-45,414.0,2.0,9.0,1.9,49
401767436,2025.0,6.0,regular,away,2542.0,Savannah St,SIAC,2569.0,South Carolina State,MEAC,14-38,,12.0,0-2,0.0,2.0,,,2.0,0.0,122.0,6.0,6.0,165.0,,,0.0,35:10,,,,,33.0,0.0,33.0,,,,3-18,0.0,6-30,198.0,2.0,4.3,1.0,6
401756910,2025.0,6.0,regular,home,12.0,Arizona,Big 12,197.0,Oklahoma State,Big 12,31-43,0.0,28.0,1-1,1.0,1.0,0.0,0.0,2.0,,,,11.0,433.0,5.0,1.0,5.0,34:30,0.0,47.0,5.0,3.0,32.0,0.0,46.0,3.0,35.0,11.0,5-12,3.0,3-30,479.0,3.0,10.1,1.4,41
401756910,2025.0,6.0,regular,away,197.0,Oklahoma State,Big 12,12.0,Arizona,Big 12,13-28,1.0,7.0,1-3,1.0,1.0,1.0,88.0,1.0,,,,7.0,69.0,5.0,2.0,0.0,25:30,0.0,9.0,1.0,1.0,31.0,0.0,89.0,6.0,40.0,11.0,3-17,2.0,4-45,158.0,2.0,2.5,2.9,13
401756911,2025.0,6.0,regular,home,239.0,Baylor,Big 12,2306.0,Kansas State,Big 12,25-39,1.0,25.0,0-1,1.0,0.0,1.0,66.0,1.0,0.0,50.0,2.0,9.0,345.0,4.0,1.0,2.0,22:13,0.0,11.0,1.0,4.0,24.0,1.0,99.0,0.0,53.0,5.0,3-9,1.0,7-74,444.0,2.0,8.8,4.1,35
401756911,2025.0,6.0,regular,away,2306.0,Kansas State,Big 12,239.0,Baylor,Big 12,29-45,0.0,30.0,1-1,0.0,1.0,0.0,0.0,1.0,0.0,99.0,5.0,10.0,339.0,1.0,1.0,2.0,37:47,0.0,1.0,1.0,2.0,36.0,2.0,162.0,1.0,42.0,4.0,8-16,1.0,3-40,501.0,1.0,7.5,4.5,34
401756912,2025.0,6.0,regular,home,2132.0,Cincinnati,Big 12,66.0,Iowa State,Big 12,13-25,0.0,20.0,1-3,1.0,0.0,,,0.0,0.0,93.0,3.0,8.0,214.0,6.0,,2.0,25:04,,,,0.0,33.0,3.0,264.0,4.0,46.0,5.0,4-11,1.0,13-128,478.0,1.0,8.6,8.0,38
401756912,2025.0,6.0,regular,away,66.0,Iowa State,Big 12,2132.0,Cincinnati,Big 12,30-48,0.0,29.0,4-7,0.0,1.0,,,0.0,0.0,18.0,1.0,2.0,314.0,2.0,,2.0,34:56,,,,0.0,38.0,2.0,151.0,0.0,26.0,4.0,4-17,1.0,8-60,465.0,0.0,6.5,4.0,30
401756913,2025.0,6.0,regular,home,248.0,Houston,Big 12,2641.0,Texas Tech,Big 12,10-25,0.0,12.0,2-5,1.0,1.0,,,2.0,0.0,78.0,4.0,3.0,164.0,3.0,,1.0,22:02,,,,0.0,30.0,0.0,103.0,2.0,61.0,2.0,1-12,2.0,5-55,267.0,3.0,6.6,3.4,11
401756913,2025.0,6.0,regular,away,2641.0,Texas Tech,Big 12,248.0,Houston,Big 12,28-40,0.0,27.0,1-1,1.0,1.0,0.0,26.0,0.0,0.0,38.0,2.0,17.0,345.0,4.0,2.0,1.0,37:58,0.0,30.0,1.0,2.0,48.0,2.0,207.0,2.0,35.0,6.0,9-18,2.0,8-65,552.0,1.0,8.6,4.3,35
401756915,2025.0,6.0,regular,home,2116.0,UCF,Big 12,2305.0,Kansas,Big 12,22-37,0.0,21.0,2-4,1.0,0.0,,,0.0,0.0,52.0,2.0,8.0,176.0,0.0,,0.0,29:59,0.0,3.0,2.0,4.0,39.0,2.0,199.0,1.0,40.0,2.0,4-16,1.0,6-45,375.0,1.0,4.8,5.1,20
401756915,2025.0,6.0,regular,away,2305.0,Kansas,Big 12,2116.0,UCF,Big 12,18-26,0.0,15.0,1-2,0.0,1.0,,,0.0,0.0,44.0,2.0,9.0,235.0,5.0,,0.0,30:01,0.0,0.0,1.0,0.0,30.0,3.0,123.0,2.0,54.0,9.0,3-11,0.0,8-41,358.0,0.0,9.0,4.1,27
401756914,2025.0,6.0,regular,away,38.0,Colorado,Big 12,2628.0,TCU,Big 12,18-29,0.0,20.0,1-1,1.0,0.0,,,3.0,0.0,68.0,3.0,3.0,217.0,1.0,,2.0,31:32,0.0,3.0,2.0,3.0,35.0,1.0,126.0,2.0,44.0,7.0,9-14,3.0,6-43,343.0,4.0,7.5,3.6,21
401756914,2025.0,6.0,regular,home,2628.0,TCU,Big 12,38.0,Colorado,Big 12,23-33,0.0,23.0,2-3,0.0,1.0,0.0,41.0,0.0,0.0,24.0,1.0,5.0,275.0,5.0,3.0,4.0,28:28,,,,5.0,35.0,1.0,94.0,2.0,37.0,6.0,7-15,2.0,7-85,369.0,0.0,8.3,2.7,35
401756909,2025.0,6.0,regular,home,252.0,BYU,Big 12,277.0,West Virginia,Big 12,18-25,0.0,23.0,4-4,2.0,0.0,0.0,49.0,1.0,0.0,78.0,3.0,8.0,351.0,2.0,2.0,1.0,32:10,0.0,3.0,2.0,1.0,41.0,4.0,167.0,0.0,37.0,4.0,4-12,3.0,10-67,518.0,3.0,14.0,4.1,38
401756909,2025.0,6.0,regular,away,277.0,West Virginia,Big 12,252.0,BYU,Big 12,10-18,0.0,18.0,0-2,0.0,2.0,0.0,19.0,2.0,,,,6.0,135.0,1.0,1.0,1.0,27:50,,,,2.0,47.0,2.0,156.0,0.0,45.0,3.0,7-15,0.0,3-26,291.0,2.0,7.5,3.3,24
401767183,2025.0,6.0,regular,away,2450.0,Norfolk State,MEAC,2261.0,Hampton,CAA,15-26,,27.0,0-1,2.0,0.0,0.0,10.0,0.0,0.0,109.0,6.0,10.0,242.0,,1.0,3.0,27:31,0.0,-5.0,1.0,,36.0,1.0,173.0,,,,2-7,2.0,17-154,415.0,2.0,9.3,4.8,34
401767183,2025.0,6.0,regular,home,2261.0,Hampton,CAA,2450.0,Norfolk State,MEAC,16-28,,29.0,0-0,0.0,2.0,,,1.0,0.0,106.0,5.0,11.0,202.0,,,1.0,32:29,0.0,0.0,1.0,,45.0,4.0,236.0,,,,7-11,1.0,13-142,438.0,1.0,7.2,5.2,41
401767259,2025.0,6.0,regular,away,2169.0,Delaware State,MEAC,2405.0,Monmouth,CAA,11-21,,26.0,3-3,0.0,,,,0.0,0.0,100.0,6.0,8.0,112.0,,,0.0,29:01,0.0,3.0,1.0,,46.0,5.0,281.0,,,,3-12,,3-25,393.0,0.0,5.3,6.1,38
401767259,2025.0,6.0,regular,home,2405.0,Monmouth,CAA,2169.0,Delaware State,MEAC,26-39,,30.0,2-3,0.0,,,,0.0,0.0,25.0,1.0,7.0,384.0,,,5.0,30:59,0.0,2.0,1.0,,40.0,2.0,252.0,,,,10-14,,7-66,636.0,0.0,9.8,6.3,49
401767751,2025.0,6.0,regular,home,2184.0,Duquesne,NEC,284.0,Stonehill,NEC,19-31,,22.0,2-4,0.0,,0.0,0.0,0.0,0.0,19.0,1.0,4.0,231.0,,1.0,3.0,35:58,0.0,18.0,2.0,,37.0,2.0,197.0,,,,7-14,,9-77,428.0,0.0,7.5,5.3,34
401767751,2025.0,6.0,regular,away,284.0,Stonehill,NEC,2184.0,Duquesne,NEC,21-38,,15.0,3-4,0.0,0.0,,,1.0,0.0,73.0,4.0,2.0,150.0,,,1.0,24:02,0.0,28.0,2.0,,22.0,1.0,91.0,,,,4-15,1.0,6-57,241.0,1.0,3.9,4.1,14
401767164,2025.0,6.0,regular,home,2241.0,Gardner-Webb,Big South-OVC,2127.0,Charleston Southern,Big South-OVC,19-31,,29.0,1-4,1.0,0.0,,,0.0,0.0,71.0,5.0,12.0,247.0,,,2.0,28:13,0.0,34.0,2.0,,45.0,1.0,243.0,,,,4-12,4.0,5-40,490.0,1.0,8.0,5.4,30
401767164,2025.0,6.0,regular,away,2127.0,Charleston Southern,Big South-OVC,2241.0,Gardner-Webb,Big South-OVC,13-22,,16.0,0-0,0.0,1.0,,,0.0,0.0,78.0,4.0,3.0,216.0,,,0.0,31:47,0.0,3.0,1.0,,35.0,4.0,218.0,,,,7-14,1.0,9-100,434.0,0.0,9.8,6.2,27
401767175,2025.0,6.0,regular,away,2634.0,Tennessee State,Big South-OVC,2197.0,Eastern Illinois,Big South-OVC,16-22,,15.0,0-2,2.0,0.0,,,1.0,0.0,42.0,3.0,1.0,205.0,,,1.0,20:12,0.0,3.0,1.0,,20.0,0.0,30.0,,,,5-10,4.0,7-85,235.0,3.0,9.3,1.5,7
401767175,2025.0,6.0,regular,home,2197.0,Eastern Illinois,Big South-OVC,2634.0,Tennessee State,Big South-OVC,15-23,,26.0,1-1,0.0,2.0,0.0,12.0,0.0,0.0,19.0,1.0,7.0,168.0,,1.0,2.0,39:48,,,,,52.0,2.0,171.0,,,,7-12,0.0,8-85,339.0,0.0,7.3,3.3,31
401767211,2025.0,6.0,regular,home,2815.0,Lindenwood,Big South-OVC,2630.0,UT Martin,Big South-OVC,12-17,,18.0,3-3,0.0,1.0,,,0.0,0.0,39.0,1.0,6.0,227.0,,,3.0,30:49,0.0,3.0,3.0,,37.0,1.0,156.0,,,,4-11,1.0,3-15,383.0,0.0,13.4,4.2,30
401767211,2025.0,6.0,regular,away,2630.0,UT Martin,Big South-OVC,2815.0,Lindenwood,Big South-OVC,26-34,,20.0,1-2,1.0,0.0,,,0.0,0.0,63.0,2.0,2.0,168.0,,,1.0,29:11,0.0,13.0,1.0,,27.0,1.0,130.0,,,,4-10,1.0,8-90,298.0,1.0,4.9,4.8,14
401767233,2025.0,6.0,regular,away,2710.0,Western Illinois,Big South-OVC,2635.0,Tennessee Tech,Big South-OVC,34-49,,18.0,3-4,1.0,0.0,,,1.0,0.0,93.0,3.0,8.0,343.0,,,2.0,32:15,,,,,23.0,0.0,32.0,,,,2-15,1.0,7-73,375.0,2.0,7.0,1.4,20
401767233,2025.0,6.0,regular,home,2635.0,Tennessee Tech,Big South-OVC,2710.0,Western Illinois,Big South-OVC,25-39,,27.0,0-1,0.0,1.0,1.0,16.0,0.0,,,,12.0,452.0,,1.0,5.0,27:45,0.0,12.0,2.0,,31.0,3.0,166.0,,,,8-13,0.0,6-40,618.0,0.0,11.6,5.4,66
401754557,2025.0,6.0,regular,home,152.0,NC State,ACC,2097.0,Campbell,CAA,25-34,0.0,28.0,0-1,1.0,0.0,,,1.0,,,,8.0,371.0,3.0,,4.0,27:00,0.0,30.0,5.0,4.0,26.0,4.0,236.0,2.0,27.0,7.0,3-7,2.0,7-76,607.0,2.0,10.9,9.1,56
401754557,2025.0,6.0,regular,away,2097.0,Campbell,CAA,152.0,NC State,ACC,20-32,0.0,13.0,0-2,0.0,1.0,0.0,33.0,0.0,,,,4.0,121.0,1.0,1.0,1.0,33:00,,,,2.0,33.0,0.0,67.0,0.0,29.0,2.0,4-16,0.0,7-65,188.0,0.0,3.8,2.0,10
401767273,2025.0,6.0,regular,home,2729.0,William & Mary,CAA,2448.0,North Carolina A&T,CAA,8-16,,12.0,1-3,1.0,2.0,,,1.0,0.0,27.0,2.0,8.0,167.0,,,2.0,20:46,0.0,1.0,1.0,,32.0,2.0,238.0,,,,2-8,2.0,3-25,405.0,2.0,10.4,7.4,38
401767273,2025.0,6.0,regular,away,2448.0,North Carolina A&T,CAA,2729.0,William & Mary,CAA,20-29,,24.0,1-3,2.0,1.0,0.0,-3.0,0.0,0.0,50.0,5.0,10.0,225.0,,1.0,1.0,39:14,,,,,50.0,3.0,157.0,,,,8-17,3.0,8-55,382.0,2.0,7.8,3.1,34
401767496,2025.0,6.0,regular,home,233.0,South Dakota,MVFC,93.0,Murray State,MVFC,12-17,,29.0,0-0,0.0,,,,0.0,0.0,61.0,2.0,7.0,188.0,,,3.0,33:24,0.0,5.0,1.0,,47.0,4.0,380.0,,,,9-11,,6-70,568.0,0.0,11.1,8.1,49
401767496,2025.0,6.0,regular,away,93.0,Murray State,MVFC,233.0,South Dakota,MVFC,17-31,,19.0,2-2,0.0,,,,0.0,0.0,84.0,4.0,6.0,212.0,,,2.0,26:36,,,,,33.0,1.0,100.0,,,,3-12,,3-35,312.0,0.0,6.8,3.0,24
401767294,2025.0,6.0,regular,home,2627.0,Tarleton State,UAC,253.0,Southern Utah,UAC,16-21,,32.0,1-1,0.0,0.0,0.0,-6.0,0.0,0.0,76.0,2.0,10.0,282.0,,1.0,3.0,32:51,0.0,3.0,1.0,,49.0,4.0,301.0,,,,7-11,1.0,6-35,583.0,0.0,13.4,6.1,52
401767294,2025.0,6.0,regular,away,253.0,Southern Utah,UAC,2627.0,Tarleton State,UAC,13-18,,19.0,3-3,0.0,0.0,,,1.0,0.0,130.0,7.0,6.0,129.0,,,1.0,27:09,0.0,1.0,1.0,,35.0,5.0,291.0,,,,2-10,1.0,6-39,420.0,1.0,7.2,8.3,42
401767241,2025.0,6.0,regular,away,2453.0,North Alabama,UAC,2000.0,Abilene Christian,UAC,15-31,,15.0,1-1,4.0,0.0,0.0,36.0,0.0,0.0,25.0,2.0,5.0,177.0,,1.0,2.0,24:21,0.0,1.0,2.0,,29.0,1.0,142.0,,,,4-15,5.0,8-55,319.0,4.0,5.7,4.9,23
401767241,2025.0,6.0,regular,home,2000.0,Abilene Christian,UAC,2453.0,North Alabama,UAC,23-33,,24.0,1-1,0.0,4.0,,,1.0,0.0,36.0,1.0,10.0,269.0,,,4.0,35:39,0.0,6.0,5.0,,36.0,3.0,234.0,,,,7-13,0.0,2-10,503.0,1.0,8.2,6.5,52
401767250,2025.0,6.0,regular,away,2698.0,West Georgia,UAC,2046.0,Austin Peay,UAC,19-38,,23.0,1-2,1.0,1.0,0.0,29.0,1.0,0.0,33.0,2.0,6.0,205.0,,1.0,2.0,28:29,0.0,23.0,2.0,,31.0,2.0,157.0,,,,5-14,2.0,5-45,362.0,2.0,5.4,5.1,30
401767250,2025.0,6.0,regular,home,2046.0,Austin Peay,UAC,2698.0,West Georgia,UAC,16-26,,18.0,0-1,1.0,1.0,1.0,26.0,1.0,0.0,48.0,2.0,6.0,346.0,,1.0,3.0,31:31,0.0,0.0,1.0,,37.0,2.0,124.0,,,,7-13,2.0,12-96,470.0,2.0,13.3,3.4,44
401769869,2025.0,6.0,regular,away,3101.0,Utah Tech,UAC,2110.0,Central Arkansas,UAC,21-37,,18.0,1-4,0.0,0.0,0.0,18.0,1.0,0.0,129.0,6.0,5.0,244.0,,2.0,2.0,30:47,0.0,7.0,2.0,,30.0,0.0,88.0,,,,3-13,1.0,6-64,332.0,1.0,6.6,2.9,17
401769869,2025.0,6.0,regular,home,2110.0,Central Arkansas,UAC,3101.0,Utah Tech,UAC,20-32,,18.0,0-0,0.0,0.0,0.0,11.0,2.0,0.0,71.0,3.0,11.0,223.0,,1.0,1.0,29:13,0.0,42.0,2.0,,30.0,1.0,96.0,,,,7-16,2.0,7-84,319.0,2.0,7.0,3.2,23
401762475,2025.0,6.0,regular,away,2429.0,Charlotte,American Athletic,58.0,South Florida,American Athletic,16-29,0.0,15.0,0-0,2.0,2.0,0.0,61.0,2.0,0.0,29.0,2.0,4.0,149.0,2.0,2.0,2.0,28:14,0.0,14.0,1.0,4.0,33.0,1.0,130.0,0.0,44.0,3.0,4-12,2.0,11-81,279.0,4.0,5.1,3.9,26
401762475,2025.0,6.0,regular,home,58.0,South Florida,American Athletic,2429.0,Charlotte,American Athletic,20-35,0.0,36.0,2-3,2.0,2.0,0.0,33.0,2.0,0.0,17.0,1.0,10.0,224.0,1.0,2.0,4.0,31:46,0.0,13.0,2.0,6.0,62.0,3.0,407.0,1.0,31.0,4.0,9-17,3.0,7-60,631.0,4.0,6.4,6.6,54
401762478,2025.0,6.0,regular,home,235.0,Memphis,American Athletic,202.0,Tulsa,American Athletic,22-30,0.0,28.0,2-2,0.0,1.0,0.0,15.0,2.0,0.0,14.0,1.0,9.0,266.0,6.0,3.0,3.0,39:11,0.0,0.0,1.0,1.0,48.0,3.0,191.0,0.0,28.0,7.0,5-13,2.0,4-45,457.0,2.0,8.9,4.0,45
401762478,2025.0,6.0,regular,away,202.0,Tulsa,American Athletic,235.0,Memphis,American Athletic,20-34,0.0,15.0,1-2,1.0,0.0,0.0,38.0,3.0,0.0,61.0,4.0,1.0,175.0,1.0,2.0,1.0,20:49,,,,2.0,24.0,0.0,71.0,2.0,41.0,4.0,4-14,3.0,1-5,246.0,4.0,5.1,3.0,7
401762479,2025.0,6.0,regular,away,2636.0,UTSA,American Athletic,218.0,Temple,American Athletic,25-37,0.0,19.0,1-3,0.0,,,,2.0,0.0,16.0,1.0,3.0,234.0,4.0,,2.0,32:19,,,,3.0,30.0,1.0,70.0,2.0,36.0,6.0,4-12,,9-83,304.0,2.0,6.3,2.3,21
401762479,2025.0,6.0,regular,home,218.0,Temple,American Athletic,2636.0,UTSA,American Athletic,16-25,0.0,15.0,0-0,0.0,0.0,0.0,12.0,0.0,0.0,44.0,2.0,9.0,181.0,6.0,2.0,2.0,27:41,,,,2.0,32.0,1.0,128.0,3.0,43.0,5.0,6-15,1.0,6-49,309.0,0.0,7.2,4.0,27
401760381,2025.0,6.0,regular,away,2005.0,Air Force,Mountain West,2426.0,Navy,American Athletic,12-20,0.0,23.0,1-1,1.0,1.0,,,0.0,0.0,24.0,1.0,7.0,249.0,0.0,,2.0,32:28,,,,3.0,45.0,2.0,211.0,0.0,32.0,4.0,7-13,1.0,3-35,460.0,1.0,12.5,4.7,31
401760381,2025.0,6.0,regular,home,2426.0,Navy,American Athletic,2005.0,Air Force,Mountain West,20-26,0.0,18.0,2-2,1.0,1.0,,,0.0,0.0,97.0,6.0,10.0,339.0,1.0,,3.0,27:32,,,,7.0,28.0,1.0,180.0,2.0,29.0,6.0,5-11,2.0,8-49,519.0,1.0,13.0,6.4,34
401757276,2025.0,6.0,regular,home,48.0,Delaware,Conference USA,98.0,Western Kentucky,Conference USA,28-47,0.0,29.0,2-3,1.0,1.0,,,1.0,0.0,80.0,3.0,6.0,314.0,1.0,,0.0,32:34,0.0,0.0,1.0,3.0,34.0,3.0,121.0,1.0,24.0,5.0,9-16,1.0,1-15,435.0,2.0,6.7,3.6,24
401757276,2025.0,6.0,regular,away,98.0,Western Kentucky,Conference USA,48.0,Delaware,Conference USA,23-31,1.0,16.0,0-0,1.0,1.0,1.0,25.0,0.0,0.0,55.0,2.0,9.0,230.0,4.0,1.0,1.0,27:26,,,,7.0,26.0,1.0,108.0,0.0,40.0,7.0,9-14,1.0,8-90,338.0,1.0,7.4,4.2,27
401757171,2025.0,6.0,regular,home,41.0,UConn,FBS Independents,2229.0,Florida International,Conference USA,24-34,0.0,22.0,0-0,1.0,2.0,0.0,29.0,0.0,0.0,64.0,3.0,15.0,377.0,6.0,3.0,4.0,29:33,0.0,1.0,1.0,3.0,33.0,2.0,150.0,5.0,42.0,7.0,6-13,2.0,6-48,527.0,1.0,11.1,4.5,51
401757171,2025.0,6.0,regular,away,2229.0,Florida International,Conference USA,41.0,UConn,FBS Independents,22-36,0.0,18.0,1-2,2.0,1.0,,,3.0,0.0,88.0,4.0,4.0,174.0,3.0,,0.0,30:27,,,,4.0,36.0,1.0,130.0,3.0,43.0,7.0,3-15,2.0,4-45,304.0,5.0,4.8,3.6,10
401752940,2025.0,6.0,regular,home,2026.0,App State,Sun Belt,204.0,Oregon State,Pac-12,13-28,0.0,18.0,1-1,0.0,1.0,0.0,9.0,0.0,0.0,89.0,4.0,9.0,218.0,4.0,2.0,1.0,28:30,0.0,30.0,3.0,5.0,36.0,2.0,136.0,1.0,32.0,3.0,4-12,1.0,6-49,354.0,0.0,7.8,3.8,27
401752940,2025.0,6.0,regular,away,204.0,Oregon State,Pac-12,2026.0,App State,Sun Belt,30-45,0.0,27.0,0-1,1.0,0.0,,,2.0,0.0,61.0,3.0,3.0,358.0,4.0,,2.0,31:30,,,,5.0,25.0,1.0,98.0,2.0,25.0,7.0,4-11,1.0,4-27,456.0,3.0,8.0,3.9,23
401761618,2025.0,6.0,regular,home,2247.0,Georgia State,Sun Belt,256.0,James Madison,Sun Belt,22-32,0.0,14.0,0-1,0.0,0.0,,,0.0,0.0,18.0,1.0,1.0,212.0,3.0,,1.0,28:07,0.0,0.0,1.0,4.0,22.0,0.0,37.0,1.0,24.0,4.0,7-14,1.0,15-114,249.0,0.0,6.6,1.7,7
401761618,2025.0,6.0,regular,away,256.0,James Madison,Sun Belt,2247.0,Georgia State,Sun Belt,11-22,0.0,19.0,2-3,0.0,,,,0.0,0.0,20.0,1.0,2.0,74.0,1.0,,0.0,31:53,0.0,50.0,4.0,7.0,40.0,2.0,218.0,2.0,16.0,5.0,4-14,,11-100,292.0,0.0,3.4,5.5,14
401761619,2025.0,6.0,regular,away,324.0,Coastal Carolina,Sun Belt,295.0,Old Dominion,Sun Belt,19-30,0.0,12.0,1-3,1.0,1.0,,,1.0,0.0,99.0,6.0,1.0,108.0,2.0,,1.0,30:26,,,,0.0,37.0,0.0,81.0,2.0,38.0,6.0,7-17,1.0,6-50,189.0,2.0,3.6,2.2,7
401761619,2025.0,6.0,regular,home,295.0,Old Dominion,Sun Belt,324.0,Coastal Carolina,Sun Belt,18-34,0.0,29.0,0-0,1.0,1.0,0.0,-1.0,0.0,0.0,11.0,1.0,17.0,317.0,6.0,1.0,4.0,29:34,0.0,30.0,3.0,0.0,43.0,1.0,302.0,4.0,35.0,11.0,7-14,1.0,6-50,619.0,1.0,9.3,7.0,47
401761621,2025.0,6.0,regular,home,2653.0,Troy,Sun Belt,6.0,South Alabama,Sun Belt,13-21,0.0,20.0,3-4,1.0,0.0,,,1.0,0.0,46.0,3.0,7.0,203.0,3.0,,2.0,29:49,0.0,65.0,4.0,1.0,45.0,2.0,217.0,4.0,40.0,6.0,5-15,1.0,3-15,420.0,2.0,9.7,4.8,31
401761621,2025.0,6.0,regular,away,6.0,South Alabama,Sun Belt,2653.0,Troy,Sun Belt,10-15,0.0,18.0,1-3,0.0,1.0,0.0,0.0,0.0,0.0,0.0,1.0,6.0,104.0,1.0,1.0,2.0,30:11,0.0,-1.0,1.0,2.0,56.0,1.0,265.0,0.0,43.0,4.0,8-17,0.0,7-45,369.0,0.0,6.9,4.7,24
401761620,2025.0,6.0,regular,home,2032.0,Arkansas State,Sun Belt,326.0,Texas State,Sun Belt,27-35,0.0,22.0,0-0,0.0,1.0,,,0.0,0.0,32.0,2.0,7.0,248.0,1.0,,2.0,29:47,0.0,0.0,2.0,0.0,34.0,2.0,150.0,0.0,37.0,0.0,6-14,0.0,7-65,398.0,0.0,7.1,4.4,31
401761620,2025.0,6.0,regular,away,326.0,Texas State,Sun Belt,2032.0,Arkansas State,Sun Belt,18-26,0.0,22.0,0-1,1.0,0.0,,,0.0,0.0,20.0,1.0,6.0,232.0,4.0,,1.0,30:13,0.0,-3.0,2.0,0.0,46.0,3.0,289.0,5.0,46.0,8.0,5-13,2.0,9-75,521.0,1.0,8.9,6.3,30
401752858,2025.0,6.0,regular,home,77.0,Northwestern,Big Ten,2433.0,UL Monroe,Sun Belt,21-33,0.0,26.0,2-2,0.0,,,,0.0,0.0,13.0,2.0,10.0,269.0,3.0,,3.0,35:42,0.0,5.0,1.0,3.0,38.0,2.0,246.0,3.0,33.0,7.0,11-17,,6-49,515.0,0.0,8.2,6.5,42
401752858,2025.0,6.0,regular,away,2433.0,UL Monroe,Sun Belt,77.0,Northwestern,Big Ten,12-23,0.0,18.0,0-1,0.0,,,,0.0,0.0,7.0,1.0,1.0,186.0,2.0,,1.0,24:18,,,,4.0,30.0,0.0,87.0,0.0,36.0,2.0,3-10,,5-67,273.0,0.0,8.1,2.9,7
401762832,2025.0,6.0,regular,away,2711.0,Western Michigan,Mid-American,113.0,Massachusetts,Mid-American,18-25,0.0,23.0,1-1,2.0,0.0,0.0,0.0,0.0,0.0,42.0,2.0,3.0,163.0,2.0,1.0,1.0,32:26,0.0,46.0,3.0,2.0,40.0,2.0,219.0,5.0,28.0,8.0,4-11,2.0,5-44,382.0,2.0,6.5,5.5,21
401762832,2025.0,6.0,regular,home,113.0,Massachusetts,Mid-American,2711.0,Western Michigan,Mid-American,20-35,0.0,14.0,0-2,0.0,2.0,,,1.0,0.0,21.0,1.0,3.0,203.0,0.0,,0.0,27:34,0.0,-1.0,1.0,1.0,29.0,0.0,57.0,0.0,26.0,1.0,5-15,0.0,5-47,260.0,1.0,5.8,2.0,3
401767469,2025.0,6.0,regular,away,2277.0,Houston Christian,Southland,292.0,UT Rio Grande Valley,Southland,18-35,,16.0,1-4,1.0,0.0,0.0,6.0,1.0,0.0,35.0,2.0,1.0,165.0,,2.0,0.0,28:37,0.0,15.0,2.0,,34.0,1.0,49.0,,,,5-15,2.0,3-20,214.0,2.0,4.7,1.4,7
401767469,2025.0,6.0,regular,home,292.0,UT Rio Grande Valley,Southland,2277.0,Houston Christian,Southland,11-21,,16.0,0-1,0.0,1.0,0.0,0.0,2.0,0.0,28.0,1.0,9.0,131.0,,1.0,1.0,31:23,0.0,6.0,1.0,,39.0,2.0,207.0,,,,4-11,0.0,5-34,338.0,2.0,6.2,5.3,27
401767666,2025.0,6.0,regular,home,2083.0,Bucknell,Patriot,257.0,Richmond,Patriot,24-35,,32.0,1-2,0.0,0.0,0.0,10.0,0.0,0.0,64.0,3.0,9.0,284.0,,3.0,1.0,35:57,,,,,46.0,3.0,212.0,,,,9-16,2.0,3-25,496.0,0.0,8.1,4.6,33
401767666,2025.0,6.0,regular,away,257.0,Richmond,Patriot,2083.0,Bucknell,Patriot,16-27,,25.0,0-2,0.0,,,,3.0,0.0,60.0,6.0,4.0,307.0,,,4.0,24:03,,,,,30.0,0.0,187.0,,,,6-8,,4-54,494.0,3.0,11.4,6.2,28
401777983,2025.0,6.0,regular,away,2487.0,Pace,Northeast 10,2441.0,New Haven,NEC,16-29,,14.0,1-3,1.0,1.0,0.0,13.0,1.0,0.0,21.0,1.0,2.0,248.0,,1.0,2.0,28:25,,,,,23.0,0.0,-15.0,,,,2-11,1.0,8-74,233.0,2.0,8.6,-0.7,14
401777983,2025.0,6.0,regular,home,2441.0,New Haven,NEC,2487.0,Pace,Northeast 10,20-26,,21.0,1-2,1.0,1.0,0.0,0.0,1.0,0.0,85.0,3.0,10.0,143.0,,1.0,1.0,31:35,0.0,7.0,1.0,,37.0,2.0,223.0,,,,3-10,1.0,4-35,366.0,2.0,5.5,6.0,28
401767690,2025.0,6.0,regular,home,172.0,Cornell,Ivy,2142.0,Colgate,Patriot,23-40,,26.0,0-4,0.0,1.0,,,4.0,0.0,67.0,4.0,1.0,225.0,,,1.0,31:15,0.0,-4.0,3.0,,41.0,2.0,233.0,,,,8-16,0.0,5-38,458.0,4.0,5.6,5.7,21
401767690,2025.0,6.0,regular,away,2142.0,Colgate,Patriot,172.0,Cornell,Ivy,16-25,,19.0,1-1,1.0,0.0,1.0,76.0,0.0,0.0,21.0,2.0,5.0,206.0,,4.0,4.0,28:45,0.0,8.0,2.0,,38.0,1.0,178.0,,,,7-16,1.0,6-70,384.0,1.0,8.2,4.7,41
401767674,2025.0,6.0,regular,home,322.0,Lafayette,Patriot,2230.0,Fordham,Patriot,26-36,,19.0,1-3,0.0,1.0,0.0,0.0,1.0,0.0,17.0,1.0,6.0,319.0,,1.0,2.0,30:50,1.0,28.0,2.0,,28.0,0.0,83.0,,,,4-13,0.0,4-30,402.0,1.0,8.9,3.0,24
401767674,2025.0,6.0,regular,away,2230.0,Fordham,Patriot,322.0,Lafayette,Patriot,32-45,,23.0,5-5,0.0,0.0,0.0,15.0,1.0,0.0,13.0,1.0,4.0,354.0,,1.0,1.0,29:10,0.0,9.0,1.0,,31.0,0.0,51.0,,,,3-16,1.0,4-26,405.0,1.0,7.9,1.6,10
401767727,2025.0,6.0,regular,away,108.0,Harvard,Ivy,107.0,Holy Cross,Patriot,23-32,,27.0,2-2,1.0,1.0,0.0,66.0,0.0,0.0,40.0,2.0,11.0,316.0,,3.0,4.0,36:06,0.0,1.0,2.0,,44.0,4.0,212.0,,,,5-13,2.0,1-10,528.0,1.0,9.9,4.8,59
401767727,2025.0,6.0,regular,home,107.0,Holy Cross,Patriot,108.0,Harvard,Ivy,14-33,,13.0,1-2,0.0,1.0,,,3.0,0.0,36.0,3.0,6.0,235.0,,,3.0,23:54,0.0,87.0,2.0,,26.0,0.0,98.0,,,,3-13,0.0,4-31,333.0,3.0,7.1,3.8,24
401767735,2025.0,6.0,regular,away,43.0,Yale,Ivy,2329.0,Lehigh,Patriot,25-38,,22.0,3-5,1.0,0.0,,,2.0,0.0,70.0,3.0,1.0,247.0,,,2.0,28:38,,,,,36.0,0.0,103.0,,,,5-16,1.0,6-55,350.0,3.0,6.5,2.9,13
401767735,2025.0,6.0,regular,home,2329.0,Lehigh,Patriot,43.0,Yale,Ivy,8-15,,22.0,0-0,0.0,1.0,0.0,5.0,0.0,0.0,33.0,2.0,7.0,174.0,,2.0,2.0,31:22,,,,,41.0,2.0,225.0,,,,4-8,0.0,6-61,399.0,0.0,11.6,5.5,31
401767595,2025.0,6.0,regular,away,2086.0,Butler,Pioneer,2900.0,St. Thomas (MN),Pioneer,17-22,,20.0,0-0,1.0,0.0,0.0,9.0,0.0,0.0,19.0,1.0,3.0,157.0,,1.0,0.0,32:34,0.0,3.0,1.0,,38.0,3.0,131.0,,,,7-11,3.0,5-47,288.0,1.0,7.1,3.4,21
401767595,2025.0,6.0,regular,home,2900.0,St. Thomas (MN),Pioneer,2086.0,Butler,Pioneer,16-27,,22.0,1-3,0.0,1.0,,,2.0,0.0,14.0,1.0,2.0,193.0,,,1.0,27:26,0.0,9.0,1.0,,41.0,1.0,113.0,,,,7-14,1.0,5-18,306.0,2.0,7.1,2.8,14
401767484,2025.0,6.0,regular,away,2447.0,Nicholls,Southland,2320.0,Lamar,Southland,22-40,,18.0,3-4,0.0,,0.0,0.0,0.0,0.0,12.0,1.0,5.0,173.0,,1.0,0.0,31:48,,,,,33.0,2.0,175.0,,,,4-17,,5-40,348.0,0.0,4.3,5.3,17
401767484,2025.0,6.0,regular,home,2320.0,Lamar,Southland,2447.0,Nicholls,Southland,12-22,,16.0,0-0,0.0,,,,1.0,0.0,42.0,2.0,6.0,237.0,,,1.0,28:12,1.0,104.0,4.0,,36.0,1.0,100.0,,,,5-12,,3-30,337.0,1.0,10.8,2.8,24
401767312,2025.0,6.0,regular,away,2296.0,Jackson State,SWAC,2010.0,Alabama A&M,SWAC,21-31,,30.0,0-0,1.0,1.0,0.0,0.0,0.0,0.0,148.0,5.0,15.0,314.0,,1.0,4.0,30:22,0.0,24.0,2.0,,49.0,3.0,388.0,,,,10-15,1.0,10-93,702.0,1.0,10.1,7.9,57
401767312,2025.0,6.0,regular,home,2010.0,Alabama A&M,SWAC,2296.0,Jackson State,SWAC,27-42,,18.0,0-1,1.0,1.0,,,1.0,0.0,69.0,4.0,6.0,347.0,,,2.0,29:38,,,,,26.0,1.0,59.0,,,,5-16,1.0,8-70,406.0,2.0,8.3,2.3,24
401767362,2025.0,6.0,regular,away,2065.0,Bethune-Cookman,SWAC,2011.0,Alabama State,SWAC,27-41,,33.0,1-2,1.0,0.0,,,1.0,0.0,137.0,7.0,5.0,362.0,,,3.0,33:59,,,,,42.0,2.0,207.0,,,,5-10,2.0,4-37,569.0,2.0,8.8,4.9,35
401767362,2025.0,6.0,regular,home,2011.0,Alabama State,SWAC,2065.0,Bethune-Cookman,SWAC,11-16,,25.0,0-0,0.0,1.0,0.0,18.0,0.0,0.0,43.0,5.0,10.0,171.0,,1.0,2.0,26:01,,,,,40.0,5.0,388.0,,,,2-6,0.0,7-73,559.0,0.0,10.7,9.7,52
401767371,2025.0,6.0,regular,away,2504.0,Prairie View A&M,SWAC,2016.0,Alcorn State,SWAC,23-33,,21.0,0-1,0.0,0.0,0.0,0.0,0.0,0.0,0.0,1.0,7.0,185.0,,1.0,0.0,37:13,0.0,24.0,3.0,,34.0,0.0,163.0,,,,5-13,2.0,9-99,348.0,0.0,5.6,4.8,13
401767371,2025.0,6.0,regular,home,2016.0,Alcorn State,SWAC,2504.0,Prairie View A&M,SWAC,11-25,,16.0,0-0,0.0,,,,1.0,0.0,51.0,4.0,6.0,176.0,,,0.0,22:47,0.0,15.0,2.0,,32.0,1.0,94.0,,,,2-12,,8-70,270.0,1.0,7.0,2.9,12
401767381,2025.0,6.0,regular,home,2640.0,Texas Southern,SWAC,2029.0,Arkansas-Pine Bluff,SWAC,17-25,,27.0,0-1,0.0,2.0,0.0,0.0,1.0,,,,15.0,207.0,,1.0,2.0,33:32,0.0,47.0,1.0,,48.0,3.0,350.0,,,,8-13,0.0,10-90,557.0,1.0,8.3,7.3,51
401767381,2025.0,6.0,regular,away,2029.0,Arkansas-Pine Bluff,SWAC,2640.0,Texas Southern,SWAC,14-26,,15.0,1-1,2.0,0.0,0.0,1.0,1.0,0.0,36.0,4.0,1.0,116.0,,1.0,1.0,26:28,,,,,33.0,0.0,153.0,,,,4-13,2.0,3-30,269.0,3.0,4.5,4.6,7
401767628,2025.0,6.0,regular,away,301.0,San Diego,Pioneer,2368.0,Marist,Pioneer,16-38,,12.0,1-4,0.0,,0.0,0.0,0.0,0.0,58.0,3.0,2.0,149.0,,1.0,2.0,26:41,0.0,44.0,8.0,,31.0,0.0,94.0,,,,2-17,,5-50,243.0,0.0,3.9,3.0,14
401767628,2025.0,6.0,regular,home,2368.0,Marist,Pioneer,301.0,San Diego,Pioneer,22-42,,15.0,1-1,0.0,0.0,,,1.0,0.0,17.0,1.0,1.0,292.0,,,2.0,33:19,0.0,32.0,7.0,,27.0,1.0,38.0,,,,4-17,1.0,8-57,330.0,1.0,7.0,1.4,19
401767399,2025.0,6.0,regular,away,2415.0,Morgan State,MEAC,46.0,Georgetown,Patriot,22-33,,12.0,2-3,1.0,1.0,,,0.0,0.0,80.0,3.0,6.0,295.0,,,3.0,26:38,0.0,27.0,2.0,,23.0,0.0,46.0,,,,4-14,1.0,7-47,341.0,1.0,8.9,2.0,24
401767399,2025.0,6.0,regular,home,46.0,Georgetown,Patriot,2415.0,Morgan State,MEAC,16-30,,25.0,1-2,1.0,1.0,,,0.0,0.0,10.0,1.0,3.0,211.0,,,3.0,33:22,0.0,6.0,2.0,,47.0,1.0,200.0,,,,7-16,1.0,8-55,411.0,1.0,7.0,4.3,27
401767604,2025.0,6.0,regular,home,56.0,Stetson,Pioneer,2166.0,Davidson,Pioneer,7-9,,24.0,2-2,1.0,1.0,,,2.0,0.0,59.0,3.0,5.0,90.0,,,0.0,30:44,0.0,12.0,1.0,,48.0,5.0,384.0,,,,4-7,1.0,5-47,474.0,3.0,10.0,8.0,35
401767604,2025.0,6.0,regular,away,2166.0,Davidson,Pioneer,56.0,Stetson,Pioneer,20-33,,19.0,1-3,1.0,1.0,0.0,25.0,0.0,0.0,110.0,5.0,6.0,275.0,,2.0,3.0,29:16,,,,,33.0,1.0,121.0,,,,8-16,2.0,3-25,396.0,1.0,8.3,3.7,32
401767615,2025.0,6.0,regular,home,2413.0,Morehead State,Pioneer,2168.0,Dayton,Pioneer,15-27,,19.0,0-1,1.0,1.0,,,1.0,0.0,53.0,2.0,4.0,252.0,,,2.0,26:24,0.0,6.0,2.0,,32.0,1.0,57.0,,,,4-13,2.0,0-0,309.0,2.0,9.3,1.8,28
401767615,2025.0,6.0,regular,away,2168.0,Dayton,Pioneer,2413.0,Morehead State,Pioneer,19-27,,19.0,3-3,1.0,1.0,0.0,0.0,0.0,0.0,49.0,3.0,5.0,240.0,,1.0,2.0,33:36,0.0,12.0,1.0,,40.0,3.0,168.0,,,,6-14,2.0,5-40,408.0,1.0,8.9,4.2,35
401767621,2025.0,6.0,regular,away,2674.0,Valparaiso,Pioneer,2181.0,Drake,Pioneer,10-23,,11.0,0-2,0.0,,0.0,5.0,3.0,0.0,12.0,1.0,0.0,73.0,,1.0,0.0,28:52,,,,,38.0,0.0,32.0,,,,3-15,,7-52,105.0,3.0,3.2,0.8,0
401767621,2025.0,6.0,regular,home,2181.0,Drake,Pioneer,2674.0,Valparaiso,Pioneer,16-26,,19.0,1-1,0.0,,1.0,29.0,1.0,0.0,25.0,1.0,11.0,184.0,,3.0,1.0,31:08,0.0,5.0,1.0,,35.0,3.0,151.0,,,,5-13,,8-90,335.0,1.0,7.1,4.3,41
401767681,2025.0,6.0,regular,away,171.0,Columbia,Ivy,163.0,Princeton,Ivy,25-36,,18.0,1-2,0.0,1.0,0.0,0.0,2.0,0.0,44.0,3.0,4.0,205.0,,1.0,0.0,31:31,0.0,0.0,1.0,,32.0,1.0,110.0,,,,5-14,1.0,8-44,315.0,2.0,5.7,3.4,10
401767681,2025.0,6.0,regular,home,163.0,Princeton,Ivy,171.0,Columbia,Ivy,14-27,,17.0,0-1,1.0,0.0,0.0,0.0,1.0,,,,5.0,238.0,,2.0,0.0,28:29,,,,,39.0,2.0,114.0,,,,8-15,1.0,3-40,352.0,2.0,8.8,2.9,17
401767698,2025.0,6.0,regular,away,159.0,Dartmouth,Ivy,219.0,Pennsylvania,Ivy,16-30,,23.0,1-3,1.0,0.0,0.0,0.0,2.0,0.0,36.0,2.0,6.0,142.0,,1.0,0.0,31:17,0.0,-11.0,1.0,,37.0,3.0,184.0,,,,7-13,3.0,7-47,326.0,3.0,4.7,5.0,24
401767698,2025.0,6.0,regular,home,219.0,Pennsylvania,Ivy,159.0,Dartmouth,Ivy,18-24,,19.0,1-1,0.0,1.0,0.0,11.0,1.0,0.0,76.0,3.0,10.0,161.0,,2.0,2.0,28:43,0.0,65.0,1.0,,39.0,2.0,162.0,,,,5-12,1.0,6-61,323.0,1.0,6.7,4.2,36
401767320,2025.0,6.0,regular,away,227.0,Rhode Island,CAA,225.0,Brown,Ivy,30-44,,23.0,0-0,2.0,0.0,,,2.0,0.0,65.0,5.0,3.0,353.0,,,3.0,27:11,0.0,10.0,2.0,,23.0,0.0,99.0,,,,7-12,4.0,7-62,452.0,4.0,8.0,4.3,21
401767320,2025.0,6.0,regular,home,225.0,Brown,Ivy,227.0,Rhode Island,CAA,20-27,,22.0,3-3,0.0,1.0,0.0,21.0,0.0,,,,4.0,201.0,,2.0,2.0,32:49,0.0,-4.0,1.0,,44.0,2.0,142.0,,,,5-14,1.0,4-21,343.0,0.0,7.4,3.2,28
401767324,2025.0,6.0,regular,away,2619.0,Stony Brook,CAA,399.0,UAlbany,CAA,21-31,,28.0,0-2,0.0,1.0,0.0,0.0,0.0,0.0,20.0,1.0,11.0,250.0,,1.0,1.0,36:50,0.0,-1.0,2.0,,49.0,5.0,223.0,,,,7-13,0.0,3-22,473.0,0.0,8.1,4.6,47
401767324,2025.0,6.0,regular,home,399.0,UAlbany,CAA,2619.0,Stony Brook,CAA,8-23,,10.0,0-1,1.0,0.0,,,1.0,0.0,21.0,2.0,6.0,148.0,,,1.0,23:10,,,,,28.0,0.0,52.0,,,,1-12,1.0,9-85,200.0,2.0,6.4,1.9,12
401767153,2025.0,6.0,regular,home,119.0,Towson,CAA,2210.0,Elon,CAA,20-32,,15.0,1-3,0.0,,0.0,21.0,1.0,0.0,52.0,3.0,3.0,257.0,,1.0,0.0,24:02,,,,,23.0,0.0,64.0,,,,0-9,,6-50,321.0,1.0,8.0,2.8,3
401767153,2025.0,6.0,regular,away,2210.0,Elon,CAA,119.0,Towson,CAA,15-25,,25.0,1-1,0.0,,0.0,0.0,1.0,0.0,21.0,1.0,5.0,181.0,,1.0,0.0,35:58,0.0,2.0,1.0,,51.0,2.0,247.0,,,,7-15,,3-20,428.0,1.0,7.2,4.8,17
401767033,2025.0,6.0,regular,home,2803.0,Bryant,CAA,311.0,Maine,CAA,10-25,,17.0,0-1,1.0,0.0,,,1.0,0.0,154.0,6.0,2.0,109.0,,,0.0,25:56,0.0,4.0,2.0,,32.0,2.0,144.0,,,,2-11,1.0,4-40,253.0,2.0,4.4,4.5,14
401767033,2025.0,6.0,regular,away,311.0,Maine,CAA,2803.0,Bryant,CAA,23-36,,20.0,1-1,0.0,1.0,0.0,69.0,0.0,0.0,37.0,2.0,10.0,338.0,,1.0,3.0,34:04,0.0,40.0,1.0,,34.0,1.0,83.0,,,,7-16,0.0,13-132,421.0,0.0,9.4,2.4,34
401767269,2025.0,6.0,regular,away,222.0,Villanova,CAA,160.0,New Hampshire,CAA,17-26,,28.0,1-2,0.0,,0.0,10.0,0.0,0.0,50.0,2.0,7.0,223.0,,1.0,0.0,33:46,0.0,7.0,1.0,,42.0,5.0,238.0,,,,4-9,,5-30,461.0,0.0,8.6,5.7,37
401767269,2025.0,6.0,regular,home,160.0,New Hampshire,CAA,222.0,Villanova,CAA,13-24,,13.0,0-1,0.0,,,,1.0,0.0,41.0,3.0,1.0,118.0,,,0.0,26:14,,,,,24.0,1.0,89.0,,,,4-11,,5-24,207.0,1.0,4.9,3.7,7
401767074,2025.0,6.0,regular,away,302.0,UC Davis,Big Sky,13.0,Cal Poly,Big Sky,21-26,,23.0,1-1,0.0,,,,0.0,0.0,18.0,2.0,4.0,313.0,,,3.0,30:09,0.0,15.0,3.0,,37.0,2.0,136.0,,,,4-11,,10-100,449.0,0.0,12.0,3.7,34
401767074,2025.0,6.0,regular,home,13.0,Cal Poly,Big Sky,302.0,UC Davis,Big Sky,22-39,,21.0,2-2,0.0,0.0,,,0.0,0.0,65.0,3.0,9.0,271.0,,,3.0,29:51,,,,,31.0,0.0,71.0,,,,6-16,1.0,5-63,342.0,0.0,6.9,2.3,27
401767063,2025.0,6.0,regular,away,2502.0,Portland State,Big Sky,331.0,Eastern Washington,Big Sky,29-47,,24.0,2-4,0.0,2.0,0.0,0.0,1.0,,,,9.0,339.0,,1.0,1.0,35:20,0.0,12.0,1.0,,37.0,2.0,130.0,,,,8-19,0.0,5-53,469.0,1.0,7.2,3.5,27
401767063,2025.0,6.0,regular,home,331.0,Eastern Washington,Big Sky,2502.0,Portland State,Big Sky,11-19,,19.0,0-0,2.0,0.0,0.0,0.0,1.0,0.0,92.0,5.0,5.0,128.0,,1.0,1.0,24:40,,,,,41.0,4.0,333.0,,,,8-12,3.0,6-45,461.0,3.0,6.7,8.1,35
401767083,2025.0,6.0,regular,away,149.0,Montana,Big Sky,304.0,Idaho State,Big Sky,25-43,,25.0,2-2,0.0,,0.0,0.0,1.0,0.0,95.0,4.0,10.0,399.0,,1.0,2.0,29:43,0.0,-2.0,2.0,,35.0,3.0,118.0,,,,5-16,,4-52,517.0,1.0,9.3,3.4,42
401767083,2025.0,6.0,regular,home,304.0,Idaho State,Big Sky,149.0,Montana,Big Sky,33-54,,28.0,0-2,0.0,0.0,0.0,11.0,1.0,0.0,12.0,1.0,8.0,421.0,,1.0,2.0,30:17,0.0,0.0,1.0,,23.0,3.0,76.0,,,,8-15,1.0,3-25,497.0,1.0,7.8,3.3,38
401767108,2025.0,6.0,regular,home,2464.0,Northern Arizona,Big Sky,147.0,Montana State,Big Sky,28-47,,22.0,2-4,0.0,,,,1.0,0.0,24.0,1.0,4.0,210.0,,,0.0,35:33,0.0,25.0,2.0,,31.0,1.0,86.0,,,,5-17,,7-45,296.0,1.0,4.5,2.8,10
401767108,2025.0,6.0,regular,away,147.0,Montana State,Big Sky,2464.0,Northern Arizona,Big Sky,14-20,,18.0,0-0,0.0,0.0,0.0,27.0,0.0,0.0,8.0,2.0,4.0,221.0,,1.0,2.0,24:27,1.0,101.0,4.0,,32.0,2.0,196.0,,,,5-11,2.0,10-77,417.0,0.0,11.1,6.1,34
401767757,2025.0,6.0,regular,home,2385.0,Mercyhurst,NEC,2341.0,Long Island University,NEC,24-31,,22.0,2-3,0.0,,0.0,-8.0,1.0,0.0,57.0,3.0,4.0,191.0,,2.0,1.0,37:00,,,,,39.0,2.0,127.0,,,,9-17,,6-45,318.0,1.0,6.2,3.3,22
401767757,2025.0,6.0,regular,away,2341.0,Long Island University,NEC,2385.0,Mercyhurst,NEC,15-28,,12.0,2-3,0.0,0.0,0.0,5.0,2.0,0.0,60.0,4.0,7.0,167.0,,1.0,1.0,23:00,0.0,11.0,3.0,,20.0,0.0,85.0,,,,2-11,2.0,9-77,252.0,2.0,6.0,4.3,13
401767503,2025.0,6.0,regular,home,2460.0,Northern Iowa,MVFC,155.0,North Dakota,MVFC,27-41,,22.0,0-1,1.0,1.0,,,1.0,0.0,24.0,3.0,1.0,201.0,,,1.0,36:23,0.0,5.0,1.0,,37.0,0.0,124.0,,,,9-18,1.0,5-60,325.0,2.0,4.9,3.4,7
401767503,2025.0,6.0,regular,away,155.0,North Dakota,MVFC,2460.0,Northern Iowa,MVFC,20-23,,20.0,0-0,1.0,1.0,0.0,0.0,0.0,,,,5.0,246.0,,1.0,4.0,23:37,0.0,5.0,1.0,,28.0,0.0,176.0,,,,3-7,2.0,3-25,422.0,1.0,10.7,6.3,35
401767438,2025.0,6.0,regular,home,2287.0,Illinois State,MVFC,2449.0,North Dakota State,MVFC,20-35,,22.0,1-3,1.0,0.0,,,1.0,0.0,4.0,1.0,2.0,191.0,,,1.0,30:22,,,,,31.0,1.0,137.0,,,,7-13,1.0,3-15,328.0,2.0,5.5,4.4,16
401767438,2025.0,6.0,regular,away,2449.0,North Dakota State,MVFC,2287.0,Illinois State,MVFC,12-14,,21.0,0-0,0.0,1.0,0.0,12.0,0.0,0.0,69.0,3.0,5.0,194.0,,1.0,1.0,29:38,,,,,36.0,3.0,213.0,,,,4-7,1.0,2-15,407.0,0.0,13.9,5.9,33
401767546,2025.0,6.0,regular,home,2754.0,Youngstown State,MVFC,2571.0,South Dakota State,MVFC,29-44,,25.0,1-1,1.0,0.0,0.0,3.0,0.0,0.0,57.0,3.0,6.0,275.0,,1.0,3.0,30:29,0.0,1.0,1.0,,29.0,1.0,156.0,,,,4-13,1.0,7-60,431.0,1.0,6.3,5.4,30
401767546,2025.0,6.0,regular,away,2571.0,South Dakota State,MVFC,2754.0,Youngstown State,MVFC,14-29,,20.0,0-2,0.0,1.0,,,1.0,0.0,0.0,1.0,5.0,189.0,,,1.0,29:31,0.0,15.0,1.0,,40.0,4.0,211.0,,,,6-14,0.0,7-43,400.0,1.0,6.5,5.3,35
401767447,2025.0,6.0,regular,home,79.0,Southern Illinois,MVFC,282.0,Indiana State,MVFC,19-34,,25.0,1-1,2.0,0.0,0.0,6.0,0.0,0.0,40.0,2.0,13.0,226.0,,1.0,2.0,29:56,0.0,10.0,1.0,,37.0,5.0,430.0,,,,8-14,2.0,7-40,656.0,2.0,6.6,11.6,55
401767447,2025.0,6.0,regular,away,282.0,Indiana State,MVFC,79.0,Southern Illinois,MVFC,13-26,,23.0,1-2,0.0,2.0,,,1.0,0.0,96.0,4.0,3.0,124.0,,,0.0,30:04,,,,,53.0,4.0,322.0,,,,6-16,0.0,6-45,446.0,1.0,4.8,6.1,27
401767660,2025.0,6.0,regular,away,2529.0,Sacred Heart,FCS Independents,2115.0,Central Connecticut,NEC,17-28,,22.0,0-1,0.0,,,,0.0,0.0,50.0,4.0,5.0,218.0,,,2.0,25:37,0.0,14.0,1.0,,40.0,3.0,219.0,,,,7-14,,6-60,437.0,0.0,7.8,5.5,35
401767660,2025.0,6.0,regular,home,2115.0,Central Connecticut,NEC,2529.0,Sacred Heart,FCS Independents,28-40,,25.0,0-0,0.0,,,,0.0,0.0,59.0,4.0,10.0,323.0,,,4.0,34:23,0.0,18.0,3.0,,35.0,1.0,186.0,,,,7-13,,5-55,509.0,0.0,8.1,5.3,42
401762476,2025.0,6.0,regular,away,349.0,Army,American Athletic,5.0,UAB,American Athletic,2-5,0.0,17.0,3-4,0.0,1.0,0.0,21.0,0.0,0.0,20.0,2.0,7.0,48.0,4.0,1.0,0.0,36:51,0.0,-2.0,1.0,7.0,61.0,4.0,247.0,1.0,31.0,2.0,5-13,1.0,7-50,295.0,0.0,9.6,4.0,31
401762476,2025.0,6.0,regular,home,5.0,UAB,American Athletic,349.0,Army,American Athletic,24-42,0.0,16.0,2-4,1.0,0.0,,,1.0,0.0,105.0,5.0,1.0,259.0,0.0,,1.0,23:09,0.0,5.0,1.0,1.0,18.0,1.0,103.0,1.0,43.0,1.0,6-14,1.0,11-73,362.0,2.0,6.2,5.7,13
401762477,2025.0,6.0,regular,home,242.0,Rice,American Athletic,2226.0,Florida Atlantic,American Athletic,12-17,0.0,18.0,0-1,0.0,1.0,0.0,0.0,0.0,0.0,23.0,1.0,3.0,137.0,4.0,1.0,1.0,31:14,0.0,-2.0,1.0,1.0,48.0,2.0,213.0,0.0,32.0,6.0,10-16,0.0,4-54,350.0,0.0,8.1,4.4,21
401762477,2025.0,6.0,regular,away,2226.0,Florida Atlantic,American Athletic,242.0,Rice,American Athletic,23-33,0.0,20.0,2-2,1.0,0.0,,,1.0,0.0,3.0,1.0,9.0,290.0,4.0,,3.0,28:46,0.0,43.0,3.0,0.0,33.0,0.0,103.0,1.0,39.0,8.0,8-14,1.0,6-55,393.0,2.0,8.8,3.1,27
401757275,2025.0,6.0,regular,away,2534.0,Sam Houston,Conference USA,166.0,New Mexico State,Conference USA,27-39,0.0,18.0,2-3,2.0,1.0,,,1.0,0.0,-5.0,1.0,4.0,244.0,1.0,,1.0,30:21,,,,3.0,26.0,0.0,69.0,1.0,29.0,6.0,3-13,2.0,5-55,313.0,3.0,6.3,2.7,10
401757275,2025.0,6.0,regular,home,166.0,New Mexico State,Conference USA,2534.0,Sam Houston,Conference USA,19-26,1.0,20.0,0-0,1.0,2.0,1.0,71.0,0.0,0.0,19.0,1.0,13.0,255.0,3.0,1.0,1.0,29:39,0.0,15.0,1.0,7.0,31.0,2.0,95.0,2.0,31.0,7.0,9-13,2.0,2-15,350.0,1.0,9.8,3.1,37
401767460,2025.0,6.0,regular,home,2466.0,Northwestern State,Southland,2837.0,East Texas A&M,Southland,13-27,,17.0,0-0,0.0,0.0,0.0,0.0,1.0,0.0,110.0,3.0,4.0,124.0,,1.0,0.0,22:45,0.0,15.0,1.0,,26.0,1.0,66.0,,,,3-12,1.0,6-60,190.0,1.0,4.6,2.5,10
401767460,2025.0,6.0,regular,away,2837.0,East Texas A&M,Southland,2466.0,Northwestern State,Southland,15-21,,29.0,1-2,0.0,0.0,0.0,0.0,1.0,0.0,9.0,1.0,10.0,271.0,,1.0,1.0,37:15,0.0,25.0,3.0,,52.0,4.0,261.0,,,,5-10,2.0,12-111,532.0,1.0,12.9,5.0,40
401767559,2025.0,6.0,regular,home,231.0,Furman,Southern,2193.0,East Tennessee State,Southern,36-49,,31.0,0-1,0.0,,1.0,95.0,1.0,0.0,42.0,2.0,5.0,358.0,,1.0,2.0,35:32,0.0,14.0,2.0,,33.0,1.0,142.0,,,,5-13,,9-84,500.0,1.0,7.3,4.3,31
401767559,2025.0,6.0,regular,away,2193.0,East Tennessee State,Southern,231.0,Furman,Southern,9-22,,20.0,1-2,0.0,0.0,0.0,0.0,1.0,0.0,24.0,1.0,2.0,111.0,,1.0,0.0,24:28,1.0,29.0,1.0,,45.0,2.0,251.0,,,,6-14,1.0,5-42,362.0,1.0,5.0,5.6,22
401767575,2025.0,6.0,regular,away,2535.0,Samford,Southern,2382.0,Mercer,Southern,22-33,,14.0,1-4,0.0,,0.0,0.0,1.0,0.0,82.0,4.0,3.0,281.0,,1.0,2.0,28:19,0.0,23.0,2.0,,37.0,1.0,61.0,,,,6-19,,7-55,342.0,1.0,8.5,1.6,21
401767575,2025.0,6.0,regular,home,2382.0,Mercer,Southern,2535.0,Samford,Southern,22-37,,24.0,0-1,0.0,,0.0,0.0,1.0,0.0,48.0,3.0,9.0,365.0,,1.0,5.0,31:41,0.0,40.0,2.0,,37.0,1.0,192.0,,,,4-13,,3-40,557.0,1.0,9.9,5.2,45
401767531,2025.0,6.0,regular,away,236.0,Chattanooga,Southern,2678.0,VMI,Southern,14-23,,19.0,1-1,0.0,,0.0,42.0,1.0,0.0,48.0,2.0,3.0,123.0,,1.0,1.0,31:15,0.0,14.0,1.0,,38.0,2.0,223.0,,,,5-13,,8-79,346.0,1.0,5.3,5.9,21
401767531,2025.0,6.0,regular,home,2678.0,VMI,Southern,236.0,Chattanooga,Southern,18-37,,16.0,0-2,0.0,0.0,1.0,75.0,1.0,0.0,39.0,2.0,6.0,218.0,,1.0,0.0,28:45,0.0,16.0,2.0,,26.0,0.0,45.0,,,,2-12,1.0,5-50,263.0,1.0,5.9,1.7,14
401767477,2025.0,6.0,regular,away,2617.0,Stephen F. Austin,Southland,2916.0,Incarnate Word,Southland,19-27,,15.0,0-1,0.0,1.0,0.0,-1.0,0.0,0.0,65.0,3.0,7.0,261.0,,1.0,3.0,25:01,0.0,22.0,2.0,,33.0,1.0,74.0,,,,5-13,0.0,7-65,335.0,0.0,9.7,2.2,31
401767477,2025.0,6.0,regular,home,2916.0,Incarnate Word,Southland,2617.0,Stephen F. Austin,Southland,35-46,,21.0,2-5,1.0,0.0,,,1.0,0.0,27.0,2.0,9.0,306.0,,,1.0,34:59,0.0,7.0,2.0,,31.0,0.0,39.0,,,,5-16,3.0,6-65,345.0,2.0,6.7,1.3,17
401767492,2025.0,6.0,regular,home,2377.0,McNeese,Southland,2545.0,SE Louisiana,Southland,5-18,,10.0,1-3,0.0,,,,2.0,0.0,19.0,1.0,,37.0,,,0.0,25:55,0.0,11.0,1.0,,36.0,0.0,152.0,,,,3-14,,2-18,189.0,2.0,2.1,4.2,0
401767492,2025.0,6.0,regular,away,2545.0,SE Louisiana,Southland,2377.0,McNeese,Southland,15-20,,20.0,1-1,0.0,,1.0,33.0,0.0,0.0,34.0,1.0,8.0,267.0,,2.0,2.0,34:05,0.0,48.0,4.0,,40.0,2.0,151.0,,,,7-13,,5-45,418.0,0.0,13.4,3.8,38
401767592,2025.0,6.0,regular,home,2747.0,Wofford,Southern,2717.0,Western Carolina,Southern,10-18,,8.0,1-2,1.0,0.0,,,0.0,0.0,100.0,4.0,1.0,209.0,,,2.0,21:14,1.0,74.0,2.0,,19.0,0.0,32.0,,,,3-10,1.0,3-15,241.0,1.0,11.6,1.7,21
401767592,2025.0,6.0,regular,away,2717.0,Western Carolina,Southern,2747.0,Wofford,Southern,53-56,,31.0,2-4,0.0,1.0,,,0.0,0.0,48.0,3.0,5.0,378.0,,,3.0,38:46,0.0,2.0,1.0,,37.0,0.0,88.0,,,,8-17,3.0,5-40,466.0,0.0,6.8,2.4,23
401754551,2025.0,6.0,regular,away,150.0,Duke,ACC,25.0,California,ACC,22-30,0.0,24.0,1-1,0.0,,0.0,39.0,0.0,0.0,100.0,4.0,9.0,265.0,0.0,4.0,2.0,31:03,0.0,7.0,2.0,1.0,37.0,4.0,178.0,6.0,33.0,13.0,5-11,,7-63,443.0,0.0,8.8,4.8,45
401754551,2025.0,6.0,regular,home,25.0,California,ACC,150.0,Duke,ACC,20-32,0.0,20.0,0-0,0.0,0.0,,,4.0,0.0,37.0,2.0,3.0,245.0,2.0,,1.0,28:57,0.0,22.0,3.0,0.0,29.0,2.0,41.0,2.0,32.0,5.0,5-11,1.0,6-43,286.0,4.0,7.7,1.4,21
401754553,2025.0,6.0,regular,away,2390.0,Miami,ACC,52.0,Florida State,ACC,20-27,0.0,14.0,2-3,0.0,1.0,0.0,43.0,0.0,,,,4.0,241.0,3.0,2.0,4.0,30:26,,,,4.0,32.0,0.0,97.0,2.0,40.0,5.0,5-14,0.0,13-114,338.0,0.0,8.9,3.0,28
401754553,2025.0,6.0,regular,home,52.0,Florida State,ACC,2390.0,Miami,ACC,25-45,0.0,28.0,3-4,1.0,0.0,,,2.0,,,,6.0,272.0,2.0,,2.0,29:34,0.0,0.0,1.0,1.0,38.0,0.0,132.0,1.0,27.0,5.0,7-16,2.0,5-45,404.0,3.0,6.0,3.5,22
401754554,2025.0,6.0,regular,away,258.0,Virginia,ACC,97.0,Louisville,ACC,19-31,2.0,14.0,2-3,0.0,1.0,1.0,47.0,0.0,,,,6.0,149.0,8.0,1.0,1.0,27:41,0.0,3.0,1.0,5.0,32.0,1.0,88.0,5.0,51.0,7.0,6-15,1.0,7-68,237.0,0.0,4.8,2.8,30
401754554,2025.0,6.0,regular,home,97.0,Louisville,ACC,258.0,Virginia,ACC,34-48,0.0,25.0,1-2,1.0,0.0,,,1.0,0.0,23.0,2.0,9.0,329.0,1.0,,2.0,32:19,0.0,55.0,4.0,3.0,27.0,1.0,54.0,2.0,22.0,9.0,7-17,3.0,5-60,383.0,2.0,6.9,2.0,27
401754550,2025.0,6.0,regular,home,221.0,Pittsburgh,ACC,103.0,Boston College,ACC,32-45,0.0,31.0,3-3,0.0,2.0,0.0,0.0,0.0,0.0,26.0,1.0,12.0,331.0,5.0,1.0,4.0,39:08,0.0,-1.0,1.0,6.0,43.0,2.0,172.0,2.0,31.0,7.0,9-17,1.0,8-70,503.0,0.0,7.4,4.0,48
401754550,2025.0,6.0,regular,away,103.0,Boston College,ACC,221.0,Pittsburgh,ACC,14-30,0.0,11.0,0-1,2.0,0.0,,,1.0,0.0,45.0,3.0,1.0,189.0,6.0,,1.0,20:52,0.0,9.0,1.0,3.0,24.0,0.0,27.0,2.0,56.0,2.0,4-12,2.0,5-57,216.0,3.0,6.3,1.1,7
401754552,2025.0,6.0,regular,away,228.0,Clemson,ACC,153.0,North Carolina,ACC,30-39,0.0,23.0,3-4,1.0,0.0,,,0.0,0.0,22.0,1.0,8.0,399.0,3.0,,5.0,32:25,0.0,27.0,3.0,6.0,31.0,0.0,89.0,1.0,34.0,6.0,4-12,2.0,7-85,488.0,1.0,10.2,2.9,38
401754552,2025.0,6.0,regular,home,153.0,North Carolina,ACC,228.0,Clemson,ACC,26-42,0.0,19.0,0-1,0.0,1.0,,,0.0,0.0,63.0,3.0,4.0,213.0,5.0,,0.0,27:35,,,,5.0,18.0,1.0,57.0,2.0,44.0,7.0,2-11,1.0,8-75,270.0,0.0,5.1,3.2,10
401754556,2025.0,6.0,regular,home,259.0,Virginia Tech,ACC,154.0,Wake Forest,ACC,14-28,0.0,16.0,0-1,0.0,,0.0,11.0,1.0,0.0,43.0,2.0,11.0,111.0,4.0,1.0,1.0,27:20,0.0,13.0,2.0,2.0,35.0,1.0,152.0,1.0,32.0,2.0,7-17,,6-74,263.0,1.0,4.0,4.3,23
401754556,2025.0,6.0,regular,away,154.0,Wake Forest,ACC,259.0,Virginia Tech,ACC,24-40,0.0,19.0,1-1,0.0,,0.0,3.0,1.0,,,,12.0,256.0,5.0,1.0,1.0,32:40,,,,6.0,32.0,2.0,91.0,2.0,28.0,7.0,6-17,,11-85,347.0,1.0,6.4,2.8,30
401754555,2025.0,6.0,regular,home,2567.0,SMU,ACC,183.0,Syracuse,ACC,30-36,0.0,21.0,1-2,0.0,0.0,0.0,0.0,1.0,0.0,20.0,1.0,7.0,294.0,7.0,3.0,4.0,28:35,0.0,16.0,1.0,0.0,28.0,0.0,76.0,2.0,40.0,5.0,5-12,1.0,2-15,370.0,1.0,8.2,2.7,31
401754555,2025.0,6.0,regular,away,183.0,Syracuse,ACC,2567.0,SMU,ACC,22-45,0.0,18.0,2-5,0.0,0.0,0.0,13.0,3.0,0.0,57.0,4.0,4.0,279.0,2.0,1.0,1.0,31:25,,,,1.0,33.0,1.0,110.0,1.0,43.0,9.0,6-16,1.0,6-60,389.0,3.0,6.2,3.3,18
401752855,2025.0,6.0,regular,away,213.0,Penn State,Big Ten,26.0,UCLA,Big Ten,19-26,1.0,21.0,1-3,1.0,0.0,,,0.0,0.0,30.0,1.0,5.0,200.0,3.0,,2.0,20:43,1.0,33.0,1.0,1.0,31.0,2.0,157.0,3.0,51.0,9.0,4-9,3.0,6-43,357.0,1.0,7.7,5.1,37
401752855,2025.0,6.0,regular,home,26.0,UCLA,Big Ten,213.0,Penn State,Big Ten,17-24,0.0,22.0,0-2,0.0,1.0,,,0.0,0.0,13.0,1.0,10.0,166.0,1.0,,2.0,39:17,0.0,7.0,1.0,0.0,52.0,3.0,280.0,1.0,37.0,6.0,10-16,1.0,5-35,446.0,0.0,6.9,5.4,42
401752857,2025.0,6.0,regular,away,264.0,Washington,Big Ten,120.0,Maryland,Big Ten,28-41,0.0,28.0,1-3,0.0,,0.0,0.0,1.0,0.0,116.0,5.0,6.0,275.0,4.0,1.0,2.0,30:59,0.0,15.0,1.0,0.0,35.0,1.0,118.0,0.0,39.0,4.0,5-12,,7-64,393.0,1.0,6.7,3.4,24
401752857,2025.0,6.0,regular,home,120.0,Maryland,Big Ten,264.0,Washington,Big Ten,30-49,0.0,18.0,1-2,0.0,,0.0,32.0,1.0,,,,8.0,219.0,2.0,1.0,1.0,29:01,0.0,10.0,1.0,4.0,20.0,1.0,55.0,3.0,56.0,4.0,9-17,,5-39,274.0,1.0,4.5,2.8,20
401752860,2025.0,6.0,regular,home,158.0,Nebraska,Big Ten,127.0,Michigan State,Big Ten,16-24,1.0,15.0,0-2,0.0,1.0,0.0,7.0,1.0,,,,8.0,194.0,0.0,2.0,1.0,26:36,1.0,109.0,5.0,3.0,27.0,3.0,88.0,4.0,33.0,12.0,5-13,0.0,6-44,282.0,1.0,8.1,3.3,38
401752860,2025.0,6.0,regular,away,127.0,Michigan State,Big Ten,158.0,Nebraska,Big Ten,15-30,0.0,17.0,4-5,1.0,0.0,0.0,0.0,2.0,0.0,2.0,1.0,3.0,156.0,3.0,1.0,1.0,33:24,,,,3.0,37.0,3.0,86.0,5.0,37.0,7.0,2-14,1.0,5-45,242.0,3.0,5.2,2.3,27
401752856,2025.0,6.0,regular,away,275.0,Wisconsin,Big Ten,130.0,Michigan,Big Ten,18-29,0.0,13.0,1-1,0.0,,,,1.0,0.0,21.0,1.0,4.0,177.0,1.0,,0.0,30:57,0.0,5.0,1.0,0.0,28.0,1.0,75.0,1.0,41.0,3.0,4-14,,5-35,252.0,1.0,6.1,2.7,10
401752856,2025.0,6.0,regular,home,130.0,Michigan,Big Ten,275.0,Wisconsin,Big Ten,19-28,0.0,19.0,0-1,0.0,0.0,0.0,0.0,0.0,0.0,3.0,1.0,6.0,270.0,5.0,1.0,1.0,29:03,0.0,13.0,1.0,4.0,34.0,2.0,175.0,1.0,33.0,3.0,5-12,2.0,1-10,445.0,0.0,9.6,5.1,24
401752859,2025.0,6.0,regular,home,194.0,Ohio State,Big Ten,135.0,Minnesota,Big Ten,24-28,0.0,21.0,0-0,0.0,,,,0.0,,,,6.0,341.0,4.0,,3.0,31:52,0.0,46.0,2.0,3.0,29.0,3.0,135.0,1.0,26.0,7.0,7-10,,4-35,476.0,0.0,12.2,4.7,42
401752859,2025.0,6.0,regular,away,135.0,Minnesota,Big Ten,194.0,Ohio State,Big Ten,15-26,0.0,11.0,0-1,0.0,,,,0.0,,,,3.0,94.0,2.0,,0.0,28:08,0.0,-3.0,1.0,0.0,25.0,0.0,68.0,0.0,32.0,5.0,1-11,,2-12,162.0,0.0,3.6,2.7,3
401752861,2025.0,6.0,regular,home,2509.0,Purdue,Big Ten,356.0,Illinois,Big Ten,30-50,0.0,25.0,2-3,2.0,0.0,,,0.0,0.0,33.0,2.0,3.0,302.0,1.0,,1.0,25:28,0.0,-17.0,1.0,1.0,25.0,3.0,151.0,2.0,27.0,8.0,5-13,2.0,8-61,453.0,2.0,6.0,6.0,27
401752861,2025.0,6.0,regular,away,356.0,Illinois,Big Ten,2509.0,Purdue,Big Ten,19-22,0.0,22.0,0-1,0.0,2.0,,,0.0,,,,19.0,390.0,2.0,,1.0,34:32,0.0,0.0,1.0,4.0,41.0,3.0,117.0,2.0,34.0,3.0,2-11,0.0,4-31,507.0,0.0,17.7,2.9,43
401762873,2025.0,6.0,regular,home,2459.0,Northern Illinois,Mid-American,193.0,Miami (OH),Mid-American,13-28,0.0,11.0,2-2,1.0,0.0,,,1.0,0.0,26.0,1.0,2.0,106.0,3.0,,1.0,20:54,0.0,3.0,1.0,0.0,23.0,1.0,114.0,2.0,51.0,5.0,4-14,2.0,6-42,220.0,2.0,3.8,5.0,14
401762873,2025.0,6.0,regular,away,193.0,Miami (OH),Mid-American,2459.0,Northern Illinois,Mid-American,14-26,0.0,22.0,2-2,0.0,1.0,0.0,0.0,0.0,,,,11.0,170.0,3.0,1.0,1.0,39:06,0.0,34.0,4.0,2.0,50.0,1.0,197.0,3.0,24.0,6.0,8-18,1.0,7-50,367.0,0.0,6.5,3.9,25
401762830,2025.0,6.0,regular,home,2050.0,Ball State,Mid-American,195.0,Ohio,Mid-American,17-33,0.0,20.0,1-2,0.0,,,,0.0,0.0,28.0,2.0,4.0,185.0,3.0,,1.0,31:51,0.0,7.0,1.0,4.0,42.0,1.0,172.0,4.0,28.0,6.0,9-20,,2-15,357.0,0.0,5.6,4.1,20
401762830,2025.0,6.0,regular,away,195.0,Ohio,Mid-American,2050.0,Ball State,Mid-American,16-29,0.0,18.0,0-2,0.0,0.0,,,0.0,0.0,47.0,2.0,2.0,188.0,8.0,,1.0,28:09,,,,4.0,36.0,1.0,170.0,0.0,32.0,9.0,7-14,1.0,8-90,358.0,0.0,6.5,4.7,14
401762829,2025.0,6.0,regular,away,2117.0,Central Michigan,Mid-American,2006.0,Akron,Mid-American,14-24,0.0,20.0,0-0,0.0,0.0,0.0,0.0,0.0,0.0,50.0,4.0,10.0,136.0,4.0,1.0,0.0,27:42,0.0,4.0,1.0,2.0,40.0,2.0,238.0,1.0,24.0,4.0,4-12,1.0,9-65,374.0,0.0,5.7,6.0,22
401762829,2025.0,6.0,regular,home,2006.0,Akron,Mid-American,2117.0,Central Michigan,Mid-American,20-31,0.0,20.0,1-1,0.0,,,,1.0,0.0,60.0,3.0,4.0,255.0,3.0,,4.0,32:18,,,,7.0,35.0,0.0,167.0,5.0,29.0,8.0,9-15,,8-69,422.0,1.0,8.2,4.8,28
401762831,2025.0,6.0,regular,away,2199.0,Eastern Michigan,Mid-American,2084.0,Buffalo,Mid-American,19-31,0.0,25.0,2-2,0.0,1.0,,,0.0,,,,6.0,168.0,4.0,,2.0,37:05,0.0,0.0,1.0,3.0,54.0,2.0,227.0,1.0,35.0,2.0,8-20,1.0,9-80,395.0,0.0,5.4,4.2,30
401762831,2025.0,6.0,regular,home,2084.0,Buffalo,Mid-American,2199.0,Eastern Michigan,Mid-American,19-39,0.0,21.0,0-1,1.0,0.0,,,0.0,0.0,26.0,1.0,7.0,272.0,2.0,,3.0,22:55,0.0,0.0,1.0,4.0,31.0,1.0,115.0,0.0,40.0,4.0,7-15,1.0,6-69,387.0,1.0,7.0,3.7,31
401752729,2025.0,6.0,regular,home,201.0,Oklahoma,SEC,2309.0,Kent State,Mid-American,15-27,1.0,23.0,0-0,0.0,1.0,0.0,0.0,0.0,,,,14.0,170.0,0.0,1.0,3.0,31:02,0.0,97.0,5.0,2.0,41.0,1.0,185.0,5.0,29.0,13.0,7-13,0.0,6-72,355.0,0.0,6.3,4.5,44
401752729,2025.0,6.0,regular,away,2309.0,Kent State,Mid-American,201.0,Oklahoma,SEC,10-19,0.0,7.0,1-3,1.0,0.0,,,1.0,0.0,33.0,3.0,,118.0,3.0,,0.0,28:58,,,,1.0,33.0,0.0,17.0,3.0,39.0,7.0,2-13,2.0,4-19,135.0,2.0,6.2,0.5,0
401760382,2025.0,6.0,regular,away,36.0,Colorado State,Mountain West,21.0,San Diego State,Mountain West,18-30,0.0,22.0,3-4,0.0,,,,0.0,0.0,30.0,1.0,4.0,206.0,2.0,,2.0,25:58,,,,0.0,35.0,1.0,149.0,0.0,33.0,1.0,4-14,,1-5,355.0,0.0,6.9,4.3,24
401760382,2025.0,6.0,regular,home,21.0,San Diego State,Mountain West,36.0,Colorado State,Mountain West,14-18,0.0,24.0,1-1,0.0,,,,0.0,0.0,73.0,3.0,9.0,259.0,4.0,,2.0,34:02,0.0,1.0,2.0,5.0,47.0,4.0,282.0,4.0,34.0,8.0,7-11,,9-89,541.0,0.0,14.4,6.0,45
401760384,2025.0,6.0,regular,away,167.0,New Mexico,Mountain West,23.0,San José State,Mountain West,28-40,0.0,29.0,2-2,0.0,,,,3.0,0.0,75.0,4.0,8.0,344.0,1.0,,0.0,26:33,,,,2.0,27.0,3.0,76.0,0.0,39.0,2.0,6-10,,6-48,420.0,3.0,8.6,2.8,28
401760384,2025.0,6.0,regular,home,23.0,San José State,Mountain West,167.0,New Mexico,Mountain West,26-30,0.0,24.0,1-1,0.0,,0.0,9.0,0.0,0.0,41.0,3.0,5.0,334.0,2.0,3.0,3.0,33:27,,,,4.0,34.0,2.0,157.0,4.0,46.0,4.0,8-12,,8-83,491.0,0.0,11.1,4.6,35
401760383,2025.0,6.0,regular,away,2440.0,Nevada,Mountain West,278.0,Fresno State,Mountain West,12-21,0.0,13.0,1-1,1.0,0.0,0.0,1.0,3.0,0.0,17.0,1.0,5.0,117.0,2.0,1.0,2.0,27:11,0.0,0.0,1.0,1.0,34.0,0.0,129.0,3.0,35.0,8.0,7-14,2.0,1-10,246.0,4.0,5.6,3.8,17
401760383,2025.0,6.0,regular,home,278.0,Fresno State,Mountain West,2440.0,Nevada,Mountain West,18-26,0.0,16.0,0-1,0.0,1.0,0.0,4.0,1.0,,,,8.0,190.0,3.0,3.0,2.0,32:49,0.0,7.0,1.0,0.0,33.0,0.0,159.0,0.0,26.0,5.0,3-13,0.0,6-55,349.0,1.0,7.3,4.8,20
401760385,2025.0,6.0,regular,home,2751.0,Wyoming,Mountain West,2439.0,UNLV,Mountain West,25-46,0.0,21.0,1-3,2.0,1.0,,,1.0,0.0,20.0,1.0,5.0,254.0,7.0,,1.0,29:38,,,,0.0,26.0,1.0,102.0,2.0,36.0,8.0,3-12,2.0,6-46,356.0,3.0,5.5,3.9,17
401760385,2025.0,6.0,regular,away,2439.0,UNLV,Mountain West,2751.0,Wyoming,Mountain West,11-20,2.0,15.0,2-2,1.0,2.0,0.0,26.0,0.0,0.0,24.0,1.0,7.0,102.0,8.0,1.0,1.0,30:22,2.0,68.0,3.0,0.0,38.0,1.0,154.0,0.0,34.0,4.0,5-13,2.0,7-67,256.0,1.0,5.1,4.1,31
401752727,2025.0,6.0,regular,away,251.0,Texas,SEC,57.0,Florida,SEC,17-31,0.0,16.0,0-0,0.0,1.0,0.0,0.0,2.0,,,,3.0,289.0,2.0,1.0,2.0,25:53,0.0,10.0,1.0,5.0,26.0,1.0,52.0,0.0,27.0,3.0,3-11,0.0,10-70,341.0,2.0,9.3,2.0,21
401752727,2025.0,6.0,regular,home,57.0,Florida,SEC,251.0,Texas,SEC,21-28,0.0,22.0,0-0,1.0,0.0,0.0,18.0,1.0,0.0,52.0,4.0,9.0,298.0,3.0,2.0,2.0,34:07,0.0,3.0,1.0,10.0,37.0,1.0,159.0,6.0,24.0,7.0,7-14,2.0,7-50,457.0,2.0,10.6,4.3,29
401752728,2025.0,6.0,regular,away,96.0,Kentucky,SEC,61.0,Georgia,SEC,25-41,0.0,19.0,2-3,1.0,0.0,0.0,41.0,1.0,0.0,8.0,1.0,2.0,225.0,2.0,2.0,2.0,26:22,,,,0.0,22.0,0.0,45.0,0.0,41.0,6.0,3-11,1.0,6-41,270.0,2.0,5.5,2.0,14
401752728,2025.0,6.0,regular,home,61.0,Georgia,SEC,96.0,Kentucky,SEC,18-27,0.0,26.0,0-1,0.0,1.0,0.0,0.0,2.0,,,,5.0,245.0,4.0,1.0,1.0,33:38,0.0,24.0,1.0,0.0,42.0,4.0,183.0,2.0,34.0,5.0,8-12,0.0,7-58,428.0,2.0,9.1,4.4,35
401752726,2025.0,6.0,regular,home,333.0,Alabama,SEC,238.0,Vanderbilt,SEC,23-31,0.0,25.0,2-3,0.0,1.0,0.0,12.0,1.0,0.0,64.0,3.0,12.0,340.0,5.0,1.0,2.0,37:23,0.0,2.0,1.0,4.0,38.0,1.0,146.0,1.0,27.0,2.0,7-15,0.0,3-30,486.0,1.0,11.0,3.8,30
401752726,2025.0,6.0,regular,away,238.0,Vanderbilt,SEC,333.0,Alabama,SEC,21-35,0.0,17.0,0-1,1.0,0.0,0.0,0.0,1.0,0.0,27.0,1.0,2.0,198.0,2.0,1.0,1.0,22:37,,,,1.0,18.0,1.0,136.0,4.0,46.0,6.0,5-11,1.0,5-52,334.0,2.0,5.7,7.6,14
401752730,2025.0,6.0,regular,away,344.0,Mississippi State,SEC,245.0,Texas A&M,SEC,15-20,0.0,14.0,0-0,1.0,0.0,0.0,8.0,1.0,0.0,18.0,1.0,3.0,142.0,1.0,1.0,1.0,21:43,,,,0.0,31.0,0.0,77.0,1.0,38.0,2.0,1-10,2.0,3-35,219.0,2.0,7.1,2.5,9
401752730,2025.0,6.0,regular,home,245.0,Texas A&M,SEC,344.0,Mississippi State,SEC,13-23,0.0,23.0,0-1,0.0,1.0,0.0,10.0,1.0,0.0,13.0,1.0,7.0,180.0,2.0,1.0,2.0,38:17,0.0,35.0,3.0,1.0,51.0,2.0,303.0,4.0,29.0,9.0,7-15,0.0,9-66,483.0,1.0,7.8,5.9,31
401767763,2025.0,6.0,regular,away,2523.0,Robert Morris,NEC,2771.0,Merrimack,FCS Independents,12-23,,10.0,0-0,0.0,,0.0,17.0,2.0,0.0,55.0,4.0,1.0,127.0,,1.0,1.0,20:56,0.0,4.0,2.0,,20.0,0.0,94.0,,,,2-9,,6-39,221.0,2.0,5.5,4.7,7
401767763,2025.0,6.0,regular,home,2771.0,Merrimack,FCS Independents,2523.0,Robert Morris,NEC,8-17,,20.0,1-1,0.0,,0.0,0.0,1.0,0.0,32.0,1.0,6.0,114.0,,2.0,0.0,39:04,0.0,7.0,2.0,,51.0,2.0,223.0,,,,7-14,,8-68,337.0,1.0,6.7,4.4,24
401767372,2025.0,7.0,regular,home,2016.0,Alcorn State,SWAC,124179.0,Lincoln (CA),Independent DII,12-17,,17.0,1-3,1.0,1.0,,,0.0,0.0,12.0,1.0,6.0,134.0,,,2.0,20:33,0.0,19.0,3.0,,35.0,4.0,384.0,,,,4-10,2.0,10-103,518.0,1.0,7.9,11.0,42
401767372,2025.0,7.0,regular,away,124179.0,Lincoln (CA),Independent DII,2016.0,Alcorn State,SWAC,19-41,,13.0,1-5,1.0,1.0,,,0.0,0.0,99.0,7.0,,213.0,,,0.0,39:27,0.0,0.0,1.0,,19.0,0.0,-21.0,,,,3-14,2.0,11-46,192.0,1.0,5.2,-1.1,0
401767122,2025.0,7.0,regular,away,2458.0,Northern Colorado,Big Sky,70.0,Idaho,Big Sky,22-35,,23.0,0-0,0.0,1.0,0.0,43.0,0.0,0.0,27.0,1.0,11.0,350.0,,2.0,2.0,25:47,0.0,6.0,1.0,,27.0,4.0,135.0,,,,8-13,1.0,3-16,485.0,0.0,10.0,5.0,49
401767122,2025.0,7.0,regular,home,70.0,Idaho,Big Sky,2458.0,Northern Colorado,Big Sky,21-33,,27.0,3-4,1.0,0.0,,,2.0,0.0,24.0,1.0,5.0,237.0,,,1.0,34:13,,,,,43.0,3.0,203.0,,,,4-12,1.0,3-25,440.0,3.0,7.2,4.7,33
401754562,2025.0,7.0,regular,away,152.0,NC State,ACC,87.0,Notre Dame,FBS Independents,18-31,0.0,12.0,1-3,0.0,1.0,0.0,0.0,3.0,0.0,17.0,1.0,1.0,182.0,4.0,1.0,1.0,28:47,0.0,2.0,1.0,1.0,28.0,0.0,51.0,2.0,35.0,4.0,5-16,1.0,5-60,233.0,3.0,5.9,1.8,7
401754562,2025.0,7.0,regular,home,87.0,Notre Dame,FBS Independents,152.0,NC State,ACC,19-31,0.0,24.0,1-3,1.0,0.0,0.0,69.0,1.0,0.0,39.0,2.0,10.0,342.0,2.0,3.0,2.0,31:13,0.0,23.0,1.0,3.0,37.0,2.0,145.0,4.0,31.0,5.0,6-14,1.0,6-55,487.0,2.0,11.0,3.9,36
401756920,2025.0,7.0,regular,away,248.0,Houston,Big 12,197.0,Oklahoma State,Big 12,24-34,0.0,27.0,2-3,0.0,,0.0,0.0,0.0,0.0,20.0,2.0,15.0,319.0,4.0,1.0,2.0,36:28,0.0,23.0,3.0,2.0,44.0,2.0,168.0,2.0,25.0,3.0,6-15,,8-69,487.0,0.0,9.4,3.8,39
401756920,2025.0,7.0,regular,home,197.0,Oklahoma State,Big 12,248.0,Houston,Big 12,9-20,0.0,10.0,1-2,0.0,1.0,,,1.0,,,,5.0,180.0,6.0,,2.0,23:32,0.0,8.0,1.0,0.0,31.0,0.0,45.0,1.0,42.0,2.0,5-14,2.0,11-89,225.0,1.0,9.0,1.5,17
401756919,2025.0,7.0,regular,away,2628.0,TCU,Big 12,2306.0,Kansas State,Big 12,26-47,0.0,19.0,1-4,1.0,0.0,,,2.0,0.0,98.0,4.0,4.0,376.0,1.0,,3.0,23:41,0.0,0.0,1.0,0.0,22.0,1.0,72.0,2.0,43.0,5.0,6-13,1.0,8-59,448.0,3.0,8.0,3.3,28
401756919,2025.0,7.0,regular,home,2306.0,Kansas State,Big 12,2628.0,TCU,Big 12,16-26,2.0,20.0,2-2,0.0,1.0,1.0,46.0,0.0,0.0,21.0,1.0,11.0,198.0,5.0,2.0,3.0,36:19,0.0,4.0,1.0,4.0,43.0,0.0,149.0,1.0,41.0,3.0,7-16,1.0,5-40,347.0,0.0,7.6,3.5,41
401756918,2025.0,7.0,regular,home,38.0,Colorado,Big 12,66.0,Iowa State,Big 12,16-25,0.0,16.0,0-1,0.0,,0.0,18.0,0.0,0.0,103.0,4.0,6.0,255.0,1.0,1.0,2.0,30:03,,,,5.0,36.0,1.0,148.0,0.0,36.0,4.0,7-15,,6-43,403.0,0.0,10.2,4.1,24
401756918,2025.0,7.0,regular,away,66.0,Iowa State,Big 12,38.0,Colorado,Big 12,18-33,0.0,22.0,0-1,0.0,,,,1.0,,,,5.0,205.0,2.0,,0.0,29:57,,,,1.0,37.0,2.0,236.0,0.0,37.0,5.0,2-12,,7-59,441.0,1.0,6.2,6.4,17
401756921,2025.0,7.0,regular,away,2305.0,Kansas,Big 12,2641.0,Texas Tech,Big 12,30-39,0.0,22.0,1-2,1.0,0.0,0.0,0.0,0.0,0.0,12.0,1.0,5.0,245.0,6.0,1.0,2.0,36:12,0.0,16.0,1.0,4.0,38.0,0.0,74.0,1.0,46.0,5.0,7-18,3.0,6-45,319.0,1.0,6.3,1.9,17
401756921,2025.0,7.0,regular,home,2641.0,Texas Tech,Big 12,2305.0,Kansas,Big 12,14-28,0.0,22.0,0-0,0.0,1.0,,,1.0,,,,10.0,133.0,5.0,,1.0,23:48,0.0,53.0,3.0,1.0,40.0,4.0,372.0,9.0,43.0,14.0,6-14,0.0,7-77,505.0,1.0,4.8,9.3,42
401779512,2025.0,7.0,regular,home,2441.0,New Haven,NEC,2843.0,Western Connecticut St,Landmark Conference,17-23,,27.0,1-2,0.0,1.0,1.0,0.0,0.0,,,,15.0,360.0,,2.0,5.0,35:21,0.0,31.0,4.0,,42.0,3.0,378.0,,,,5-9,0.0,1-5,738.0,0.0,15.7,9.0,69
401779512,2025.0,7.0,regular,away,2843.0,Western Connecticut St,Landmark Conference,2441.0,New Haven,NEC,8-22,,6.0,0-1,1.0,0.0,,,2.0,0.0,187.0,8.0,,102.0,,,0.0,24:39,,,,,24.0,0.0,12.0,,,,1-11,2.0,3-15,114.0,3.0,4.6,0.5,0
401767143,2025.0,7.0,regular,away,2097.0,Campbell,CAA,2261.0,Hampton,CAA,10-18,,19.0,0-2,1.0,0.0,1.0,12.0,0.0,0.0,21.0,2.0,7.0,125.0,,2.0,0.0,30:20,0.0,19.0,2.0,,48.0,4.0,301.0,,,,8-14,3.0,2-25,426.0,1.0,6.9,6.3,38
401767143,2025.0,7.0,regular,home,2261.0,Hampton,CAA,2097.0,Campbell,CAA,11-17,,12.0,0-1,0.0,1.0,,,2.0,0.0,-20.0,3.0,3.0,131.0,,,1.0,29:40,,,,,39.0,2.0,76.0,,,,4-13,1.0,7-48,207.0,2.0,7.7,1.9,21
401767260,2025.0,7.0,regular,home,119.0,Towson,CAA,2405.0,Monmouth,CAA,22-29,,23.0,1-2,3.0,1.0,,,0.0,0.0,25.0,1.0,7.0,293.0,,,3.0,28:35,0.0,10.0,1.0,,37.0,1.0,125.0,,,,8-14,6.0,1-10,418.0,3.0,10.1,3.4,31
401767260,2025.0,7.0,regular,away,2405.0,Monmouth,CAA,119.0,Towson,CAA,26-31,,29.0,2-2,1.0,3.0,,,0.0,0.0,75.0,3.0,6.0,244.0,,,2.0,31:25,,,,,41.0,4.0,204.0,,,,7-10,2.0,7-66,448.0,1.0,7.9,5.0,42
401767165,2025.0,7.0,regular,away,2635.0,Tennessee Tech,Big South-OVC,2127.0,Charleston Southern,Big South-OVC,17-27,,25.0,1-2,1.0,0.0,0.0,0.0,2.0,0.0,14.0,1.0,3.0,157.0,,1.0,1.0,31:11,0.0,47.0,2.0,,43.0,3.0,240.0,,,,4-10,2.0,10-114,397.0,3.0,5.8,5.6,27
401767165,2025.0,7.0,regular,home,2127.0,Charleston Southern,Big South-OVC,2635.0,Tennessee Tech,Big South-OVC,15-34,,14.0,2-3,0.0,1.0,0.0,7.0,1.0,0.0,14.0,3.0,7.0,146.0,,2.0,1.0,28:49,,,,,31.0,0.0,63.0,,,,8-19,0.0,7-55,209.0,1.0,4.3,2.0,13
401767196,2025.0,7.0,regular,away,2241.0,Gardner-Webb,Big South-OVC,2197.0,Eastern Illinois,Big South-OVC,14-22,,20.0,0-0,2.0,0.0,,,0.0,0.0,66.0,3.0,3.0,195.0,,,1.0,26:49,0.0,35.0,2.0,,35.0,2.0,251.0,,,,5-10,2.0,4-50,446.0,2.0,8.9,7.2,21
401767196,2025.0,7.0,regular,home,2197.0,Eastern Illinois,Big South-OVC,2241.0,Gardner-Webb,Big South-OVC,13-30,,17.0,2-4,0.0,2.0,,,0.0,0.0,42.0,2.0,4.0,108.0,,,0.0,33:11,0.0,45.0,3.0,,42.0,1.0,121.0,,,,6-17,1.0,3-34,229.0,0.0,3.6,2.9,10
401767220,2025.0,7.0,regular,away,2634.0,Tennessee State,Big South-OVC,2546.0,Southeast Missouri State,Big South-OVC,18-41,,15.0,1-3,1.0,2.0,0.0,4.0,2.0,0.0,86.0,3.0,6.0,225.0,,2.0,0.0,29:34,0.0,0.0,1.0,,29.0,1.0,57.0,,,,6-18,2.0,10-70,282.0,3.0,5.5,2.0,12
401767220,2025.0,7.0,regular,home,2546.0,Southeast Missouri State,Big South-OVC,2634.0,Tennessee State,Big South-OVC,24-39,,24.0,1-1,2.0,1.0,0.0,0.0,2.0,0.0,31.0,1.0,4.0,283.0,,2.0,2.0,30:26,0.0,5.0,2.0,,38.0,2.0,176.0,,,,5-14,2.0,11-115,459.0,4.0,7.3,4.6,28
401767236,2025.0,7.0,regular,away,2710.0,Western Illinois,Big South-OVC,2630.0,UT Martin,Big South-OVC,21-30,,21.0,0-0,0.0,1.0,,,0.0,0.0,22.0,1.0,7.0,327.0,,,2.0,23:27,0.0,36.0,1.0,,21.0,2.0,76.0,,,,3-9,0.0,4-45,403.0,0.0,10.9,3.6,31
401767236,2025.0,7.0,regular,home,2630.0,UT Martin,Big South-OVC,2710.0,Western Illinois,Big South-OVC,20-29,,23.0,0-1,1.0,0.0,,,0.0,0.0,81.0,3.0,8.0,245.0,,,1.0,36:33,0.0,7.0,1.0,,44.0,3.0,200.0,,,,8-15,2.0,11-101,445.0,1.0,8.4,4.5,32
401767274,2025.0,7.0,regular,away,2569.0,South Carolina State,MEAC,2448.0,North Carolina A&T,CAA,15-31,,17.0,0-0,0.0,2.0,0.0,0.0,1.0,0.0,10.0,2.0,2.0,165.0,,1.0,2.0,27:55,,,,,35.0,1.0,129.0,,,,8-16,1.0,16-130,294.0,1.0,5.3,3.7,22
401767274,2025.0,7.0,regular,home,2448.0,North Carolina A&T,CAA,2569.0,South Carolina State,MEAC,17-34,,20.0,0-1,2.0,0.0,0.0,0.0,1.0,0.0,62.0,2.0,10.0,194.0,,1.0,1.0,32:05,0.0,30.0,4.0,,39.0,0.0,47.0,,,,5-18,3.0,10-93,241.0,3.0,5.7,1.2,16
401767439,2025.0,7.0,regular,away,2287.0,Illinois State,MVFC,93.0,Murray State,MVFC,21-25,,31.0,0-0,0.0,0.0,0.0,17.0,0.0,0.0,118.0,3.0,10.0,338.0,,1.0,4.0,30:57,0.0,0.0,1.0,,41.0,2.0,172.0,,,,5-8,1.0,2-5,510.0,0.0,13.5,4.2,46
401767439,2025.0,7.0,regular,home,93.0,Murray State,MVFC,2287.0,Illinois State,MVFC,24-40,,26.0,3-4,0.0,,,,1.0,0.0,111.0,6.0,6.0,301.0,,,1.0,29:03,,,,,36.0,3.0,170.0,,,,4-13,,3-30,471.0,1.0,7.5,4.7,32
401767242,2025.0,7.0,regular,home,2698.0,West Georgia,UAC,2000.0,Abilene Christian,UAC,19-38,,12.0,0-2,0.0,1.0,,,1.0,0.0,73.0,3.0,7.0,279.0,,,1.0,21:01,0.0,2.0,2.0,,16.0,0.0,35.0,,,,6-14,0.0,4-46,314.0,1.0,7.3,2.2,13
401767242,2025.0,7.0,regular,away,2000.0,Abilene Christian,UAC,2698.0,West Georgia,UAC,21-32,,27.0,0-0,1.0,0.0,0.0,0.0,0.0,,,,6.0,241.0,,1.0,3.0,38:59,0.0,1.0,1.0,,44.0,1.0,212.0,,,,10-15,1.0,4-20,453.0,1.0,7.5,4.8,30
401767251,2025.0,7.0,regular,home,2198.0,Eastern Kentucky,UAC,2046.0,Austin Peay,UAC,18-24,,17.0,0-0,0.0,0.0,1.0,19.0,0.0,1.0,138.0,3.0,10.0,175.0,,1.0,0.0,28:13,,,,,26.0,2.0,175.0,,,,2-8,1.0,5-55,350.0,0.0,7.3,6.7,34
401767251,2025.0,7.0,regular,away,2046.0,Austin Peay,UAC,2198.0,Eastern Kentucky,UAC,22-37,,23.0,0-2,0.0,,,,1.0,0.0,130.0,5.0,8.0,283.0,,,1.0,31:47,,,,,37.0,1.0,190.0,,,,8-16,,9-85,473.0,1.0,7.6,5.1,20
401767287,2025.0,7.0,regular,home,2453.0,North Alabama,UAC,2110.0,Central Arkansas,UAC,19-42,,25.0,2-4,1.0,0.0,,,2.0,0.0,198.0,7.0,3.0,197.0,,,2.0,30:13,0.0,0.0,1.0,,37.0,1.0,93.0,,,,7-17,2.0,13-154,290.0,3.0,4.7,2.5,21
401767287,2025.0,7.0,regular,away,2110.0,Central Arkansas,UAC,2453.0,North Alabama,UAC,11-22,,26.0,0-2,0.0,1.0,0.0,0.0,0.0,0.0,34.0,2.0,7.0,232.0,,2.0,3.0,29:47,0.0,45.0,3.0,,46.0,4.0,254.0,,,,3-10,1.0,13-133,486.0,0.0,10.5,5.5,49
401767307,2025.0,7.0,regular,home,3101.0,Utah Tech,UAC,2627.0,Tarleton State,UAC,22-40,,19.0,1-1,1.0,1.0,0.0,2.0,0.0,0.0,9.0,2.0,11.0,220.0,,1.0,1.0,26:08,0.0,-12.0,1.0,,30.0,1.0,132.0,,,,8-17,2.0,6-70,352.0,1.0,5.5,4.4,23
401767307,2025.0,7.0,regular,away,2627.0,Tarleton State,UAC,3101.0,Utah Tech,UAC,14-23,,25.0,3-4,1.0,1.0,,,1.0,0.0,49.0,3.0,5.0,173.0,,,1.0,33:52,0.0,3.0,1.0,,52.0,5.0,262.0,,,,6-12,1.0,3-22,435.0,2.0,7.5,5.0,41
401762481,2025.0,7.0,regular,home,249.0,North Texas,American Athletic,58.0,South Florida,American Athletic,30-49,0.0,26.0,2-4,2.0,2.0,0.0,0.0,3.0,0.0,27.0,2.0,4.0,326.0,2.0,1.0,2.0,30:55,0.0,0.0,1.0,1.0,29.0,3.0,97.0,3.0,50.0,4.0,9-18,2.0,5-35,423.0,5.0,6.7,3.3,36
401762481,2025.0,7.0,regular,away,58.0,South Florida,American Athletic,249.0,North Texas,American Athletic,23-29,1.0,32.0,1-1,2.0,2.0,0.0,58.0,1.0,0.0,36.0,3.0,9.0,274.0,2.0,3.0,4.0,29:05,0.0,16.0,1.0,5.0,55.0,4.0,308.0,2.0,38.0,7.0,7-11,2.0,6-67,582.0,3.0,9.4,5.6,63
401762480,2025.0,7.0,regular,home,2655.0,Tulane,American Athletic,151.0,East Carolina,American Athletic,27-37,0.0,24.0,0-1,1.0,0.0,,,0.0,0.0,76.0,3.0,14.0,362.0,6.0,,2.0,29:23,,,,1.0,25.0,0.0,96.0,3.0,47.0,8.0,3-10,1.0,11-96,458.0,1.0,9.8,3.8,26
401762480,2025.0,7.0,regular,away,151.0,East Carolina,American Athletic,2655.0,Tulane,American Athletic,19-30,0.0,22.0,0-1,0.0,1.0,,,0.0,0.0,18.0,1.0,7.0,180.0,4.0,,1.0,30:37,0.0,17.0,2.0,0.0,43.0,1.0,160.0,0.0,37.0,5.0,10-19,0.0,7-60,340.0,0.0,6.0,3.7,19
401762484,2025.0,7.0,regular,away,2426.0,Navy,American Athletic,218.0,Temple,American Athletic,6-17,0.0,15.0,3-3,0.0,1.0,,,0.0,0.0,45.0,2.0,6.0,141.0,3.0,,1.0,25:58,,,,2.0,37.0,3.0,243.0,1.0,50.0,3.0,3-11,1.0,4-30,384.0,0.0,8.3,6.6,32
401762484,2025.0,7.0,regular,home,218.0,Temple,American Athletic,2426.0,Navy,American Athletic,25-36,0.0,27.0,2-2,1.0,0.0,,,0.0,0.0,25.0,1.0,7.0,345.0,1.0,,1.0,34:02,0.0,25.0,2.0,3.0,39.0,3.0,175.0,1.0,28.0,2.0,6-12,1.0,2-25,520.0,1.0,9.6,4.5,31
401757280,2025.0,7.0,regular,home,338.0,Kennesaw State,Conference USA,2348.0,Louisiana Tech,Conference USA,27-36,0.0,22.0,0-0,0.0,0.0,0.0,29.0,0.0,0.0,10.0,1.0,5.0,290.0,6.0,2.0,4.0,30:51,0.0,19.0,3.0,3.0,27.0,1.0,110.0,3.0,31.0,5.0,9-14,1.0,7-52,400.0,0.0,8.1,4.1,35
401757280,2025.0,7.0,regular,away,2348.0,Louisiana Tech,Conference USA,338.0,Kennesaw State,Conference USA,18-35,0.0,21.0,0-2,0.0,,,,2.0,0.0,74.0,4.0,1.0,169.0,2.0,,0.0,29:09,0.0,6.0,1.0,3.0,40.0,1.0,136.0,1.0,34.0,5.0,8-17,,6-57,305.0,2.0,4.8,3.4,7
401757278,2025.0,7.0,regular,away,2623.0,Missouri State,Conference USA,2393.0,Middle Tennessee,Conference USA,16-31,0.0,19.0,0-1,0.0,1.0,,,0.0,0.0,73.0,4.0,10.0,278.0,6.0,,1.0,30:42,,,,3.0,32.0,1.0,83.0,2.0,45.0,4.0,4-15,3.0,3-41,361.0,0.0,9.0,2.6,22
401757278,2025.0,7.0,regular,home,2393.0,Middle Tennessee,Conference USA,2623.0,Missouri State,Conference USA,30-42,0.0,22.0,0-2,0.0,0.0,,,0.0,0.0,27.0,2.0,8.0,267.0,8.0,,2.0,29:18,,,,6.0,24.0,0.0,99.0,4.0,32.0,9.0,7-16,2.0,6-54,366.0,0.0,6.4,4.1,20
401757277,2025.0,7.0,regular,away,2335.0,Liberty,Conference USA,2638.0,UTEP,Conference USA,19-33,0.0,22.0,4-5,0.0,,0.0,70.0,0.0,,,,13.0,243.0,3.0,2.0,0.0,39:57,0.0,4.0,4.0,7.0,47.0,1.0,165.0,3.0,22.0,8.0,3-18,,6-57,408.0,0.0,7.4,3.5,19
401757277,2025.0,7.0,regular,home,2638.0,UTEP,Conference USA,2335.0,Liberty,Conference USA,13-27,0.0,9.0,1-2,0.0,,,,2.0,0.0,25.0,2.0,,111.0,4.0,,0.0,20:03,0.0,0.0,1.0,6.0,25.0,1.0,56.0,1.0,44.0,6.0,3-15,,3-40,167.0,2.0,4.1,2.2,8
401754563,2025.0,7.0,regular,away,154.0,Wake Forest,ACC,204.0,Oregon State,Pac-12,14-28,0.0,17.0,0-1,0.0,1.0,0.0,0.0,0.0,0.0,63.0,3.0,7.0,270.0,4.0,1.0,4.0,24:48,0.0,50.0,4.0,8.0,26.0,1.0,198.0,3.0,34.0,3.0,1-9,0.0,12-109,468.0,0.0,9.6,7.6,39
401754563,2025.0,7.0,regular,home,204.0,Oregon State,Pac-12,154.0,Wake Forest,ACC,19-42,0.0,22.0,1-3,1.0,0.0,,,1.0,,,,2.0,175.0,4.0,,1.0,35:12,,,,7.0,38.0,1.0,134.0,0.0,29.0,1.0,5-17,2.0,9-70,309.0,2.0,4.2,3.5,14
401752733,2025.0,7.0,regular,home,145.0,Ole Miss,SEC,265.0,Washington State,Pac-12,20-29,0.0,25.0,1-2,1.0,0.0,,,0.0,,,,6.0,253.0,2.0,,2.0,27:18,,,,5.0,41.0,1.0,186.0,4.0,35.0,6.0,7-15,1.0,8-99,439.0,1.0,8.7,4.5,24
401752733,2025.0,7.0,regular,away,265.0,Washington State,Pac-12,145.0,Ole Miss,SEC,24-31,0.0,21.0,1-1,0.0,1.0,,,0.0,,,,3.0,218.0,2.0,,2.0,32:42,0.0,4.0,1.0,0.0,28.0,1.0,127.0,3.0,34.0,6.0,2-10,2.0,8-70,345.0,0.0,7.0,4.5,21
401761625,2025.0,7.0,regular,away,309.0,Louisiana,Sun Belt,256.0,James Madison,Sun Belt,14-28,0.0,11.0,0-0,0.0,2.0,0.0,16.0,1.0,0.0,42.0,2.0,2.0,243.0,4.0,1.0,2.0,23:09,,,,3.0,28.0,0.0,45.0,0.0,44.0,4.0,3-14,0.0,6-53,288.0,1.0,8.7,1.6,14
401761625,2025.0,7.0,regular,home,256.0,James Madison,Sun Belt,309.0,Louisiana,Sun Belt,26-40,0.0,21.0,0-1,2.0,0.0,0.0,0.0,1.0,0.0,46.0,3.0,6.0,290.0,1.0,1.0,3.0,36:51,0.0,39.0,4.0,4.0,38.0,0.0,193.0,2.0,22.0,5.0,8-17,3.0,10-102,483.0,3.0,7.3,5.1,24
401761626,2025.0,7.0,regular,away,295.0,Old Dominion,Sun Belt,276.0,Marshall,Sun Belt,15-28,0.0,15.0,1-4,3.0,0.0,,,2.0,,,,6.0,266.0,1.0,,1.0,23:25,0.0,6.0,3.0,5.0,38.0,2.0,173.0,0.0,26.0,4.0,4-14,4.0,5-27,439.0,5.0,9.5,4.6,24
401761626,2025.0,7.0,regular,home,276.0,Marshall,Sun Belt,295.0,Old Dominion,Sun Belt,18-26,1.0,22.0,1-1,0.0,3.0,1.0,22.0,0.0,0.0,17.0,1.0,12.0,222.0,3.0,2.0,2.0,36:35,,,,2.0,48.0,3.0,227.0,2.0,21.0,6.0,4-15,0.0,8-70,449.0,0.0,8.5,4.7,48
401761622,2025.0,7.0,regular,away,2572.0,Southern Miss,Sun Belt,290.0,Georgia Southern,Sun Belt,19-28,0.0,25.0,0-0,1.0,0.0,0.0,24.0,0.0,0.0,23.0,2.0,8.0,237.0,4.0,3.0,2.0,30:57,0.0,7.0,1.0,5.0,48.0,3.0,184.0,5.0,41.0,7.0,6-15,4.0,8-68,421.0,1.0,8.5,3.8,38
401761622,2025.0,7.0,regular,home,290.0,Georgia Southern,Sun Belt,2572.0,Southern Miss,Sun Belt,24-43,0.0,24.0,2-2,0.0,1.0,,,3.0,0.0,34.0,2.0,5.0,313.0,2.0,,2.0,29:03,,,,2.0,34.0,3.0,82.0,1.0,41.0,4.0,7-15,0.0,12-104,395.0,3.0,7.3,2.4,35
401761623,2025.0,7.0,regular,away,2433.0,UL Monroe,Sun Belt,324.0,Coastal Carolina,Sun Belt,14-29,0.0,14.0,1-4,0.0,1.0,,,2.0,0.0,30.0,2.0,,176.0,1.0,,1.0,30:04,0.0,28.0,2.0,1.0,32.0,0.0,140.0,1.0,56.0,6.0,1-13,1.0,7-64,316.0,2.0,6.1,4.4,8
401761623,2025.0,7.0,regular,home,324.0,Coastal Carolina,Sun Belt,2433.0,UL Monroe,Sun Belt,8-19,0.0,16.0,1-2,1.0,0.0,0.0,0.0,0.0,0.0,24.0,2.0,11.0,92.0,8.0,2.0,1.0,29:56,0.0,31.0,2.0,1.0,50.0,1.0,285.0,0.0,43.0,7.0,5-16,4.0,3-25,377.0,1.0,4.8,5.7,23
401761624,2025.0,7.0,regular,home,2247.0,Georgia State,Sun Belt,2026.0,App State,Sun Belt,32-61,0.0,24.0,0-4,0.0,0.0,,,1.0,0.0,11.0,1.0,0.0,303.0,6.0,,2.0,28:13,0.0,6.0,1.0,0.0,23.0,1.0,78.0,1.0,24.0,4.0,9-19,3.0,2-30,381.0,1.0,5.0,3.4,20
401761624,2025.0,7.0,regular,away,2026.0,App State,Sun Belt,2247.0,Georgia State,Sun Belt,23-38,0.0,23.0,1-2,0.0,,0.0,3.0,0.0,0.0,32.0,1.0,11.0,311.0,5.0,1.0,4.0,31:47,,,,5.0,33.0,1.0,134.0,3.0,28.0,7.0,5-15,,3-30,445.0,0.0,8.2,4.1,41
401761627,2025.0,7.0,regular,away,2653.0,Troy,Sun Belt,326.0,Texas State,Sun Belt,30-40,0.0,27.0,3-3,0.0,,,,0.0,,,,10.0,415.0,1.0,,5.0,28:59,,,,1.0,32.0,1.0,43.0,3.0,54.0,7.0,5-14,,5-35,458.0,0.0,10.4,1.3,48
401761627,2025.0,7.0,regular,home,326.0,Texas State,Sun Belt,2653.0,Troy,Sun Belt,19-22,0.0,21.0,3-4,0.0,,,,0.0,0.0,137.0,6.0,11.0,248.0,0.0,,0.0,31:01,0.0,9.0,2.0,5.0,53.0,5.0,326.0,5.0,35.0,11.0,10-17,,10-79,574.0,0.0,11.3,6.2,41
401762837,2025.0,7.0,regular,home,2309.0,Kent State,Mid-American,113.0,Massachusetts,Mid-American,12-20,1.0,17.0,1-2,0.0,0.0,0.0,43.0,0.0,1.0,91.0,1.0,6.0,179.0,9.0,2.0,4.0,29:29,0.0,15.0,2.0,7.0,39.0,1.0,158.0,4.0,37.0,13.0,3-12,2.0,7-75,337.0,0.0,9.0,4.1,42
401762837,2025.0,7.0,regular,away,113.0,Massachusetts,Mid-American,2309.0,Kent State,Mid-American,26-49,0.0,21.0,0-3,0.0,0.0,,,2.0,0.0,0.0,1.0,6.0,227.0,2.0,,0.0,30:31,0.0,2.0,1.0,3.0,33.0,0.0,44.0,1.0,26.0,5.0,6-20,1.0,10-83,271.0,2.0,4.6,1.3,6
401767739,2025.0,7.0,regular,home,2142.0,Colgate,Patriot,257.0,Richmond,Patriot,25-45,,21.0,1-2,0.0,0.0,,,1.0,0.0,21.0,1.0,7.0,322.0,,,2.0,33:12,,,,,25.0,0.0,80.0,,,,5-14,1.0,4-45,402.0,1.0,7.2,3.2,19
401767739,2025.0,7.0,regular,away,257.0,Richmond,Patriot,2142.0,Colgate,Patriot,13-19,,15.0,1-1,0.0,,0.0,0.0,0.0,0.0,41.0,2.0,6.0,199.0,,1.0,1.0,26:48,1.0,102.0,2.0,,33.0,1.0,97.0,,,,3-10,,7-65,296.0,0.0,10.5,2.9,24
401767667,2025.0,7.0,regular,home,322.0,Lafayette,Patriot,2083.0,Bucknell,Patriot,27-36,,27.0,1-2,0.0,,0.0,0.0,0.0,0.0,36.0,2.0,8.0,322.0,,1.0,5.0,29:26,0.0,0.0,3.0,,33.0,4.0,348.0,,,,7-14,,6-65,670.0,0.0,8.9,10.5,62
401767667,2025.0,7.0,regular,away,2083.0,Bucknell,Patriot,322.0,Lafayette,Patriot,19-32,,15.0,1-2,0.0,0.0,,,1.0,0.0,28.0,2.0,6.0,224.0,,,2.0,30:34,1.0,31.0,1.0,,33.0,0.0,97.0,,,,3-14,2.0,9-105,321.0,1.0,7.0,2.9,24
401767736,2025.0,7.0,regular,home,171.0,Columbia,Ivy,2329.0,Lehigh,Patriot,12-27,,9.0,1-2,0.0,,,,2.0,0.0,88.0,5.0,1.0,189.0,,,1.0,22:33,0.0,5.0,1.0,,24.0,0.0,39.0,,,,2-14,,4-40,228.0,2.0,7.0,1.6,7
401767736,2025.0,7.0,regular,away,2329.0,Lehigh,Patriot,171.0,Columbia,Ivy,18-24,,18.0,0-1,0.0,0.0,0.0,17.0,0.0,0.0,18.0,1.0,7.0,244.0,,2.0,1.0,37:27,0.0,0.0,2.0,,46.0,3.0,193.0,,,,10-17,1.0,4-40,437.0,0.0,10.2,4.2,31
401767596,2025.0,7.0,regular,home,2086.0,Butler,Pioneer,2506.0,Presbyterian,Pioneer,20-34,,26.0,2-2,0.0,1.0,,,0.0,0.0,44.0,2.0,13.0,195.0,,,0.0,40:23,,,,,48.0,2.0,193.0,,,,7-17,0.0,3-20,388.0,0.0,5.7,4.0,25
401767596,2025.0,7.0,regular,away,2506.0,Presbyterian,Pioneer,2086.0,Butler,Pioneer,12-16,,16.0,0-0,1.0,0.0,,,0.0,0.0,0.0,2.0,5.0,175.0,,,2.0,19:37,0.0,27.0,4.0,,28.0,2.0,210.0,,,,4-8,1.0,3-24,385.0,1.0,10.9,7.5,31
401767605,2025.0,7.0,regular,home,2166.0,Davidson,Pioneer,2900.0,St. Thomas (MN),Pioneer,23-35,,20.0,0-1,3.0,0.0,,,1.0,0.0,82.0,7.0,1.0,277.0,,,2.0,33:32,0.0,3.0,1.0,,31.0,0.0,97.0,,,,4-13,4.0,5-24,374.0,4.0,7.9,3.1,13
401767605,2025.0,7.0,regular,away,2900.0,St. Thomas (MN),Pioneer,2166.0,Davidson,Pioneer,18-23,,20.0,1-4,1.0,3.0,0.0,17.0,0.0,0.0,47.0,3.0,7.0,367.0,,1.0,3.0,26:28,0.0,123.0,3.0,,35.0,5.0,185.0,,,,2-9,1.0,4-40,552.0,1.0,16.0,5.3,57
401767461,2025.0,7.0,regular,home,2837.0,East Texas A&M,Southland,2320.0,Lamar,Southland,20-31,,19.0,1-1,2.0,1.0,,,0.0,0.0,60.0,4.0,11.0,214.0,,,0.0,29:03,,,,,32.0,1.0,115.0,,,,5-15,3.0,10-105,329.0,2.0,6.9,3.6,23
401767461,2025.0,7.0,regular,away,2320.0,Lamar,Southland,2837.0,East Texas A&M,Southland,24-34,,22.0,0-2,1.0,2.0,,,0.0,0.0,22.0,1.0,9.0,285.0,,,1.0,30:57,0.0,34.0,2.0,,32.0,1.0,66.0,,,,5-15,1.0,6-37,351.0,1.0,8.4,2.1,33
401767413,2025.0,7.0,regular,away,2428.0,North Carolina Central,MEAC,50.0,Florida A&M,SWAC,23-33,,24.0,2-2,0.0,0.0,1.0,33.0,1.0,0.0,20.0,1.0,9.0,291.0,,3.0,2.0,35:45,,,,,40.0,3.0,195.0,,,,8-15,1.0,8-60,486.0,1.0,8.8,4.9,45
401767413,2025.0,7.0,regular,home,50.0,Florida A&M,SWAC,2428.0,North Carolina Central,MEAC,11-26,,11.0,0-0,0.0,,0.0,0.0,3.0,0.0,7.0,2.0,1.0,154.0,,1.0,0.0,24:15,0.0,6.0,2.0,,27.0,1.0,42.0,,,,4-12,,2-20,196.0,3.0,5.9,1.6,7
401767313,2025.0,7.0,regular,away,2400.0,Mississippi Valley State,SWAC,2010.0,Alabama A&M,SWAC,10-20,,14.0,1-1,0.0,,0.0,43.0,0.0,0.0,68.0,5.0,7.0,173.0,,1.0,1.0,24:55,,,,,34.0,2.0,153.0,,,,5-12,,7-49,326.0,0.0,8.7,4.5,25
401767313,2025.0,7.0,regular,home,2010.0,Alabama A&M,SWAC,2400.0,Mississippi Valley State,SWAC,25-33,,29.0,1-1,0.0,,,,1.0,0.0,132.0,5.0,9.0,254.0,,,2.0,35:05,0.0,40.0,2.0,,45.0,4.0,240.0,,,,9-13,,8-66,494.0,1.0,7.7,5.3,45
401767363,2025.0,7.0,regular,home,2296.0,Jackson State,SWAC,2011.0,Alabama State,SWAC,16-23,,29.0,0-0,1.0,0.0,0.0,7.0,1.0,0.0,107.0,5.0,8.0,187.0,,1.0,4.0,30:42,,,,,45.0,0.0,257.0,,,,8-12,2.0,4-55,444.0,2.0,8.1,5.7,38
401767363,2025.0,7.0,regular,away,2011.0,Alabama State,SWAC,2296.0,Jackson State,SWAC,20-30,,25.0,0-0,0.0,1.0,0.0,0.0,1.0,0.0,91.0,4.0,10.0,349.0,,1.0,1.0,29:18,,,,,33.0,3.0,165.0,,,,6-11,0.0,7-75,514.0,1.0,11.6,5.0,34
401767390,2025.0,7.0,regular,away,2582.0,Southern,SWAC,2065.0,Bethune-Cookman,SWAC,14-26,,12.0,1-4,0.0,0.0,,,0.0,0.0,19.0,2.0,2.0,202.0,,,2.0,18:19,,,,,22.0,0.0,65.0,,,,1-9,2.0,9-60,267.0,0.0,7.8,3.0,14
401767390,2025.0,7.0,regular,home,2065.0,Bethune-Cookman,SWAC,2582.0,Southern,SWAC,30-39,,32.0,1-3,0.0,0.0,,,0.0,0.0,51.0,3.0,9.0,271.0,,,2.0,41:41,0.0,3.0,1.0,,43.0,4.0,227.0,,,,8-13,1.0,8-75,498.0,0.0,6.9,5.3,45
401767418,2025.0,7.0,regular,home,2755.0,Grambling,SWAC,2640.0,Texas Southern,SWAC,13-16,,16.0,0-0,3.0,0.0,0.0,0.0,1.0,1.0,151.0,3.0,2.0,143.0,,1.0,0.0,30:53,,,,,35.0,2.0,215.0,,,,4-9,4.0,4-38,358.0,4.0,8.9,6.1,20
401767418,2025.0,7.0,regular,away,2640.0,Texas Southern,SWAC,2755.0,Grambling,SWAC,11-20,,16.0,0-0,0.0,3.0,0.0,0.0,1.0,0.0,92.0,4.0,3.0,89.0,,1.0,1.0,29:07,,,,,40.0,2.0,228.0,,,,7-13,0.0,3-17,317.0,1.0,4.5,5.7,21
401767629,2025.0,7.0,regular,home,219.0,Pennsylvania,Ivy,2368.0,Marist,Pioneer,26-40,,22.0,0-2,0.0,1.0,,,0.0,0.0,28.0,2.0,4.0,335.0,,,2.0,30:13,,,,,27.0,2.0,128.0,,,,9-14,0.0,12-137,463.0,0.0,8.4,4.7,28
401767629,2025.0,7.0,regular,away,2368.0,Marist,Pioneer,219.0,Pennsylvania,Ivy,16-25,,15.0,0-2,1.0,0.0,,,0.0,0.0,59.0,3.0,3.0,152.0,,,1.0,29:47,,,,,28.0,0.0,98.0,,,,5-13,1.0,14-121,250.0,1.0,6.1,3.5,9
401767616,2025.0,7.0,regular,home,2674.0,Valparaiso,Pioneer,2168.0,Dayton,Pioneer,19-28,,16.0,0-1,2.0,0.0,,,2.0,0.0,78.0,4.0,4.0,207.0,,,1.0,31:31,0.0,12.0,1.0,,36.0,0.0,104.0,,,,5-15,2.0,3-14,311.0,4.0,7.4,2.9,10
401767616,2025.0,7.0,regular,away,2168.0,Dayton,Pioneer,2674.0,Valparaiso,Pioneer,16-24,,15.0,1-3,0.0,2.0,1.0,28.0,0.0,0.0,27.0,3.0,5.0,210.0,,2.0,3.0,28:29,0.0,18.0,1.0,,33.0,2.0,161.0,,,,4-12,0.0,3-30,371.0,0.0,8.8,4.9,41
401767622,2025.0,7.0,regular,home,301.0,San Diego,Pioneer,2181.0,Drake,Pioneer,15-29,,16.0,0-0,0.0,,,,0.0,0.0,19.0,1.0,10.0,182.0,,,1.0,29:57,0.0,2.0,2.0,,39.0,0.0,132.0,,,,6-18,,8-60,314.0,0.0,6.3,3.4,16
401767622,2025.0,7.0,regular,away,2181.0,Drake,Pioneer,301.0,San Diego,Pioneer,16-25,,18.0,1-2,0.0,0.0,,,0.0,0.0,18.0,1.0,7.0,161.0,,,0.0,30:03,0.0,2.0,1.0,,38.0,2.0,180.0,,,,5-15,1.0,5-30,341.0,0.0,6.4,4.7,19
401767637,2025.0,7.0,regular,home,56.0,Stetson,Pioneer,2413.0,Morehead State,Pioneer,9-17,,22.0,2-3,1.0,0.0,0.0,41.0,0.0,0.0,7.0,1.0,3.0,93.0,,2.0,1.0,35:56,0.0,33.0,2.0,,56.0,2.0,242.0,,,,5-14,1.0,5-45,335.0,1.0,5.5,4.3,21
401767637,2025.0,7.0,regular,away,2413.0,Morehead State,Pioneer,56.0,Stetson,Pioneer,13-28,,14.0,0-1,0.0,1.0,,,2.0,0.0,37.0,2.0,2.0,183.0,,,0.0,24:04,0.0,10.0,1.0,,27.0,2.0,99.0,,,,3-10,1.0,5-55,282.0,2.0,6.5,3.7,14
401767699,2025.0,7.0,regular,home,159.0,Dartmouth,Ivy,43.0,Yale,Ivy,15-22,,25.0,0-1,1.0,0.0,0.0,0.0,0.0,,,,5.0,158.0,,1.0,0.0,29:56,,,,,43.0,2.0,209.0,,,,5-10,1.0,4-34,367.0,1.0,7.2,4.9,17
401767699,2025.0,7.0,regular,away,43.0,Yale,Ivy,159.0,Dartmouth,Ivy,19-32,,22.0,0-2,0.0,1.0,,,1.0,0.0,42.0,2.0,4.0,196.0,,,2.0,30:04,0.0,0.0,1.0,,38.0,0.0,156.0,,,,10-16,0.0,7-85,352.0,1.0,6.1,4.1,16
401767576,2025.0,7.0,regular,away,2382.0,Mercer,Southern,163.0,Princeton,Ivy,27-42,,28.0,1-1,0.0,2.0,,,1.0,0.0,72.0,3.0,8.0,347.0,,,3.0,31:43,0.0,11.0,2.0,,31.0,2.0,156.0,,,,7-12,0.0,7-65,503.0,1.0,8.3,5.0,38
401767576,2025.0,7.0,regular,home,163.0,Princeton,Ivy,2382.0,Mercer,Southern,18-34,,18.0,1-3,2.0,0.0,0.0,55.0,0.0,0.0,88.0,3.0,2.0,191.0,,1.0,2.0,28:17,,,,,30.0,0.0,66.0,,,,5-14,4.0,4-40,257.0,2.0,5.6,2.2,14
401767691,2025.0,7.0,regular,away,172.0,Cornell,Ivy,108.0,Harvard,Ivy,18-30,,14.0,1-2,1.0,0.0,0.0,27.0,1.0,0.0,48.0,2.0,4.0,127.0,,1.0,0.0,26:05,,,,,28.0,1.0,66.0,,,,5-13,2.0,3-29,193.0,2.0,4.2,2.4,10
401767691,2025.0,7.0,regular,home,108.0,Harvard,Ivy,172.0,Cornell,Ivy,21-37,,22.0,0-1,0.0,1.0,1.0,39.0,1.0,0.0,23.0,2.0,10.0,237.0,,1.0,1.0,33:55,0.0,9.0,1.0,,36.0,1.0,176.0,,,,10-17,0.0,5-43,413.0,1.0,6.4,4.9,34
401767034,2025.0,7.0,regular,home,2803.0,Bryant,CAA,225.0,Brown,Ivy,16-27,,22.0,0-1,1.0,0.0,0.0,0.0,1.0,0.0,46.0,4.0,1.0,162.0,,1.0,1.0,30:00,,,,,35.0,2.0,188.0,,,,3-9,2.0,3-19,350.0,2.0,6.0,5.4,19
401767034,2025.0,7.0,regular,away,225.0,Brown,Ivy,2803.0,Bryant,CAA,29-44,,27.0,0-2,0.0,1.0,0.0,0.0,1.0,0.0,58.0,4.0,3.0,336.0,,1.0,1.0,30:00,,,,,38.0,3.0,117.0,,,,8-15,0.0,3-15,453.0,1.0,7.6,3.1,29
401767154,2025.0,7.0,regular,away,222.0,Villanova,CAA,2210.0,Elon,CAA,23-31,,20.0,3-4,0.0,,0.0,0.0,0.0,1.0,111.0,2.0,11.0,255.0,,1.0,2.0,35:21,0.0,39.0,2.0,,39.0,0.0,137.0,,,,7-15,,4-20,392.0,0.0,8.2,3.5,29
401767154,2025.0,7.0,regular,home,2210.0,Elon,CAA,222.0,Villanova,CAA,14-22,,18.0,0-0,0.0,,,,1.0,0.0,53.0,3.0,3.0,220.0,,,0.0,24:39,,,,,33.0,3.0,124.0,,,,5-10,,2-20,344.0,1.0,10.0,3.8,21
401767192,2025.0,7.0,regular,home,2771.0,Merrimack,FCS Independents,311.0,Maine,CAA,15-26,,15.0,2-2,1.0,0.0,0.0,0.0,2.0,0.0,118.0,5.0,7.0,129.0,,1.0,1.0,29:04,,,,,28.0,0.0,200.0,,,,5-12,2.0,6-47,329.0,3.0,5.0,7.1,13
401767192,2025.0,7.0,regular,away,311.0,Maine,CAA,2771.0,Merrimack,FCS Independents,12-25,,20.0,1-2,0.0,1.0,0.0,14.0,1.0,0.0,25.0,2.0,8.0,159.0,,2.0,0.0,30:56,,,,,38.0,2.0,241.0,,,,2-11,1.0,7-65,400.0,1.0,6.4,6.3,20
401767270,2025.0,7.0,regular,home,227.0,Rhode Island,CAA,160.0,New Hampshire,CAA,15-23,,20.0,0-0,0.0,1.0,,,1.0,0.0,22.0,1.0,8.0,164.0,,,0.0,28:52,0.0,64.0,2.0,,41.0,4.0,220.0,,,,8-13,1.0,9-79,384.0,1.0,7.1,5.4,38
401767270,2025.0,7.0,regular,away,160.0,New Hampshire,CAA,227.0,Rhode Island,CAA,16-32,,20.0,3-3,1.0,0.0,0.0,6.0,0.0,0.0,55.0,2.0,9.0,193.0,,1.0,2.0,31:08,0.0,27.0,3.0,,36.0,1.0,127.0,,,,3-13,2.0,4-35,320.0,1.0,6.0,3.5,27
401767079,2025.0,7.0,regular,home,149.0,Montana,Big Sky,13.0,Cal Poly,Big Sky,27-41,,27.0,1-2,1.0,0.0,1.0,34.0,1.0,0.0,49.0,2.0,4.0,257.0,,4.0,1.0,39:54,0.0,29.0,3.0,,44.0,2.0,177.0,,,,11-19,1.0,7-51,434.0,2.0,6.3,4.0,28
401767079,2025.0,7.0,regular,away,13.0,Cal Poly,Big Sky,149.0,Montana,Big Sky,16-39,,11.0,0-0,0.0,1.0,0.0,0.0,4.0,0.0,34.0,3.0,3.0,225.0,,1.0,1.0,20:06,0.0,4.0,1.0,,18.0,0.0,111.0,,,,2-14,0.0,6-70,336.0,4.0,5.8,6.2,9
401767116,2025.0,7.0,regular,away,2464.0,Northern Arizona,Big Sky,302.0,UC Davis,Big Sky,18-29,,21.0,2-4,3.0,1.0,,,0.0,0.0,181.0,7.0,6.0,245.0,,,1.0,34:46,,,,,42.0,2.0,165.0,,,,6-13,4.0,5-43,410.0,3.0,8.4,3.9,24
401767116,2025.0,7.0,regular,home,302.0,UC Davis,Big Sky,2464.0,Northern Arizona,Big Sky,25-29,,22.0,0-0,1.0,3.0,,,0.0,0.0,55.0,1.0,9.0,348.0,,,5.0,25:14,,,,,32.0,1.0,110.0,,,,8-11,2.0,6-45,458.0,1.0,12.0,3.4,45
401767084,2025.0,7.0,regular,home,147.0,Montana State,Big Sky,304.0,Idaho State,Big Sky,17-21,,35.0,1-1,0.0,1.0,0.0,24.0,0.0,0.0,13.0,1.0,6.0,184.0,,2.0,4.0,35:38,0.0,11.0,1.0,,53.0,3.0,384.0,,,,5-10,0.0,7-55,568.0,0.0,8.8,7.2,48
401767084,2025.0,7.0,regular,away,304.0,Idaho State,Big Sky,147.0,Montana State,Big Sky,26-48,,17.0,2-3,1.0,0.0,,,2.0,0.0,36.0,2.0,2.0,368.0,,,2.0,24:22,,,,,17.0,0.0,36.0,,,,5-15,1.0,5-44,404.0,3.0,7.7,2.1,14
401767133,2025.0,7.0,regular,home,2692.0,Weber State,Big Sky,16.0,Sacramento State,Big Sky,16-28,,19.0,1-2,0.0,,,,0.0,0.0,42.0,2.0,9.0,157.0,,,1.0,31:02,0.0,-4.0,1.0,,41.0,2.0,144.0,,,,5-13,,4-25,301.0,0.0,5.6,3.5,27
401767133,2025.0,7.0,regular,away,16.0,Sacramento State,Big Sky,2692.0,Weber State,Big Sky,6-10,,22.0,2-3,0.0,0.0,,,0.0,1.0,152.0,4.0,7.0,63.0,,,0.0,28:58,0.0,2.0,1.0,,50.0,7.0,397.0,,,,5-10,1.0,11-94,460.0,0.0,6.3,7.9,55
401756916,2025.0,7.0,regular,home,12.0,Arizona,Big 12,252.0,BYU,Big 12,25-45,0.0,23.0,4-6,0.0,,0.0,0.0,1.0,0.0,0.0,1.0,9.0,219.0,4.0,2.0,2.0,27:13,,,,5.0,33.0,1.0,165.0,1.0,30.0,4.0,4-17,,4-28,384.0,1.0,4.9,5.0,27
401756916,2025.0,7.0,regular,away,252.0,BYU,Big 12,12.0,Arizona,Big 12,12-29,0.0,24.0,2-3,0.0,0.0,0.0,3.0,2.0,,,,9.0,172.0,5.0,1.0,1.0,32:47,0.0,26.0,1.0,3.0,51.0,3.0,258.0,0.0,31.0,3.0,8-16,1.0,5-42,430.0,2.0,5.9,5.1,33
401756917,2025.0,7.0,regular,away,2116.0,UCF,Big 12,2132.0,Cincinnati,Big 12,28-49,0.0,26.0,3-6,1.0,0.0,,,0.0,0.0,10.0,1.0,3.0,222.0,3.0,,0.0,39:44,0.0,2.0,2.0,2.0,41.0,1.0,191.0,0.0,22.0,4.0,7-18,1.0,10-75,413.0,1.0,4.5,4.7,11
401756917,2025.0,7.0,regular,home,2132.0,Cincinnati,Big 12,2116.0,UCF,Big 12,12-21,0.0,14.0,0-0,0.0,1.0,,,0.0,,,,8.0,191.0,8.0,,2.0,20:16,0.0,2.0,1.0,5.0,27.0,0.0,115.0,2.0,39.0,5.0,2-9,2.0,7-80,306.0,0.0,9.1,4.3,20
401767344,2025.0,7.0,regular,away,2583.0,Southern Connecticut State,Northeast 10,2169.0,Delaware State,MEAC,16-27,,23.0,0-1,1.0,1.0,,,1.0,0.0,112.0,5.0,3.0,244.0,,,2.0,39:16,,,,,50.0,1.0,70.0,,,,7-17,1.0,3-25,314.0,2.0,9.0,1.4,23
401767344,2025.0,7.0,regular,home,2169.0,Delaware State,MEAC,2583.0,Southern Connecticut State,Northeast 10,10-12,,22.0,0-2,2.0,1.0,1.0,0.0,0.0,0.0,92.0,4.0,6.0,183.0,,1.0,2.0,20:44,0.0,33.0,4.0,,36.0,7.0,608.0,,,,2-4,2.0,12-122,791.0,2.0,15.3,16.9,70
401767353,2025.0,7.0,regular,home,2529.0,Sacred Heart,FCS Independents,47.0,Howard,MEAC,11-18,,21.0,0-0,1.0,0.0,,,0.0,0.0,27.0,3.0,12.0,147.0,,,1.0,30:33,0.0,35.0,4.0,,46.0,2.0,329.0,,,,6-15,1.0,6-30,476.0,1.0,8.2,7.2,32
401767353,2025.0,7.0,regular,away,47.0,Howard,MEAC,2529.0,Sacred Heart,FCS Independents,11-21,,12.0,1-2,0.0,1.0,,,0.0,0.0,17.0,2.0,2.0,80.0,,,0.0,29:27,0.0,7.0,1.0,,34.0,2.0,153.0,,,,2-12,0.0,8-58,233.0,0.0,3.8,4.5,14
401767400,2025.0,7.0,regular,away,2355.0,Virginia University Of Lynchburg,,2415.0,Morgan State,MEAC,15-30,,15.0,1-2,1.0,1.0,0.0,0.0,1.0,0.0,23.0,2.0,,148.0,,1.0,1.0,22:52,0.0,-4.0,1.0,,21.0,0.0,54.0,,,,3-11,1.0,3-23,202.0,2.0,4.9,2.6,6
401767400,2025.0,7.0,regular,home,2415.0,Morgan State,MEAC,2355.0,Virginia University Of Lynchburg,,15-24,,29.0,1-1,1.0,1.0,0.0,10.0,1.0,0.0,38.0,3.0,6.0,184.0,,1.0,1.0,37:08,0.0,34.0,1.0,,58.0,5.0,354.0,,,,10-15,1.0,10-79,538.0,2.0,7.7,6.1,44
401767407,2025.0,7.0,regular,home,2747.0,Wofford,Southern,2450.0,Norfolk State,MEAC,23-34,,23.0,0-1,1.0,0.0,0.0,5.0,1.0,0.0,53.0,3.0,7.0,248.0,,1.0,2.0,36:51,0.0,37.0,3.0,,41.0,2.0,187.0,,,,10-17,2.0,8-80,435.0,2.0,7.3,4.6,31
401767407,2025.0,7.0,regular,away,2450.0,Norfolk State,MEAC,2747.0,Wofford,Southern,16-29,,12.0,2-3,0.0,1.0,0.0,0.0,1.0,0.0,57.0,3.0,2.0,169.0,,1.0,2.0,23:09,,,,,25.0,0.0,73.0,,,,1-13,0.0,6-55,242.0,1.0,5.8,2.9,14
401767504,2025.0,7.0,regular,away,2754.0,Youngstown State,MVFC,155.0,North Dakota,MVFC,18-33,,17.0,2-5,0.0,,,,0.0,0.0,69.0,2.0,5.0,269.0,,,2.0,28:04,0.0,1.0,1.0,,30.0,0.0,108.0,,,,3-14,,7-64,377.0,0.0,8.2,3.6,17
401767504,2025.0,7.0,regular,home,155.0,North Dakota,MVFC,2754.0,Youngstown State,MVFC,17-27,,21.0,2-2,0.0,,,,0.0,0.0,73.0,2.0,5.0,146.0,,,3.0,31:56,0.0,56.0,4.0,,43.0,2.0,228.0,,,,6-17,,2-25,374.0,0.0,5.4,5.3,35
401767448,2025.0,7.0,regular,home,282.0,Indiana State,MVFC,233.0,South Dakota,MVFC,13-23,,8.0,0-1,0.0,,,,0.0,0.0,36.0,2.0,2.0,125.0,,,2.0,14:39,0.0,6.0,2.0,,19.0,0.0,85.0,,,,4-12,,4-34,210.0,0.0,5.4,4.5,14
401767448,2025.0,7.0,regular,away,233.0,South Dakota,MVFC,282.0,Indiana State,MVFC,16-25,,23.0,0-0,0.0,0.0,,,0.0,,,,13.0,186.0,,,0.0,45:21,0.0,-2.0,2.0,,52.0,1.0,190.0,,,,5-15,2.0,7-70,376.0,0.0,7.4,3.7,19
401767511,2025.0,7.0,regular,away,79.0,Southern Illinois,MVFC,2449.0,North Dakota State,MVFC,15-29,,22.0,0-0,2.0,0.0,,,1.0,0.0,24.0,2.0,5.0,190.0,,,0.0,27:14,0.0,0.0,1.0,,32.0,2.0,123.0,,,,5-11,2.0,3-12,313.0,3.0,6.6,3.8,17
401767511,2025.0,7.0,regular,home,2449.0,North Dakota State,MVFC,79.0,Southern Illinois,MVFC,16-19,,24.0,0-0,0.0,2.0,0.0,11.0,0.0,,,,9.0,276.0,,1.0,1.0,32:46,,,,,43.0,5.0,264.0,,,,8-12,0.0,5-50,540.0,0.0,14.5,6.1,45
401767537,2025.0,7.0,regular,away,2460.0,Northern Iowa,MVFC,2571.0,South Dakota State,MVFC,14-27,,14.0,1-3,1.0,0.0,,,4.0,,,,3.0,143.0,,,0.0,28:01,0.0,29.0,3.0,,30.0,0.0,78.0,,,,2-11,2.0,5-49,221.0,5.0,5.3,2.6,3
401767537,2025.0,7.0,regular,home,2571.0,South Dakota State,MVFC,2460.0,Northern Iowa,MVFC,20-33,,24.0,0-1,0.0,1.0,0.0,37.0,0.0,,,,7.0,262.0,,4.0,2.0,31:59,,,,,39.0,2.0,120.0,,,,5-14,0.0,8-85,382.0,0.0,7.9,3.1,31
401767752,2025.0,7.0,regular,away,2598.0,St. Francis (PA),NEC,2184.0,Duquesne,NEC,20-33,,11.0,2-3,1.0,0.0,,,1.0,0.0,118.0,7.0,1.0,120.0,,,1.0,29:31,0.0,9.0,2.0,,25.0,0.0,49.0,,,,1-13,2.0,5-40,169.0,2.0,3.6,2.0,7
401767752,2025.0,7.0,regular,home,2184.0,Duquesne,NEC,2598.0,St. Francis (PA),NEC,16-28,,16.0,0-1,0.0,1.0,0.0,0.0,0.0,1.0,111.0,2.0,10.0,228.0,,1.0,5.0,30:29,0.0,68.0,6.0,,32.0,0.0,95.0,,,,9-15,0.0,4-40,323.0,0.0,8.1,3.0,52
401767744,2025.0,7.0,regular,home,2523.0,Robert Morris,NEC,2115.0,Central Connecticut,NEC,25-42,,19.0,1-2,0.0,,,,2.0,0.0,66.0,3.0,0.0,356.0,,,1.0,32:23,0.0,1.0,3.0,,30.0,1.0,75.0,,,,6-16,,8-75,431.0,2.0,8.5,2.5,12
401767744,2025.0,7.0,regular,away,2115.0,Central Connecticut,NEC,2523.0,Robert Morris,NEC,19-34,,22.0,0-2,0.0,0.0,1.0,68.0,0.0,0.0,20.0,2.0,6.0,187.0,,2.0,1.0,27:37,0.0,12.0,1.0,,30.0,1.0,163.0,,,,3-11,1.0,3-37,350.0,0.0,5.5,5.4,24
401767776,2025.0,7.0,regular,away,2385.0,Mercyhurst,NEC,2681.0,Wagner,NEC,13-24,,19.0,2-3,0.0,1.0,,,0.0,0.0,42.0,2.0,1.0,191.0,,,1.0,33:28,0.0,1.0,2.0,,41.0,2.0,159.0,,,,4-12,0.0,4-45,350.0,0.0,8.0,3.9,19
401767776,2025.0,7.0,regular,home,2681.0,Wagner,NEC,2385.0,Mercyhurst,NEC,12-23,,17.0,1-3,1.0,0.0,,,0.0,0.0,1.0,1.0,1.0,183.0,,,1.0,26:32,0.0,4.0,2.0,,39.0,0.0,121.0,,,,5-14,3.0,3-30,304.0,1.0,8.0,3.1,7
401762482,2025.0,7.0,regular,home,2226.0,Florida Atlantic,American Athletic,5.0,UAB,American Athletic,21-31,0.0,24.0,4-5,0.0,,,,1.0,0.0,119.0,4.0,9.0,345.0,1.0,,4.0,24:47,0.0,53.0,2.0,2.0,31.0,3.0,149.0,5.0,32.0,8.0,3-10,,5-56,494.0,1.0,11.1,4.8,53
401762482,2025.0,7.0,regular,away,5.0,UAB,American Athletic,2226.0,Florida Atlantic,American Athletic,29-41,0.0,19.0,2-3,0.0,,0.0,7.0,0.0,0.0,22.0,2.0,3.0,261.0,1.0,1.0,1.0,35:13,,,,3.0,28.0,3.0,68.0,0.0,29.0,1.0,7-17,,14-118,329.0,0.0,6.4,2.4,33
401762483,2025.0,7.0,regular,home,349.0,Army,American Athletic,2429.0,Charlotte,American Athletic,2-6,0.0,20.0,2-3,1.0,1.0,,,0.0,,,,6.0,50.0,2.0,,0.0,37:54,0.0,20.0,1.0,6.0,63.0,3.0,305.0,2.0,27.0,5.0,8-14,1.0,1-15,355.0,1.0,8.3,4.8,24
401762483,2025.0,7.0,regular,away,2429.0,Charlotte,American Athletic,349.0,Army,American Athletic,16-26,0.0,11.0,2-5,1.0,1.0,,,0.0,0.0,32.0,2.0,1.0,110.0,0.0,,1.0,22:06,,,,4.0,29.0,0.0,68.0,0.0,37.0,4.0,5-14,2.0,2-20,178.0,1.0,4.2,2.3,7
401762485,2025.0,7.0,regular,home,2636.0,UTSA,American Athletic,242.0,Rice,American Athletic,16-25,2.0,21.0,1-2,0.0,1.0,1.0,17.0,0.0,0.0,21.0,1.0,11.0,246.0,5.0,1.0,3.0,27:25,0.0,32.0,2.0,5.0,34.0,3.0,191.0,2.0,54.0,17.0,4-10,1.0,6-50,437.0,0.0,9.8,5.6,61
401762485,2025.0,7.0,regular,away,242.0,Rice,American Athletic,2636.0,UTSA,American Athletic,10-19,0.0,12.0,1-4,1.0,0.0,,,1.0,0.0,40.0,2.0,7.0,79.0,2.0,,0.0,32:35,,,,4.0,50.0,1.0,190.0,1.0,30.0,6.0,6-18,4.0,6-65,269.0,2.0,4.2,3.8,13
401757279,2025.0,7.0,regular,home,2534.0,Sam Houston,Conference USA,55.0,Jacksonville State,Conference USA,12-19,0.0,15.0,0-0,1.0,1.0,,,0.0,0.0,51.0,3.0,3.0,136.0,1.0,,3.0,24:47,0.0,-1.0,1.0,1.0,33.0,1.0,150.0,0.0,65.0,7.0,4-12,2.0,5-41,286.0,1.0,7.2,4.5,27
401757279,2025.0,7.0,regular,away,55.0,Jacksonville State,Conference USA,2534.0,Sam Houston,Conference USA,13-17,0.0,26.0,3-4,1.0,1.0,,,0.0,0.0,17.0,1.0,11.0,129.0,1.0,,0.0,35:13,0.0,11.0,1.0,0.0,63.0,3.0,370.0,4.0,36.0,8.0,4-15,2.0,7-76,499.0,1.0,7.6,5.9,29
401767560,2025.0,7.0,regular,away,2678.0,VMI,Southern,2193.0,East Tennessee State,Southern,11-30,,5.0,0-0,1.0,3.0,1.0,10.0,1.0,0.0,47.0,2.0,4.0,69.0,,1.0,0.0,28:47,,,,,30.0,0.0,13.0,,,,1-16,2.0,7-76,82.0,2.0,2.3,0.4,10
401767560,2025.0,7.0,regular,home,2193.0,East Tennessee State,Southern,2678.0,VMI,Southern,16-26,,24.0,1-2,3.0,1.0,0.0,1.0,1.0,0.0,31.0,1.0,9.0,225.0,,1.0,2.0,31:13,1.0,140.0,6.0,,51.0,3.0,284.0,,,,3-13,3.0,6-59,509.0,4.0,8.7,5.6,45
401767470,2025.0,7.0,regular,away,2466.0,Northwestern State,Southland,2277.0,Houston Christian,Southland,15-32,,21.0,1-2,0.0,1.0,,,2.0,0.0,22.0,1.0,5.0,124.0,,,2.0,32:00,,,,,39.0,0.0,206.0,,,,5-13,0.0,6-74,330.0,2.0,3.9,5.3,17
401767470,2025.0,7.0,regular,home,2277.0,Houston Christian,Southland,2466.0,Northwestern State,Southland,13-24,,20.0,0-2,1.0,0.0,0.0,14.0,0.0,0.0,56.0,3.0,2.0,117.0,,2.0,1.0,28:00,,,,,39.0,2.0,242.0,,,,8-15,1.0,9-83,359.0,1.0,4.9,6.2,20
401767567,2025.0,7.0,regular,home,2717.0,Western Carolina,Southern,231.0,Furman,Southern,17-24,,23.0,1-2,0.0,2.0,1.0,64.0,0.0,,,,10.0,220.0,,3.0,4.0,29:44,0.0,60.0,4.0,,45.0,2.0,302.0,,,,8-15,0.0,15-135,522.0,0.0,9.2,6.7,52
401767567,2025.0,7.0,regular,away,231.0,Furman,Southern,2717.0,Western Carolina,Southern,19-38,,23.0,0-1,2.0,0.0,,,3.0,0.0,108.0,6.0,1.0,219.0,,,1.0,30:16,0.0,-1.0,1.0,,37.0,0.0,137.0,,,,8-16,2.0,4-40,356.0,5.0,5.8,3.7,7
401767583,2025.0,7.0,regular,away,2673.0,Valdosta State,Gulf South,2643.0,The Citadel,Southern,21-32,,13.0,1-2,1.0,0.0,0.0,14.0,0.0,0.0,43.0,3.0,2.0,144.0,,1.0,0.0,28:39,,,,,28.0,2.0,8.0,,,,5-15,1.0,4-49,152.0,1.0,4.5,0.3,14
401767583,2025.0,7.0,regular,home,2643.0,The Citadel,Southern,2673.0,Valdosta State,Gulf South,3-9,,15.0,0-1,0.0,1.0,,,1.0,0.0,17.0,2.0,8.0,44.0,,,0.0,30:04,0.0,23.0,3.0,,50.0,5.0,355.0,,,,7-12,1.0,3-36,399.0,1.0,4.9,7.1,38
401754561,2025.0,7.0,regular,home,2567.0,SMU,ACC,24.0,Stanford,ACC,22-30,1.0,17.0,2-2,0.0,1.0,1.0,96.0,0.0,,,,10.0,247.0,6.0,1.0,2.0,23:30,0.0,4.0,3.0,6.0,23.0,1.0,123.0,6.0,30.0,8.0,3-11,0.0,7-53,370.0,0.0,8.2,5.3,34
401754561,2025.0,7.0,regular,away,24.0,Stanford,ACC,2567.0,SMU,ACC,22-41,0.0,23.0,2-3,1.0,0.0,,,1.0,0.0,39.0,2.0,4.0,278.0,4.0,,1.0,36:30,0.0,0.0,1.0,1.0,33.0,0.0,75.0,2.0,27.0,3.0,5-16,3.0,10-95,353.0,2.0,6.8,2.3,10
401754559,2025.0,7.0,regular,away,221.0,Pittsburgh,ACC,52.0,Florida State,ACC,21-29,0.0,23.0,3-3,0.0,1.0,,,2.0,,,,10.0,321.0,1.0,,2.0,32:35,,,,3.0,41.0,2.0,158.0,2.0,31.0,5.0,5-14,2.0,5-55,479.0,2.0,11.1,3.9,34
401754559,2025.0,7.0,regular,home,52.0,Florida State,ACC,221.0,Pittsburgh,ACC,16-23,0.0,21.0,0-0,1.0,0.0,0.0,12.0,0.0,0.0,48.0,2.0,7.0,245.0,0.0,2.0,3.0,27:25,,,,4.0,40.0,1.0,170.0,5.0,36.0,8.0,6-12,2.0,8-72,415.0,1.0,10.7,4.3,31
401754560,2025.0,7.0,regular,away,259.0,Virginia Tech,ACC,59.0,Georgia Tech,ACC,13-21,0.0,20.0,3-4,0.0,,,,1.0,0.0,22.0,1.0,2.0,181.0,1.0,,2.0,28:06,0.0,28.0,2.0,0.0,33.0,1.0,188.0,0.0,48.0,6.0,0-8,,10-82,369.0,1.0,8.6,5.7,20
401754560,2025.0,7.0,regular,home,59.0,Georgia Tech,ACC,259.0,Virginia Tech,ACC,20-24,0.0,28.0,1-1,0.0,,0.0,0.0,0.0,0.0,18.0,1.0,9.0,213.0,2.0,1.0,1.0,31:54,0.0,42.0,1.0,2.0,41.0,3.0,270.0,4.0,34.0,6.0,7-12,,6-70,483.0,0.0,8.9,6.6,35
401754558,2025.0,7.0,regular,away,228.0,Clemson,ACC,103.0,Boston College,ACC,23-33,0.0,28.0,3-4,1.0,1.0,0.0,0.0,2.0,0.0,36.0,2.0,11.0,278.0,3.0,1.0,1.0,37:21,0.0,-9.0,2.0,3.0,43.0,4.0,226.0,5.0,32.0,7.0,6-12,1.0,3-28,504.0,3.0,8.4,5.3,41
401754558,2025.0,7.0,regular,home,103.0,Boston College,ACC,228.0,Clemson,ACC,15-29,0.0,15.0,1-4,1.0,1.0,0.0,31.0,1.0,,,,4.0,136.0,1.0,2.0,0.0,22:39,,,,6.0,32.0,1.0,85.0,1.0,47.0,5.0,3-12,1.0,3-40,221.0,2.0,4.7,2.7,10
401756922,2025.0,7.0,regular,home,254.0,Utah,Big 12,9.0,Arizona State,Big 12,8-13,0.0,23.0,2-2,0.0,,,,0.0,0.0,6.0,1.0,6.0,136.0,5.0,,0.0,23:34,0.0,24.0,1.0,0.0,40.0,6.0,279.0,5.0,38.0,7.0,4-8,,4-45,415.0,0.0,10.5,7.0,42
401756922,2025.0,7.0,regular,away,9.0,Arizona State,Big 12,254.0,Utah,Big 12,18-38,0.0,23.0,4-5,0.0,,,,0.0,0.0,23.0,1.0,4.0,124.0,1.0,,0.0,36:26,,,,0.0,40.0,1.0,135.0,0.0,30.0,1.0,7-18,,7-57,259.0,0.0,3.3,3.4,10
401752863,2025.0,7.0,regular,home,127.0,Michigan State,Big Ten,26.0,UCLA,Big Ten,16-35,0.0,14.0,0-4,1.0,0.0,,,0.0,0.0,10.0,1.0,1.0,166.0,2.0,,1.0,23:36,,,,0.0,25.0,1.0,87.0,2.0,31.0,3.0,8-15,1.0,2-14,253.0,1.0,4.7,3.5,13
401752863,2025.0,7.0,regular,away,26.0,UCLA,Big Ten,127.0,Michigan State,Big Ten,16-24,0.0,20.0,3-3,0.0,1.0,,,0.0,,,,8.0,180.0,4.0,,3.0,36:24,0.0,28.0,3.0,2.0,43.0,2.0,238.0,1.0,25.0,4.0,6-13,1.0,8-60,418.0,0.0,7.5,5.5,38
401752868,2025.0,7.0,regular,away,130.0,Michigan,Big Ten,30.0,USC,Big Ten,15-26,0.0,17.0,0-2,0.0,1.0,0.0,0.0,2.0,,,,1.0,207.0,1.0,1.0,2.0,26:38,,,,2.0,31.0,0.0,109.0,0.0,52.0,5.0,2-9,1.0,4-37,316.0,2.0,8.0,3.5,13
401752868,2025.0,7.0,regular,home,30.0,USC,Big Ten,130.0,Michigan,Big Ten,25-32,0.0,24.0,1-1,1.0,0.0,0.0,14.0,1.0,0.0,45.0,2.0,7.0,265.0,2.0,2.0,2.0,33:22,0.0,7.0,2.0,2.0,35.0,2.0,225.0,3.0,40.0,5.0,6-12,2.0,3-31,490.0,2.0,8.3,6.4,31
401752866,2025.0,7.0,regular,home,213.0,Penn State,Big Ten,77.0,Northwestern,Big Ten,13-20,0.0,13.0,1-2,1.0,1.0,,,1.0,0.0,49.0,3.0,3.0,137.0,2.0,,0.0,25:14,0.0,6.0,2.0,2.0,31.0,3.0,137.0,2.0,39.0,2.0,6-11,1.0,6-71,274.0,2.0,6.9,4.4,21
401752866,2025.0,7.0,regular,away,77.0,Northwestern,Big Ten,213.0,Penn State,Big Ten,17-26,0.0,23.0,0-0,1.0,1.0,0.0,33.0,0.0,,,,10.0,163.0,1.0,1.0,1.0,34:46,0.0,2.0,1.0,2.0,39.0,1.0,129.0,0.0,28.0,2.0,5-12,1.0,2-10,292.0,1.0,6.3,3.3,22
401752870,2025.0,7.0,regular,home,2483.0,Oregon,Big Ten,84.0,Indiana,Big Ten,21-34,1.0,14.0,3-4,0.0,,1.0,35.0,2.0,,,,8.0,186.0,6.0,1.0,1.0,26:50,0.0,8.0,2.0,3.0,30.0,0.0,81.0,1.0,35.0,4.0,3-14,,7-64,267.0,2.0,5.5,2.7,20
401752870,2025.0,7.0,regular,away,84.0,Indiana,Big Ten,2483.0,Oregon,Big Ten,20-31,0.0,23.0,0-1,0.0,0.0,0.0,0.0,1.0,,,,12.0,215.0,2.0,2.0,1.0,33:10,0.0,0.0,1.0,4.0,33.0,2.0,128.0,6.0,21.0,8.0,5-14,1.0,8-45,343.0,1.0,6.9,3.9,30
401752867,2025.0,7.0,regular,away,158.0,Nebraska,Big Ten,120.0,Maryland,Big Ten,20-29,0.0,23.0,0-1,0.0,,,,3.0,0.0,162.0,4.0,10.0,260.0,1.0,,4.0,28:33,0.0,3.0,2.0,0.0,29.0,0.0,194.0,1.0,46.0,4.0,3-7,,6-49,454.0,3.0,9.0,6.7,34
401752867,2025.0,7.0,regular,home,120.0,Maryland,Big Ten,158.0,Nebraska,Big Ten,27-37,1.0,18.0,0-2,0.0,,1.0,73.0,0.0,0.0,35.0,2.0,7.0,249.0,2.0,3.0,1.0,31:27,,,,0.0,30.0,2.0,130.0,1.0,47.0,3.0,7-15,,8-100,379.0,0.0,6.7,4.3,31
401752864,2025.0,7.0,regular,away,2509.0,Purdue,Big Ten,135.0,Minnesota,Big Ten,21-42,0.0,25.0,2-3,1.0,0.0,0.0,18.0,3.0,,,,8.0,203.0,12.0,1.0,0.0,34:30,0.0,4.0,1.0,4.0,40.0,2.0,253.0,2.0,31.0,6.0,6-16,1.0,9-71,456.0,4.0,4.8,6.3,20
401752864,2025.0,7.0,regular,home,135.0,Minnesota,Big Ten,2509.0,Purdue,Big Ten,21-45,1.0,17.0,1-1,0.0,1.0,1.0,35.0,1.0,0.0,33.0,2.0,9.0,232.0,2.0,3.0,2.0,25:30,0.0,16.0,3.0,8.0,18.0,0.0,30.0,0.0,38.0,2.0,5-15,0.0,3-20,262.0,1.0,5.2,1.7,27
401752862,2025.0,7.0,regular,home,264.0,Washington,Big Ten,164.0,Rutgers,Big Ten,21-27,0.0,26.0,1-1,1.0,0.0,0.0,0.0,0.0,0.0,39.0,2.0,8.0,402.0,6.0,1.0,2.0,29:48,0.0,3.0,1.0,3.0,29.0,3.0,188.0,3.0,45.0,3.0,4-9,2.0,9-83,590.0,1.0,14.9,6.5,38
401752862,2025.0,7.0,regular,away,164.0,Rutgers,Big Ten,264.0,Washington,Big Ten,31-50,0.0,25.0,3-5,0.0,1.0,,,1.0,0.0,24.0,1.0,7.0,386.0,2.0,,2.0,30:12,,,,1.0,27.0,0.0,107.0,1.0,44.0,4.0,5-15,0.0,4-31,493.0,1.0,7.7,4.0,19
401752865,2025.0,7.0,regular,home,356.0,Illinois,Big Ten,194.0,Ohio State,Big Ten,30-44,0.0,22.0,3-5,2.0,0.0,,,1.0,0.0,34.0,2.0,4.0,248.0,3.0,,1.0,26:49,,,,0.0,27.0,1.0,47.0,0.0,41.0,4.0,4-14,2.0,4-19,295.0,3.0,5.6,1.7,16
401752865,2025.0,7.0,regular,away,194.0,Ohio State,Big Ten,356.0,Illinois,Big Ten,19-27,0.0,17.0,1-1,0.0,2.0,0.0,15.0,0.0,0.0,37.0,1.0,10.0,166.0,5.0,1.0,2.0,33:11,0.0,-2.0,1.0,2.0,35.0,2.0,109.0,4.0,46.0,6.0,8-15,0.0,7-59,275.0,0.0,6.1,3.1,34
401752869,2025.0,7.0,regular,away,2294.0,Iowa,Big Ten,275.0,Wisconsin,Big Ten,18-25,0.0,18.0,1-1,0.0,1.0,0.0,35.0,1.0,0.0,23.0,1.0,13.0,109.0,4.0,2.0,0.0,31:15,0.0,34.0,3.0,1.0,36.0,4.0,210.0,0.0,35.0,2.0,5-12,0.0,2-10,319.0,1.0,4.4,5.8,37
401752869,2025.0,7.0,regular,home,275.0,Wisconsin,Big Ten,2294.0,Iowa,Big Ten,8-21,0.0,12.0,0-2,1.0,0.0,0.0,0.0,2.0,0.0,52.0,3.0,,82.0,1.0,1.0,0.0,28:45,0.0,6.0,1.0,0.0,36.0,0.0,127.0,0.0,42.0,5.0,5-13,2.0,3-35,209.0,3.0,3.9,3.5,0
401762835,2025.0,7.0,regular,away,2649.0,Toledo,Mid-American,189.0,Bowling Green,Mid-American,19-30,0.0,23.0,0-2,1.0,0.0,0.0,0.0,1.0,0.0,35.0,3.0,3.0,264.0,2.0,1.0,1.0,34:08,0.0,9.0,1.0,0.0,42.0,2.0,165.0,0.0,34.0,7.0,3-13,2.0,13-109,429.0,2.0,8.8,3.9,23
401762835,2025.0,7.0,regular,home,189.0,Bowling Green,Mid-American,2649.0,Toledo,Mid-American,10-17,0.0,10.0,0-1,0.0,1.0,0.0,0.0,1.0,0.0,89.0,4.0,4.0,165.0,4.0,1.0,3.0,25:52,0.0,27.0,4.0,4.0,36.0,1.0,61.0,2.0,47.0,9.0,2-12,0.0,7-55,226.0,1.0,9.7,1.7,28
401762833,2025.0,7.0,regular,home,2006.0,Akron,Mid-American,193.0,Miami (OH),Mid-American,21-39,0.0,17.0,0-2,0.0,,0.0,0.0,1.0,0.0,72.0,3.0,1.0,211.0,3.0,1.0,1.0,25:48,,,,6.0,25.0,0.0,62.0,0.0,41.0,4.0,6-14,,10-60,273.0,1.0,5.4,2.5,7
401762833,2025.0,7.0,regular,away,193.0,Miami (OH),Mid-American,2006.0,Akron,Mid-American,14-26,0.0,20.0,1-2,0.0,,0.0,9.0,1.0,,,,8.0,203.0,7.0,1.0,1.0,34:12,0.0,7.0,1.0,3.0,39.0,1.0,150.0,3.0,29.0,8.0,4-12,,4-30,353.0,1.0,7.8,3.8,20
401762834,2025.0,7.0,regular,home,2711.0,Western Michigan,Mid-American,2050.0,Ball State,Mid-American,24-29,0.0,25.0,1-2,1.0,2.0,,,1.0,0.0,16.0,1.0,6.0,242.0,3.0,,3.0,35:37,0.0,9.0,3.0,3.0,43.0,3.0,220.0,5.0,28.0,10.0,8-14,2.0,4-30,462.0,2.0,8.3,5.1,42
401762834,2025.0,7.0,regular,away,2050.0,Ball State,Mid-American,2711.0,Western Michigan,Mid-American,13-23,0.0,5.0,0-1,2.0,1.0,0.0,6.0,0.0,0.0,22.0,3.0,,68.0,3.0,1.0,0.0,24:23,0.0,-2.0,1.0,1.0,27.0,0.0,20.0,0.0,56.0,3.0,1-13,2.0,4-31,88.0,2.0,3.0,0.7,0
401762836,2025.0,7.0,regular,away,2459.0,Northern Illinois,Mid-American,2199.0,Eastern Michigan,Mid-American,11-26,0.0,14.0,3-5,0.0,,0.0,11.0,1.0,0.0,48.0,2.0,4.0,94.0,0.0,1.0,0.0,29:54,0.0,33.0,3.0,15.0,39.0,1.0,216.0,0.0,28.0,3.0,4-16,,0-0,310.0,1.0,3.6,5.5,10
401762836,2025.0,7.0,regular,home,2199.0,Eastern Michigan,Mid-American,2459.0,Northern Illinois,Mid-American,19-32,0.0,17.0,1-1,0.0,,0.0,39.0,1.0,0.0,7.0,1.0,10.0,147.0,0.0,1.0,1.0,30:06,,,,11.0,37.0,0.0,152.0,0.0,28.0,5.0,6-16,,6-40,299.0,1.0,4.6,4.1,16
401760390,2025.0,7.0,regular,home,2440.0,Nevada,Mountain West,21.0,San Diego State,Mountain West,16-32,0.0,15.0,1-2,0.0,0.0,,,2.0,0.0,25.0,1.0,4.0,177.0,1.0,,1.0,28:36,0.0,11.0,2.0,0.0,31.0,0.0,77.0,2.0,40.0,6.0,4-15,1.0,2-10,254.0,2.0,5.5,2.5,10
401760390,2025.0,7.0,regular,away,21.0,San Diego State,Mountain West,2440.0,Nevada,Mountain West,14-18,2.0,19.0,0-1,0.0,,1.0,0.0,0.0,0.0,23.0,1.0,14.0,205.0,3.0,2.0,2.0,31:24,1.0,85.0,2.0,0.0,40.0,1.0,206.0,2.0,35.0,3.0,3-10,,4-43,411.0,0.0,11.4,5.2,44
401760391,2025.0,7.0,regular,home,2751.0,Wyoming,Mountain West,23.0,San José State,Mountain West,23-39,2.0,20.0,1-3,1.0,2.0,1.0,65.0,2.0,0.0,41.0,2.0,5.0,304.0,1.0,1.0,2.0,25:06,1.0,86.0,4.0,4.0,25.0,1.0,109.0,2.0,39.0,8.0,4-12,2.0,6-60,413.0,3.0,7.8,4.4,35
401760391,2025.0,7.0,regular,away,23.0,San José State,Mountain West,2751.0,Wyoming,Mountain West,31-55,0.0,21.0,1-2,1.0,1.0,0.0,0.0,1.0,0.0,118.0,2.0,4.0,340.0,6.0,2.0,4.0,34:54,0.0,10.0,1.0,0.0,27.0,0.0,43.0,2.0,39.0,4.0,6-19,1.0,10-80,383.0,2.0,6.2,1.6,28
401760388,2025.0,7.0,regular,away,278.0,Fresno State,Mountain West,36.0,Colorado State,Mountain West,28-49,0.0,28.0,1-4,1.0,0.0,,,3.0,0.0,24.0,1.0,3.0,350.0,1.0,,3.0,34:48,0.0,21.0,3.0,3.0,31.0,0.0,119.0,1.0,20.0,6.0,4-12,1.0,13-117,469.0,4.0,7.1,3.8,21
401760388,2025.0,7.0,regular,home,36.0,Colorado State,Mountain West,278.0,Fresno State,Mountain West,12-18,1.0,15.0,1-1,0.0,1.0,0.0,53.0,0.0,,,,7.0,144.0,7.0,3.0,3.0,25:12,0.0,0.0,1.0,10.0,35.0,3.0,190.0,5.0,37.0,8.0,4-12,1.0,7-95,334.0,0.0,8.0,5.4,49
401760389,2025.0,7.0,regular,away,328.0,Utah State,Mountain West,62.0,Hawai'i,Mountain West,19-37,0.0,20.0,1-2,1.0,0.0,0.0,22.0,1.0,0.0,93.0,6.0,8.0,269.0,2.0,1.0,2.0,25:59,,,,4.0,29.0,1.0,166.0,5.0,41.0,7.0,2-12,2.0,11-73,435.0,2.0,7.3,5.7,26
401760389,2025.0,7.0,regular,home,62.0,Hawai'i,Mountain West,328.0,Utah State,Mountain West,34-54,0.0,26.0,1-2,0.0,1.0,0.0,0.0,1.0,,,,14.0,413.0,4.0,1.0,3.0,34:01,0.0,3.0,1.0,6.0,26.0,2.0,136.0,3.0,39.0,4.0,5-16,0.0,5-44,549.0,1.0,7.6,5.2,44
401760387,2025.0,7.0,regular,away,167.0,New Mexico,Mountain West,68.0,Boise State,Mountain West,15-30,1.0,11.0,2-3,1.0,0.0,,,2.0,1.0,118.0,2.0,5.0,182.0,4.0,,2.0,19:25,,,,0.0,23.0,0.0,50.0,4.0,48.0,11.0,4-13,1.0,8-69,232.0,3.0,6.1,2.2,25
401760387,2025.0,7.0,regular,home,68.0,Boise State,Mountain West,167.0,New Mexico,Mountain West,22-32,0.0,27.0,6-7,0.0,1.0,0.0,10.0,0.0,0.0,19.0,1.0,11.0,236.0,3.0,2.0,3.0,40:35,0.0,7.0,1.0,7.0,52.0,2.0,163.0,2.0,26.0,5.0,7-18,0.0,7-50,399.0,0.0,7.4,3.1,41
401760386,2025.0,7.0,regular,home,2439.0,UNLV,Mountain West,2005.0,Air Force,Mountain West,21-33,0.0,24.0,0-1,0.0,1.0,,,0.0,0.0,61.0,3.0,13.0,377.0,0.0,,2.0,23:09,0.0,1.0,2.0,2.0,27.0,4.0,220.0,0.0,35.0,1.0,5-11,0.0,9-79,597.0,0.0,11.4,8.1,51
401760386,2025.0,7.0,regular,away,2005.0,Air Force,Mountain West,2439.0,UNLV,Mountain West,10-17,0.0,32.0,3-4,1.0,0.0,,,0.0,,,,6.0,175.0,2.0,,1.0,36:51,,,,2.0,66.0,6.0,428.0,0.0,21.0,0.0,4-10,1.0,7-71,603.0,1.0,10.3,6.5,48
401752731,2025.0,7.0,regular,away,61.0,Georgia,SEC,2.0,Auburn,SEC,24-38,0.0,21.0,2-3,0.0,1.0,,,0.0,0.0,24.0,1.0,8.0,217.0,5.0,,0.0,30:12,,,,3.0,29.0,2.0,79.0,1.0,42.0,4.0,5-14,0.0,6-60,296.0,0.0,5.7,2.7,20
401752731,2025.0,7.0,regular,home,2.0,Auburn,SEC,61.0,Georgia,SEC,19-31,0.0,18.0,1-3,1.0,0.0,,,0.0,,,,4.0,137.0,4.0,,0.0,29:48,0.0,13.0,1.0,4.0,35.0,1.0,141.0,2.0,39.0,6.0,8-17,1.0,11-103,278.0,1.0,4.4,4.0,10
401752735,2025.0,7.0,regular,home,2633.0,Tennessee,SEC,8.0,Arkansas,SEC,16-25,0.0,22.0,0-0,0.0,3.0,,,0.0,,,,10.0,221.0,2.0,,1.0,25:05,,,,6.0,38.0,3.0,273.0,5.0,38.0,9.0,2-9,0.0,10-78,494.0,0.0,8.8,7.2,34
401752735,2025.0,7.0,regular,away,8.0,Arkansas,SEC,2633.0,Tennessee,SEC,21-31,0.0,29.0,1-2,3.0,0.0,,,0.0,0.0,43.0,2.0,7.0,256.0,3.0,,2.0,34:55,0.0,7.0,2.0,1.0,44.0,2.0,241.0,0.0,25.0,2.0,7-13,4.0,1-10,497.0,3.0,8.3,5.5,31
401752737,2025.0,7.0,regular,home,245.0,Texas A&M,SEC,57.0,Florida,SEC,16-26,0.0,19.0,0-0,0.0,2.0,,,1.0,,,,10.0,234.0,5.0,,1.0,33:42,0.0,0.0,1.0,4.0,42.0,3.0,183.0,3.0,29.0,6.0,9-17,0.0,3-30,417.0,1.0,9.0,4.4,34
401752737,2025.0,7.0,regular,away,57.0,Florida,SEC,245.0,Texas A&M,SEC,21-37,0.0,15.0,0-1,2.0,0.0,0.0,0.0,0.0,0.0,26.0,1.0,5.0,245.0,2.0,1.0,2.0,26:18,0.0,8.0,1.0,1.0,24.0,0.0,74.0,0.0,37.0,0.0,1-10,3.0,6-54,319.0,2.0,6.6,3.1,17
401752732,2025.0,7.0,regular,away,2579.0,South Carolina,SEC,99.0,LSU,SEC,15-27,0.0,20.0,0-2,1.0,1.0,0.0,0.0,1.0,0.0,43.0,2.0,4.0,124.0,1.0,2.0,0.0,31:45,0.0,20.0,3.0,4.0,45.0,1.0,193.0,0.0,34.0,4.0,6-16,1.0,13-65,317.0,2.0,4.6,4.3,10
401752732,2025.0,7.0,regular,home,99.0,LSU,SEC,2579.0,South Carolina,SEC,20-33,0.0,22.0,0-0,1.0,1.0,0.0,0.0,2.0,0.0,22.0,1.0,8.0,254.0,4.0,1.0,2.0,28:15,0.0,-8.0,1.0,5.0,28.0,0.0,168.0,5.0,43.0,6.0,4-11,2.0,5-54,422.0,3.0,7.7,6.0,20
401752734,2025.0,7.0,regular,away,333.0,Alabama,SEC,142.0,Missouri,SEC,23-31,0.0,22.0,3-3,1.0,0.0,0.0,0.0,0.0,0.0,36.0,2.0,9.0,200.0,2.0,2.0,3.0,38:33,0.0,15.0,1.0,7.0,43.0,0.0,126.0,2.0,25.0,2.0,6-15,1.0,5-30,326.0,1.0,6.5,2.9,27
401752734,2025.0,7.0,regular,home,142.0,Missouri,SEC,333.0,Alabama,SEC,16-28,0.0,15.0,2-3,0.0,1.0,,,2.0,0.0,39.0,2.0,6.0,167.0,1.0,,2.0,21:27,0.0,8.0,1.0,15.0,28.0,1.0,163.0,4.0,44.0,7.0,1-10,2.0,4-45,330.0,2.0,6.0,5.8,24
401752736,2025.0,7.0,regular,home,251.0,Texas,SEC,201.0,Oklahoma,SEC,21-27,1.0,15.0,0-0,0.0,,0.0,11.0,0.0,0.0,22.0,1.0,11.0,166.0,6.0,3.0,1.0,30:58,1.0,75.0,1.0,4.0,32.0,0.0,138.0,5.0,31.0,7.0,10-17,,4-31,304.0,0.0,6.1,4.3,23
401752736,2025.0,7.0,regular,away,201.0,Oklahoma,SEC,251.0,Texas,SEC,21-39,0.0,16.0,2-4,0.0,0.0,,,3.0,,,,6.0,210.0,3.0,,0.0,29:02,0.0,13.0,1.0,2.0,30.0,0.0,48.0,1.0,41.0,12.0,6-17,1.0,5-35,258.0,3.0,5.4,1.6,6
401767429,2025.0,8.0,regular,home,2400.0,Mississippi Valley State,SWAC,124179.0,Lincoln (CA),Independent DII,4-10,,13.0,1-3,0.0,1.0,1.0,61.0,0.0,0.0,15.0,1.0,7.0,97.0,,3.0,1.0,21:01,0.0,22.0,2.0,,32.0,5.0,178.0,,,,3-8,1.0,7-70,275.0,0.0,9.7,5.6,49
401767429,2025.0,8.0,regular,away,124179.0,Lincoln (CA),Independent DII,2400.0,Mississippi Valley State,SWAC,27-46,,19.0,1-3,1.0,0.0,,,3.0,0.0,74.0,6.0,0.0,260.0,,,0.0,38:59,,,,,24.0,0.0,-35.0,,,,7-17,3.0,10-89,225.0,4.0,5.7,-1.5,0
401767092,2025.0,8.0,regular,home,331.0,Eastern Washington,Big Sky,70.0,Idaho,Big Sky,18-31,,14.0,2-3,1.0,0.0,0.0,1.0,1.0,0.0,14.0,1.0,7.0,177.0,,1.0,2.0,29:19,0.0,18.0,4.0,,36.0,0.0,128.0,,,,2-14,2.0,4-42,305.0,2.0,5.7,3.6,21
401767092,2025.0,8.0,regular,away,70.0,Idaho,Big Sky,331.0,Eastern Washington,Big Sky,14-32,,17.0,1-5,0.0,1.0,0.0,5.0,1.0,0.0,29.0,2.0,2.0,191.0,,1.0,2.0,30:41,,,,,41.0,0.0,147.0,,,,5-17,3.0,5-34,338.0,1.0,6.0,3.6,14
401752871,2025.0,8.0,regular,away,30.0,USC,Big Ten,87.0,Notre Dame,FBS Independents,22-42,0.0,23.0,0-2,1.0,0.0,0.0,18.0,2.0,0.0,19.0,1.0,10.0,328.0,1.0,1.0,2.0,27:02,,,,4.0,29.0,0.0,68.0,1.0,39.0,5.0,6-14,1.0,1-5,396.0,3.0,7.8,2.3,24
401752871,2025.0,8.0,regular,home,87.0,Notre Dame,FBS Independents,30.0,USC,Big Ten,16-26,1.0,23.0,1-2,0.0,1.0,0.0,15.0,1.0,1.0,113.0,2.0,4.0,136.0,4.0,2.0,1.0,32:58,,,,6.0,44.0,3.0,306.0,2.0,33.0,6.0,3-11,0.0,8-96,442.0,1.0,5.2,7.0,34
401756926,2025.0,8.0,regular,away,2132.0,Cincinnati,Big 12,197.0,Oklahoma State,Big 12,20-29,1.0,26.0,1-1,0.0,1.0,1.0,100.0,0.0,0.0,54.0,3.0,7.0,270.0,2.0,1.0,3.0,23:18,0.0,3.0,1.0,1.0,31.0,3.0,157.0,0.0,34.0,3.0,6-10,0.0,6-71,427.0,0.0,9.3,5.1,49
401756926,2025.0,8.0,regular,home,197.0,Oklahoma State,Big 12,2132.0,Cincinnati,Big 12,11-19,0.0,20.0,1-3,1.0,0.0,,,1.0,0.0,10.0,1.0,5.0,149.0,1.0,,0.0,36:42,0.0,-1.0,1.0,2.0,48.0,2.0,228.0,1.0,31.0,5.0,6-13,2.0,8-70,377.0,2.0,7.8,4.8,17
401756927,2025.0,8.0,regular,home,2628.0,TCU,Big 12,239.0,Baylor,Big 12,22-31,0.0,21.0,0-0,1.0,1.0,0.0,24.0,0.0,0.0,49.0,2.0,6.0,231.0,6.0,3.0,3.0,28:12,0.0,8.0,2.0,7.0,38.0,3.0,196.0,2.0,39.0,3.0,6-13,1.0,6-75,427.0,1.0,7.5,5.2,42
401756927,2025.0,8.0,regular,away,239.0,Baylor,Big 12,2628.0,TCU,Big 12,25-52,0.0,27.0,2-4,1.0,1.0,,,3.0,0.0,65.0,3.0,8.0,318.0,2.0,,2.0,31:48,0.0,12.0,4.0,0.0,37.0,1.0,121.0,0.0,43.0,3.0,6-17,1.0,5-44,439.0,4.0,6.1,3.3,36
401756923,2025.0,8.0,regular,home,9.0,Arizona State,Big 12,2641.0,Texas Tech,Big 12,28-47,0.0,21.0,1-2,0.0,0.0,0.0,1.0,0.0,,,,14.0,319.0,9.0,1.0,1.0,37:12,0.0,34.0,2.0,4.0,36.0,1.0,75.0,2.0,33.0,4.0,9-21,3.0,6-37,394.0,0.0,6.8,2.1,26
401756923,2025.0,8.0,regular,away,2641.0,Texas Tech,Big 12,9.0,Arizona State,Big 12,22-38,0.0,16.0,1-3,0.0,0.0,,,1.0,0.0,112.0,4.0,2.0,167.0,7.0,,2.0,22:48,0.0,54.0,3.0,2.0,27.0,1.0,109.0,4.0,53.0,10.0,6-16,1.0,5-39,276.0,1.0,4.4,4.0,22
401756928,2025.0,8.0,regular,home,2116.0,UCF,Big 12,277.0,West Virginia,Big 12,26-40,1.0,21.0,2-4,0.0,1.0,,,2.0,0.0,30.0,2.0,9.0,323.0,7.0,,2.0,33:07,0.0,46.0,4.0,1.0,35.0,3.0,255.0,7.0,51.0,8.0,5-16,0.0,7-70,578.0,2.0,8.1,7.3,45
401756928,2025.0,8.0,regular,away,277.0,West Virginia,Big 12,2116.0,UCF,Big 12,11-28,0.0,19.0,2-4,1.0,0.0,0.0,55.0,0.0,,,,1.0,79.0,4.0,2.0,0.0,26:53,,,,0.0,49.0,2.0,131.0,0.0,51.0,6.0,4-18,4.0,5-35,210.0,1.0,2.8,2.7,13
401767184,2025.0,8.0,regular,home,222.0,Villanova,CAA,2261.0,Hampton,CAA,12-16,,21.0,1-2,0.0,1.0,0.0,0.0,0.0,0.0,42.0,2.0,8.0,175.0,,1.0,5.0,26:23,0.0,112.0,5.0,,35.0,2.0,220.0,,,,4-9,0.0,7-39,395.0,0.0,10.9,6.3,56
401767184,2025.0,8.0,regular,away,2261.0,Hampton,CAA,222.0,Villanova,CAA,12-23,,16.0,4-4,1.0,0.0,,,1.0,0.0,109.0,6.0,2.0,94.0,,,1.0,33:37,,,,,40.0,1.0,176.0,,,,3-15,2.0,6-62,270.0,2.0,4.1,4.4,14
401767261,2025.0,8.0,regular,away,2619.0,Stony Brook,CAA,2405.0,Monmouth,CAA,25-42,,26.0,2-6,2.0,0.0,,,2.0,1.0,157.0,4.0,3.0,213.0,,,1.0,32:49,0.0,3.0,1.0,,49.0,1.0,210.0,,,,7-18,3.0,3-16,423.0,4.0,5.1,4.3,21
401767261,2025.0,8.0,regular,home,2405.0,Monmouth,CAA,2619.0,Stony Brook,CAA,23-35,,20.0,2-3,0.0,2.0,1.0,88.0,0.0,0.0,20.0,1.0,7.0,265.0,,2.0,4.0,27:11,,,,,33.0,2.0,150.0,,,,6-14,0.0,6-50,415.0,0.0,7.6,4.5,49
401767773,2025.0,8.0,regular,home,43.0,Yale,Ivy,284.0,Stonehill,NEC,18-30,,27.0,3-3,0.0,0.0,,,0.0,0.0,45.0,1.0,17.0,290.0,,,1.0,33:38,0.0,18.0,3.0,,49.0,4.0,191.0,,,,6-14,1.0,8-62,481.0,0.0,9.7,3.9,47
401767773,2025.0,8.0,regular,away,284.0,Stonehill,NEC,43.0,Yale,Ivy,14-30,,12.0,1-1,0.0,0.0,,,0.0,0.0,108.0,8.0,1.0,117.0,,,0.0,26:22,,,,,22.0,1.0,35.0,,,,4-14,1.0,11-82,152.0,0.0,3.9,1.6,7
401767166,2025.0,8.0,regular,home,2710.0,Western Illinois,Big South-OVC,2127.0,Charleston Southern,Big South-OVC,34-51,,24.0,2-4,0.0,,,,1.0,0.0,66.0,4.0,6.0,375.0,,,2.0,34:47,,,,,28.0,1.0,88.0,,,,7-16,,5-50,463.0,1.0,7.4,3.1,24
401767166,2025.0,8.0,regular,away,2127.0,Charleston Southern,Big South-OVC,2710.0,Western Illinois,Big South-OVC,14-26,,19.0,1-1,0.0,,0.0,0.0,0.0,0.0,18.0,1.0,3.0,262.0,,1.0,4.0,25:13,,,,,31.0,0.0,77.0,,,,2-11,,10-80,339.0,0.0,10.1,2.5,29
401767197,2025.0,8.0,regular,home,2546.0,Southeast Missouri State,Big South-OVC,2197.0,Eastern Illinois,Big South-OVC,21-31,,15.0,0-1,2.0,1.0,1.0,139.0,1.0,0.0,28.0,1.0,6.0,283.0,,5.0,4.0,26:35,0.0,13.0,3.0,,33.0,1.0,111.0,,,,8-16,2.0,4-32,394.0,3.0,9.1,3.4,42
401767197,2025.0,8.0,regular,away,2197.0,Eastern Illinois,Big South-OVC,2546.0,Southeast Missouri State,Big South-OVC,12-29,,12.0,0-2,1.0,2.0,0.0,0.0,5.0,0.0,46.0,3.0,7.0,176.0,,1.0,0.0,33:25,0.0,19.0,3.0,,41.0,1.0,144.0,,,,6-17,2.0,3-20,320.0,6.0,6.1,3.5,13
401767203,2025.0,8.0,regular,away,2630.0,UT Martin,Big South-OVC,2241.0,Gardner-Webb,Big South-OVC,15-16,,20.0,1-1,0.0,1.0,0.0,2.0,0.0,,,,13.0,164.0,,3.0,1.0,39:41,0.0,9.0,1.0,,48.0,3.0,244.0,,,,9-16,0.0,4-35,408.0,0.0,10.3,5.1,37
401767203,2025.0,8.0,regular,home,2241.0,Gardner-Webb,Big South-OVC,2630.0,UT Martin,Big South-OVC,18-33,,17.0,1-3,1.0,0.0,,,3.0,0.0,68.0,4.0,1.0,236.0,,,0.0,20:19,,,,,29.0,1.0,83.0,,,,4-11,2.0,4-55,319.0,4.0,7.2,2.9,7
401767227,2025.0,8.0,regular,away,47.0,Howard,MEAC,2634.0,Tennessee State,Big South-OVC,14-27,,10.0,0-2,0.0,1.0,,,2.0,0.0,80.0,4.0,1.0,116.0,,,0.0,31:37,0.0,16.0,4.0,,33.0,1.0,67.0,,,,7-16,0.0,6-61,183.0,2.0,4.3,2.0,7
401767227,2025.0,8.0,regular,home,2634.0,Tennessee State,Big South-OVC,47.0,Howard,MEAC,18-22,,7.0,0-0,1.0,0.0,0.0,11.0,0.0,0.0,44.0,2.0,6.0,174.0,,2.0,3.0,28:23,0.0,15.0,3.0,,28.0,0.0,88.0,,,,4-12,1.0,4-45,262.0,1.0,7.9,3.1,24
401767212,2025.0,8.0,regular,home,2815.0,Lindenwood,Big South-OVC,2635.0,Tennessee Tech,Big South-OVC,19-38,,17.0,2-4,0.0,1.0,,,0.0,0.0,72.0,4.0,4.0,294.0,,,4.0,28:35,,,,,30.0,0.0,17.0,,,,3-14,0.0,2-25,311.0,0.0,7.7,0.6,28
401767212,2025.0,8.0,regular,away,2635.0,Tennessee Tech,Big South-OVC,2815.0,Lindenwood,Big South-OVC,16-22,,26.0,1-1,1.0,0.0,,,0.0,0.0,13.0,1.0,10.0,173.0,,,3.0,31:25,0.0,25.0,3.0,,46.0,4.0,311.0,,,,4-9,3.0,2-20,484.0,1.0,7.9,6.8,52
401767144,2025.0,8.0,regular,away,160.0,New Hampshire,CAA,2097.0,Campbell,CAA,24-40,,20.0,3-4,0.0,1.0,,,0.0,0.0,17.0,1.0,10.0,230.0,,,1.0,38:17,,,,,32.0,1.0,140.0,,,,5-14,0.0,5-45,370.0,0.0,5.8,4.4,24
401767144,2025.0,8.0,regular,home,2097.0,Campbell,CAA,160.0,New Hampshire,CAA,8-11,,7.0,0-2,1.0,0.0,,,0.0,0.0,8.0,1.0,4.0,133.0,,,0.0,21:43,0.0,0.0,1.0,,29.0,1.0,92.0,,,,3-10,1.0,4-23,225.0,1.0,12.1,3.2,10
401767497,2025.0,8.0,regular,away,2571.0,South Dakota State,MVFC,93.0,Murray State,MVFC,18-27,,25.0,0-0,0.0,0.0,0.0,0.0,1.0,0.0,14.0,1.0,5.0,258.0,,4.0,2.0,35:55,0.0,4.0,1.0,,52.0,3.0,211.0,,,,8-15,1.0,5-41,469.0,1.0,9.6,4.1,35
401767497,2025.0,8.0,regular,home,93.0,Murray State,MVFC,2571.0,South Dakota State,MVFC,20-32,,20.0,0-1,0.0,0.0,0.0,21.0,4.0,0.0,1.0,1.0,2.0,327.0,,1.0,2.0,24:05,,,,,28.0,0.0,111.0,,,,3-11,1.0,3-25,438.0,4.0,10.2,4.0,14
401767243,2025.0,8.0,regular,away,2000.0,Abilene Christian,UAC,253.0,Southern Utah,UAC,17-23,,21.0,1-1,1.0,0.0,0.0,0.0,3.0,,,,6.0,225.0,,1.0,1.0,31:03,,,,,36.0,2.0,205.0,,,,3-9,1.0,7-55,430.0,4.0,9.8,5.7,24
401767243,2025.0,8.0,regular,home,253.0,Southern Utah,UAC,2000.0,Abilene Christian,UAC,15-20,,15.0,1-1,0.0,1.0,1.0,43.0,1.0,0.0,39.0,2.0,7.0,116.0,,3.0,1.0,28:57,0.0,17.0,2.0,,35.0,2.0,173.0,,,,5-11,0.0,3-20,289.0,1.0,5.8,4.9,31
401767280,2025.0,8.0,regular,home,2453.0,North Alabama,UAC,2198.0,Eastern Kentucky,UAC,11-18,,25.0,0-1,0.0,0.0,0.0,0.0,0.0,0.0,16.0,1.0,5.0,127.0,,1.0,2.0,35:19,0.0,9.0,1.0,,52.0,3.0,285.0,,,,8-13,1.0,4-40,412.0,0.0,7.1,5.5,35
401767280,2025.0,8.0,regular,away,2198.0,Eastern Kentucky,UAC,2453.0,North Alabama,UAC,17-32,,17.0,0-2,0.0,,,,1.0,0.0,52.0,5.0,2.0,162.0,,,1.0,24:41,,,,,26.0,1.0,134.0,,,,4-12,,5-32,296.0,1.0,5.1,5.2,14
401767301,2025.0,8.0,regular,away,2698.0,West Georgia,UAC,2627.0,Tarleton State,UAC,11-24,,17.0,1-2,3.0,0.0,0.0,17.0,2.0,0.0,41.0,5.0,4.0,118.0,,1.0,1.0,28:35,,,,,37.0,0.0,101.0,,,,6-14,3.0,6-57,219.0,5.0,4.9,2.7,10
401767301,2025.0,8.0,regular,home,2627.0,Tarleton State,UAC,2698.0,West Georgia,UAC,13-24,,26.0,0-0,0.0,3.0,0.0,0.0,1.0,,,,9.0,268.0,,2.0,3.0,31:25,0.0,12.0,2.0,,48.0,3.0,252.0,,,,6-13,1.0,6-65,520.0,1.0,11.2,5.3,45
401762490,2025.0,8.0,regular,away,2226.0,Florida Atlantic,American Athletic,58.0,South Florida,American Athletic,41-58,0.0,25.0,7-8,0.0,0.0,,,1.0,0.0,50.0,2.0,7.0,289.0,2.0,,1.0,31:26,0.0,53.0,2.0,2.0,30.0,0.0,23.0,1.0,46.0,3.0,6-21,2.0,9-75,312.0,1.0,5.0,0.8,13
401762490,2025.0,8.0,regular,home,58.0,South Florida,American Athletic,2226.0,Florida Atlantic,American Athletic,15-25,0.0,26.0,2-2,0.0,,0.0,21.0,0.0,0.0,17.0,1.0,12.0,263.0,5.0,1.0,3.0,28:34,0.0,5.0,1.0,5.0,51.0,3.0,259.0,5.0,52.0,11.0,9-18,,7-80,522.0,0.0,10.5,5.1,48
401762486,2025.0,8.0,regular,away,202.0,Tulsa,American Athletic,151.0,East Carolina,American Athletic,23-41,0.0,21.0,2-5,0.0,0.0,,,0.0,0.0,138.0,7.0,9.0,251.0,3.0,,2.0,30:56,0.0,5.0,1.0,0.0,42.0,1.0,147.0,1.0,43.0,3.0,6-19,4.0,3-35,398.0,0.0,6.1,3.5,27
401762486,2025.0,8.0,regular,home,151.0,East Carolina,American Athletic,202.0,Tulsa,American Athletic,21-38,0.0,27.0,1-3,0.0,0.0,,,0.0,0.0,11.0,1.0,11.0,300.0,3.0,,2.0,29:04,,,,4.0,53.0,3.0,268.0,5.0,38.0,10.0,9-18,1.0,6-50,568.0,0.0,7.9,5.1,41
401762489,2025.0,8.0,regular,home,2429.0,Charlotte,American Athletic,218.0,Temple,American Athletic,15-29,0.0,21.0,3-4,2.0,0.0,,,1.0,,,,2.0,158.0,2.0,,1.0,34:44,0.0,-1.0,1.0,2.0,47.0,1.0,199.0,1.0,25.0,3.0,6-16,2.0,3-20,357.0,3.0,5.4,4.2,14
401762489,2025.0,8.0,regular,away,218.0,Temple,American Athletic,2429.0,Charlotte,American Athletic,16-23,2.0,18.0,2-2,0.0,2.0,1.0,64.0,0.0,0.0,12.0,1.0,7.0,212.0,2.0,1.0,3.0,25:16,0.0,34.0,2.0,3.0,30.0,2.0,172.0,2.0,43.0,9.0,2-9,0.0,3-40,384.0,0.0,9.2,5.7,49
401762487,2025.0,8.0,regular,home,5.0,UAB,American Athletic,235.0,Memphis,American Athletic,20-27,0.0,25.0,1-1,1.0,0.0,0.0,0.0,1.0,0.0,18.0,1.0,7.0,251.0,3.0,1.0,3.0,35:05,,,,4.0,41.0,1.0,219.0,1.0,28.0,4.0,9-13,1.0,6-47,470.0,2.0,9.3,5.3,31
401762487,2025.0,8.0,regular,away,235.0,Memphis,American Athletic,5.0,UAB,American Athletic,22-35,1.0,20.0,2-4,0.0,1.0,0.0,0.0,1.0,1.0,101.0,3.0,6.0,243.0,0.0,1.0,1.0,24:55,,,,1.0,25.0,1.0,119.0,1.0,41.0,4.0,5-11,0.0,8-54,362.0,1.0,6.9,4.8,24
401762488,2025.0,8.0,regular,away,349.0,Army,American Athletic,2655.0,Tulane,American Athletic,7-10,0.0,21.0,4-4,0.0,0.0,0.0,0.0,0.0,,,,5.0,125.0,1.0,1.0,0.0,38:58,,,,1.0,63.0,2.0,233.0,0.0,39.0,1.0,6-15,2.0,3-30,358.0,0.0,12.5,3.7,17
401762488,2025.0,8.0,regular,home,2655.0,Tulane,American Athletic,349.0,Army,American Athletic,22-29,0.0,23.0,1-2,0.0,,,,1.0,0.0,35.0,1.0,6.0,261.0,1.0,,2.0,21:02,0.0,6.0,2.0,1.0,29.0,1.0,141.0,1.0,49.0,3.0,6-11,,4-35,402.0,1.0,9.0,4.9,24
401757281,2025.0,8.0,regular,away,2229.0,Florida International,Conference USA,98.0,Western Kentucky,Conference USA,20-31,0.0,21.0,0-0,0.0,,0.0,39.0,0.0,0.0,34.0,1.0,13.0,204.0,3.0,3.0,1.0,34:38,,,,0.0,39.0,1.0,249.0,1.0,40.0,5.0,7-15,,10-82,453.0,0.0,6.6,6.4,25
401757281,2025.0,8.0,regular,home,98.0,Western Kentucky,Conference USA,2229.0,Florida International,Conference USA,27-41,0.0,18.0,0-0,0.0,0.0,,,3.0,0.0,84.0,4.0,6.0,225.0,2.0,,0.0,25:22,,,,3.0,23.0,0.0,116.0,1.0,37.0,1.0,6-15,1.0,5-60,341.0,3.0,5.5,5.0,6
401757284,2025.0,8.0,regular,home,2534.0,Sam Houston,Conference USA,2638.0,UTEP,Conference USA,22-36,0.0,20.0,0-4,1.0,1.0,0.0,0.0,0.0,0.0,99.0,5.0,5.0,239.0,1.0,1.0,2.0,35:25,,,,2.0,40.0,0.0,159.0,1.0,35.0,5.0,6-18,2.0,6-65,398.0,1.0,6.6,4.0,17
401757284,2025.0,8.0,regular,away,2638.0,UTEP,Conference USA,2534.0,Sam Houston,Conference USA,21-26,0.0,19.0,2-3,1.0,1.0,,,1.0,0.0,22.0,1.0,5.0,236.0,2.0,,2.0,24:35,0.0,3.0,3.0,0.0,34.0,3.0,175.0,3.0,44.0,5.0,3-11,1.0,7-60,411.0,2.0,9.1,5.1,35
401752941,2025.0,8.0,regular,away,322.0,Lafayette,Patriot,204.0,Oregon State,Pac-12,19-41,0.0,17.0,1-2,0.0,1.0,0.0,0.0,1.0,0.0,28.0,2.0,7.0,182.0,3.0,1.0,1.0,30:09,0.0,-8.0,1.0,3.0,30.0,0.0,87.0,1.0,36.0,4.0,8-20,3.0,8-50,269.0,1.0,4.4,2.9,13
401752941,2025.0,8.0,regular,home,204.0,Oregon State,Pac-12,322.0,Lafayette,Patriot,17-23,0.0,23.0,2-2,1.0,0.0,0.0,6.0,1.0,0.0,23.0,2.0,9.0,152.0,7.0,1.0,1.0,29:51,0.0,41.0,2.0,11.0,42.0,5.0,365.0,0.0,34.0,6.0,3-9,1.0,6-68,517.0,2.0,6.6,8.7,45
401752951,2025.0,8.0,regular,home,258.0,Virginia,ACC,265.0,Washington State,Pac-12,15-25,0.0,13.0,0-1,0.0,0.0,0.0,19.0,0.0,0.0,51.0,2.0,8.0,179.0,6.0,2.0,0.0,25:46,0.0,10.0,1.0,0.0,32.0,2.0,122.0,1.0,32.0,3.0,5-15,1.0,7-65,301.0,0.0,7.2,3.8,22
401752951,2025.0,8.0,regular,away,265.0,Washington State,Pac-12,258.0,Virginia,ACC,18-27,0.0,18.0,1-1,0.0,,,,2.0,0.0,0.0,1.0,8.0,183.0,3.0,,1.0,34:14,0.0,24.0,3.0,1.0,35.0,1.0,143.0,0.0,24.0,2.0,3-12,,7-33,326.0,2.0,6.8,4.1,20
401761631,2025.0,8.0,regular,away,295.0,Old Dominion,Sun Belt,256.0,James Madison,Sun Belt,13-21,1.0,13.0,0-1,1.0,1.0,,,2.0,0.0,27.0,1.0,3.0,209.0,1.0,,3.0,18:34,0.0,4.0,1.0,1.0,29.0,0.0,76.0,3.0,26.0,9.0,4-11,2.0,4-28,285.0,3.0,10.0,2.6,27
401761631,2025.0,8.0,regular,home,256.0,James Madison,Sun Belt,295.0,Old Dominion,Sun Belt,18-26,0.0,27.0,0-1,1.0,1.0,0.0,0.0,0.0,0.0,22.0,2.0,9.0,313.0,1.0,2.0,3.0,41:26,,,,1.0,53.0,6.0,311.0,2.0,17.0,4.0,12-16,1.0,5-45,624.0,1.0,12.0,5.9,63
401761632,2025.0,8.0,regular,away,326.0,Texas State,Sun Belt,276.0,Marshall,Sun Belt,26-39,0.0,20.0,0-3,2.0,0.0,0.0,0.0,1.0,0.0,24.0,1.0,13.0,444.0,2.0,1.0,2.0,27:17,,,,8.0,44.0,2.0,114.0,1.0,41.0,8.0,9-19,2.0,12-80,558.0,3.0,11.4,2.6,37
401761632,2025.0,8.0,regular,home,276.0,Marshall,Sun Belt,326.0,Texas State,Sun Belt,23-33,0.0,27.0,0-1,0.0,2.0,0.0,0.0,1.0,0.0,49.0,3.0,14.0,280.0,4.0,1.0,1.0,32:43,0.0,27.0,2.0,12.0,48.0,3.0,186.0,4.0,38.0,10.0,6-14,0.0,5-60,466.0,1.0,8.5,3.9,40
401761630,2025.0,8.0,regular,away,2247.0,Georgia State,Sun Belt,290.0,Georgia Southern,Sun Belt,29-38,0.0,27.0,0-2,1.0,0.0,,,0.0,0.0,112.0,5.0,6.0,280.0,2.0,,1.0,32:20,,,,0.0,34.0,2.0,164.0,0.0,31.0,4.0,10-14,2.0,15-120,444.0,1.0,7.4,4.8,24
401761630,2025.0,8.0,regular,home,290.0,Georgia Southern,Sun Belt,2247.0,Georgia State,Sun Belt,18-27,0.0,25.0,1-2,0.0,1.0,,,0.0,0.0,23.0,1.0,11.0,212.0,4.0,,3.0,27:40,0.0,22.0,1.0,2.0,42.0,2.0,208.0,0.0,37.0,4.0,9-13,1.0,4-43,420.0,0.0,7.9,5.0,41
401761629,2025.0,8.0,regular,home,2026.0,App State,Sun Belt,324.0,Coastal Carolina,Sun Belt,27-41,1.0,27.0,2-3,1.0,0.0,0.0,33.0,0.0,0.0,30.0,2.0,13.0,278.0,0.0,1.0,2.0,31:28,1.0,100.0,2.0,2.0,35.0,1.0,132.0,2.0,25.0,3.0,8-15,3.0,7-70,410.0,1.0,6.8,3.8,37
401761629,2025.0,8.0,regular,away,324.0,Coastal Carolina,Sun Belt,2026.0,App State,Sun Belt,15-22,0.0,23.0,1-1,0.0,1.0,,,1.0,0.0,34.0,1.0,9.0,164.0,2.0,,2.0,28:32,0.0,14.0,1.0,6.0,41.0,4.0,246.0,4.0,39.0,7.0,6-10,1.0,3-35,410.0,1.0,7.5,6.0,45
401761628,2025.0,8.0,regular,away,2032.0,Arkansas State,Sun Belt,6.0,South Alabama,Sun Belt,29-45,0.0,21.0,3-3,0.0,,,,1.0,0.0,39.0,2.0,9.0,209.0,1.0,,1.0,29:56,0.0,29.0,6.0,1.0,32.0,0.0,158.0,2.0,25.0,6.0,4-17,,11-91,367.0,1.0,4.6,4.9,15
401761628,2025.0,8.0,regular,home,6.0,South Alabama,Sun Belt,2032.0,Arkansas State,Sun Belt,18-23,0.0,15.0,1-1,0.0,0.0,0.0,-7.0,0.0,,,,2.0,118.0,6.0,1.0,0.0,30:04,0.0,1.0,1.0,0.0,36.0,2.0,175.0,0.0,41.0,8.0,4-14,1.0,14-130,293.0,0.0,5.1,4.9,14
401761668,2025.0,8.0,regular,away,2572.0,Southern Miss,Sun Belt,309.0,Louisiana,Sun Belt,13-18,0.0,14.0,1-1,1.0,1.0,0.0,61.0,1.0,0.0,24.0,1.0,8.0,237.0,3.0,2.0,1.0,24:29,0.0,11.0,1.0,4.0,41.0,1.0,133.0,2.0,53.0,7.0,2-13,1.0,6-43,370.0,2.0,13.2,3.2,22
401761668,2025.0,8.0,regular,home,309.0,Louisiana,Sun Belt,2572.0,Southern Miss,Sun Belt,14-27,0.0,19.0,1-4,1.0,1.0,0.0,18.0,2.0,0.0,31.0,2.0,4.0,135.0,2.0,1.0,0.0,35:31,0.0,0.0,1.0,1.0,48.0,1.0,217.0,0.0,36.0,4.0,6-16,2.0,8-70,352.0,3.0,5.0,4.5,10
401761633,2025.0,8.0,regular,away,2653.0,Troy,Sun Belt,2433.0,UL Monroe,Sun Belt,13-21,1.0,13.0,1-2,0.0,2.0,1.0,67.0,0.0,0.0,69.0,3.0,13.0,223.0,7.0,2.0,1.0,26:55,0.0,1.0,1.0,1.0,32.0,2.0,91.0,4.0,42.0,8.0,5-13,1.0,7-74,314.0,0.0,10.6,2.8,37
401761633,2025.0,8.0,regular,home,2433.0,UL Monroe,Sun Belt,2653.0,Troy,Sun Belt,23-41,0.0,20.0,3-4,2.0,0.0,,,2.0,0.0,12.0,2.0,0.0,228.0,5.0,,2.0,33:05,0.0,4.0,1.0,1.0,29.0,0.0,98.0,1.0,32.0,6.0,5-13,2.0,4-40,326.0,4.0,5.6,3.4,14
401762840,2025.0,8.0,regular,away,2084.0,Buffalo,Mid-American,113.0,Massachusetts,Mid-American,36-55,0.0,29.0,1-2,0.0,,,,1.0,0.0,27.0,1.0,8.0,403.0,1.0,,2.0,34:20,0.0,5.0,2.0,0.0,30.0,1.0,72.0,3.0,19.0,9.0,6-16,,11-64,475.0,1.0,7.3,2.4,28
401762840,2025.0,8.0,regular,home,113.0,Massachusetts,Mid-American,2084.0,Buffalo,Mid-American,6-14,0.0,11.0,1-1,0.0,,0.0,0.0,0.0,,,,3.0,119.0,5.0,1.0,2.0,25:40,0.0,7.0,2.0,5.0,44.0,1.0,187.0,1.0,38.0,3.0,5-17,,10-55,306.0,0.0,8.5,4.3,21
401757283,2025.0,8.0,regular,home,55.0,Jacksonville State,Conference USA,48.0,Delaware,Conference USA,16-24,1.0,24.0,1-1,0.0,2.0,,,0.0,,,,8.0,133.0,2.0,,1.0,32:22,0.0,1.0,2.0,4.0,50.0,3.0,255.0,2.0,40.0,7.0,5-14,0.0,6-60,388.0,0.0,5.5,5.1,38
401757283,2025.0,8.0,regular,away,48.0,Delaware,Conference USA,55.0,Jacksonville State,Conference USA,32-50,0.0,22.0,1-5,2.0,0.0,,,0.0,0.0,40.0,2.0,1.0,422.0,0.0,,1.0,27:38,0.0,8.0,1.0,2.0,22.0,3.0,34.0,2.0,50.0,9.0,4-14,3.0,10-81,456.0,2.0,8.4,1.5,25
401767485,2025.0,8.0,regular,home,2320.0,Lamar,Southland,292.0,UT Rio Grande Valley,Southland,20-29,,20.0,1-1,2.0,0.0,0.0,0.0,1.0,0.0,53.0,3.0,11.0,220.0,,1.0,2.0,34:46,0.0,25.0,5.0,,44.0,0.0,155.0,,,,9-17,2.0,8-70,375.0,3.0,7.6,3.5,23
401767485,2025.0,8.0,regular,away,292.0,UT Rio Grande Valley,Southland,2320.0,Lamar,Southland,9-22,,12.0,2-2,0.0,2.0,0.0,17.0,1.0,0.0,22.0,2.0,3.0,106.0,,1.0,2.0,25:14,0.0,1.0,1.0,,33.0,1.0,83.0,,,,2-13,0.0,2-10,189.0,1.0,4.8,2.5,21
401767728,2025.0,8.0,regular,away,107.0,Holy Cross,Patriot,257.0,Richmond,Patriot,13-25,,16.0,2-2,0.0,1.0,,,0.0,0.0,47.0,2.0,4.0,91.0,,,0.0,28:57,,,,,38.0,4.0,155.0,,,,5-14,1.0,2-30,246.0,0.0,3.6,4.1,28
401767728,2025.0,8.0,regular,home,257.0,Richmond,Patriot,107.0,Holy Cross,Patriot,20-32,,19.0,1-2,1.0,0.0,,,0.0,0.0,46.0,3.0,10.0,218.0,,,1.0,31:03,0.0,28.0,3.0,,37.0,1.0,155.0,,,,4-13,3.0,3-26,373.0,1.0,6.8,4.2,22
401767692,2025.0,8.0,regular,home,172.0,Cornell,Ivy,2083.0,Bucknell,Patriot,14-22,,26.0,2-3,2.0,1.0,0.0,9.0,0.0,0.0,85.0,2.0,6.0,164.0,,2.0,1.0,32:39,0.0,1.0,2.0,,52.0,3.0,232.0,,,,5-13,3.0,5-55,396.0,2.0,7.5,4.5,30
401767692,2025.0,8.0,regular,away,2083.0,Bucknell,Patriot,172.0,Cornell,Ivy,20-34,,19.0,1-2,0.0,2.0,,,2.0,0.0,85.0,5.0,2.0,235.0,,,2.0,27:21,,,,,33.0,1.0,87.0,,,,7-14,0.0,5-30,322.0,2.0,6.9,2.6,20
401767722,2025.0,8.0,regular,home,46.0,Georgetown,Patriot,2142.0,Colgate,Patriot,17-24,,20.0,1-2,0.0,,0.0,0.0,0.0,0.0,91.0,3.0,3.0,203.0,,2.0,0.0,30:33,,,,,41.0,3.0,121.0,,,,8-15,,7-87,324.0,0.0,8.5,3.0,21
401767722,2025.0,8.0,regular,away,2142.0,Colgate,Patriot,46.0,Georgetown,Patriot,24-45,,23.0,3-6,0.0,,,,2.0,0.0,14.0,1.0,5.0,349.0,,,1.0,29:27,0.0,9.0,2.0,,30.0,1.0,86.0,,,,5-14,,10-90,435.0,2.0,7.8,2.9,17
401767700,2025.0,8.0,regular,away,159.0,Dartmouth,Ivy,2230.0,Fordham,Patriot,21-29,,20.0,1-2,2.0,0.0,0.0,20.0,0.0,,,,12.0,281.0,,1.0,2.0,30:42,0.0,7.0,3.0,,35.0,1.0,180.0,,,,6-13,2.0,1-10,461.0,2.0,9.7,5.1,30
401767700,2025.0,8.0,regular,home,2230.0,Fordham,Patriot,159.0,Dartmouth,Ivy,21-35,,17.0,1-2,0.0,2.0,,,1.0,0.0,60.0,3.0,7.0,238.0,,,1.0,29:18,,,,,32.0,0.0,90.0,,,,5-15,0.0,7-57,328.0,1.0,6.8,2.8,13
401767641,2025.0,8.0,regular,away,56.0,Stetson,Pioneer,2506.0,Presbyterian,Pioneer,14-29,,14.0,4-7,0.0,,0.0,0.0,1.0,0.0,87.0,4.0,1.0,125.0,,1.0,1.0,31:14,0.0,-1.0,1.0,,42.0,0.0,158.0,,,,5-18,,7-84,283.0,1.0,4.3,3.8,7
401767641,2025.0,8.0,regular,home,2506.0,Presbyterian,Pioneer,56.0,Stetson,Pioneer,23-31,,28.0,2-2,0.0,,0.0,7.0,1.0,0.0,26.0,2.0,6.0,293.0,,1.0,1.0,28:46,0.0,64.0,3.0,,33.0,5.0,147.0,,,,4-10,,6-69,440.0,1.0,9.5,4.5,42
401767649,2025.0,8.0,regular,away,2674.0,Valparaiso,Pioneer,2900.0,St. Thomas (MN),Pioneer,10-18,,13.0,1-3,2.0,0.0,,,2.0,0.0,151.0,6.0,5.0,103.0,,,0.0,31:19,,,,,41.0,1.0,151.0,,,,5-14,3.0,2-30,254.0,4.0,5.7,3.7,17
401767649,2025.0,8.0,regular,home,2900.0,St. Thomas (MN),Pioneer,2674.0,Valparaiso,Pioneer,23-33,,24.0,2-2,0.0,2.0,0.0,27.0,0.0,0.0,21.0,1.0,13.0,340.0,,2.0,3.0,28:41,0.0,28.0,3.0,,30.0,4.0,143.0,,,,3-9,0.0,5-60,483.0,0.0,10.3,4.8,55
401767373,2025.0,8.0,regular,away,2016.0,Alcorn State,SWAC,50.0,Florida A&M,SWAC,18-26,,14.0,1-3,0.0,,,,0.0,0.0,97.0,3.0,4.0,178.0,,,2.0,23:50,0.0,79.0,1.0,,30.0,1.0,126.0,,,,7-15,,4-40,304.0,0.0,6.8,4.2,28
401767373,2025.0,8.0,regular,home,50.0,Florida A&M,SWAC,2016.0,Alcorn State,SWAC,26-38,,26.0,2-2,0.0,,,,0.0,0.0,45.0,2.0,13.0,323.0,,,1.0,36:10,0.0,11.0,1.0,,39.0,2.0,152.0,,,,8-17,,6-61,475.0,0.0,8.5,3.9,33
401767383,2025.0,8.0,regular,away,2755.0,Grambling,SWAC,2029.0,Arkansas-Pine Bluff,SWAC,18-29,,17.0,1-2,1.0,0.0,0.0,2.0,1.0,0.0,5.0,3.0,2.0,148.0,,3.0,1.0,30:37,0.0,12.0,1.0,,38.0,2.0,152.0,,,,5-14,3.0,7-71,300.0,2.0,5.1,4.0,20
401767383,2025.0,8.0,regular,home,2029.0,Arkansas-Pine Bluff,SWAC,2755.0,Grambling,SWAC,12-30,,15.0,0-2,0.0,2.0,0.0,0.0,3.0,,,,10.0,204.0,,1.0,1.0,29:23,,,,,36.0,0.0,116.0,,,,3-14,0.0,1-6,320.0,3.0,6.8,3.2,16
401767434,2025.0,8.0,regular,home,2582.0,Southern,SWAC,2504.0,Prairie View A&M,SWAC,12-21,,16.0,1-1,2.0,0.0,,,1.0,0.0,40.0,3.0,3.0,81.0,,,0.0,32:05,0.0,5.0,3.0,,43.0,0.0,166.0,,,,7-16,2.0,7-56,247.0,3.0,3.9,3.9,3
401767434,2025.0,8.0,regular,away,2504.0,Prairie View A&M,SWAC,2582.0,Southern,SWAC,19-31,,18.0,1-2,0.0,2.0,0.0,0.0,0.0,0.0,18.0,2.0,6.0,224.0,,1.0,1.0,27:55,,,,,31.0,2.0,137.0,,,,4-12,0.0,4-40,361.0,0.0,7.2,4.4,24
401754569,2025.0,8.0,regular,home,103.0,Boston College,ACC,41.0,UConn,FBS Independents,16-28,0.0,24.0,3-4,0.0,,,,0.0,0.0,42.0,2.0,11.0,204.0,3.0,,2.0,32:08,0.0,21.0,1.0,2.0,49.0,0.0,191.0,1.0,30.0,2.0,4-15,,8-70,395.0,0.0,7.3,3.9,23
401754569,2025.0,8.0,regular,away,41.0,UConn,FBS Independents,103.0,Boston College,ACC,23-31,0.0,20.0,0-0,0.0,,,,0.0,0.0,43.0,2.0,8.0,362.0,0.0,,4.0,27:52,0.0,10.0,1.0,2.0,27.0,1.0,93.0,7.0,44.0,10.0,4-10,,7-72,455.0,0.0,11.7,3.4,38
401767630,2025.0,8.0,regular,home,2413.0,Morehead State,Pioneer,2368.0,Marist,Pioneer,11-16,,16.0,0-0,2.0,1.0,,,1.0,0.0,120.0,4.0,11.0,139.0,,,1.0,28:01,0.0,5.0,1.0,,38.0,1.0,179.0,,,,3-7,2.0,4-45,318.0,3.0,8.7,4.7,23
401767630,2025.0,8.0,regular,away,2368.0,Marist,Pioneer,2413.0,Morehead State,Pioneer,23-35,,23.0,0-3,1.0,2.0,0.0,0.0,0.0,0.0,64.0,3.0,3.0,254.0,,1.0,1.0,15:32,,,,,38.0,2.0,125.0,,,,5-12,1.0,9-99,379.0,1.0,7.3,3.3,21
401767597,2025.0,8.0,regular,home,2168.0,Dayton,Pioneer,2086.0,Butler,Pioneer,16-30,,15.0,2-3,0.0,,,,0.0,0.0,32.0,2.0,5.0,156.0,,,2.0,26:31,0.0,12.0,1.0,,27.0,0.0,142.0,,,,6-14,,3-30,298.0,0.0,5.2,5.3,17
401767597,2025.0,8.0,regular,away,2086.0,Butler,Pioneer,2168.0,Dayton,Pioneer,18-23,,16.0,2-2,0.0,,,,0.0,0.0,25.0,2.0,11.0,256.0,,,2.0,33:29,,,,,38.0,0.0,104.0,,,,8-16,,4-33,360.0,0.0,11.1,2.7,23
401767606,2025.0,8.0,regular,home,2181.0,Drake,Pioneer,2166.0,Davidson,Pioneer,17-23,,31.0,1-1,0.0,,,,0.0,0.0,19.0,1.0,9.0,193.0,,,3.0,31:49,0.0,42.0,4.0,,45.0,3.0,377.0,,,,4-8,,7-51,570.0,0.0,8.4,8.4,45
401767606,2025.0,8.0,regular,away,2166.0,Davidson,Pioneer,2181.0,Drake,Pioneer,22-41,,20.0,0-3,0.0,,,,0.0,0.0,88.0,4.0,0.0,252.0,,,0.0,28:11,0.0,1.0,1.0,,26.0,0.0,31.0,,,,3-13,,10-69,283.0,0.0,6.1,1.2,0
401767553,2025.0,8.0,regular,home,225.0,Brown,Ivy,163.0,Princeton,Ivy,28-43,,24.0,2-5,1.0,1.0,0.0,0.0,3.0,0.0,23.0,2.0,3.0,207.0,,1.0,0.0,30:25,0.0,3.0,2.0,,39.0,3.0,163.0,,,,9-18,1.0,6-45,370.0,4.0,4.8,4.2,21
401767553,2025.0,8.0,regular,away,163.0,Princeton,Ivy,225.0,Brown,Ivy,23-34,,22.0,2-2,1.0,1.0,0.0,22.0,1.0,0.0,11.0,1.0,10.0,217.0,,3.0,2.0,29:35,0.0,0.0,1.0,,35.0,3.0,195.0,,,,5-13,1.0,7-80,412.0,2.0,6.4,5.6,40
401767683,2025.0,8.0,regular,home,171.0,Columbia,Ivy,219.0,Pennsylvania,Ivy,27-49,,20.0,2-5,1.0,1.0,0.0,4.0,0.0,,,,3.0,311.0,,2.0,2.0,28:40,,,,,22.0,1.0,55.0,,,,6-15,2.0,6-60,366.0,1.0,6.3,2.5,21
401767683,2025.0,8.0,regular,away,219.0,Pennsylvania,Ivy,171.0,Columbia,Ivy,17-26,,25.0,0-1,1.0,1.0,,,2.0,0.0,34.0,1.0,5.0,272.0,,,4.0,31:20,0.0,16.0,3.0,,41.0,1.0,186.0,,,,7-10,1.0,5-48,458.0,3.0,10.5,4.5,35
401767704,2025.0,8.0,regular,away,2771.0,Merrimack,FCS Independents,108.0,Harvard,Ivy,13-29,,20.0,1-5,0.0,,0.0,0.0,1.0,0.0,27.0,1.0,1.0,118.0,,1.0,0.0,31:59,0.0,13.0,1.0,,43.0,1.0,189.0,,,,6-15,,9-105,307.0,1.0,4.1,4.4,7
401767704,2025.0,8.0,regular,home,108.0,Harvard,Ivy,2771.0,Merrimack,FCS Independents,17-29,,25.0,0-1,0.0,,0.0,47.0,1.0,0.0,0.0,1.0,11.0,305.0,,1.0,1.0,28:01,,,,,31.0,2.0,177.0,,,,2-8,,5-55,482.0,1.0,10.5,5.7,31
401767321,2025.0,8.0,regular,away,227.0,Rhode Island,CAA,399.0,UAlbany,CAA,20-21,,23.0,1-1,0.0,2.0,0.0,24.0,0.0,0.0,25.0,1.0,10.0,335.0,,2.0,5.0,32:57,0.0,56.0,2.0,,46.0,2.0,142.0,,,,7-11,0.0,11-117,477.0,0.0,16.0,3.1,58
401767321,2025.0,8.0,regular,home,399.0,UAlbany,CAA,227.0,Rhode Island,CAA,12-26,,19.0,0-2,2.0,0.0,,,2.0,0.0,45.0,4.0,5.0,192.0,,,1.0,26:59,0.0,21.0,2.0,,35.0,1.0,133.0,,,,4-12,4.0,6-46,325.0,4.0,7.4,3.8,17
401767155,2025.0,8.0,regular,home,2729.0,William & Mary,CAA,2210.0,Elon,CAA,22-31,,20.0,1-1,0.0,0.0,0.0,2.0,0.0,0.0,65.0,3.0,6.0,249.0,,1.0,2.0,32:19,0.0,23.0,2.0,,37.0,1.0,70.0,,,,6-16,1.0,4-30,319.0,0.0,8.0,1.9,26
401767155,2025.0,8.0,regular,away,2210.0,Elon,CAA,2729.0,William & Mary,CAA,14-18,,17.0,0-1,0.0,0.0,,,1.0,0.0,41.0,1.0,3.0,184.0,,,2.0,27:41,,,,,41.0,1.0,161.0,,,,8-14,1.0,10-82,345.0,1.0,10.2,3.9,21
401767123,2025.0,8.0,regular,home,16.0,Sacramento State,Big Sky,2458.0,Northern Colorado,Big Sky,9-17,,21.0,3-3,0.0,,1.0,50.0,0.0,0.0,95.0,3.0,16.0,111.0,,4.0,1.0,35:57,,,,,57.0,2.0,323.0,,,,5-16,,7-60,434.0,0.0,6.5,5.7,40
401767123,2025.0,8.0,regular,away,2458.0,Northern Colorado,Big Sky,16.0,Sacramento State,Big Sky,21-33,,22.0,0-1,0.0,,,,4.0,0.0,22.0,1.0,5.0,321.0,,,3.0,24:03,,,,,35.0,2.0,163.0,,,,7-13,,2-25,484.0,4.0,9.7,4.7,35
401767100,2025.0,8.0,regular,away,2529.0,Sacred Heart,FCS Independents,149.0,Montana,Big Sky,20-26,,19.0,4-5,0.0,,,,0.0,0.0,25.0,1.0,3.0,214.0,,,2.0,33:39,,,,,38.0,1.0,126.0,,,,5-14,,4-20,340.0,0.0,8.2,3.3,21
401767100,2025.0,8.0,regular,home,149.0,Montana,Big Sky,2529.0,Sacred Heart,FCS Independents,27-33,,23.0,2-3,0.0,0.0,,,0.0,0.0,68.0,3.0,5.0,349.0,,,5.0,26:21,0.0,90.0,3.0,,33.0,1.0,135.0,,,,8-13,1.0,3-18,484.0,0.0,10.6,4.1,43
401767128,2025.0,8.0,regular,away,2692.0,Weber State,Big Sky,2502.0,Portland State,Big Sky,15-25,,18.0,0-2,0.0,1.0,1.0,39.0,1.0,0.0,74.0,4.0,13.0,150.0,,4.0,0.0,30:46,0.0,20.0,3.0,,41.0,4.0,220.0,,,,4-12,1.0,1-5,370.0,1.0,6.0,5.4,43
401767128,2025.0,8.0,regular,home,2502.0,Portland State,Big Sky,2692.0,Weber State,Big Sky,21-37,,17.0,2-2,1.0,0.0,0.0,21.0,4.0,0.0,91.0,5.0,9.0,313.0,,1.0,1.0,29:14,0.0,9.0,2.0,,33.0,2.0,65.0,,,,6-16,1.0,7-74,378.0,5.0,8.5,2.0,27
401756924,2025.0,8.0,regular,away,254.0,Utah,Big 12,252.0,BYU,Big 12,20-36,0.0,24.0,1-5,1.0,0.0,,,1.0,,,,3.0,244.0,4.0,,2.0,28:53,0.0,16.0,2.0,2.0,37.0,1.0,226.0,2.0,38.0,6.0,5-12,2.0,12-77,470.0,2.0,6.8,6.1,21
401756924,2025.0,8.0,regular,home,252.0,BYU,Big 12,254.0,Utah,Big 12,13-24,0.0,22.0,1-3,0.0,1.0,0.0,0.0,0.0,0.0,19.0,1.0,6.0,166.0,4.0,1.0,1.0,31:07,0.0,2.0,1.0,5.0,42.0,2.0,202.0,3.0,40.0,8.0,3-12,0.0,5-42,368.0,0.0,6.9,4.8,24
401756925,2025.0,8.0,regular,away,12.0,Arizona,Big 12,248.0,Houston,Big 12,24-26,0.0,21.0,2-3,0.0,,,,0.0,0.0,50.0,2.0,4.0,269.0,4.0,,2.0,30:28,,,,3.0,31.0,2.0,112.0,0.0,40.0,2.0,4-9,,7-80,381.0,0.0,10.3,3.6,28
401756925,2025.0,8.0,regular,home,248.0,Houston,Big 12,12.0,Arizona,Big 12,15-23,0.0,25.0,2-2,0.0,,,,0.0,,,,7.0,164.0,2.0,,3.0,29:32,,,,1.0,45.0,1.0,232.0,4.0,41.0,6.0,8-14,,4-39,396.0,0.0,7.1,5.2,31
401767759,2025.0,8.0,regular,away,2523.0,Robert Morris,NEC,2341.0,Long Island University,NEC,14-27,,7.0,0-0,0.0,,0.0,-4.0,1.0,0.0,93.0,4.0,1.0,177.0,,1.0,1.0,21:50,0.0,-2.0,1.0,,17.0,0.0,47.0,,,,3-13,,2-20,224.0,1.0,6.6,2.8,7
401767759,2025.0,8.0,regular,home,2341.0,Long Island University,NEC,2523.0,Robert Morris,NEC,15-26,,18.0,0-2,0.0,,0.0,25.0,1.0,,,,5.0,103.0,,1.0,1.0,38:10,0.0,17.0,2.0,,43.0,1.0,197.0,,,,7-14,,4-34,300.0,1.0,4.0,4.6,17
401767505,2025.0,8.0,regular,home,79.0,Southern Illinois,MVFC,155.0,North Dakota,MVFC,29-46,,20.0,4-6,1.0,0.0,,,1.0,0.0,34.0,3.0,1.0,258.0,,,1.0,28:00,0.0,5.0,1.0,,26.0,2.0,79.0,,,,5-15,2.0,5-34,337.0,2.0,5.6,3.0,19
401767505,2025.0,8.0,regular,away,155.0,North Dakota,MVFC,79.0,Southern Illinois,MVFC,9-15,,22.0,2-2,0.0,1.0,0.0,0.0,0.0,,,,8.0,73.0,,1.0,1.0,32:00,0.0,15.0,1.0,,50.0,4.0,311.0,,,,6-14,0.0,4-30,384.0,0.0,4.9,6.2,38
401767538,2025.0,8.0,regular,home,2460.0,Northern Iowa,MVFC,233.0,South Dakota,MVFC,22-40,,20.0,1-1,0.0,0.0,,,0.0,,,,2.0,189.0,,,2.0,30:22,,,,,30.0,0.0,96.0,,,,7-17,1.0,10-116,285.0,0.0,4.7,3.2,14
401767538,2025.0,8.0,regular,away,233.0,South Dakota,MVFC,2460.0,Northern Iowa,MVFC,16-24,,17.0,0-1,0.0,,,,0.0,0.0,33.0,2.0,5.0,202.0,,,2.0,29:38,,,,,32.0,0.0,91.0,,,,3-12,,10-94,293.0,0.0,8.4,2.8,17
401767449,2025.0,8.0,regular,home,282.0,Indiana State,MVFC,2449.0,North Dakota State,MVFC,14-24,,10.0,1-2,0.0,,0.0,0.0,1.0,0.0,35.0,2.0,1.0,107.0,,1.0,0.0,22:41,0.0,4.0,1.0,,29.0,1.0,85.0,,,,3-13,,4-35,192.0,1.0,4.5,2.9,7
401767449,2025.0,8.0,regular,away,2449.0,North Dakota State,MVFC,282.0,Indiana State,MVFC,13-20,,26.0,0-2,0.0,,0.0,0.0,1.0,0.0,17.0,1.0,8.0,161.0,,1.0,1.0,37:19,0.0,15.0,3.0,,52.0,4.0,283.0,,,,6-11,,5-30,444.0,1.0,8.1,5.4,38
401767753,2025.0,8.0,regular,home,2385.0,Mercyhurst,NEC,2184.0,Duquesne,NEC,14-36,,11.0,1-3,1.0,0.0,0.0,15.0,0.0,0.0,41.0,2.0,0.0,106.0,,1.0,0.0,23:30,,,,,19.0,0.0,12.0,,,,5-15,2.0,4-40,118.0,1.0,2.9,0.6,0
401767753,2025.0,8.0,regular,away,2184.0,Duquesne,NEC,2385.0,Mercyhurst,NEC,6-13,,24.0,0-0,0.0,1.0,,,1.0,,,,13.0,79.0,,,1.0,36:30,0.0,24.0,4.0,,48.0,2.0,360.0,,,,4-9,1.0,5-40,439.0,1.0,6.1,7.5,37
401767440,2025.0,8.0,regular,away,2754.0,Youngstown State,MVFC,2287.0,Illinois State,MVFC,23-34,,27.0,2-2,0.0,0.0,0.0,25.0,1.0,0.0,42.0,3.0,10.0,328.0,,2.0,2.0,39:15,0.0,5.0,1.0,,48.0,3.0,233.0,,,,8-16,1.0,4-50,561.0,1.0,9.6,4.9,40
401767440,2025.0,8.0,regular,home,2287.0,Illinois State,MVFC,2754.0,Youngstown State,MVFC,16-30,,23.0,1-2,0.0,,0.0,17.0,2.0,0.0,94.0,3.0,5.0,206.0,,1.0,5.0,20:45,0.0,20.0,2.0,,28.0,0.0,142.0,,,,2-8,,4-30,348.0,2.0,6.9,5.1,35
401767745,2025.0,8.0,regular,home,2681.0,Wagner,NEC,2115.0,Central Connecticut,NEC,20-35,,13.0,2-2,0.0,1.0,0.0,28.0,1.0,0.0,34.0,2.0,5.0,198.0,,2.0,1.0,26:57,0.0,0.0,1.0,,28.0,0.0,48.0,,,,2-15,1.0,14-90,246.0,1.0,5.7,1.7,17
401767745,2025.0,8.0,regular,away,2115.0,Central Connecticut,NEC,2681.0,Wagner,NEC,25-45,,25.0,0-1,1.0,0.0,0.0,0.0,2.0,0.0,42.0,4.0,6.0,251.0,,1.0,1.0,33:03,,,,,36.0,2.0,127.0,,,,5-15,1.0,3-21,378.0,3.0,5.6,3.5,24
401762491,2025.0,8.0,regular,away,2636.0,UTSA,American Athletic,249.0,North Texas,American Athletic,15-25,0.0,14.0,0-1,3.0,0.0,,,0.0,0.0,76.0,4.0,5.0,115.0,5.0,,1.0,26:21,0.0,-2.0,1.0,2.0,32.0,1.0,214.0,1.0,38.0,3.0,4-11,5.0,10-89,329.0,3.0,4.6,6.7,17
401762491,2025.0,8.0,regular,home,249.0,North Texas,American Athletic,2636.0,UTSA,American Athletic,23-37,0.0,34.0,3-3,0.0,3.0,,,0.0,0.0,20.0,1.0,13.0,314.0,2.0,,5.0,33:39,0.0,18.0,4.0,1.0,44.0,2.0,270.0,4.0,31.0,9.0,5-14,0.0,8-65,584.0,0.0,8.5,6.1,55
401757282,2025.0,8.0,regular,away,166.0,New Mexico State,Conference USA,2335.0,Liberty,Conference USA,20-37,0.0,23.0,1-1,2.0,1.0,0.0,17.0,0.0,0.0,40.0,2.0,9.0,242.0,2.0,2.0,2.0,33:53,0.0,-14.0,2.0,1.0,38.0,1.0,146.0,2.0,36.0,5.0,10-17,2.0,6-58,388.0,2.0,6.5,3.8,27
401757282,2025.0,8.0,regular,home,2335.0,Liberty,Conference USA,166.0,New Mexico State,Conference USA,20-30,1.0,19.0,0-0,1.0,2.0,,,2.0,1.0,130.0,3.0,12.0,179.0,6.0,,0.0,26:07,0.0,-1.0,1.0,0.0,30.0,2.0,114.0,1.0,49.0,4.0,3-10,1.0,6-62,293.0,3.0,6.0,3.8,30
401767462,2025.0,8.0,regular,home,2916.0,Incarnate Word,Southland,2837.0,East Texas A&M,Southland,24-34,,26.0,1-3,0.0,2.0,,,2.0,0.0,54.0,3.0,9.0,275.0,,,2.0,30:30,0.0,-4.0,2.0,,49.0,4.0,217.0,,,,8-15,0.0,7-80,492.0,2.0,8.1,4.4,45
401767462,2025.0,8.0,regular,away,2837.0,East Texas A&M,Southland,2916.0,Incarnate Word,Southland,29-45,,27.0,2-4,2.0,0.0,0.0,1.0,0.0,,,,10.0,385.0,,2.0,4.0,29:30,0.0,17.0,1.0,,36.0,3.0,141.0,,,,9-17,2.0,5-40,526.0,2.0,8.6,3.9,52
401767532,2025.0,8.0,regular,home,236.0,Chattanooga,Southern,2193.0,East Tennessee State,Southern,20-34,,26.0,2-2,0.0,2.0,,,0.0,0.0,30.0,2.0,6.0,343.0,,,4.0,31:00,,,,,40.0,2.0,176.0,,,,4-12,0.0,9-90,519.0,0.0,10.1,4.4,42
401767532,2025.0,8.0,regular,away,2193.0,East Tennessee State,Southern,236.0,Chattanooga,Southern,19-26,,25.0,3-4,2.0,0.0,,,0.0,0.0,62.0,3.0,8.0,196.0,,,1.0,29:00,,,,,44.0,4.0,321.0,,,,6-15,2.0,9-80,517.0,2.0,7.5,7.3,38
401767581,2025.0,8.0,regular,away,2535.0,Samford,Southern,2678.0,VMI,Southern,34-43,,22.0,0-0,0.0,0.0,0.0,8.0,1.0,0.0,80.0,3.0,6.0,285.0,,1.0,3.0,29:14,0.0,17.0,4.0,,32.0,0.0,113.0,,,,6-15,1.0,8-49,398.0,1.0,6.6,3.5,24
401767581,2025.0,8.0,regular,home,2678.0,VMI,Southern,2535.0,Samford,Southern,24-38,,25.0,0-0,0.0,,0.0,0.0,1.0,0.0,106.0,4.0,4.0,419.0,,1.0,2.0,30:46,0.0,6.0,1.0,,31.0,1.0,103.0,,,,4-13,,6-55,522.0,1.0,11.0,3.3,22
401767471,2025.0,8.0,regular,home,2377.0,McNeese,Southland,2277.0,Houston Christian,Southland,14-23,,23.0,2-2,0.0,0.0,0.0,0.0,1.0,,,,9.0,133.0,,2.0,0.0,38:47,0.0,33.0,2.0,,53.0,3.0,270.0,,,,5-15,1.0,5-33,403.0,1.0,5.8,5.1,27
401767471,2025.0,8.0,regular,away,2277.0,Houston Christian,Southland,2377.0,McNeese,Southland,9-26,,12.0,0-1,0.0,,0.0,0.0,2.0,0.0,7.0,2.0,0.0,116.0,,1.0,0.0,21:13,0.0,0.0,1.0,,24.0,0.0,163.0,,,,4-12,,7-65,279.0,2.0,4.5,6.8,0
401767521,2025.0,8.0,regular,away,2466.0,Northwestern State,Southland,2545.0,SE Louisiana,Southland,9-19,,6.0,0-0,0.0,1.0,,,1.0,0.0,32.0,3.0,,96.0,,,0.0,26:47,0.0,0.0,1.0,,30.0,0.0,24.0,,,,4-15,0.0,7-71,120.0,1.0,5.1,0.8,0
401767521,2025.0,8.0,regular,home,2545.0,SE Louisiana,Southland,2466.0,Northwestern State,Southland,13-18,,24.0,0-1,1.0,0.0,0.0,0.0,0.0,1.0,83.0,1.0,7.0,220.0,,1.0,2.0,33:13,0.0,22.0,4.0,,42.0,4.0,182.0,,,,6-10,1.0,5-40,402.0,1.0,12.2,4.3,49
401767568,2025.0,8.0,regular,home,2747.0,Wofford,Southern,231.0,Furman,Southern,18-25,,17.0,0-0,0.0,,1.0,123.0,1.0,0.0,26.0,1.0,7.0,179.0,,3.0,2.0,27:58,0.0,9.0,4.0,,33.0,1.0,146.0,,,,4-12,,6-37,325.0,1.0,7.2,4.4,31
401767568,2025.0,8.0,regular,away,231.0,Furman,Southern,2747.0,Wofford,Southern,27-41,,16.0,1-2,0.0,,0.0,37.0,3.0,0.0,101.0,4.0,1.0,257.0,,1.0,1.0,32:02,,,,,28.0,1.0,72.0,,,,4-14,,6-50,329.0,3.0,6.3,2.6,13
401767584,2025.0,8.0,regular,away,2717.0,Western Carolina,Southern,2643.0,The Citadel,Southern,28-33,,29.0,2-2,0.0,,,,1.0,0.0,105.0,5.0,9.0,369.0,,,5.0,29:44,0.0,0.0,2.0,,36.0,1.0,146.0,,,,5-10,,7-50,515.0,1.0,11.2,4.1,45
401767584,2025.0,8.0,regular,home,2643.0,The Citadel,Southern,2717.0,Western Carolina,Southern,5-9,,15.0,3-3,0.0,,0.0,0.0,0.0,0.0,7.0,1.0,8.0,132.0,,1.0,1.0,30:16,,,,,45.0,4.0,278.0,,,,3-13,,4-35,410.0,0.0,14.7,6.2,38
401767517,2025.0,8.0,regular,home,2617.0,Stephen F. Austin,Southland,2447.0,Nicholls,Southland,20-28,,21.0,2-2,2.0,1.0,,,1.0,0.0,-5.0,1.0,8.0,197.0,,,1.0,29:15,1.0,163.0,7.0,,36.0,2.0,175.0,,,,6-12,5.0,8-65,372.0,3.0,7.0,4.9,34
401767517,2025.0,8.0,regular,away,2447.0,Nicholls,Southland,2617.0,Stephen F. Austin,Southland,18-27,,11.0,2-3,1.0,2.0,0.0,13.0,0.0,0.0,13.0,1.0,1.0,131.0,,1.0,1.0,30:45,,,,,34.0,0.0,56.0,,,,4-16,1.0,6-55,187.0,1.0,4.9,1.6,7
401754567,2025.0,8.0,regular,away,52.0,Florida State,ACC,24.0,Stanford,ACC,18-35,0.0,22.0,1-3,0.0,,0.0,0.0,0.0,0.0,25.0,1.0,7.0,311.0,3.0,1.0,0.0,27:04,0.0,67.0,4.0,3.0,43.0,1.0,133.0,2.0,36.0,5.0,8-18,,13-79,444.0,0.0,8.9,3.1,13
401754567,2025.0,8.0,regular,home,24.0,Stanford,ACC,52.0,Florida State,ACC,12-25,0.0,19.0,0-0,0.0,,,,1.0,0.0,17.0,1.0,8.0,161.0,8.0,,1.0,32:56,0.0,26.0,1.0,1.0,42.0,1.0,132.0,2.0,45.0,4.0,6-16,,5-47,293.0,1.0,6.4,3.1,20
401754371,2025.0,8.0,regular,away,153.0,North Carolina,ACC,25.0,California,ACC,19-35,0.0,18.0,2-2,3.0,0.0,,,0.0,0.0,83.0,4.0,4.0,167.0,3.0,,0.0,31:10,0.0,19.0,3.0,1.0,29.0,2.0,120.0,2.0,25.0,6.0,5-14,3.0,4-46,287.0,3.0,4.8,4.1,18
401754371,2025.0,8.0,regular,home,25.0,California,ACC,153.0,North Carolina,ACC,22-40,0.0,19.0,2-2,0.0,3.0,,,0.0,0.0,19.0,1.0,3.0,214.0,7.0,,1.0,28:50,0.0,12.0,3.0,5.0,31.0,2.0,80.0,1.0,31.0,7.0,6-16,2.0,9-79,294.0,0.0,5.4,2.6,21
401754566,2025.0,8.0,regular,home,150.0,Duke,ACC,59.0,Georgia Tech,ACC,32-44,0.0,26.0,1-2,1.0,0.0,,,0.0,0.0,35.0,1.0,4.0,373.0,4.0,,2.0,33:29,,,,2.0,32.0,0.0,68.0,0.0,26.0,6.0,7-15,2.0,8-59,441.0,1.0,8.5,2.1,18
401754566,2025.0,8.0,regular,away,59.0,Georgia Tech,ACC,150.0,Duke,ACC,14-21,1.0,21.0,0-0,0.0,1.0,,,0.0,0.0,14.0,1.0,9.0,205.0,5.0,,0.0,26:31,,,,4.0,36.0,2.0,171.0,2.0,31.0,3.0,6-12,0.0,4-17,376.0,0.0,9.8,4.8,27
401754564,2025.0,8.0,regular,home,2390.0,Miami,ACC,97.0,Louisville,ACC,25-35,0.0,15.0,1-2,0.0,1.0,,,4.0,0.0,19.0,1.0,7.0,271.0,5.0,,0.0,28:44,,,,3.0,24.0,2.0,63.0,1.0,41.0,5.0,5-12,0.0,9-67,334.0,4.0,7.7,2.6,21
401754564,2025.0,8.0,regular,away,97.0,Louisville,ACC,2390.0,Miami,ACC,23-37,0.0,21.0,1-1,1.0,0.0,0.0,5.0,0.0,,,,6.0,248.0,5.0,4.0,2.0,31:16,0.0,24.0,3.0,1.0,31.0,1.0,119.0,0.0,34.0,2.0,5-14,1.0,6-64,367.0,1.0,6.7,3.8,24
401754568,2025.0,8.0,regular,away,221.0,Pittsburgh,ACC,183.0,Syracuse,ACC,13-24,1.0,16.0,1-1,0.0,,0.0,76.0,1.0,,,,12.0,143.0,2.0,3.0,0.0,29:58,1.0,66.0,1.0,0.0,43.0,2.0,117.0,2.0,48.0,8.0,4-15,,13-114,260.0,1.0,6.0,2.7,30
401754568,2025.0,8.0,regular,home,183.0,Syracuse,ACC,221.0,Pittsburgh,ACC,17-34,0.0,13.0,1-3,0.0,,0.0,34.0,3.0,0.0,119.0,5.0,1.0,136.0,1.0,1.0,2.0,30:02,0.0,6.0,1.0,2.0,30.0,0.0,76.0,7.0,48.0,12.0,4-15,,12-107,212.0,3.0,4.0,2.5,13
401754565,2025.0,8.0,regular,away,2567.0,SMU,ACC,228.0,Clemson,ACC,23-43,0.0,21.0,0-0,0.0,1.0,,,1.0,,,,11.0,290.0,6.0,,2.0,28:45,0.0,5.0,2.0,0.0,28.0,2.0,139.0,4.0,46.0,8.0,7-17,0.0,5-60,429.0,1.0,6.7,5.0,35
401754565,2025.0,8.0,regular,home,228.0,Clemson,ACC,2567.0,SMU,ACC,29-42,0.0,19.0,1-2,1.0,0.0,0.0,0.0,0.0,0.0,43.0,2.0,6.0,317.0,7.0,1.0,3.0,31:15,0.0,21.0,4.0,8.0,30.0,0.0,35.0,1.0,35.0,6.0,8-19,3.0,2-9,352.0,1.0,7.5,1.2,24
401752879,2025.0,8.0,regular,away,120.0,Maryland,Big Ten,26.0,UCLA,Big Ten,23-48,1.0,17.0,1-2,1.0,1.0,1.0,8.0,1.0,0.0,14.0,2.0,5.0,210.0,3.0,2.0,1.0,26:58,0.0,27.0,2.0,3.0,26.0,0.0,127.0,2.0,56.0,4.0,6-17,1.0,5-60,337.0,2.0,4.4,4.9,17
401752879,2025.0,8.0,regular,home,26.0,UCLA,Big Ten,120.0,Maryland,Big Ten,21-35,0.0,21.0,1-1,1.0,1.0,0.0,2.0,2.0,0.0,85.0,4.0,8.0,221.0,12.0,1.0,1.0,33:02,0.0,0.0,1.0,2.0,35.0,1.0,193.0,0.0,42.0,3.0,7-17,1.0,10-85,414.0,3.0,6.3,5.5,20
401752874,2025.0,8.0,regular,away,2509.0,Purdue,Big Ten,77.0,Northwestern,Big Ten,16-30,0.0,11.0,0-3,2.0,1.0,0.0,0.0,1.0,0.0,40.0,3.0,,218.0,8.0,1.0,0.0,22:21,0.0,0.0,1.0,4.0,26.0,0.0,87.0,0.0,28.0,6.0,5-14,2.0,8-98,305.0,3.0,7.3,3.3,0
401752874,2025.0,8.0,regular,home,77.0,Northwestern,Big Ten,2509.0,Purdue,Big Ten,11-26,0.0,24.0,1-2,1.0,2.0,0.0,0.0,1.0,,,,7.0,132.0,3.0,1.0,2.0,37:39,0.0,9.0,4.0,11.0,50.0,0.0,232.0,2.0,21.0,5.0,7-16,2.0,3-20,364.0,2.0,5.1,4.6,19
401752878,2025.0,8.0,regular,away,127.0,Michigan State,Big Ten,84.0,Indiana,Big Ten,30-38,0.0,19.0,3-4,0.0,0.0,,,0.0,,,,7.0,293.0,2.0,,1.0,31:14,,,,0.0,24.0,0.0,74.0,0.0,29.0,3.0,5-14,1.0,6-46,367.0,0.0,7.7,3.1,13
401752878,2025.0,8.0,regular,home,84.0,Indiana,Big Ten,127.0,Michigan State,Big Ten,24-28,0.0,24.0,1-2,0.0,,,,0.0,0.0,5.0,1.0,8.0,332.0,3.0,,4.0,28:46,0.0,16.0,1.0,2.0,28.0,1.0,132.0,4.0,34.0,9.0,5-8,,1-5,464.0,0.0,11.9,4.7,38
401752873,2025.0,8.0,regular,away,264.0,Washington,Big Ten,130.0,Michigan,Big Ten,20-32,0.0,14.0,1-2,0.0,0.0,,,3.0,,,,1.0,209.0,3.0,,0.0,22:31,0.0,4.0,1.0,0.0,23.0,1.0,40.0,1.0,44.0,3.0,5-12,1.0,4-23,249.0,3.0,6.5,1.7,7
401752873,2025.0,8.0,regular,home,130.0,Michigan,Big Ten,264.0,Washington,Big Ten,21-28,0.0,23.0,0-2,0.0,,0.0,10.0,0.0,,,,6.0,230.0,2.0,3.0,2.0,37:29,0.0,5.0,1.0,4.0,40.0,1.0,187.0,2.0,38.0,7.0,6-13,,5-35,417.0,0.0,8.2,4.7,24
401752872,2025.0,8.0,regular,away,158.0,Nebraska,Big Ten,135.0,Minnesota,Big Ten,17-25,0.0,13.0,0-1,0.0,,,,0.0,0.0,12.0,1.0,6.0,177.0,2.0,,0.0,28:01,0.0,22.0,2.0,1.0,29.0,0.0,36.0,1.0,32.0,3.0,3-11,,6-65,213.0,0.0,7.1,1.2,6
401752872,2025.0,8.0,regular,home,135.0,Minnesota,Big Ten,158.0,Nebraska,Big Ten,16-20,0.0,18.0,0-0,0.0,0.0,,,0.0,0.0,17.0,1.0,6.0,153.0,1.0,,1.0,31:59,0.0,2.0,1.0,5.0,35.0,2.0,186.0,9.0,35.0,10.0,5-12,1.0,3-30,339.0,0.0,7.7,5.3,24
401752876,2025.0,8.0,regular,away,2483.0,Oregon,Big Ten,164.0,Rutgers,Big Ten,18-24,0.0,29.0,0-0,2.0,1.0,0.0,-3.0,1.0,,,,8.0,335.0,8.0,2.0,4.0,27:53,0.0,0.0,2.0,2.0,36.0,4.0,415.0,3.0,26.0,8.0,8-11,2.0,4-50,750.0,3.0,14.0,11.5,56
401752876,2025.0,8.0,regular,home,164.0,Rutgers,Big Ten,2483.0,Oregon,Big Ten,8-27,0.0,12.0,3-4,1.0,2.0,0.0,0.0,2.0,0.0,25.0,1.0,4.0,79.0,0.0,1.0,0.0,32:07,,,,0.0,42.0,1.0,123.0,0.0,30.0,2.0,5-18,2.0,4-25,202.0,3.0,2.9,2.9,10
401752877,2025.0,8.0,regular,home,275.0,Wisconsin,Big Ten,194.0,Ohio State,Big Ten,7-15,0.0,9.0,1-2,0.0,,,,1.0,0.0,16.0,1.0,,49.0,4.0,,0.0,26:03,,,,0.0,31.0,0.0,95.0,1.0,49.0,5.0,2-11,,2-10,144.0,1.0,3.3,3.1,0
401752877,2025.0,8.0,regular,away,194.0,Ohio State,Big Ten,275.0,Wisconsin,Big Ten,36-42,0.0,26.0,2-2,0.0,,0.0,5.0,0.0,,,,10.0,393.0,1.0,1.0,4.0,33:57,0.0,38.0,3.0,1.0,28.0,0.0,98.0,3.0,36.0,7.0,5-11,,4-25,491.0,0.0,9.4,3.5,34
401752875,2025.0,8.0,regular,home,2294.0,Iowa,Big Ten,213.0,Penn State,Big Ten,10-16,0.0,11.0,0-0,0.0,,0.0,28.0,1.0,0.0,26.0,1.0,7.0,68.0,2.0,2.0,0.0,23:48,0.0,25.0,1.0,3.0,33.0,3.0,245.0,1.0,41.0,6.0,4-10,,3-20,313.0,1.0,4.3,7.4,25
401752875,2025.0,8.0,regular,away,213.0,Penn State,Big Ten,2294.0,Iowa,Big Ten,15-28,0.0,19.0,2-4,0.0,0.0,0.0,2.0,2.0,0.0,42.0,3.0,6.0,93.0,1.0,1.0,0.0,36:12,,,,1.0,46.0,2.0,173.0,0.0,36.0,2.0,6-16,2.0,2-15,266.0,2.0,3.3,3.8,24
401762839,2025.0,8.0,regular,away,2117.0,Central Michigan,Mid-American,189.0,Bowling Green,Mid-American,3-5,0.0,14.0,0-0,0.0,,0.0,45.0,0.0,0.0,21.0,1.0,9.0,73.0,1.0,2.0,0.0,31:20,0.0,0.0,1.0,1.0,46.0,3.0,203.0,3.0,37.0,8.0,5-12,,10-74,276.0,0.0,14.6,4.4,27
401762839,2025.0,8.0,regular,home,189.0,Bowling Green,Mid-American,2117.0,Central Michigan,Mid-American,17-25,0.0,14.0,1-4,0.0,0.0,,,2.0,0.0,41.0,3.0,6.0,153.0,0.0,,0.0,28:40,,,,0.0,36.0,0.0,157.0,0.0,28.0,6.0,5-15,1.0,15-125,310.0,2.0,6.1,4.4,6
401762841,2025.0,8.0,regular,away,2199.0,Eastern Michigan,Mid-American,193.0,Miami (OH),Mid-American,20-36,0.0,17.0,2-3,0.0,1.0,,,2.0,0.0,29.0,2.0,2.0,309.0,2.0,,4.0,17:51,0.0,4.0,1.0,3.0,22.0,0.0,60.0,1.0,40.0,2.0,6-13,2.0,4-24,369.0,2.0,8.6,2.7,30
401762841,2025.0,8.0,regular,home,193.0,Miami (OH),Mid-American,2199.0,Eastern Michigan,Mid-American,13-22,0.0,23.0,1-1,1.0,0.0,0.0,18.0,0.0,0.0,62.0,2.0,6.0,159.0,5.0,2.0,2.0,42:09,0.0,15.0,1.0,8.0,55.0,4.0,295.0,3.0,27.0,4.0,11-15,1.0,8-75,454.0,1.0,7.2,5.4,44
401762843,2025.0,8.0,regular,away,2459.0,Northern Illinois,Mid-American,195.0,Ohio,Mid-American,21-30,0.0,15.0,0-2,1.0,0.0,0.0,0.0,0.0,0.0,139.0,4.0,1.0,161.0,1.0,1.0,2.0,24:10,,,,5.0,26.0,1.0,132.0,1.0,32.0,1.0,6-13,1.0,2-20,293.0,1.0,5.4,5.1,21
401762843,2025.0,8.0,regular,home,195.0,Ohio,Mid-American,2459.0,Northern Illinois,Mid-American,17-23,1.0,27.0,1-2,0.0,1.0,,,1.0,,,,6.0,205.0,2.0,,0.0,35:50,0.0,52.0,1.0,3.0,52.0,6.0,333.0,2.0,32.0,4.0,9-13,2.0,13-75,538.0,1.0,8.9,6.4,48
401762838,2025.0,8.0,regular,home,2050.0,Ball State,Mid-American,2006.0,Akron,Mid-American,11-20,1.0,17.0,0-1,1.0,0.0,0.0,23.0,1.0,1.0,92.0,2.0,6.0,158.0,2.0,2.0,1.0,31:52,0.0,7.0,2.0,4.0,45.0,4.0,216.0,4.0,33.0,5.0,4-13,2.0,6-50,374.0,2.0,7.9,4.8,42
401762838,2025.0,8.0,regular,away,2006.0,Akron,Mid-American,2050.0,Ball State,Mid-American,22-40,0.0,24.0,1-4,0.0,1.0,0.0,0.0,2.0,0.0,-13.0,2.0,8.0,291.0,1.0,1.0,3.0,28:08,,,,0.0,35.0,0.0,128.0,4.0,34.0,8.0,2-12,0.0,9-74,419.0,2.0,7.3,3.7,28
401762842,2025.0,8.0,regular,home,2649.0,Toledo,Mid-American,2309.0,Kent State,Mid-American,25-32,1.0,29.0,0-0,0.0,,0.0,0.0,0.0,0.0,50.0,2.0,9.0,374.0,4.0,1.0,5.0,33:48,1.0,21.0,2.0,2.0,40.0,0.0,178.0,2.0,19.0,3.0,7-13,,3-15,552.0,0.0,11.7,4.5,45
401762842,2025.0,8.0,regular,away,2309.0,Kent State,Mid-American,2649.0,Toledo,Mid-American,12-24,0.0,9.0,1-1,0.0,,,,1.0,0.0,78.0,3.0,4.0,159.0,0.0,,1.0,26:12,0.0,19.0,2.0,2.0,26.0,0.0,65.0,0.0,42.0,4.0,3-13,,8-57,224.0,1.0,6.6,2.5,10
401760396,2025.0,8.0,regular,home,328.0,Utah State,Mountain West,23.0,San José State,Mountain West,23-32,0.0,19.0,2-3,0.0,1.0,,,0.0,0.0,20.0,1.0,12.0,331.0,9.0,,1.0,29:47,0.0,-1.0,1.0,8.0,38.0,2.0,130.0,0.0,23.0,1.0,5-16,0.0,6-65,461.0,0.0,10.3,3.4,30
401760396,2025.0,8.0,regular,away,23.0,San José State,Mountain West,328.0,Utah State,Mountain West,27-50,0.0,23.0,1-4,1.0,0.0,,,0.0,0.0,38.0,2.0,7.0,340.0,2.0,,2.0,30:13,,,,5.0,27.0,1.0,194.0,3.0,29.0,9.0,9-17,1.0,8-65,534.0,1.0,6.8,7.2,25
401760394,2025.0,8.0,regular,away,62.0,Hawai'i,Mountain West,36.0,Colorado State,Mountain West,26-38,0.0,19.0,1-1,0.0,1.0,,,1.0,,,,7.0,301.0,7.0,,3.0,34:59,,,,4.0,28.0,1.0,134.0,6.0,28.0,8.0,7-14,0.0,3-23,435.0,1.0,7.9,4.8,31
401760394,2025.0,8.0,regular,home,36.0,Colorado State,Mountain West,62.0,Hawai'i,Mountain West,15-29,1.0,15.0,1-2,1.0,0.0,0.0,0.0,0.0,0.0,19.0,1.0,1.0,176.0,3.0,1.0,1.0,25:01,1.0,116.0,3.0,5.0,34.0,1.0,85.0,0.0,30.0,1.0,6-15,2.0,5-51,261.0,1.0,6.1,2.5,19
401760393,2025.0,8.0,regular,away,2439.0,UNLV,Mountain West,68.0,Boise State,Mountain West,18-30,0.0,22.0,0-1,0.0,1.0,0.0,0.0,1.0,0.0,19.0,1.0,7.0,215.0,4.0,1.0,2.0,32:07,,,,0.0,40.0,2.0,261.0,1.0,36.0,2.0,4-13,0.0,7-45,476.0,1.0,7.2,6.5,31
401760393,2025.0,8.0,regular,home,68.0,Boise State,Mountain West,2439.0,UNLV,Mountain West,15-24,1.0,20.0,1-1,1.0,0.0,1.0,60.0,1.0,0.0,61.0,2.0,8.0,264.0,4.0,1.0,4.0,27:53,0.0,2.0,2.0,1.0,33.0,3.0,294.0,3.0,38.0,7.0,6-11,1.0,6-37,558.0,2.0,11.0,8.9,56
401760395,2025.0,8.0,regular,away,2440.0,Nevada,Mountain West,167.0,New Mexico,Mountain West,23-29,0.0,16.0,1-3,0.0,2.0,,,0.0,0.0,38.0,2.0,10.0,202.0,5.0,,0.0,29:27,,,,1.0,28.0,2.0,55.0,1.0,35.0,4.0,5-13,0.0,9-61,257.0,0.0,7.0,2.0,22
401760395,2025.0,8.0,regular,home,167.0,New Mexico,Mountain West,2440.0,Nevada,Mountain West,14-22,0.0,22.0,3-4,2.0,0.0,,,0.0,0.0,21.0,1.0,6.0,138.0,2.0,,0.0,30:33,0.0,-11.0,1.0,2.0,42.0,3.0,210.0,1.0,39.0,5.0,5-13,3.0,8-64,348.0,2.0,6.3,5.0,24
401760392,2025.0,8.0,regular,away,2751.0,Wyoming,Mountain West,2005.0,Air Force,Mountain West,23-30,0.0,25.0,1-1,0.0,,,,2.0,0.0,44.0,3.0,3.0,211.0,2.0,,1.0,26:57,0.0,7.0,1.0,1.0,36.0,2.0,198.0,1.0,43.0,4.0,6-12,,2-15,409.0,2.0,7.0,5.5,21
401760392,2025.0,8.0,regular,home,2005.0,Air Force,Mountain West,2751.0,Wyoming,Mountain West,3-8,0.0,19.0,2-3,0.0,0.0,0.0,0.0,0.0,0.0,24.0,1.0,10.0,33.0,3.0,2.0,0.0,33:03,,,,2.0,56.0,2.0,330.0,1.0,37.0,6.0,6-14,1.0,2-10,363.0,0.0,4.1,5.9,24
401752740,2025.0,8.0,regular,away,142.0,Missouri,SEC,2.0,Auburn,SEC,23-40,0.0,26.0,0-0,0.0,0.0,0.0,2.0,2.0,,,,5.0,252.0,2.0,1.0,0.0,32:47,0.0,3.0,1.0,3.0,44.0,3.0,91.0,5.0,53.0,9.0,8-17,1.0,4-50,343.0,2.0,6.3,2.1,23
401752740,2025.0,8.0,regular,home,2.0,Auburn,SEC,142.0,Missouri,SEC,18-30,0.0,19.0,0-1,0.0,,0.0,0.0,1.0,0.0,21.0,1.0,5.0,207.0,3.0,2.0,0.0,27:13,0.0,-1.0,2.0,5.0,41.0,2.0,150.0,3.0,56.0,9.0,6-16,,4-40,357.0,1.0,6.9,3.7,17
401752739,2025.0,8.0,regular,away,245.0,Texas A&M,SEC,8.0,Arkansas,SEC,23-32,0.0,29.0,3-3,0.0,,,,0.0,0.0,13.0,1.0,9.0,280.0,2.0,,3.0,33:48,,,,6.0,35.0,3.0,217.0,4.0,34.0,8.0,5-11,,7-67,497.0,0.0,8.8,6.2,45
401752739,2025.0,8.0,regular,home,8.0,Arkansas,SEC,245.0,Texas A&M,SEC,20-33,0.0,25.0,1-2,0.0,,,,0.0,0.0,22.0,1.0,10.0,259.0,3.0,,3.0,26:12,0.0,14.0,2.0,0.0,32.0,2.0,268.0,0.0,35.0,2.0,4-10,,9-71,527.0,0.0,7.8,8.4,42
401752741,2025.0,8.0,regular,away,344.0,Mississippi State,SEC,57.0,Florida,SEC,24-36,0.0,22.0,1-2,1.0,0.0,0.0,29.0,1.0,,,,3.0,324.0,5.0,2.0,0.0,30:05,,,,0.0,44.0,3.0,144.0,2.0,35.0,3.0,8-15,1.0,7-60,468.0,2.0,9.0,3.3,21
401752741,2025.0,8.0,regular,home,57.0,Florida,SEC,344.0,Mississippi State,SEC,20-34,0.0,25.0,0-0,0.0,1.0,0.0,5.0,2.0,,,,11.0,280.0,5.0,1.0,0.0,29:55,0.0,0.0,1.0,3.0,34.0,2.0,172.0,4.0,43.0,11.0,4-11,0.0,7-60,452.0,2.0,8.2,5.1,23
401752742,2025.0,8.0,regular,away,145.0,Ole Miss,SEC,61.0,Georgia,SEC,19-36,0.0,21.0,1-2,0.0,0.0,,,0.0,0.0,15.0,1.0,5.0,263.0,1.0,,1.0,22:21,,,,0.0,24.0,4.0,88.0,1.0,53.0,3.0,5-9,1.0,4-40,351.0,0.0,7.3,3.7,35
401752742,2025.0,8.0,regular,home,61.0,Georgia,SEC,145.0,Ole Miss,SEC,26-31,0.0,34.0,1-1,0.0,0.0,,,0.0,,,,13.0,289.0,5.0,,4.0,37:39,,,,0.0,49.0,1.0,221.0,0.0,29.0,0.0,6-11,1.0,3-37,510.0,0.0,9.3,4.5,43
401752743,2025.0,8.0,regular,away,251.0,Texas,SEC,96.0,Kentucky,SEC,12-27,0.0,8.0,0-0,0.0,,0.0,3.0,0.0,0.0,11.0,1.0,10.0,132.0,4.0,1.0,0.0,20:37,0.0,88.0,2.0,2.0,28.0,1.0,47.0,5.0,63.0,11.0,5-16,,7-50,179.0,0.0,4.9,1.7,16
401752743,2025.0,8.0,regular,home,96.0,Kentucky,SEC,251.0,Texas,SEC,31-40,0.0,26.0,1-3,0.0,0.0,,,1.0,0.0,46.0,2.0,7.0,258.0,2.0,,0.0,39:23,0.0,11.0,3.0,8.0,46.0,1.0,137.0,3.0,25.0,7.0,7-18,4.0,3-25,395.0,1.0,6.5,3.0,13
401752745,2025.0,8.0,regular,home,238.0,Vanderbilt,SEC,99.0,LSU,SEC,14-22,0.0,20.0,2-3,0.0,,,,0.0,0.0,59.0,2.0,7.0,160.0,5.0,,1.0,36:31,0.0,17.0,1.0,5.0,45.0,3.0,239.0,2.0,29.0,5.0,6-13,,4-35,399.0,0.0,7.3,5.3,31
401752745,2025.0,8.0,regular,away,99.0,LSU,SEC,238.0,Vanderbilt,SEC,19-28,0.0,14.0,0-0,0.0,,,,0.0,0.0,36.0,2.0,10.0,225.0,2.0,,2.0,23:29,,,,1.0,21.0,0.0,100.0,1.0,39.0,4.0,5-11,,7-52,325.0,0.0,8.0,4.8,24
401752744,2025.0,8.0,regular,home,2579.0,South Carolina,SEC,201.0,Oklahoma,SEC,21-33,0.0,15.0,4-7,0.0,,,,2.0,,,,1.0,170.0,2.0,,1.0,26:22,0.0,55.0,3.0,4.0,34.0,0.0,54.0,1.0,46.0,3.0,3-15,,4-35,224.0,2.0,5.2,1.6,7
401752744,2025.0,8.0,regular,away,201.0,Oklahoma,SEC,2579.0,South Carolina,SEC,19-27,0.0,20.0,0-0,0.0,,0.0,3.0,0.0,,,,6.0,148.0,1.0,2.0,1.0,33:38,0.0,12.0,2.0,7.0,40.0,2.0,171.0,6.0,48.0,13.0,8-16,,10-98,319.0,0.0,5.5,4.3,26
401752738,2025.0,8.0,regular,away,2633.0,Tennessee,SEC,333.0,Alabama,SEC,28-44,0.0,27.0,4-5,0.0,1.0,,,1.0,,,,2.0,268.0,5.0,,1.0,28:56,0.0,7.0,1.0,3.0,33.0,2.0,142.0,0.0,28.0,4.0,5-13,0.0,10-66,410.0,1.0,6.1,4.3,20
401752738,2025.0,8.0,regular,home,333.0,Alabama,SEC,2633.0,Tennessee,SEC,19-29,1.0,23.0,1-1,1.0,0.0,1.0,99.0,0.0,0.0,18.0,1.0,5.0,253.0,2.0,1.0,2.0,31:04,0.0,-5.0,1.0,2.0,32.0,2.0,120.0,4.0,41.0,8.0,5-11,1.0,7-59,373.0,1.0,8.7,3.8,37
401767435,2025.0,9.0,regular,home,2504.0,Prairie View A&M,SWAC,124179.0,Lincoln (CA),Independent DII,12-21,,17.0,0-0,0.0,2.0,,,0.0,0.0,11.0,1.0,8.0,258.0,,,2.0,38:42,0.0,4.0,2.0,,22.0,3.0,165.0,,,,4-7,0.0,8-80,423.0,0.0,12.3,7.5,38
401767435,2025.0,9.0,regular,away,124179.0,Lincoln (CA),Independent DII,2504.0,Prairie View A&M,SWAC,4-11,,4.0,0-0,2.0,0.0,,,0.0,0.0,51.0,4.0,,42.0,,,0.0,21:18,,,,,14.0,0.0,21.0,,,,0-6,2.0,3-15,63.0,2.0,3.8,1.5,0
401767093,2025.0,9.0,regular,away,2502.0,Portland State,Big Sky,70.0,Idaho,Big Sky,14-27,,16.0,1-3,0.0,,,,2.0,0.0,44.0,3.0,6.0,182.0,,,0.0,31:48,0.0,0.0,2.0,,35.0,0.0,135.0,,,,2-13,,7-67,317.0,2.0,6.7,3.9,6
401767093,2025.0,9.0,regular,home,70.0,Idaho,Big Sky,2502.0,Portland State,Big Sky,18-27,,22.0,0-0,0.0,,0.0,10.0,0.0,0.0,55.0,2.0,9.0,301.0,,2.0,5.0,28:12,0.0,39.0,2.0,,28.0,1.0,163.0,,,,4-9,,4-35,464.0,0.0,11.1,5.8,45
401756933,2025.0,9.0,regular,home,2641.0,Texas Tech,Big 12,197.0,Oklahoma State,Big 12,19-29,2.0,21.0,0-1,2.0,2.0,,,0.0,1.0,99.0,1.0,4.0,282.0,8.0,,2.0,31:16,0.0,25.0,4.0,8.0,40.0,2.0,88.0,1.0,29.0,4.0,9-16,3.0,1-9,370.0,2.0,9.7,2.2,42
401756933,2025.0,9.0,regular,away,197.0,Oklahoma State,Big 12,2641.0,Texas Tech,Big 12,14-31,0.0,9.0,0-2,2.0,2.0,,,0.0,0.0,14.0,1.0,,87.0,3.0,,0.0,28:44,0.0,7.0,1.0,1.0,32.0,0.0,95.0,3.0,37.0,6.0,5-17,2.0,6-48,182.0,2.0,2.8,3.0,0
401756932,2025.0,9.0,regular,home,2305.0,Kansas,Big 12,2306.0,Kansas State,Big 12,18-37,0.0,18.0,1-5,2.0,1.0,,,2.0,0.0,59.0,3.0,5.0,137.0,3.0,,0.0,32:40,0.0,5.0,1.0,3.0,40.0,2.0,110.0,0.0,40.0,5.0,6-16,2.0,5-46,247.0,4.0,3.7,2.8,17
401756932,2025.0,9.0,regular,away,2306.0,Kansas State,Big 12,2305.0,Kansas,Big 12,11-17,1.0,17.0,2-2,1.0,2.0,0.0,11.0,0.0,0.0,84.0,4.0,6.0,231.0,8.0,2.0,2.0,27:20,0.0,11.0,3.0,3.0,36.0,3.0,140.0,4.0,42.0,7.0,3-10,2.0,3-30,371.0,1.0,13.6,3.9,42
401756930,2025.0,9.0,regular,home,2132.0,Cincinnati,Big 12,239.0,Baylor,Big 12,13-21,0.0,26.0,2-2,0.0,2.0,,,0.0,0.0,18.0,1.0,11.0,111.0,3.0,,2.0,35:06,0.0,2.0,1.0,0.0,50.0,3.0,265.0,2.0,26.0,3.0,9-14,0.0,10-88,376.0,0.0,5.3,5.3,41
401756930,2025.0,9.0,regular,away,239.0,Baylor,Big 12,2132.0,Cincinnati,Big 12,18-26,0.0,17.0,4-6,2.0,0.0,,,0.0,0.0,74.0,4.0,,137.0,1.0,,2.0,24:54,,,,1.0,32.0,1.0,129.0,0.0,33.0,1.0,4-12,2.0,3-40,266.0,2.0,5.3,4.0,20
401756931,2025.0,9.0,regular,away,252.0,BYU,Big 12,66.0,Iowa State,Big 12,22-36,1.0,17.0,3-3,0.0,1.0,1.0,65.0,0.0,0.0,106.0,5.0,11.0,307.0,4.0,3.0,2.0,27:50,,,,4.0,28.0,2.0,103.0,4.0,45.0,6.0,6-15,0.0,8-57,410.0,0.0,8.5,3.7,41
401756931,2025.0,9.0,regular,home,66.0,Iowa State,Big 12,252.0,BYU,Big 12,24-36,0.0,24.0,1-3,1.0,0.0,,,3.0,0.0,4.0,1.0,9.0,311.0,6.0,,1.0,32:10,0.0,10.0,1.0,5.0,34.0,2.0,184.0,2.0,33.0,3.0,5-11,1.0,5-39,495.0,4.0,8.6,5.4,27
401756935,2025.0,9.0,regular,home,277.0,West Virginia,Big 12,2628.0,TCU,Big 12,28-41,0.0,19.0,2-7,0.0,0.0,,,0.0,0.0,25.0,2.0,5.0,301.0,6.0,,2.0,25:57,,,,1.0,32.0,0.0,41.0,1.0,31.0,6.0,3-14,3.0,4-36,342.0,0.0,7.3,1.3,17
401756935,2025.0,9.0,regular,away,2628.0,TCU,Big 12,277.0,West Virginia,Big 12,24-39,0.0,19.0,1-2,0.0,0.0,,,0.0,0.0,14.0,1.0,11.0,247.0,2.0,,1.0,34:03,,,,2.0,33.0,1.0,96.0,2.0,33.0,5.0,6-16,1.0,7-60,343.0,0.0,6.3,2.9,23
401767185,2025.0,9.0,regular,away,2405.0,Monmouth,CAA,2261.0,Hampton,CAA,14-25,,26.0,0-3,1.0,1.0,0.0,0.0,1.0,0.0,43.0,2.0,4.0,122.0,,1.0,0.0,30:01,0.0,0.0,1.0,,49.0,4.0,298.0,,,,7-12,1.0,4-45,420.0,2.0,4.9,6.1,28
401767185,2025.0,9.0,regular,home,2261.0,Hampton,CAA,2405.0,Monmouth,CAA,22-34,,20.0,1-2,1.0,1.0,0.0,42.0,1.0,0.0,33.0,4.0,4.0,262.0,,1.0,0.0,29:59,0.0,7.0,1.0,,35.0,1.0,119.0,,,,6-12,2.0,9-69,381.0,2.0,7.7,3.4,10
401767774,2025.0,9.0,regular,home,2385.0,Mercyhurst,NEC,284.0,Stonehill,NEC,29-41,,22.0,0-3,0.0,,0.0,3.0,1.0,0.0,93.0,5.0,1.0,255.0,,1.0,2.0,27:42,0.0,2.0,1.0,,19.0,0.0,97.0,,,,3-10,,8-94,352.0,1.0,6.2,5.1,15
401767774,2025.0,9.0,regular,away,284.0,Stonehill,NEC,2385.0,Mercyhurst,NEC,12-20,,18.0,0-0,0.0,,0.0,0.0,1.0,0.0,53.0,2.0,10.0,188.0,,1.0,2.0,32:18,0.0,6.0,1.0,,36.0,0.0,122.0,,,,5-11,,6-34,310.0,1.0,9.4,3.4,22
401767167,2025.0,9.0,regular,away,2197.0,Eastern Illinois,Big South-OVC,2127.0,Charleston Southern,Big South-OVC,10-18,,17.0,0-0,0.0,2.0,,,0.0,,,,10.0,123.0,,,1.0,30:38,0.0,21.0,2.0,,38.0,0.0,161.0,,,,1-10,2.0,3-15,284.0,0.0,6.8,4.2,16
401767167,2025.0,9.0,regular,home,2127.0,Charleston Southern,Big South-OVC,2197.0,Eastern Illinois,Big South-OVC,26-39,,17.0,1-2,2.0,0.0,,,0.0,0.0,44.0,2.0,5.0,280.0,,,1.0,29:22,0.0,18.0,3.0,,29.0,1.0,61.0,,,,7-15,3.0,4-45,341.0,2.0,7.2,2.1,17
401767204,2025.0,9.0,regular,home,2815.0,Lindenwood,Big South-OVC,2241.0,Gardner-Webb,Big South-OVC,17-33,,22.0,2-2,1.0,0.0,,,3.0,0.0,46.0,3.0,8.0,180.0,,,1.0,26:03,,,,,33.0,1.0,165.0,,,,6-15,1.0,2-20,345.0,4.0,5.5,5.0,20
401767204,2025.0,9.0,regular,away,2241.0,Gardner-Webb,Big South-OVC,2815.0,Lindenwood,Big South-OVC,19-22,,24.0,1-1,0.0,1.0,0.0,6.0,0.0,0.0,41.0,2.0,12.0,264.0,,3.0,1.0,33:57,0.0,6.0,1.0,,48.0,5.0,245.0,,,,7-13,1.0,5-50,509.0,0.0,12.0,5.1,48
401767221,2025.0,9.0,regular,home,2635.0,Tennessee Tech,Big South-OVC,2546.0,Southeast Missouri State,Big South-OVC,12-23,,18.0,1-1,0.0,1.0,0.0,0.0,0.0,0.0,26.0,1.0,6.0,163.0,,1.0,2.0,29:02,0.0,37.0,1.0,,38.0,3.0,136.0,,,,5-13,0.0,7-95,299.0,0.0,7.1,3.6,42
401767221,2025.0,9.0,regular,away,2546.0,Southeast Missouri State,Big South-OVC,2635.0,Tennessee Tech,Big South-OVC,37-57,,26.0,2-3,1.0,0.0,,,1.0,0.0,57.0,3.0,11.0,381.0,,,1.0,30:58,0.0,30.0,4.0,,27.0,1.0,20.0,,,,5-17,2.0,10-98,401.0,2.0,6.7,0.7,23
401767228,2025.0,9.0,regular,away,2710.0,Western Illinois,Big South-OVC,2634.0,Tennessee State,Big South-OVC,14-31,,10.0,0-1,0.0,0.0,1.0,22.0,0.0,0.0,23.0,1.0,5.0,133.0,,2.0,1.0,20:47,0.0,17.0,3.0,,19.0,0.0,63.0,,,,2-12,2.0,8-49,196.0,0.0,4.3,3.3,17
401767228,2025.0,9.0,regular,home,2634.0,Tennessee State,Big South-OVC,2710.0,Western Illinois,Big South-OVC,18-28,,21.0,3-3,0.0,0.0,,,2.0,0.0,29.0,1.0,10.0,187.0,,,1.0,39:13,0.0,0.0,4.0,,48.0,0.0,164.0,,,,5-17,1.0,4-33,351.0,2.0,6.7,3.4,16
401767145,2025.0,9.0,regular,home,2448.0,North Carolina A&T,CAA,2097.0,Campbell,CAA,12-20,,14.0,0-0,0.0,,0.0,2.0,0.0,1.0,149.0,4.0,4.0,133.0,,1.0,1.0,26:02,1.0,99.0,4.0,,30.0,1.0,88.0,,,,3-11,,11-122,221.0,0.0,6.7,2.9,28
401767145,2025.0,9.0,regular,away,2097.0,Campbell,CAA,2448.0,North Carolina A&T,CAA,30-48,,28.0,1-3,0.0,,,,1.0,0.0,51.0,2.0,6.0,312.0,,,2.0,33:58,,,,,32.0,1.0,63.0,,,,6-15,,9-65,375.0,1.0,6.5,2.0,24
401767498,2025.0,9.0,regular,home,2754.0,Youngstown State,MVFC,93.0,Murray State,MVFC,23-27,,26.0,1-1,0.0,,0.0,10.0,0.0,1.0,135.0,4.0,9.0,298.0,,1.0,3.0,35:46,0.0,20.0,2.0,,43.0,3.0,241.0,,,,8-12,,7-71,539.0,0.0,11.0,5.6,51
401767498,2025.0,9.0,regular,away,93.0,Murray State,MVFC,2754.0,Youngstown State,MVFC,19-29,,15.0,2-2,0.0,,,,1.0,0.0,81.0,5.0,5.0,192.0,,,2.0,24:14,,,,,25.0,0.0,79.0,,,,3-13,,11-83,271.0,1.0,6.6,3.2,17
401767295,2025.0,9.0,regular,home,3101.0,Utah Tech,UAC,253.0,Southern Utah,UAC,29-45,,25.0,3-5,0.0,,,,1.0,0.0,16.0,1.0,1.0,244.0,,,0.0,31:00,,,,,34.0,1.0,122.0,,,,7-17,,3-25,366.0,1.0,5.4,3.6,7
401767295,2025.0,9.0,regular,away,253.0,Southern Utah,UAC,3101.0,Utah Tech,UAC,14-22,,19.0,1-1,0.0,,0.0,1.0,0.0,0.0,24.0,2.0,8.0,156.0,,1.0,0.0,29:00,0.0,10.0,1.0,,35.0,3.0,238.0,,,,5-11,,2-29,394.0,0.0,7.1,6.8,28
401767252,2025.0,9.0,regular,away,2453.0,North Alabama,UAC,2046.0,Austin Peay,UAC,26-49,,27.0,2-4,0.0,2.0,,,3.0,0.0,39.0,2.0,4.0,330.0,,,2.0,32:38,,,,,37.0,2.0,142.0,,,,11-20,1.0,5-41,472.0,3.0,6.7,3.8,28
401767252,2025.0,9.0,regular,home,2046.0,Austin Peay,UAC,2453.0,North Alabama,UAC,17-24,,22.0,1-1,2.0,0.0,0.0,73.0,0.0,0.0,68.0,4.0,8.0,311.0,,3.0,3.0,27:22,0.0,-1.0,1.0,,35.0,5.0,266.0,,,,4-10,3.0,12-103,577.0,2.0,13.0,7.6,56
401767302,2025.0,9.0,regular,home,2698.0,West Georgia,UAC,2110.0,Central Arkansas,UAC,17-32,,20.0,3-5,0.0,0.0,0.0,50.0,0.0,0.0,68.0,3.0,6.0,175.0,,1.0,2.0,27:14,0.0,6.0,2.0,,34.0,0.0,145.0,,,,5-15,1.0,4-50,320.0,0.0,5.5,4.3,18
401767302,2025.0,9.0,regular,away,2110.0,Central Arkansas,UAC,2698.0,West Georgia,UAC,21-30,,22.0,0-2,0.0,0.0,,,1.0,0.0,24.0,1.0,5.0,190.0,,,2.0,32:46,,,,,40.0,0.0,149.0,,,,7-14,1.0,4-35,339.0,1.0,6.3,3.7,17
401767281,2025.0,9.0,regular,away,2627.0,Tarleton State,UAC,2198.0,Eastern Kentucky,UAC,19-29,,24.0,1-2,0.0,2.0,0.0,83.0,0.0,0.0,47.0,2.0,7.0,235.0,,2.0,1.0,37:55,0.0,10.0,3.0,,45.0,3.0,178.0,,,,6-13,0.0,5-42,413.0,0.0,8.1,4.0,31
401767281,2025.0,9.0,regular,home,2198.0,Eastern Kentucky,UAC,2627.0,Tarleton State,UAC,11-19,,11.0,0-0,2.0,0.0,,,2.0,0.0,16.0,3.0,1.0,113.0,,,0.0,22:05,,,,,28.0,1.0,76.0,,,,3-10,2.0,3-19,189.0,4.0,5.9,2.7,7
401762494,2025.0,9.0,regular,home,235.0,Memphis,American Athletic,58.0,South Florida,American Athletic,28-45,0.0,30.0,2-2,0.0,0.0,0.0,13.0,0.0,0.0,3.0,1.0,8.0,321.0,9.0,1.0,2.0,33:52,,,,4.0,34.0,2.0,129.0,2.0,39.0,7.0,6-16,3.0,7-60,450.0,0.0,7.1,3.8,34
401762494,2025.0,9.0,regular,away,58.0,South Florida,American Athletic,235.0,Memphis,American Athletic,26-44,0.0,29.0,0-2,0.0,,,,1.0,,,,7.0,269.0,7.0,,1.0,26:08,,,,3.0,38.0,3.0,295.0,3.0,42.0,8.0,12-18,,7-74,564.0,1.0,6.1,7.8,31
401762495,2025.0,9.0,regular,away,218.0,Temple,American Athletic,202.0,Tulsa,American Athletic,24-35,0.0,22.0,2-3,0.0,1.0,,,0.0,0.0,67.0,4.0,8.0,267.0,2.0,,5.0,31:48,0.0,18.0,1.0,0.0,34.0,0.0,180.0,1.0,35.0,7.0,3-12,1.0,7-87,447.0,0.0,7.6,5.3,38
401762495,2025.0,9.0,regular,home,202.0,Tulsa,American Athletic,218.0,Temple,American Athletic,19-31,0.0,25.0,2-2,1.0,0.0,,,0.0,0.0,37.0,2.0,7.0,296.0,3.0,,3.0,28:12,0.0,0.0,1.0,3.0,44.0,2.0,140.0,1.0,26.0,5.0,7-16,2.0,6-51,436.0,1.0,9.5,3.2,37
401762493,2025.0,9.0,regular,away,2226.0,Florida Atlantic,American Athletic,2426.0,Navy,American Athletic,34-55,0.0,23.0,7-7,2.0,1.0,,,1.0,0.0,81.0,4.0,8.0,381.0,1.0,,4.0,26:46,,,,1.0,26.0,0.0,69.0,0.0,36.0,1.0,5-18,2.0,7-51,450.0,3.0,6.9,2.7,32
401762493,2025.0,9.0,regular,home,2426.0,Navy,American Athletic,2226.0,Florida Atlantic,American Athletic,9-13,0.0,26.0,2-5,1.0,2.0,0.0,0.0,0.0,0.0,80.0,3.0,6.0,106.0,6.0,1.0,0.0,33:14,,,,5.0,56.0,6.0,397.0,3.0,38.0,4.0,6-11,0.0,4-35,503.0,1.0,8.2,7.1,42
401757286,2025.0,9.0,regular,home,2348.0,Louisiana Tech,Conference USA,98.0,Western Kentucky,Conference USA,31-46,1.0,24.0,1-3,0.0,0.0,0.0,0.0,1.0,1.0,120.0,3.0,9.0,340.0,5.0,1.0,1.0,28:40,0.0,26.0,2.0,0.0,37.0,1.0,109.0,1.0,25.0,10.0,10-19,2.0,9-80,449.0,1.0,7.4,2.9,27
401757286,2025.0,9.0,regular,away,98.0,Western Kentucky,Conference USA,2348.0,Louisiana Tech,Conference USA,21-34,0.0,21.0,2-2,0.0,,0.0,0.0,1.0,,,,8.0,227.0,2.0,1.0,1.0,31:20,,,,0.0,38.0,2.0,113.0,0.0,37.0,6.0,7-15,,5-36,340.0,1.0,6.7,3.0,28
401757285,2025.0,9.0,regular,away,338.0,Kennesaw State,Conference USA,2229.0,Florida International,Conference USA,12-17,0.0,20.0,1-1,0.0,,,,0.0,0.0,77.0,4.0,9.0,284.0,7.0,,2.0,25:39,0.0,7.0,2.0,4.0,41.0,4.0,214.0,2.0,35.0,5.0,3-9,,7-56,498.0,0.0,16.7,5.2,45
401757285,2025.0,9.0,regular,home,2229.0,Florida International,Conference USA,338.0,Kennesaw State,Conference USA,22-36,0.0,23.0,0-2,0.0,0.0,,,0.0,0.0,77.0,3.0,8.0,296.0,0.0,,1.0,34:21,,,,0.0,37.0,2.0,222.0,0.0,27.0,2.0,6-15,1.0,10-80,518.0,0.0,8.2,6.0,26
401757287,2025.0,9.0,regular,home,48.0,Delaware,Conference USA,2393.0,Middle Tennessee,Conference USA,28-44,0.0,27.0,1-1,1.0,1.0,0.0,2.0,1.0,,,,7.0,281.0,7.0,1.0,4.0,32:55,,,,8.0,36.0,0.0,79.0,1.0,30.0,2.0,9-17,1.0,4-25,360.0,2.0,6.4,2.2,31
401757287,2025.0,9.0,regular,away,2393.0,Middle Tennessee,Conference USA,48.0,Delaware,Conference USA,31-50,0.0,24.0,1-1,1.0,1.0,0.0,4.0,1.0,0.0,35.0,2.0,4.0,281.0,2.0,1.0,3.0,27:05,0.0,26.0,1.0,8.0,22.0,1.0,103.0,1.0,30.0,5.0,6-14,1.0,9-80,384.0,2.0,5.6,4.7,28
401752952,2025.0,9.0,regular,away,2649.0,Toledo,Mid-American,265.0,Washington State,Pac-12,26-42,0.0,15.0,1-4,0.0,0.0,0.0,7.0,1.0,0.0,24.0,2.0,1.0,238.0,3.0,2.0,1.0,27:27,0.0,5.0,1.0,8.0,24.0,0.0,61.0,1.0,33.0,5.0,6-16,1.0,8-65,299.0,1.0,5.7,2.5,7
401752952,2025.0,9.0,regular,home,265.0,Washington State,Pac-12,2649.0,Toledo,Mid-American,10-22,0.0,20.0,0-0,0.0,0.0,0.0,-5.0,2.0,,,,4.0,159.0,1.0,1.0,2.0,32:33,0.0,-1.0,2.0,11.0,44.0,2.0,162.0,1.0,38.0,3.0,6-12,1.0,5-45,321.0,2.0,7.2,3.7,28
401761636,2025.0,9.0,regular,home,2032.0,Arkansas State,Sun Belt,290.0,Georgia Southern,Sun Belt,24-37,0.0,29.0,1-2,1.0,0.0,,,1.0,0.0,41.0,2.0,10.0,216.0,0.0,,0.0,28:17,,,,1.0,48.0,4.0,266.0,4.0,37.0,7.0,11-18,3.0,9-82,482.0,2.0,5.8,5.5,34
401761636,2025.0,9.0,regular,away,290.0,Georgia Southern,Sun Belt,2032.0,Arkansas State,Sun Belt,18-25,0.0,22.0,0-0,0.0,1.0,0.0,2.0,0.0,0.0,104.0,6.0,6.0,208.0,3.0,1.0,2.0,31:43,,,,0.0,41.0,1.0,128.0,2.0,52.0,5.0,5-14,0.0,9-103,336.0,0.0,8.3,3.1,24
401761635,2025.0,9.0,regular,away,2026.0,App State,Sun Belt,295.0,Old Dominion,Sun Belt,32-54,0.0,23.0,4-5,0.0,,0.0,6.0,2.0,0.0,55.0,3.0,3.0,301.0,5.0,1.0,3.0,24:41,0.0,0.0,1.0,1.0,18.0,0.0,73.0,1.0,31.0,5.0,4-16,,7-80,374.0,2.0,5.6,4.1,21
401761635,2025.0,9.0,regular,home,295.0,Old Dominion,Sun Belt,2026.0,App State,Sun Belt,21-33,0.0,26.0,1-1,0.0,0.0,0.0,3.0,1.0,0.0,34.0,2.0,6.0,305.0,8.0,2.0,3.0,35:19,0.0,29.0,3.0,2.0,45.0,0.0,154.0,1.0,25.0,2.0,8-17,2.0,7-86,459.0,1.0,9.2,3.4,24
401761634,2025.0,9.0,regular,away,6.0,South Alabama,Sun Belt,2247.0,Georgia State,Sun Belt,16-22,0.0,20.0,2-2,0.0,1.0,0.0,22.0,0.0,,,,8.0,280.0,7.0,1.0,2.0,30:03,0.0,10.0,2.0,4.0,47.0,3.0,188.0,0.0,27.0,1.0,8-14,0.0,6-55,468.0,0.0,12.7,4.0,38
401761634,2025.0,9.0,regular,home,2247.0,Georgia State,Sun Belt,6.0,South Alabama,Sun Belt,19-33,0.0,23.0,2-3,1.0,0.0,,,1.0,0.0,38.0,3.0,5.0,241.0,2.0,,4.0,29:57,0.0,8.0,2.0,0.0,37.0,0.0,199.0,2.0,31.0,3.0,6-13,2.0,2-10,440.0,2.0,7.3,5.4,31
401761638,2025.0,9.0,regular,home,2653.0,Troy,Sun Belt,309.0,Louisiana,Sun Belt,16-24,1.0,21.0,0-1,0.0,,1.0,68.0,1.0,0.0,95.0,5.0,5.0,180.0,4.0,3.0,0.0,30:32,0.0,0.0,1.0,2.0,39.0,4.0,165.0,4.0,26.0,7.0,9-13,,2-15,345.0,1.0,7.5,4.2,35
401761638,2025.0,9.0,regular,away,309.0,Louisiana,Sun Belt,2653.0,Troy,Sun Belt,12-23,0.0,18.0,2-2,0.0,0.0,0.0,17.0,3.0,0.0,70.0,3.0,11.0,187.0,1.0,1.0,1.0,29:28,0.0,-1.0,1.0,2.0,42.0,1.0,184.0,3.0,28.0,3.0,7-15,1.0,3-25,371.0,3.0,8.1,4.4,23
401761637,2025.0,9.0,regular,home,2572.0,Southern Miss,Sun Belt,2433.0,UL Monroe,Sun Belt,18-23,0.0,21.0,2-2,0.0,1.0,0.0,2.0,0.0,0.0,58.0,3.0,7.0,248.0,5.0,2.0,4.0,25:03,0.0,15.0,1.0,7.0,38.0,3.0,197.0,0.0,21.0,4.0,5-11,0.0,4-56,445.0,0.0,10.8,5.2,49
401761637,2025.0,9.0,regular,away,2433.0,UL Monroe,Sun Belt,2572.0,Southern Miss,Sun Belt,12-26,0.0,22.0,1-1,1.0,0.0,,,2.0,0.0,13.0,1.0,3.0,103.0,1.0,,1.0,34:57,0.0,1.0,1.0,2.0,40.0,2.0,209.0,3.0,32.0,3.0,9-16,1.0,11-78,312.0,3.0,4.0,5.2,21
401762847,2025.0,9.0,regular,home,2117.0,Central Michigan,Mid-American,113.0,Massachusetts,Mid-American,12-13,0.0,23.0,1-2,1.0,0.0,0.0,0.0,0.0,0.0,19.0,1.0,8.0,223.0,8.0,1.0,2.0,37:53,0.0,1.0,1.0,12.0,53.0,3.0,279.0,3.0,28.0,7.0,4-10,1.0,5-50,502.0,1.0,17.2,5.3,38
401762847,2025.0,9.0,regular,away,113.0,Massachusetts,Mid-American,2117.0,Central Michigan,Mid-American,21-51,0.0,20.0,1-4,0.0,1.0,,,1.0,0.0,12.0,1.0,7.0,176.0,0.0,,0.0,22:07,0.0,2.0,1.0,2.0,26.0,1.0,116.0,1.0,43.0,7.0,4-17,0.0,7-45,292.0,1.0,3.5,4.5,13
401757288,2025.0,9.0,regular,home,166.0,New Mexico State,Conference USA,2623.0,Missouri State,Conference USA,22-34,0.0,20.0,0-1,0.0,1.0,0.0,15.0,4.0,,,,5.0,207.0,10.0,2.0,1.0,27:25,0.0,42.0,3.0,1.0,25.0,1.0,82.0,4.0,41.0,8.0,3-10,1.0,7-61,289.0,4.0,6.1,3.3,17
401757288,2025.0,9.0,regular,away,2623.0,Missouri State,Conference USA,166.0,New Mexico State,Conference USA,28-44,0.0,22.0,0-0,1.0,0.0,0.0,75.0,2.0,0.0,47.0,2.0,6.0,283.0,4.0,4.0,3.0,32:35,0.0,4.0,2.0,0.0,32.0,0.0,126.0,2.0,35.0,2.0,6-14,2.0,12-110,409.0,3.0,6.4,3.9,24
401767478,2025.0,9.0,regular,away,2916.0,Incarnate Word,Southland,292.0,UT Rio Grande Valley,Southland,29-45,,21.0,3-6,1.0,0.0,,,1.0,0.0,37.0,3.0,4.0,339.0,,,2.0,31:34,0.0,10.0,3.0,,37.0,2.0,101.0,,,,6-18,2.0,1-15,440.0,2.0,7.5,2.7,28
401767478,2025.0,9.0,regular,home,292.0,UT Rio Grande Valley,Southland,2916.0,Incarnate Word,Southland,27-37,,23.0,0-1,0.0,1.0,0.0,8.0,0.0,0.0,33.0,2.0,8.0,440.0,,1.0,6.0,28:26,0.0,13.0,2.0,,29.0,1.0,108.0,,,,7-13,1.0,2-15,548.0,0.0,11.9,3.7,56
401779510,2025.0,9.0,regular,home,2341.0,Long Island University,NEC,2441.0,New Haven,NEC,15-26,,20.0,0-1,1.0,2.0,0.0,7.0,1.0,0.0,53.0,2.0,8.0,152.0,,2.0,1.0,30:07,,,,,47.0,4.0,272.0,,,,6-16,2.0,12-115,424.0,2.0,5.8,5.8,38
401779510,2025.0,9.0,regular,away,2441.0,New Haven,NEC,2341.0,Long Island University,NEC,18-40,,14.0,0-3,2.0,1.0,1.0,35.0,2.0,0.0,134.0,5.0,2.0,140.0,,1.0,1.0,29:53,0.0,35.0,4.0,,30.0,0.0,61.0,,,,5-16,4.0,6-47,201.0,4.0,3.5,2.0,16
401767668,2025.0,9.0,regular,away,46.0,Georgetown,Patriot,2083.0,Bucknell,Patriot,16-21,,17.0,0-0,0.0,1.0,1.0,65.0,0.0,0.0,29.0,2.0,7.0,188.0,,1.0,1.0,31:42,,,,,44.0,2.0,150.0,,,,5-15,0.0,7-78,338.0,0.0,9.0,3.4,31
401767668,2025.0,9.0,regular,home,2083.0,Bucknell,Patriot,46.0,Georgetown,Patriot,18-30,,18.0,0-0,1.0,0.0,,,1.0,0.0,59.0,4.0,6.0,222.0,,,2.0,28:18,0.0,54.0,3.0,,31.0,1.0,139.0,,,,6-15,1.0,5-46,361.0,2.0,7.4,4.5,24
401767729,2025.0,9.0,regular,home,107.0,Holy Cross,Patriot,2142.0,Colgate,Patriot,15-24,,14.0,0-2,0.0,,,,0.0,0.0,84.0,3.0,4.0,127.0,,,2.0,26:50,1.0,47.0,3.0,,31.0,1.0,130.0,,,,5-12,,6-38,257.0,0.0,5.3,4.2,28
401767729,2025.0,9.0,regular,away,2142.0,Colgate,Patriot,107.0,Holy Cross,Patriot,23-40,,23.0,1-1,0.0,0.0,,,0.0,0.0,33.0,3.0,5.0,216.0,,,2.0,33:10,0.0,15.0,2.0,,32.0,2.0,104.0,,,,8-15,1.0,5-21,320.0,0.0,5.4,3.3,29
401767675,2025.0,9.0,regular,away,2329.0,Lehigh,Patriot,2230.0,Fordham,Patriot,18-27,,22.0,1-1,0.0,,,,0.0,0.0,28.0,1.0,9.0,271.0,,,0.0,35:19,0.0,44.0,3.0,,43.0,3.0,158.0,,,,8-15,,7-62,429.0,0.0,10.0,3.7,27
401767675,2025.0,9.0,regular,home,2230.0,Fordham,Patriot,2329.0,Lehigh,Patriot,17-32,,17.0,0-3,0.0,,,,0.0,0.0,35.0,2.0,0.0,203.0,,,0.0,24:41,,,,,32.0,1.0,74.0,,,,7-15,,2-10,277.0,0.0,6.3,2.3,6
401767617,2025.0,9.0,regular,home,2168.0,Dayton,Pioneer,2506.0,Presbyterian,Pioneer,10-13,,19.0,4-4,0.0,,1.0,31.0,1.0,0.0,130.0,4.0,5.0,104.0,,3.0,1.0,29:23,0.0,14.0,1.0,,49.0,3.0,274.0,,,,3-12,,5-37,378.0,1.0,8.0,5.6,35
401767617,2025.0,9.0,regular,away,2506.0,Presbyterian,Pioneer,2168.0,Dayton,Pioneer,14-23,,18.0,0-1,0.0,,0.0,0.0,3.0,0.0,49.0,2.0,1.0,215.0,,1.0,2.0,30:37,0.0,21.0,1.0,,37.0,1.0,147.0,,,,2-8,,5-25,362.0,3.0,9.3,4.0,19
401767650,2025.0,9.0,regular,home,56.0,Stetson,Pioneer,2900.0,St. Thomas (MN),Pioneer,11-19,,11.0,1-2,0.0,0.0,0.0,0.0,1.0,0.0,77.0,6.0,4.0,88.0,,1.0,1.0,29:04,0.0,0.0,1.0,,34.0,0.0,32.0,,,,3-14,2.0,5-34,120.0,1.0,4.6,0.9,10
401767650,2025.0,9.0,regular,away,2900.0,St. Thomas (MN),Pioneer,56.0,Stetson,Pioneer,23-30,,22.0,0-1,0.0,,1.0,46.0,1.0,0.0,12.0,1.0,8.0,356.0,,1.0,4.0,30:56,,,,,32.0,2.0,202.0,,,,7-11,,8-91,558.0,1.0,11.9,6.3,52
401767486,2025.0,9.0,regular,home,2466.0,Northwestern State,Southland,2320.0,Lamar,Southland,13-23,,13.0,0-0,1.0,1.0,,,1.0,0.0,48.0,1.0,2.0,284.0,,,1.0,22:41,,,,,26.0,1.0,23.0,,,,3-10,2.0,6-70,307.0,2.0,12.3,0.9,14
401767486,2025.0,9.0,regular,away,2320.0,Lamar,Southland,2466.0,Northwestern State,Southland,20-32,,27.0,3-3,1.0,1.0,0.0,34.0,0.0,0.0,55.0,2.0,11.0,177.0,,1.0,1.0,37:19,,,,,49.0,4.0,256.0,,,,2-12,1.0,11-100,433.0,1.0,5.5,5.2,41
401767456,2025.0,9.0,regular,home,2582.0,Southern,SWAC,50.0,Florida A&M,SWAC,12-28,,17.0,0-1,0.0,,,,0.0,0.0,62.0,3.0,5.0,197.0,,,0.0,28:47,0.0,45.0,1.0,,42.0,5.0,217.0,,,,9-15,,10-79,414.0,0.0,7.0,5.2,35
401767456,2025.0,9.0,regular,away,50.0,Florida A&M,SWAC,2582.0,Southern,SWAC,22-32,,24.0,0-1,0.0,,,,0.0,0.0,33.0,2.0,13.0,287.0,,,1.0,31:13,,,,,40.0,4.0,260.0,,,,8-14,,5-40,547.0,0.0,9.0,6.5,43
401767314,2025.0,9.0,regular,away,2011.0,Alabama State,SWAC,2010.0,Alabama A&M,SWAC,23-30,,28.0,0-1,1.0,0.0,0.0,0.0,0.0,0.0,58.0,3.0,8.0,313.0,,2.0,5.0,33:16,0.0,8.0,5.0,,40.0,3.0,303.0,,,,5-10,1.0,5-49,616.0,1.0,10.4,7.6,56
401767314,2025.0,9.0,regular,home,2010.0,Alabama A&M,SWAC,2011.0,Alabama State,SWAC,8-25,,8.0,0-0,0.0,1.0,,,2.0,0.0,186.0,8.0,1.0,99.0,,,1.0,26:44,,,,,29.0,1.0,44.0,,,,3-14,2.0,3-34,143.0,2.0,4.0,1.5,13
401767384,2025.0,9.0,regular,away,2029.0,Arkansas-Pine Bluff,SWAC,2065.0,Bethune-Cookman,SWAC,20-41,,16.0,0-2,1.0,0.0,,,0.0,0.0,19.0,1.0,2.0,185.0,,,1.0,26:16,0.0,28.0,2.0,,25.0,1.0,112.0,,,,6-16,1.0,4-30,297.0,1.0,4.5,4.5,14
401767384,2025.0,9.0,regular,home,2065.0,Bethune-Cookman,SWAC,2029.0,Arkansas-Pine Bluff,SWAC,13-20,,22.0,1-2,0.0,1.0,,,0.0,0.0,65.0,2.0,7.0,170.0,,,0.0,33:44,0.0,0.0,1.0,,53.0,4.0,247.0,,,,5-14,0.0,8-75,417.0,0.0,8.5,4.7,31
401767419,2025.0,9.0,regular,home,2755.0,Grambling,SWAC,2296.0,Jackson State,SWAC,17-29,,20.0,1-1,1.0,1.0,,,0.0,0.0,79.0,3.0,8.0,243.0,,,2.0,29:18,0.0,0.0,1.0,,33.0,1.0,122.0,,,,7-13,2.0,9-74,365.0,1.0,8.4,3.7,26
401767419,2025.0,9.0,regular,away,2296.0,Jackson State,SWAC,2755.0,Grambling,SWAC,13-26,,25.0,2-3,1.0,1.0,,,0.0,0.0,83.0,5.0,6.0,250.0,,,1.0,30:42,,,,,45.0,2.0,198.0,,,,8-15,2.0,8-77,448.0,1.0,9.6,4.4,24
401767374,2025.0,9.0,regular,home,2016.0,Alcorn State,SWAC,2400.0,Mississippi Valley State,SWAC,23-34,,22.0,0-1,0.0,0.0,0.0,20.0,0.0,0.0,52.0,3.0,6.0,227.0,,2.0,3.0,27:52,0.0,59.0,3.0,,34.0,0.0,150.0,,,,4-12,1.0,10-90,377.0,0.0,6.7,4.4,32
401767374,2025.0,9.0,regular,away,2400.0,Mississippi Valley State,SWAC,2016.0,Alcorn State,SWAC,21-41,,21.0,2-5,0.0,1.0,,,2.0,0.0,39.0,2.0,4.0,183.0,,,1.0,32:08,0.0,-1.0,1.0,,34.0,0.0,94.0,,,,6-18,0.0,6-60,277.0,2.0,4.5,2.8,10
401757172,2025.0,9.0,regular,home,242.0,Rice,American Athletic,41.0,UConn,FBS Independents,17-22,0.0,20.0,1-2,0.0,0.0,,,0.0,0.0,14.0,1.0,7.0,191.0,5.0,,1.0,32:28,0.0,4.0,1.0,5.0,56.0,4.0,300.0,0.0,38.0,4.0,6-18,1.0,1-5,491.0,0.0,8.7,5.4,37
401757172,2025.0,9.0,regular,away,41.0,UConn,FBS Independents,242.0,Rice,American Athletic,32-48,0.0,18.0,1-1,0.0,,,,0.0,0.0,11.0,1.0,10.0,344.0,2.0,,3.0,27:32,0.0,21.0,2.0,3.0,26.0,1.0,105.0,1.0,47.0,9.0,5-17,,2-30,449.0,0.0,7.2,4.0,34
401767623,2025.0,9.0,regular,away,2181.0,Drake,Pioneer,2368.0,Marist,Pioneer,10-13,,18.0,0-0,1.0,0.0,0.0,3.0,0.0,0.0,43.0,2.0,7.0,163.0,,1.0,2.0,28:57,0.0,46.0,1.0,,46.0,2.0,189.0,,,,6-11,2.0,3-25,352.0,1.0,12.5,4.1,31
401767623,2025.0,9.0,regular,home,2368.0,Marist,Pioneer,2181.0,Drake,Pioneer,19-31,,21.0,1-2,0.0,1.0,,,1.0,0.0,100.0,5.0,5.0,185.0,,,0.0,31:03,0.0,15.0,2.0,,35.0,2.0,144.0,,,,4-12,2.0,10-96,329.0,1.0,6.0,4.1,17
401767607,2025.0,9.0,regular,away,301.0,San Diego,Pioneer,2166.0,Davidson,Pioneer,25-36,,27.0,1-3,0.0,,0.0,0.0,1.0,0.0,116.0,4.0,8.0,288.0,,2.0,2.0,33:32,0.0,11.0,3.0,,39.0,3.0,195.0,,,,6-13,,7-74,483.0,1.0,8.0,5.0,40
401767607,2025.0,9.0,regular,home,2166.0,Davidson,Pioneer,301.0,San Diego,Pioneer,15-21,,15.0,0-1,0.0,,0.0,25.0,2.0,0.0,84.0,4.0,4.0,277.0,,1.0,2.0,26:28,0.0,2.0,2.0,,32.0,2.0,79.0,,,,4-9,,7-60,356.0,2.0,13.2,2.5,28
401767638,2025.0,9.0,regular,home,2674.0,Valparaiso,Pioneer,2413.0,Morehead State,Pioneer,14-29,,18.0,2-6,0.0,,0.0,1.0,1.0,0.0,41.0,1.0,1.0,195.0,,1.0,0.0,33:42,,,,,42.0,2.0,144.0,,,,5-15,,1-10,339.0,1.0,6.7,3.4,13
401767638,2025.0,9.0,regular,away,2413.0,Morehead State,Pioneer,2674.0,Valparaiso,Pioneer,16-25,,16.0,0-1,0.0,,0.0,0.0,1.0,0.0,45.0,2.0,5.0,158.0,,1.0,1.0,26:18,,,,,29.0,1.0,173.0,,,,4-12,,9-68,331.0,1.0,6.3,6.0,17
401788997,2025.0,9.0,regular,away,219.0,Pennsylvania,Ivy,43.0,Yale,Ivy,21-39,,24.0,1-4,2.0,2.0,,,0.0,0.0,110.0,5.0,7.0,220.0,,,1.0,36:44,0.0,10.0,1.0,,33.0,0.0,92.0,,,,4-15,3.0,10-110,312.0,2.0,5.6,2.8,13
401788997,2025.0,9.0,regular,home,43.0,Yale,Ivy,219.0,Pennsylvania,Ivy,16-22,,21.0,0-1,2.0,2.0,,,0.0,0.0,49.0,2.0,5.0,211.0,,,3.0,23:16,,,,,33.0,1.0,202.0,,,,4-8,2.0,12-137,413.0,2.0,9.6,6.1,35
401767705,2025.0,9.0,regular,away,108.0,Harvard,Ivy,163.0,Princeton,Ivy,16-29,,24.0,1-1,0.0,,0.0,0.0,1.0,0.0,25.0,1.0,9.0,216.0,,1.0,1.0,32:14,,,,,41.0,3.0,259.0,,,,7-14,,4-40,475.0,1.0,7.4,6.3,35
401767705,2025.0,9.0,regular,home,163.0,Princeton,Ivy,108.0,Harvard,Ivy,20-32,,18.0,0-2,0.0,,0.0,24.0,1.0,,,,2.0,242.0,,1.0,2.0,27:46,,,,,31.0,0.0,98.0,,,,4-12,,3-45,340.0,1.0,7.6,3.2,14
401767701,2025.0,9.0,regular,away,171.0,Columbia,Ivy,159.0,Dartmouth,Ivy,11-28,,17.0,2-3,1.0,0.0,,,1.0,0.0,75.0,6.0,3.0,115.0,,,0.0,31:03,0.0,-2.0,2.0,,42.0,0.0,156.0,,,,4-14,3.0,3-21,271.0,2.0,4.1,3.7,3
401767701,2025.0,9.0,regular,home,159.0,Dartmouth,Ivy,171.0,Columbia,Ivy,13-15,,18.0,1-1,0.0,1.0,1.0,75.0,0.0,,,,7.0,166.0,,1.0,1.0,28:57,0.0,33.0,3.0,,38.0,4.0,192.0,,,,6-11,0.0,3-22,358.0,0.0,11.1,5.1,49
401767554,2025.0,9.0,regular,away,225.0,Brown,Ivy,172.0,Cornell,Ivy,31-49,,20.0,2-4,0.0,,,,1.0,,,,6.0,471.0,,,2.0,27:42,0.0,0.0,1.0,,33.0,1.0,32.0,,,,6-18,,7-78,503.0,1.0,9.6,1.0,24
401767554,2025.0,9.0,regular,home,172.0,Cornell,Ivy,225.0,Brown,Ivy,28-48,,31.0,1-5,0.0,0.0,0.0,22.0,0.0,0.0,51.0,4.0,4.0,346.0,,1.0,0.0,32:18,,,,,46.0,4.0,157.0,,,,7-17,1.0,3-24,503.0,0.0,7.2,3.4,30
401767334,2025.0,9.0,regular,home,222.0,Villanova,CAA,399.0,UAlbany,CAA,15-22,,17.0,1-3,0.0,1.0,0.0,0.0,1.0,0.0,80.0,2.0,11.0,203.0,,1.0,2.0,33:13,0.0,69.0,4.0,,39.0,1.0,53.0,,,,2-12,2.0,7-73,256.0,1.0,9.2,1.4,29
401767334,2025.0,9.0,regular,away,399.0,UAlbany,CAA,222.0,Villanova,CAA,11-27,,13.0,0-1,1.0,0.0,0.0,17.0,1.0,0.0,108.0,5.0,4.0,102.0,,1.0,1.0,26:47,,,,,28.0,1.0,52.0,,,,2-10,3.0,8-80,154.0,2.0,3.8,1.9,16
401767176,2025.0,9.0,regular,home,311.0,Maine,CAA,2210.0,Elon,CAA,24-34,,24.0,0-1,0.0,1.0,0.0,11.0,0.0,0.0,57.0,3.0,5.0,260.0,,1.0,2.0,32:51,1.0,105.0,3.0,,30.0,2.0,149.0,,,,4-10,1.0,4-40,409.0,0.0,7.6,5.0,35
401767176,2025.0,9.0,regular,away,2210.0,Elon,CAA,311.0,Maine,CAA,16-23,,15.0,0-1,1.0,0.0,,,1.0,0.0,123.0,4.0,2.0,128.0,,,1.0,27:09,0.0,10.0,3.0,,31.0,1.0,103.0,,,,4-11,3.0,4-30,231.0,2.0,5.6,3.3,14
401767271,2025.0,9.0,regular,away,2729.0,William & Mary,CAA,160.0,New Hampshire,CAA,19-24,,20.0,1-1,0.0,0.0,,,0.0,0.0,91.0,5.0,6.0,204.0,,,0.0,27:23,,,,,34.0,3.0,188.0,,,,5-10,1.0,3-15,392.0,0.0,8.5,5.5,24
401767271,2025.0,9.0,regular,home,160.0,New Hampshire,CAA,2729.0,William & Mary,CAA,17-23,,23.0,1-1,0.0,0.0,,,0.0,0.0,27.0,1.0,10.0,280.0,,,3.0,32:37,0.0,17.0,1.0,,39.0,1.0,232.0,,,,6-11,1.0,8-72,512.0,0.0,12.2,5.9,34
401767035,2025.0,9.0,regular,away,2803.0,Bryant,CAA,227.0,Rhode Island,CAA,17-36,,26.0,1-3,0.0,1.0,0.0,0.0,2.0,0.0,79.0,5.0,5.0,196.0,,1.0,1.0,39:02,0.0,4.0,2.0,,46.0,1.0,167.0,,,,7-16,1.0,5-38,363.0,2.0,5.4,3.6,17
401767035,2025.0,9.0,regular,home,227.0,Rhode Island,CAA,2803.0,Bryant,CAA,14-22,,14.0,0-0,1.0,1.0,1.0,24.0,1.0,0.0,32.0,1.0,8.0,272.0,,2.0,2.0,20:58,0.0,39.0,3.0,,26.0,2.0,130.0,,,,3-9,1.0,11-125,402.0,2.0,12.4,5.0,38
401767325,2025.0,9.0,regular,away,119.0,Towson,CAA,2619.0,Stony Brook,CAA,13-34,,11.0,1-1,0.0,,,,0.0,0.0,22.0,1.0,3.0,227.0,,,2.0,18:20,0.0,8.0,1.0,,16.0,0.0,36.0,,,,4-13,,4-35,263.0,0.0,6.7,2.3,19
401767325,2025.0,9.0,regular,home,2619.0,Stony Brook,CAA,119.0,Towson,CAA,19-29,,24.0,4-4,0.0,0.0,,,0.0,0.0,37.0,3.0,9.0,176.0,,,1.0,41:40,0.0,65.0,4.0,,58.0,2.0,215.0,,,,9-20,1.0,4-40,391.0,0.0,6.1,3.7,27
401767075,2025.0,9.0,regular,away,147.0,Montana State,Big Sky,13.0,Cal Poly,Big Sky,19-30,,26.0,1-2,1.0,0.0,0.0,5.0,0.0,0.0,106.0,3.0,10.0,176.0,,1.0,1.0,36:31,0.0,2.0,1.0,,50.0,3.0,290.0,,,,8-15,2.0,7-70,466.0,1.0,5.9,5.8,34
401767075,2025.0,9.0,regular,home,13.0,Cal Poly,Big Sky,147.0,Montana State,Big Sky,22-35,,12.0,1-1,0.0,1.0,,,1.0,0.0,97.0,6.0,5.0,191.0,,,2.0,23:29,,,,,15.0,0.0,50.0,,,,2-12,0.0,5-29,241.0,1.0,5.5,3.3,17
401767124,2025.0,9.0,regular,home,2458.0,Northern Colorado,Big Sky,302.0,UC Davis,Big Sky,31-45,,18.0,0-2,1.0,0.0,0.0,32.0,1.0,0.0,41.0,2.0,4.0,269.0,,2.0,1.0,30:14,,,,,22.0,1.0,76.0,,,,3-13,3.0,5-49,345.0,2.0,6.0,3.5,16
401767124,2025.0,9.0,regular,away,302.0,UC Davis,Big Sky,2458.0,Northern Colorado,Big Sky,15-31,,22.0,0-0,0.0,1.0,0.0,0.0,2.0,,,,9.0,216.0,,1.0,3.0,29:46,0.0,1.0,2.0,,39.0,0.0,236.0,,,,6-13,1.0,4-30,452.0,2.0,7.0,6.1,27
401767065,2025.0,9.0,regular,home,2692.0,Weber State,Big Sky,331.0,Eastern Washington,Big Sky,17-27,,16.0,0-0,1.0,0.0,,,2.0,0.0,21.0,1.0,8.0,140.0,,,0.0,27:19,0.0,-8.0,6.0,,34.0,2.0,205.0,,,,4-12,1.0,8-66,345.0,3.0,5.2,6.0,20
401767065,2025.0,9.0,regular,away,331.0,Eastern Washington,Big Sky,2692.0,Weber State,Big Sky,20-29,,16.0,1-2,0.0,1.0,0.0,3.0,0.0,0.0,37.0,2.0,3.0,169.0,,2.0,1.0,32:41,,,,,40.0,2.0,30.0,,,,2-15,1.0,6-58,199.0,0.0,5.8,0.8,23
401767085,2025.0,9.0,regular,away,2464.0,Northern Arizona,Big Sky,304.0,Idaho State,Big Sky,24-30,,23.0,2-2,0.0,1.0,0.0,0.0,0.0,,,,7.0,171.0,,1.0,1.0,34:37,0.0,2.0,1.0,,45.0,3.0,200.0,,,,8-16,1.0,5-47,371.0,0.0,5.7,4.4,31
401767085,2025.0,9.0,regular,home,304.0,Idaho State,Big Sky,2464.0,Northern Arizona,Big Sky,26-39,,23.0,2-2,1.0,0.0,,,1.0,0.0,88.0,4.0,4.0,256.0,,,1.0,25:23,0.0,22.0,2.0,,23.0,1.0,137.0,,,,3-11,1.0,5-45,393.0,2.0,6.6,6.0,18
401767101,2025.0,9.0,regular,home,16.0,Sacramento State,Big Sky,149.0,Montana,Big Sky,26-33,,24.0,2-4,1.0,0.0,0.0,0.0,1.0,0.0,78.0,3.0,5.0,337.0,,1.0,1.0,34:05,0.0,0.0,1.0,,43.0,4.0,141.0,,,,9-17,1.0,10-80,478.0,2.0,10.2,3.3,35
401767101,2025.0,9.0,regular,away,149.0,Montana,Big Sky,16.0,Sacramento State,Big Sky,17-25,,18.0,1-2,0.0,1.0,0.0,11.0,1.0,0.0,69.0,2.0,7.0,224.0,,1.0,3.0,25:55,,,,,33.0,4.0,162.0,,,,8-13,0.0,1-5,386.0,1.0,9.0,4.9,49
401756929,2025.0,9.0,regular,home,9.0,Arizona State,Big 12,248.0,Houston,Big 12,24-46,0.0,19.0,2-3,1.0,0.0,,,0.0,0.0,48.0,2.0,4.0,328.0,1.0,,2.0,22:58,0.0,17.0,3.0,1.0,21.0,0.0,98.0,1.0,46.0,8.0,5-15,3.0,12-76,426.0,1.0,7.1,4.7,16
401756929,2025.0,9.0,regular,away,248.0,Houston,Big 12,9.0,Arizona State,Big 12,17-22,0.0,22.0,0-1,0.0,1.0,,,0.0,0.0,19.0,2.0,6.0,201.0,10.0,,1.0,37:02,,,,4.0,48.0,2.0,183.0,4.0,35.0,5.0,7-15,0.0,7-50,384.0,0.0,9.1,3.8,24
401767345,2025.0,9.0,regular,home,2428.0,North Carolina Central,MEAC,2169.0,Delaware State,MEAC,22-33,,22.0,1-1,1.0,0.0,0.0,0.0,1.0,0.0,157.0,4.0,6.0,354.0,,1.0,2.0,27:25,,,,,30.0,1.0,105.0,,,,4-12,2.0,6-76,459.0,2.0,10.7,3.5,26
401767345,2025.0,9.0,regular,away,2169.0,Delaware State,MEAC,2428.0,North Carolina Central,MEAC,10-16,,23.0,2-2,0.0,1.0,0.0,2.0,1.0,0.0,20.0,1.0,5.0,212.0,,1.0,3.0,32:35,0.0,4.0,1.0,,51.0,2.0,241.0,,,,7-14,1.0,8-79,453.0,1.0,13.3,4.7,35
401767408,2025.0,9.0,regular,away,2569.0,South Carolina State,MEAC,2450.0,Norfolk State,MEAC,24-36,,30.0,1-2,0.0,,0.0,22.0,1.0,0.0,72.0,3.0,15.0,428.0,,1.0,4.0,37:52,0.0,9.0,3.0,,48.0,2.0,185.0,,,,9-16,,11-120,613.0,1.0,11.9,3.9,51
401767408,2025.0,9.0,regular,home,2450.0,Norfolk State,MEAC,2569.0,South Carolina State,MEAC,10-20,,13.0,0-1,0.0,,0.0,0.0,1.0,0.0,195.0,8.0,2.0,230.0,,1.0,3.0,22:08,0.0,17.0,1.0,,26.0,0.0,61.0,,,,1-10,,11-90,291.0,1.0,11.5,2.3,20
401767450,2025.0,9.0,regular,away,282.0,Indiana State,MVFC,155.0,North Dakota,MVFC,10-34,,10.0,0-1,0.0,1.0,0.0,7.0,3.0,0.0,39.0,3.0,5.0,158.0,,1.0,1.0,25:26,1.0,15.0,1.0,,36.0,0.0,63.0,,,,5-19,3.0,5-30,221.0,3.0,4.6,1.8,17
401767450,2025.0,9.0,regular,home,155.0,North Dakota,MVFC,282.0,Indiana State,MVFC,22-39,,25.0,1-2,1.0,0.0,0.0,72.0,1.0,0.0,43.0,2.0,8.0,300.0,,3.0,4.0,34:34,0.0,23.0,3.0,,48.0,2.0,264.0,,,,9-18,2.0,4-35,564.0,2.0,7.7,5.5,46
401767441,2025.0,9.0,regular,away,2287.0,Illinois State,MVFC,233.0,South Dakota,MVFC,19-28,,18.0,3-3,1.0,0.0,,,0.0,0.0,52.0,1.0,3.0,170.0,,,2.0,23:19,,,,,35.0,1.0,130.0,,,,3-11,2.0,2-10,300.0,1.0,6.1,3.7,21
401767441,2025.0,9.0,regular,home,233.0,South Dakota,MVFC,2287.0,Illinois State,MVFC,21-39,,22.0,1-2,0.0,1.0,,,0.0,0.0,61.0,3.0,7.0,173.0,,,1.0,36:41,,,,,39.0,0.0,196.0,,,,10-19,0.0,4-37,369.0,0.0,4.4,5.0,13
401767512,2025.0,9.0,regular,home,2571.0,South Dakota State,MVFC,2449.0,North Dakota State,MVFC,9-19,,11.0,0-2,0.0,0.0,0.0,0.0,0.0,0.0,91.0,5.0,1.0,123.0,,1.0,1.0,21:59,,,,,28.0,0.0,43.0,,,,3-11,1.0,4-23,166.0,0.0,6.5,1.5,7
401767512,2025.0,9.0,regular,away,2449.0,North Dakota State,MVFC,2571.0,South Dakota State,MVFC,18-24,,24.0,3-3,0.0,,,,1.0,0.0,48.0,2.0,8.0,243.0,,,0.0,38:01,0.0,23.0,3.0,,49.0,5.0,257.0,,,,9-16,,6-55,500.0,1.0,10.1,5.2,38
401767754,2025.0,9.0,regular,home,2681.0,Wagner,NEC,2184.0,Duquesne,NEC,10-13,,20.0,0-0,1.0,0.0,0.0,2.0,0.0,0.0,64.0,3.0,6.0,62.0,,1.0,1.0,32:42,0.0,6.0,3.0,,43.0,2.0,249.0,,,,8-12,1.0,8-69,311.0,1.0,4.8,5.8,24
401767754,2025.0,9.0,regular,away,2184.0,Duquesne,NEC,2681.0,Wagner,NEC,21-30,,15.0,1-3,0.0,1.0,,,1.0,0.0,62.0,4.0,1.0,163.0,,,1.0,27:18,,,,,25.0,1.0,77.0,,,,7-14,2.0,7-42,240.0,1.0,5.4,3.1,13
401767539,2025.0,9.0,regular,home,79.0,Southern Illinois,MVFC,2460.0,Northern Iowa,MVFC,20-25,,21.0,0-0,1.0,0.0,0.0,3.0,0.0,0.0,5.0,2.0,7.0,203.0,,1.0,2.0,31:46,1.0,104.0,4.0,,38.0,1.0,230.0,,,,6-13,2.0,7-56,433.0,1.0,8.1,6.1,31
401767539,2025.0,9.0,regular,away,2460.0,Northern Iowa,MVFC,79.0,Southern Illinois,MVFC,13-25,,11.0,0-1,0.0,1.0,,,1.0,0.0,45.0,2.0,5.0,127.0,,,2.0,28:14,0.0,24.0,2.0,,29.0,0.0,120.0,,,,2-12,0.0,5-50,247.0,1.0,5.1,4.1,17
401767764,2025.0,9.0,regular,away,2523.0,Robert Morris,NEC,2598.0,St. Francis (PA),NEC,11-21,,15.0,1-1,0.0,1.0,0.0,0.0,0.0,0.0,91.0,2.0,6.0,162.0,,1.0,2.0,28:54,0.0,5.0,3.0,,33.0,1.0,158.0,,,,3-10,0.0,9-83,320.0,0.0,7.7,4.8,24
401767764,2025.0,9.0,regular,home,2598.0,St. Francis (PA),NEC,2523.0,Robert Morris,NEC,17-31,,19.0,0-1,1.0,0.0,,,1.0,0.0,93.0,5.0,2.0,240.0,,,2.0,31:06,0.0,-1.0,1.0,,25.0,0.0,100.0,,,,5-11,2.0,8-59,340.0,2.0,7.7,4.0,14
401762492,2025.0,9.0,regular,away,249.0,North Texas,American Athletic,2429.0,Charlotte,American Athletic,37-49,0.0,31.0,1-2,1.0,0.0,,,1.0,0.0,65.0,2.0,12.0,608.0,3.0,,4.0,30:38,0.0,21.0,1.0,6.0,29.0,3.0,146.0,2.0,24.0,4.0,4-11,2.0,6-50,754.0,2.0,12.4,5.0,54
401762492,2025.0,9.0,regular,home,2429.0,Charlotte,American Athletic,249.0,North Texas,American Athletic,20-36,0.0,13.0,1-2,0.0,1.0,0.0,4.0,0.0,0.0,195.0,8.0,8.0,295.0,1.0,1.0,2.0,29:22,,,,11.0,27.0,0.0,104.0,3.0,37.0,4.0,4-16,0.0,6-60,399.0,0.0,8.2,3.9,20
401767463,2025.0,9.0,regular,away,2617.0,Stephen F. Austin,Southland,2837.0,East Texas A&M,Southland,30-46,,29.0,1-2,1.0,0.0,0.0,0.0,3.0,,,,7.0,309.0,,1.0,2.0,37:08,0.0,27.0,2.0,,46.0,2.0,143.0,,,,8-16,2.0,8-76,452.0,4.0,6.7,3.1,31
401767463,2025.0,9.0,regular,home,2837.0,East Texas A&M,Southland,2617.0,Stephen F. Austin,Southland,18-38,,15.0,1-3,0.0,1.0,0.0,95.0,1.0,0.0,33.0,2.0,3.0,250.0,,3.0,1.0,22:52,,,,,20.0,2.0,10.0,,,,1-11,0.0,5-50,260.0,1.0,6.6,0.5,21
401767561,2025.0,9.0,regular,away,2747.0,Wofford,Southern,2193.0,East Tennessee State,Southern,22-29,,16.0,1-1,1.0,0.0,,,0.0,0.0,50.0,2.0,4.0,145.0,,,0.0,29:01,,,,,26.0,1.0,162.0,,,,5-13,1.0,13-130,307.0,1.0,5.0,6.2,10
401767561,2025.0,9.0,regular,home,2193.0,East Tennessee State,Southern,2747.0,Wofford,Southern,26-31,,20.0,1-2,0.0,1.0,,,0.0,0.0,35.0,2.0,2.0,200.0,,,0.0,30:59,0.0,0.0,2.0,,35.0,2.0,123.0,,,,5-14,0.0,8-100,323.0,0.0,6.5,3.5,14
401767577,2025.0,9.0,regular,away,2678.0,VMI,Southern,2382.0,Mercer,Southern,11-29,,7.0,0-0,0.0,,,,0.0,0.0,118.0,6.0,0.0,105.0,,,0.0,25:47,0.0,8.0,1.0,,26.0,0.0,50.0,,,,1-15,,2-25,155.0,0.0,3.6,1.9,0
401767577,2025.0,9.0,regular,home,2382.0,Mercer,Southern,2678.0,VMI,Southern,33-39,,30.0,0-0,0.0,,,,0.0,,,,14.0,586.0,,,5.0,34:13,0.0,-1.0,1.0,,31.0,3.0,248.0,,,,6-12,,5-40,834.0,0.0,15.0,8.0,62
401767472,2025.0,9.0,regular,away,2545.0,SE Louisiana,Southland,2277.0,Houston Christian,Southland,15-25,,19.0,2-2,0.0,1.0,,,3.0,1.0,155.0,3.0,8.0,195.0,,,1.0,37:46,0.0,90.0,5.0,,44.0,3.0,183.0,,,,3-12,1.0,8-35,378.0,3.0,7.8,4.2,38
401767472,2025.0,9.0,regular,home,2277.0,Houston Christian,Southland,2545.0,SE Louisiana,Southland,11-22,,8.0,0-2,1.0,0.0,1.0,89.0,0.0,0.0,120.0,5.0,2.0,85.0,,3.0,0.0,22:14,0.0,-3.0,2.0,,28.0,1.0,114.0,,,,2-13,2.0,5-45,199.0,1.0,3.9,4.1,14
401767533,2025.0,9.0,regular,away,236.0,Chattanooga,Southern,2535.0,Samford,Southern,11-20,,18.0,2-2,0.0,0.0,0.0,4.0,0.0,0.0,19.0,1.0,7.0,172.0,,2.0,3.0,32:19,1.0,47.0,2.0,,42.0,3.0,257.0,,,,5-15,1.0,5-52,429.0,0.0,8.6,6.1,49
401767533,2025.0,9.0,regular,home,2535.0,Samford,Southern,236.0,Chattanooga,Southern,22-44,,19.0,1-1,0.0,,,,2.0,0.0,82.0,5.0,1.0,248.0,,,0.0,27:41,0.0,7.0,2.0,,39.0,2.0,94.0,,,,5-19,,6-58,342.0,2.0,5.6,2.4,13
401767569,2025.0,9.0,regular,away,2643.0,The Citadel,Southern,231.0,Furman,Southern,14-18,,15.0,0-1,1.0,0.0,,,0.0,0.0,23.0,1.0,2.0,204.0,,,2.0,29:41,0.0,14.0,2.0,,35.0,0.0,133.0,,,,3-12,1.0,10-84,337.0,1.0,11.3,3.8,14
401767569,2025.0,9.0,regular,home,231.0,Furman,Southern,2643.0,The Citadel,Southern,16-22,,17.0,0-0,0.0,1.0,,,0.0,0.0,19.0,1.0,10.0,211.0,,,0.0,30:19,0.0,18.0,3.0,,38.0,2.0,140.0,,,,6-14,1.0,4-32,351.0,0.0,9.6,3.7,24
401767493,2025.0,9.0,regular,home,2447.0,Nicholls,Southland,2377.0,McNeese,Southland,12-20,,25.0,0-0,0.0,0.0,1.0,45.0,0.0,0.0,33.0,2.0,7.0,161.0,,2.0,1.0,38:22,,,,,51.0,2.0,303.0,,,,11-16,1.0,4-35,464.0,0.0,8.1,5.9,31
401767493,2025.0,9.0,regular,away,2377.0,McNeese,Southland,2447.0,Nicholls,Southland,10-18,,11.0,0-1,0.0,,,,2.0,0.0,34.0,2.0,1.0,170.0,,,1.0,21:38,0.0,13.0,2.0,,26.0,0.0,94.0,,,,3-10,,8-67,264.0,2.0,9.4,3.6,7
401754572,2025.0,9.0,regular,home,2390.0,Miami,ACC,24.0,Stanford,ACC,22-30,0.0,25.0,3-5,0.0,,0.0,32.0,0.0,0.0,27.0,1.0,6.0,205.0,6.0,2.0,1.0,36:42,0.0,73.0,2.0,5.0,44.0,5.0,199.0,2.0,26.0,6.0,8-15,,5-30,404.0,0.0,6.8,4.5,42
401754572,2025.0,9.0,regular,away,24.0,Stanford,ACC,2390.0,Miami,ACC,12-26,0.0,8.0,1-2,0.0,,,,2.0,,,,1.0,89.0,2.0,,1.0,23:18,,,,1.0,27.0,0.0,55.0,0.0,41.0,5.0,4-14,,2-10,144.0,2.0,3.4,2.0,7
401754372,2025.0,9.0,regular,home,259.0,Virginia Tech,ACC,25.0,California,ACC,9-18,0.0,24.0,1-1,0.0,,,,1.0,0.0,76.0,5.0,10.0,119.0,4.0,,3.0,32:14,0.0,15.0,2.0,6.0,58.0,2.0,357.0,3.0,30.0,4.0,8-16,,10-79,476.0,1.0,6.6,6.2,42
401754372,2025.0,9.0,regular,away,25.0,California,ACC,259.0,Virginia Tech,ACC,24-40,0.0,19.0,1-2,0.0,0.0,0.0,0.0,0.0,0.0,47.0,2.0,10.0,286.0,0.0,1.0,1.0,27:46,0.0,15.0,1.0,3.0,27.0,3.0,39.0,3.0,36.0,4.0,5-14,1.0,9-60,325.0,0.0,7.2,1.4,34
401754571,2025.0,9.0,regular,away,183.0,Syracuse,ACC,59.0,Georgia Tech,ACC,17-29,0.0,17.0,2-4,1.0,1.0,,,0.0,0.0,53.0,3.0,4.0,224.0,1.0,,1.0,28:20,0.0,-11.0,1.0,2.0,34.0,1.0,157.0,1.0,39.0,4.0,5-14,3.0,7-55,381.0,1.0,7.7,4.6,16
401754571,2025.0,9.0,regular,home,59.0,Georgia Tech,ACC,183.0,Syracuse,ACC,25-31,0.0,27.0,1-1,1.0,1.0,,,0.0,,,,11.0,304.0,2.0,,3.0,31:40,0.0,1.0,1.0,3.0,37.0,2.0,239.0,2.0,32.0,2.0,8-12,2.0,4-40,543.0,1.0,9.8,6.5,41
401754570,2025.0,9.0,regular,away,103.0,Boston College,ACC,97.0,Louisville,ACC,23-46,0.0,20.0,1-4,1.0,2.0,0.0,17.0,2.0,0.0,21.0,1.0,6.0,244.0,1.0,1.0,3.0,35:44,,,,2.0,36.0,0.0,116.0,1.0,24.0,1.0,6-16,1.0,5-40,360.0,3.0,5.3,3.2,24
401754570,2025.0,9.0,regular,home,97.0,Louisville,ACC,103.0,Boston College,ACC,15-28,0.0,14.0,0-0,2.0,1.0,0.0,18.0,1.0,,,,8.0,187.0,6.0,2.0,1.0,24:16,,,,9.0,31.0,4.0,317.0,2.0,41.0,6.0,3-11,2.0,6-45,504.0,3.0,6.7,10.2,38
401754574,2025.0,9.0,regular,home,221.0,Pittsburgh,ACC,152.0,NC State,ACC,28-49,0.0,29.0,1-1,0.0,1.0,,,1.0,0.0,67.0,4.0,17.0,423.0,5.0,,3.0,34:56,0.0,34.0,3.0,8.0,33.0,3.0,106.0,0.0,29.0,3.0,6-14,0.0,5-46,529.0,1.0,8.6,3.2,53
401754574,2025.0,9.0,regular,away,152.0,NC State,ACC,221.0,Pittsburgh,ACC,25-41,0.0,15.0,0-3,1.0,0.0,0.0,30.0,0.0,0.0,149.0,8.0,4.0,284.0,7.0,1.0,4.0,25:04,,,,9.0,19.0,1.0,161.0,0.0,40.0,4.0,4-13,1.0,9-97,445.0,1.0,6.9,8.5,34
401754573,2025.0,9.0,regular,away,258.0,Virginia,ACC,153.0,North Carolina,ACC,20-35,0.0,16.0,0-1,0.0,0.0,0.0,0.0,1.0,,,,5.0,200.0,2.0,2.0,1.0,27:27,0.0,58.0,4.0,10.0,34.0,1.0,59.0,3.0,43.0,4.0,7-18,2.0,5-65,259.0,1.0,5.7,1.7,17
401754573,2025.0,9.0,regular,home,153.0,North Carolina,ACC,258.0,Virginia,ACC,23-36,0.0,20.0,1-1,1.0,0.0,0.0,16.0,2.0,0.0,15.0,1.0,4.0,208.0,3.0,1.0,1.0,32:33,0.0,46.0,5.0,6.0,39.0,1.0,145.0,6.0,43.0,7.0,5-15,1.0,6-56,353.0,3.0,5.8,3.7,16
401752942,2025.0,9.0,regular,away,2567.0,SMU,ACC,154.0,Wake Forest,ACC,21-39,0.0,8.0,0-1,2.0,3.0,0.0,27.0,1.0,,,,6.0,171.0,5.0,2.0,0.0,27:38,0.0,5.0,2.0,6.0,28.0,1.0,75.0,2.0,29.0,6.0,4-17,2.0,5-50,246.0,3.0,4.4,2.7,12
401752942,2025.0,9.0,regular,home,154.0,Wake Forest,ACC,2567.0,SMU,ACC,18-37,0.0,17.0,1-2,3.0,2.0,0.0,0.0,2.0,0.0,26.0,2.0,7.0,216.0,4.0,1.0,1.0,32:22,0.0,-11.0,3.0,6.0,35.0,0.0,85.0,1.0,27.0,8.0,6-18,6.0,6-51,301.0,5.0,5.8,2.4,13
401756934,2025.0,9.0,regular,home,254.0,Utah,Big 12,38.0,Colorado,Big 12,11-25,0.0,25.0,1-1,0.0,0.0,0.0,3.0,0.0,0.0,18.0,1.0,15.0,165.0,4.0,1.0,2.0,33:38,0.0,75.0,7.0,0.0,51.0,4.0,422.0,7.0,39.0,13.0,5-15,1.0,8-80,587.0,0.0,6.6,8.3,53
401756934,2025.0,9.0,regular,away,38.0,Colorado,Big 12,254.0,Utah,Big 12,13-30,0.0,12.0,0-2,0.0,0.0,,,1.0,0.0,56.0,2.0,1.0,102.0,8.0,,0.0,26:22,,,,1.0,38.0,1.0,38.0,1.0,40.0,5.0,3-16,1.0,2-15,140.0,1.0,3.4,1.0,7
401752885,2025.0,9.0,regular,home,84.0,Indiana,Big Ten,26.0,UCLA,Big Ten,19-29,1.0,27.0,2-2,0.0,1.0,1.0,25.0,2.0,0.0,24.0,1.0,8.0,213.0,6.0,2.0,3.0,35:34,0.0,27.0,2.0,3.0,47.0,4.0,262.0,3.0,21.0,7.0,12-16,0.0,4-45,475.0,2.0,7.3,5.6,56
401752885,2025.0,9.0,regular,away,26.0,UCLA,Big Ten,84.0,Indiana,Big Ten,13-28,0.0,12.0,1-3,1.0,0.0,0.0,34.0,2.0,0.0,77.0,5.0,6.0,113.0,6.0,2.0,0.0,24:26,0.0,6.0,1.0,1.0,25.0,0.0,88.0,0.0,35.0,1.0,1-11,1.0,8-82,201.0,3.0,4.0,3.5,6
401752883,2025.0,9.0,regular,home,158.0,Nebraska,Big Ten,77.0,Northwestern,Big Ten,16-22,1.0,18.0,2-3,1.0,0.0,0.0,14.0,1.0,1.0,142.0,3.0,4.0,141.0,2.0,2.0,1.0,30:16,,,,3.0,39.0,2.0,155.0,0.0,30.0,0.0,6-12,1.0,4-39,296.0,2.0,6.4,4.0,28
401752883,2025.0,9.0,regular,away,77.0,Northwestern,Big Ten,158.0,Nebraska,Big Ten,15-29,0.0,18.0,1-2,0.0,1.0,0.0,5.0,2.0,0.0,40.0,2.0,7.0,159.0,1.0,1.0,0.0,29:44,0.0,0.0,1.0,2.0,30.0,2.0,172.0,1.0,40.0,4.0,7-14,1.0,3-29,331.0,2.0,5.5,5.7,21
401752881,2025.0,9.0,regular,away,130.0,Michigan,Big Ten,127.0,Michigan State,Big Ten,8-17,0.0,20.0,1-1,1.0,1.0,,,0.0,0.0,22.0,3.0,7.0,86.0,4.0,,0.0,30:33,0.0,2.0,2.0,3.0,49.0,4.0,276.0,4.0,43.0,6.0,6-15,1.0,6-61,362.0,1.0,5.1,5.6,31
401752881,2025.0,9.0,regular,home,127.0,Michigan State,Big Ten,130.0,Michigan,Big Ten,19-34,0.0,18.0,1-3,1.0,1.0,,,0.0,,,,2.0,190.0,2.0,,1.0,29:27,0.0,12.0,1.0,3.0,38.0,2.0,115.0,1.0,35.0,2.0,5-16,1.0,12-105,305.0,1.0,5.6,3.0,20
401752882,2025.0,9.0,regular,home,2294.0,Iowa,Big Ten,135.0,Minnesota,Big Ten,13-20,2.0,13.0,1-1,0.0,,1.0,60.0,0.0,,,,11.0,141.0,1.0,3.0,1.0,33:10,1.0,80.0,4.0,3.0,36.0,2.0,133.0,4.0,32.0,9.0,4-12,,3-35,274.0,0.0,7.1,3.7,41
401752882,2025.0,9.0,regular,away,135.0,Minnesota,Big Ten,2294.0,Iowa,Big Ten,16-28,0.0,10.0,0-1,0.0,0.0,,,3.0,0.0,36.0,2.0,3.0,109.0,1.0,,0.0,26:50,,,,1.0,25.0,0.0,24.0,2.0,36.0,9.0,4-13,1.0,2-15,133.0,3.0,3.9,1.0,3
401752884,2025.0,9.0,regular,home,2509.0,Purdue,Big Ten,164.0,Rutgers,Big Ten,13-23,0.0,14.0,2-2,1.0,1.0,,,0.0,0.0,69.0,2.0,6.0,128.0,4.0,,3.0,23:02,,,,3.0,28.0,0.0,217.0,5.0,30.0,7.0,1-9,1.0,0-0,345.0,1.0,5.6,7.8,24
401752884,2025.0,9.0,regular,away,164.0,Rutgers,Big Ten,2509.0,Purdue,Big Ten,19-27,0.0,22.0,3-4,1.0,1.0,,,0.0,,,,9.0,359.0,0.0,,1.0,36:58,,,,0.0,48.0,2.0,184.0,0.0,26.0,3.0,4-14,2.0,4-46,543.0,1.0,13.3,3.8,27
401752880,2025.0,9.0,regular,away,356.0,Illinois,Big Ten,264.0,Washington,Big Ten,22-34,0.0,22.0,0-0,0.0,,,,2.0,0.0,62.0,2.0,5.0,199.0,3.0,,2.0,30:21,,,,0.0,29.0,1.0,138.0,0.0,43.0,2.0,9-12,,8-82,337.0,2.0,5.9,4.8,25
401752880,2025.0,9.0,regular,home,264.0,Washington,Big Ten,356.0,Illinois,Big Ten,27-34,0.0,27.0,0-0,0.0,0.0,0.0,34.0,0.0,0.0,82.0,3.0,6.0,292.0,5.0,2.0,5.0,29:39,0.0,-8.0,1.0,2.0,33.0,1.0,157.0,0.0,35.0,2.0,9-12,1.0,8-89,449.0,0.0,8.6,4.8,42
401752886,2025.0,9.0,regular,home,2483.0,Oregon,Big Ten,275.0,Wisconsin,Big Ten,13-19,0.0,18.0,0-1,0.0,,0.0,0.0,0.0,,,,3.0,132.0,6.0,1.0,1.0,34:57,0.0,11.0,2.0,6.0,45.0,2.0,203.0,1.0,26.0,3.0,8-15,,9-75,335.0,0.0,6.9,4.5,21
401752886,2025.0,9.0,regular,away,275.0,Wisconsin,Big Ten,2483.0,Oregon,Big Ten,7-21,0.0,11.0,2-3,0.0,0.0,,,1.0,0.0,72.0,3.0,1.0,86.0,2.0,,1.0,25:03,,,,1.0,29.0,0.0,110.0,4.0,28.0,7.0,3-11,4.0,8-67,196.0,1.0,4.1,3.8,7
401762846,2025.0,9.0,regular,home,2309.0,Kent State,Mid-American,189.0,Bowling Green,Mid-American,14-23,0.0,14.0,2-2,0.0,0.0,,,0.0,0.0,17.0,1.0,6.0,172.0,4.0,,2.0,23:08,0.0,-2.0,1.0,3.0,28.0,1.0,122.0,3.0,37.0,7.0,4-12,1.0,6-50,294.0,0.0,7.5,4.4,24
401762846,2025.0,9.0,regular,away,189.0,Bowling Green,Mid-American,2309.0,Kent State,Mid-American,14-28,0.0,22.0,0-1,0.0,0.0,,,0.0,0.0,38.0,2.0,3.0,172.0,3.0,,1.0,36:52,0.0,0.0,3.0,3.0,50.0,2.0,207.0,1.0,22.0,7.0,12-18,2.0,7-66,379.0,0.0,6.1,4.1,21
401762874,2025.0,9.0,regular,away,2711.0,Western Michigan,Mid-American,193.0,Miami (OH),Mid-American,16-29,0.0,17.0,2-4,1.0,0.0,,,0.0,0.0,218.0,7.0,5.0,172.0,4.0,,1.0,29:21,,,,3.0,39.0,1.0,144.0,0.0,30.0,2.0,8-17,2.0,0-0,316.0,1.0,5.9,3.7,17
401762874,2025.0,9.0,regular,home,193.0,Miami (OH),Mid-American,2711.0,Western Michigan,Mid-American,18-30,0.0,19.0,0-0,0.0,1.0,,,0.0,0.0,24.0,1.0,12.0,260.0,2.0,,1.0,30:39,0.0,-2.0,1.0,6.0,32.0,1.0,148.0,3.0,37.0,6.0,4-12,0.0,2-15,408.0,0.0,8.7,4.6,26
401762848,2025.0,9.0,regular,home,2199.0,Eastern Michigan,Mid-American,195.0,Ohio,Mid-American,21-30,0.0,17.0,0-0,1.0,0.0,0.0,2.0,0.0,0.0,40.0,2.0,3.0,259.0,2.0,2.0,2.0,24:20,,,,1.0,25.0,1.0,112.0,2.0,43.0,5.0,5-12,1.0,6-49,371.0,1.0,8.6,4.5,21
401762848,2025.0,9.0,regular,away,195.0,Ohio,Mid-American,2199.0,Eastern Michigan,Mid-American,23-29,0.0,25.0,2-3,0.0,1.0,,,2.0,0.0,15.0,1.0,4.0,315.0,6.0,,2.0,35:40,0.0,36.0,3.0,5.0,45.0,2.0,172.0,0.0,29.0,2.0,6-15,0.0,9-52,487.0,2.0,10.9,3.8,28
401762844,2025.0,9.0,regular,home,2084.0,Buffalo,Mid-American,2006.0,Akron,Mid-American,23-36,0.0,19.0,0-2,1.0,2.0,0.0,25.0,4.0,0.0,27.0,2.0,6.0,266.0,5.0,1.0,1.0,29:38,0.0,5.0,1.0,3.0,34.0,0.0,91.0,4.0,40.0,8.0,2-12,1.0,6-70,357.0,5.0,7.4,2.7,16
401762844,2025.0,9.0,regular,away,2006.0,Akron,Mid-American,2084.0,Buffalo,Mid-American,17-32,0.0,18.0,1-2,2.0,1.0,0.0,17.0,1.0,,,,6.0,230.0,4.0,4.0,2.0,30:22,0.0,0.0,1.0,2.0,41.0,1.0,95.0,5.0,43.0,10.0,2-14,2.0,7-48,325.0,3.0,7.2,2.3,24
401762845,2025.0,9.0,regular,home,2459.0,Northern Illinois,Mid-American,2050.0,Ball State,Mid-American,6-11,0.0,17.0,1-2,2.0,1.0,0.0,2.0,1.0,0.0,34.0,2.0,3.0,65.0,3.0,2.0,1.0,30:30,0.0,7.0,2.0,2.0,57.0,2.0,305.0,4.0,40.0,5.0,9-16,2.0,4-35,370.0,3.0,5.9,5.4,21
401762845,2025.0,9.0,regular,away,2050.0,Ball State,Mid-American,2459.0,Northern Illinois,Mid-American,10-23,0.0,15.0,1-1,1.0,2.0,0.0,0.0,2.0,0.0,56.0,3.0,1.0,136.0,2.0,1.0,1.0,29:30,0.0,-1.0,2.0,0.0,43.0,0.0,139.0,1.0,48.0,3.0,6-15,2.0,4-40,275.0,3.0,5.9,3.2,7
401760399,2025.0,9.0,regular,home,278.0,Fresno State,Mountain West,21.0,San Diego State,Mountain West,20-42,0.0,14.0,0-3,0.0,1.0,0.0,0.0,2.0,0.0,43.0,2.0,,182.0,3.0,1.0,0.0,28:09,0.0,-1.0,1.0,0.0,23.0,0.0,45.0,2.0,32.0,6.0,5-16,2.0,6-50,227.0,2.0,4.3,2.0,0
401760399,2025.0,9.0,regular,away,21.0,San Diego State,Mountain West,278.0,Fresno State,Mountain West,11-19,1.0,21.0,1-1,1.0,0.0,1.0,31.0,1.0,0.0,27.0,1.0,11.0,124.0,4.0,2.0,0.0,31:51,0.0,10.0,1.0,0.0,46.0,1.0,208.0,1.0,32.0,3.0,4-12,2.0,7-49,332.0,2.0,6.5,4.5,23
401760398,2025.0,9.0,regular,home,2751.0,Wyoming,Mountain West,36.0,Colorado State,Mountain West,17-25,0.0,18.0,1-1,0.0,0.0,0.0,1.0,0.0,,,,4.0,160.0,5.0,3.0,2.0,31:49,0.0,4.0,2.0,2.0,34.0,2.0,212.0,1.0,39.0,4.0,4-11,1.0,7-50,372.0,0.0,6.4,6.2,28
401760398,2025.0,9.0,regular,away,36.0,Colorado State,Mountain West,2751.0,Wyoming,Mountain West,19-34,0.0,15.0,0-2,0.0,0.0,,,3.0,0.0,87.0,4.0,,211.0,3.0,,0.0,28:11,0.0,9.0,1.0,0.0,27.0,0.0,94.0,0.0,36.0,4.0,4-13,1.0,7-69,305.0,3.0,6.2,3.5,0
401760397,2025.0,9.0,regular,home,2440.0,Nevada,Mountain West,68.0,Boise State,Mountain West,18-31,0.0,15.0,0-1,2.0,0.0,0.0,5.0,3.0,,,,3.0,147.0,3.0,1.0,0.0,25:41,0.0,3.0,1.0,0.0,22.0,0.0,100.0,2.0,38.0,4.0,4-12,1.0,8-72,247.0,5.0,4.7,4.5,3
401760397,2025.0,9.0,regular,away,68.0,Boise State,Mountain West,2440.0,Nevada,Mountain West,15-28,0.0,21.0,2-3,0.0,2.0,0.0,0.0,1.0,,,,6.0,174.0,3.0,3.0,0.0,34:19,,,,0.0,47.0,3.0,134.0,2.0,35.0,4.0,7-16,0.0,2-10,308.0,1.0,6.2,2.9,24
401760400,2025.0,9.0,regular,away,328.0,Utah State,Mountain West,167.0,New Mexico,Mountain West,13-23,0.0,15.0,0-0,0.0,,,,1.0,,,,2.0,164.0,3.0,,1.0,21:44,,,,3.0,25.0,1.0,142.0,0.0,27.0,1.0,4-10,,7-46,306.0,1.0,7.1,5.7,14
401760400,2025.0,9.0,regular,home,167.0,New Mexico,Mountain West,328.0,Utah State,Mountain West,17-22,1.0,21.0,2-2,0.0,,0.0,0.0,0.0,0.0,31.0,1.0,7.0,183.0,2.0,1.0,1.0,38:16,1.0,49.0,1.0,2.0,42.0,2.0,224.0,3.0,25.0,7.0,4-12,,7-65,407.0,0.0,8.3,5.3,33
401752746,2025.0,9.0,regular,home,8.0,Arkansas,SEC,2.0,Auburn,SEC,14-22,1.0,14.0,0-1,1.0,0.0,1.0,89.0,3.0,0.0,45.0,2.0,6.0,268.0,3.0,1.0,1.0,22:20,,,,2.0,23.0,1.0,63.0,3.0,33.0,4.0,3-8,1.0,3-12,331.0,4.0,12.2,2.7,24
401752746,2025.0,9.0,regular,away,2.0,Auburn,SEC,8.0,Arkansas,SEC,13-20,1.0,22.0,2-2,0.0,1.0,1.0,77.0,1.0,0.0,79.0,4.0,19.0,150.0,2.0,3.0,1.0,37:40,,,,1.0,50.0,0.0,230.0,2.0,28.0,5.0,3-12,1.0,4-35,380.0,1.0,7.5,4.6,33
401752747,2025.0,9.0,regular,away,2633.0,Tennessee,SEC,96.0,Kentucky,SEC,20-26,1.0,24.0,1-1,0.0,1.0,1.0,45.0,0.0,0.0,31.0,1.0,8.0,396.0,1.0,1.0,3.0,23:57,,,,4.0,33.0,4.0,108.0,1.0,44.0,8.0,4-8,0.0,6-56,504.0,0.0,15.2,3.3,56
401752747,2025.0,9.0,regular,home,96.0,Kentucky,SEC,2633.0,Tennessee,SEC,26-36,0.0,25.0,1-1,1.0,0.0,,,1.0,,,,4.0,330.0,1.0,,5.0,36:03,0.0,5.0,1.0,0.0,37.0,0.0,146.0,1.0,35.0,3.0,5-12,2.0,8-73,476.0,2.0,9.2,3.9,34
401752748,2025.0,9.0,regular,away,245.0,Texas A&M,SEC,99.0,LSU,SEC,12-21,1.0,24.0,0-0,0.0,0.0,,,2.0,0.0,68.0,2.0,7.0,202.0,5.0,,2.0,30:12,1.0,137.0,4.0,0.0,40.0,4.0,224.0,7.0,42.0,11.0,7-10,2.0,6-65,426.0,2.0,9.6,5.6,49
401752748,2025.0,9.0,regular,home,99.0,LSU,SEC,245.0,Texas A&M,SEC,25-39,0.0,18.0,1-2,0.0,,0.0,28.0,0.0,0.0,69.0,4.0,5.0,218.0,5.0,2.0,2.0,29:48,0.0,16.0,1.0,2.0,27.0,1.0,60.0,0.0,27.0,2.0,2-13,,4-27,278.0,0.0,5.6,2.2,25
401752752,2025.0,9.0,regular,home,238.0,Vanderbilt,SEC,142.0,Missouri,SEC,10-19,0.0,13.0,0-0,0.0,1.0,,,1.0,0.0,37.0,2.0,5.0,129.0,0.0,,0.0,23:48,0.0,3.0,1.0,10.0,26.0,2.0,136.0,1.0,31.0,4.0,3-10,0.0,8-83,265.0,1.0,6.8,5.2,17
401752752,2025.0,9.0,regular,away,142.0,Missouri,SEC,238.0,Vanderbilt,SEC,23-37,0.0,22.0,4-5,1.0,0.0,0.0,3.0,0.0,,,,4.0,206.0,3.0,1.0,1.0,36:12,0.0,9.0,1.0,4.0,41.0,0.0,170.0,2.0,20.0,4.0,5-16,1.0,8-88,376.0,1.0,5.6,4.1,10
401752750,2025.0,9.0,regular,home,201.0,Oklahoma,SEC,145.0,Ole Miss,SEC,17-32,0.0,14.0,1-3,1.0,0.0,,,0.0,,,,8.0,223.0,10.0,,1.0,24:24,0.0,23.0,2.0,3.0,28.0,2.0,136.0,1.0,45.0,14.0,4-14,1.0,8-52,359.0,1.0,7.0,4.9,26
401752750,2025.0,9.0,regular,away,145.0,Ole Miss,SEC,201.0,Oklahoma,SEC,24-46,0.0,21.0,2-3,0.0,1.0,,,0.0,0.0,38.0,1.0,14.0,315.0,4.0,,1.0,35:36,,,,1.0,41.0,2.0,116.0,3.0,29.0,6.0,9-21,1.0,6-50,431.0,0.0,6.8,2.8,34
401752749,2025.0,9.0,regular,home,344.0,Mississippi State,SEC,251.0,Texas,SEC,27-43,0.0,25.0,1-4,1.0,0.0,0.0,25.0,0.0,0.0,29.0,2.0,8.0,382.0,6.0,1.0,5.0,29:59,,,,2.0,43.0,0.0,63.0,5.0,40.0,12.0,6-19,2.0,8-41,445.0,1.0,8.9,1.5,38
401752749,2025.0,9.0,regular,away,251.0,Texas,SEC,344.0,Mississippi State,SEC,30-47,1.0,22.0,0-0,0.0,1.0,,,1.0,0.0,15.0,1.0,9.0,356.0,2.0,,4.0,30:01,1.0,104.0,4.0,6.0,32.0,1.0,72.0,7.0,33.0,9.0,8-20,1.0,9-61,428.0,1.0,7.6,2.3,45
401752751,2025.0,9.0,regular,home,2579.0,South Carolina,SEC,333.0,Alabama,SEC,18-33,0.0,18.0,2-2,1.0,2.0,,,1.0,0.0,29.0,2.0,10.0,222.0,9.0,,1.0,32:38,0.0,17.0,2.0,3.0,37.0,1.0,111.0,2.0,40.0,6.0,6-17,1.0,5-40,333.0,2.0,6.7,3.0,22
401752751,2025.0,9.0,regular,away,333.0,Alabama,SEC,2579.0,South Carolina,SEC,24-43,1.0,17.0,2-3,2.0,1.0,1.0,18.0,0.0,0.0,37.0,3.0,3.0,253.0,5.0,1.0,2.0,27:22,0.0,-5.0,1.0,4.0,23.0,1.0,72.0,2.0,44.0,7.0,8-16,2.0,6-52,325.0,2.0,5.9,3.1,29
401767094,2025.0,10.0,regular,home,2464.0,Northern Arizona,Big Sky,70.0,Idaho,Big Sky,23-34,,19.0,2-5,1.0,0.0,0.0,0.0,0.0,0.0,39.0,1.0,6.0,267.0,,1.0,1.0,30:36,1.0,39.0,4.0,,36.0,2.0,146.0,,,,4-15,1.0,3-35,413.0,1.0,7.9,4.1,32
401767094,2025.0,10.0,regular,away,70.0,Idaho,Big Sky,2464.0,Northern Arizona,Big Sky,15-31,,21.0,0-1,0.0,1.0,,,1.0,0.0,12.0,1.0,5.0,180.0,,,2.0,29:24,0.0,1.0,1.0,,36.0,2.0,213.0,,,,4-12,0.0,4-45,393.0,1.0,5.8,5.9,35
401754583,2025.0,10.0,regular,home,103.0,Boston College,ACC,87.0,Notre Dame,FBS Independents,30-45,0.0,21.0,2-4,0.0,1.0,,,3.0,0.0,33.0,2.0,4.0,269.0,2.0,,1.0,35:27,,,,2.0,33.0,0.0,12.0,0.0,29.0,4.0,8-18,1.0,9-80,281.0,3.0,6.0,0.4,10
401754583,2025.0,10.0,regular,away,87.0,Notre Dame,FBS Independents,103.0,Boston College,ACC,18-26,0.0,22.0,2-4,1.0,0.0,0.0,2.0,0.0,0.0,22.0,1.0,1.0,299.0,7.0,3.0,2.0,24:33,0.0,4.0,1.0,9.0,29.0,2.0,159.0,5.0,53.0,12.0,3-10,2.0,7-67,458.0,1.0,11.5,5.5,25
401756940,2025.0,10.0,regular,home,2305.0,Kansas,Big 12,197.0,Oklahoma State,Big 12,13-19,0.0,18.0,3-3,0.0,0.0,,,0.0,0.0,60.0,3.0,8.0,110.0,2.0,,2.0,30:38,,,,5.0,39.0,3.0,232.0,2.0,48.0,6.0,6-10,1.0,2-30,342.0,0.0,5.8,5.9,38
401756940,2025.0,10.0,regular,away,197.0,Oklahoma State,Big 12,2305.0,Kansas,Big 12,24-31,0.0,19.0,2-3,0.0,0.0,,,0.0,0.0,34.0,2.0,3.0,244.0,0.0,,2.0,29:22,,,,0.0,31.0,1.0,72.0,0.0,38.0,4.0,8-14,2.0,1-5,316.0,0.0,7.9,2.3,21
401756941,2025.0,10.0,regular,away,2641.0,Texas Tech,Big 12,2306.0,Kansas State,Big 12,21-32,1.0,18.0,2-3,1.0,3.0,0.0,16.0,1.0,0.0,43.0,2.0,13.0,249.0,3.0,2.0,2.0,33:24,0.0,2.0,2.0,4.0,44.0,2.0,187.0,2.0,41.0,12.0,7-17,2.0,4-21,436.0,2.0,7.8,4.3,43
401756941,2025.0,10.0,regular,home,2306.0,Kansas State,Big 12,2641.0,Texas Tech,Big 12,16-33,0.0,11.0,0-4,3.0,1.0,0.0,0.0,2.0,,,,2.0,199.0,3.0,1.0,1.0,26:36,,,,2.0,30.0,2.0,126.0,2.0,50.0,6.0,7-15,3.0,3-20,325.0,5.0,6.0,4.2,20
401756936,2025.0,10.0,regular,away,2116.0,UCF,Big 12,239.0,Baylor,Big 12,18-33,0.0,13.0,0-3,0.0,1.0,,,2.0,0.0,99.0,5.0,3.0,151.0,2.0,,0.0,26:02,,,,4.0,23.0,0.0,74.0,2.0,40.0,9.0,1-11,0.0,8-50,225.0,2.0,4.6,3.2,3
401756936,2025.0,10.0,regular,home,239.0,Baylor,Big 12,2116.0,UCF,Big 12,29-40,0.0,24.0,2-3,1.0,0.0,0.0,26.0,0.0,,,,12.0,267.0,5.0,2.0,3.0,33:58,0.0,30.0,2.0,3.0,39.0,0.0,150.0,1.0,38.0,2.0,8-17,1.0,6-75,417.0,1.0,6.7,3.8,30
401756939,2025.0,10.0,regular,away,9.0,Arizona State,Big 12,66.0,Iowa State,Big 12,13-24,0.0,20.0,0-1,2.0,0.0,0.0,0.0,1.0,0.0,52.0,3.0,6.0,177.0,5.0,1.0,1.0,32:04,,,,6.0,46.0,2.0,290.0,2.0,39.0,3.0,5-15,2.0,11-119,467.0,3.0,7.4,6.3,24
401756939,2025.0,10.0,regular,home,66.0,Iowa State,Big 12,9.0,Arizona State,Big 12,18-37,0.0,21.0,1-2,0.0,2.0,0.0,18.0,1.0,0.0,27.0,3.0,7.0,186.0,3.0,1.0,1.0,27:56,0.0,1.0,1.0,6.0,32.0,1.0,150.0,0.0,35.0,5.0,2-14,0.0,7-56,336.0,1.0,5.0,4.7,19
401756938,2025.0,10.0,regular,home,248.0,Houston,Big 12,277.0,West Virginia,Big 12,26-36,0.0,27.0,2-2,2.0,0.0,,,2.0,0.0,54.0,2.0,5.0,318.0,1.0,,4.0,29:31,0.0,36.0,5.0,3.0,31.0,1.0,82.0,0.0,52.0,2.0,5-12,5.0,2-15,400.0,4.0,8.8,2.6,35
401756938,2025.0,10.0,regular,away,277.0,West Virginia,Big 12,248.0,Houston,Big 12,13-22,1.0,20.0,4-4,0.0,2.0,1.0,100.0,0.0,0.0,21.0,1.0,9.0,157.0,2.0,2.0,1.0,30:29,0.0,13.0,1.0,2.0,53.0,4.0,246.0,3.0,40.0,5.0,5-17,0.0,8-85,403.0,0.0,7.1,4.6,45
401767136,2025.0,10.0,regular,home,2803.0,Bryant,CAA,2405.0,Monmouth,CAA,15-34,,14.0,1-3,0.0,0.0,0.0,23.0,0.0,0.0,106.0,5.0,1.0,163.0,,2.0,1.0,25:24,0.0,2.0,1.0,,26.0,0.0,59.0,,,,4-13,1.0,5-46,222.0,0.0,4.8,2.3,7
401767136,2025.0,10.0,regular,away,2405.0,Monmouth,CAA,2803.0,Bryant,CAA,14-19,,22.0,1-2,0.0,0.0,,,2.0,0.0,33.0,2.0,5.0,218.0,,,2.0,34:36,,,,,48.0,3.0,263.0,,,,8-13,1.0,5-35,481.0,2.0,11.5,5.5,35
401767765,2025.0,10.0,regular,away,2523.0,Robert Morris,NEC,284.0,Stonehill,NEC,9-22,,16.0,2-4,1.0,1.0,,,1.0,0.0,56.0,3.0,8.0,111.0,,,2.0,29:57,0.0,1.0,2.0,,38.0,0.0,149.0,,,,1-11,1.0,5-44,260.0,2.0,5.0,3.9,20
401767765,2025.0,10.0,regular,home,284.0,Stonehill,NEC,2523.0,Robert Morris,NEC,13-24,,15.0,1-4,1.0,1.0,0.0,24.0,0.0,0.0,24.0,1.0,5.0,116.0,,1.0,1.0,30:03,0.0,-1.0,2.0,,37.0,1.0,127.0,,,,3-11,2.0,6-79,243.0,1.0,4.8,3.4,17
401767168,2025.0,10.0,regular,home,2546.0,Southeast Missouri State,Big South-OVC,2127.0,Charleston Southern,Big South-OVC,27-49,,19.0,1-3,2.0,1.0,,,0.0,0.0,27.0,1.0,5.0,274.0,,,1.0,26:02,0.0,3.0,1.0,,25.0,1.0,20.0,,,,7-17,3.0,7-70,294.0,2.0,5.6,0.8,17
401767168,2025.0,10.0,regular,away,2127.0,Charleston Southern,Big South-OVC,2546.0,Southeast Missouri State,Big South-OVC,17-35,,16.0,1-1,1.0,2.0,,,0.0,,,,11.0,302.0,,,1.0,33:58,,,,,38.0,1.0,89.0,,,,6-18,1.0,9-85,391.0,1.0,8.6,2.3,23
401767198,2025.0,10.0,regular,away,2630.0,UT Martin,Big South-OVC,2197.0,Eastern Illinois,Big South-OVC,22-29,,26.0,0-2,0.0,0.0,,,0.0,0.0,92.0,4.0,9.0,172.0,,,2.0,39:15,0.0,15.0,2.0,,48.0,1.0,225.0,,,,10-16,1.0,9-68,397.0,0.0,5.9,4.7,27
401767198,2025.0,10.0,regular,home,2197.0,Eastern Illinois,Big South-OVC,2630.0,UT Martin,Big South-OVC,19-23,,17.0,0-1,0.0,0.0,,,0.0,0.0,18.0,1.0,2.0,240.0,,,3.0,20:45,,,,,20.0,0.0,54.0,,,,4-8,2.0,4-24,294.0,0.0,10.4,2.7,20
401767205,2025.0,10.0,regular,home,2635.0,Tennessee Tech,Big South-OVC,2241.0,Gardner-Webb,Big South-OVC,17-25,,15.0,1-1,1.0,1.0,,,0.0,0.0,51.0,3.0,9.0,279.0,,,2.0,20:59,0.0,55.0,3.0,,23.0,1.0,81.0,,,,2-10,3.0,6-72,360.0,1.0,11.2,3.5,27
401767205,2025.0,10.0,regular,away,2241.0,Gardner-Webb,Big South-OVC,2635.0,Tennessee Tech,Big South-OVC,16-29,,23.0,1-3,1.0,1.0,,,0.0,,,,3.0,167.0,,,1.0,39:01,0.0,16.0,2.0,,54.0,2.0,128.0,,,,9-21,2.0,6-45,295.0,1.0,5.8,2.4,21
401767213,2025.0,10.0,regular,away,2815.0,Lindenwood,Big South-OVC,2634.0,Tennessee State,Big South-OVC,16-23,,22.0,0-2,0.0,1.0,,,1.0,0.0,69.0,2.0,5.0,149.0,,,0.0,32:59,0.0,45.0,3.0,,44.0,5.0,222.0,,,,5-11,1.0,8-69,371.0,1.0,6.5,5.0,35
401767213,2025.0,10.0,regular,home,2634.0,Tennessee State,Big South-OVC,2815.0,Lindenwood,Big South-OVC,11-20,,10.0,0-0,1.0,0.0,0.0,31.0,0.0,0.0,27.0,2.0,7.0,132.0,,1.0,1.0,27:01,,,,,30.0,0.0,36.0,,,,3-13,1.0,8-96,168.0,1.0,6.6,1.2,13
401767275,2025.0,10.0,regular,away,119.0,Towson,CAA,2448.0,North Carolina A&T,CAA,23-33,,19.0,0-0,0.0,,0.0,18.0,0.0,0.0,32.0,1.0,14.0,382.0,,2.0,3.0,26:37,1.0,40.0,3.0,,23.0,4.0,146.0,,,,5-10,,7-93,528.0,0.0,11.6,6.3,62
401767275,2025.0,10.0,regular,home,2448.0,North Carolina A&T,CAA,119.0,Towson,CAA,15-32,,14.0,0-1,0.0,0.0,,,2.0,0.0,157.0,10.0,3.0,116.0,,,0.0,33:23,,,,,36.0,1.0,143.0,,,,6-16,1.0,11-105,259.0,2.0,3.6,4.0,9
401767499,2025.0,10.0,regular,away,79.0,Southern Illinois,MVFC,93.0,Murray State,MVFC,11-20,,23.0,2-2,1.0,1.0,0.0,69.0,0.0,0.0,29.0,2.0,9.0,171.0,,2.0,1.0,35:41,0.0,11.0,1.0,,50.0,2.0,233.0,,,,7-14,2.0,7-59,404.0,1.0,8.6,4.7,27
401767499,2025.0,10.0,regular,home,93.0,Murray State,MVFC,79.0,Southern Illinois,MVFC,15-28,,18.0,2-3,1.0,1.0,,,2.0,,,,1.0,122.0,,,1.0,24:19,0.0,1.0,1.0,,34.0,0.0,178.0,,,,3-11,1.0,2-8,300.0,3.0,4.4,5.2,7
401767253,2025.0,10.0,regular,away,2046.0,Austin Peay,UAC,253.0,Southern Utah,UAC,15-27,,19.0,1-2,2.0,0.0,,,0.0,0.0,16.0,1.0,5.0,178.0,,,2.0,25:14,,,,,33.0,0.0,134.0,,,,5-11,2.0,6-63,312.0,2.0,6.6,4.1,17
401767253,2025.0,10.0,regular,home,253.0,Southern Utah,UAC,2046.0,Austin Peay,UAC,15-25,,25.0,0-0,0.0,2.0,,,0.0,0.0,17.0,1.0,15.0,184.0,,,0.0,34:46,0.0,1.0,1.0,,46.0,3.0,187.0,,,,7-13,0.0,4-33,371.0,0.0,7.4,4.1,33
401767244,2025.0,10.0,regular,away,2627.0,Tarleton State,UAC,2000.0,Abilene Christian,UAC,25-47,,24.0,1-2,0.0,,0.0,3.0,1.0,0.0,67.0,3.0,8.0,361.0,,1.0,2.0,31:50,0.0,0.0,1.0,,32.0,1.0,93.0,,,,7-18,,8-69,454.0,1.0,7.7,2.9,28
401767244,2025.0,10.0,regular,home,2000.0,Abilene Christian,UAC,2627.0,Tarleton State,UAC,16-25,,17.0,1-1,0.0,,0.0,57.0,1.0,0.0,31.0,2.0,7.0,202.0,,1.0,1.0,28:10,0.0,8.0,1.0,,32.0,3.0,233.0,,,,3-12,,7-68,435.0,1.0,8.1,7.3,31
401767282,2025.0,10.0,regular,away,2198.0,Eastern Kentucky,UAC,2110.0,Central Arkansas,UAC,18-27,,25.0,0-0,0.0,,0.0,34.0,1.0,0.0,72.0,3.0,10.0,209.0,,3.0,3.0,33:32,0.0,11.0,1.0,,50.0,1.0,209.0,,,,10-15,,3-45,418.0,1.0,7.7,4.2,34
401767282,2025.0,10.0,regular,home,2110.0,Central Arkansas,UAC,2198.0,Eastern Kentucky,UAC,11-27,,15.0,0-1,0.0,,0.0,0.0,3.0,0.0,56.0,4.0,7.0,157.0,,1.0,0.0,26:28,,,,,28.0,1.0,123.0,,,,6-11,,2-25,280.0,3.0,5.8,4.4,13
401767288,2025.0,10.0,regular,home,3101.0,Utah Tech,UAC,2453.0,North Alabama,UAC,19-32,,19.0,2-3,0.0,,0.0,9.0,1.0,0.0,53.0,2.0,10.0,272.0,,1.0,1.0,28:13,0.0,3.0,2.0,,39.0,3.0,219.0,,,,5-16,,9-84,491.0,1.0,8.5,5.6,34
401767288,2025.0,10.0,regular,away,2453.0,North Alabama,UAC,3101.0,Utah Tech,UAC,14-33,,28.0,3-4,0.0,0.0,0.0,12.0,1.0,0.0,117.0,3.0,3.0,203.0,,1.0,1.0,31:47,,,,,49.0,4.0,240.0,,,,4-13,1.0,6-54,443.0,1.0,6.2,4.9,33
401762498,2025.0,10.0,regular,home,218.0,Temple,American Athletic,151.0,East Carolina,American Athletic,15-25,0.0,11.0,0-1,0.0,1.0,0.0,30.0,1.0,0.0,60.0,3.0,2.0,151.0,1.0,1.0,0.0,28:33,,,,0.0,30.0,2.0,82.0,0.0,48.0,3.0,3-12,0.0,2-10,233.0,1.0,6.0,2.7,14
401762498,2025.0,10.0,regular,away,151.0,East Carolina,American Athletic,218.0,Temple,American Athletic,19-24,0.0,26.0,2-2,1.0,0.0,0.0,0.0,1.0,0.0,25.0,1.0,9.0,256.0,3.0,1.0,2.0,31:27,,,,1.0,51.0,4.0,358.0,2.0,36.0,8.0,6-12,1.0,5-44,614.0,2.0,10.7,7.0,45
401762497,2025.0,10.0,regular,home,242.0,Rice,American Athletic,235.0,Memphis,American Athletic,11-17,0.0,13.0,3-4,1.0,0.0,,,1.0,0.0,19.0,2.0,2.0,100.0,0.0,,1.0,32:22,0.0,7.0,1.0,1.0,46.0,1.0,112.0,2.0,3.0,2.0,3-16,1.0,6-78,212.0,2.0,5.9,2.4,14
401762497,2025.0,10.0,regular,away,235.0,Memphis,American Athletic,242.0,Rice,American Athletic,18-23,0.0,19.0,0-0,0.0,1.0,0.0,23.0,0.0,,,,8.0,225.0,0.0,1.0,0.0,27:38,0.0,0.0,1.0,0.0,33.0,5.0,130.0,1.0,8.0,5.0,4-10,0.0,5-36,355.0,0.0,9.8,3.9,38
401762499,2025.0,10.0,regular,home,249.0,North Texas,American Athletic,2426.0,Navy,American Athletic,19-24,0.0,22.0,1-1,0.0,1.0,0.0,0.0,0.0,0.0,42.0,2.0,7.0,234.0,1.0,2.0,0.0,27:47,,,,1.0,45.0,4.0,190.0,1.0,34.0,4.0,7-13,0.0,4-30,424.0,0.0,9.8,4.2,31
401762499,2025.0,10.0,regular,away,2426.0,Navy,American Athletic,249.0,North Texas,American Athletic,8-14,0.0,22.0,1-2,1.0,0.0,,,2.0,0.0,72.0,3.0,5.0,80.0,1.0,,0.0,32:13,,,,3.0,44.0,2.0,311.0,2.0,41.0,6.0,6-11,1.0,8-55,391.0,3.0,5.7,7.1,17
401762443,2025.0,10.0,regular,home,2636.0,UTSA,American Athletic,2655.0,Tulane,American Athletic,32-34,0.0,28.0,1-1,0.0,1.0,0.0,39.0,0.0,,,,12.0,391.0,4.0,3.0,5.0,36:55,0.0,19.0,2.0,0.0,35.0,1.0,132.0,1.0,14.0,1.0,5-11,2.0,10-116,523.0,0.0,11.5,3.8,48
401762443,2025.0,10.0,regular,away,2655.0,Tulane,American Athletic,2636.0,UTSA,American Athletic,21-36,0.0,24.0,0-1,1.0,0.0,,,3.0,0.0,103.0,5.0,2.0,299.0,0.0,,3.0,23:05,0.0,-6.0,1.0,0.0,25.0,1.0,135.0,0.0,3.0,0.0,6-10,2.0,6-36,434.0,4.0,8.3,5.4,26
401757294,2025.0,10.0,regular,away,166.0,New Mexico State,Conference USA,98.0,Western Kentucky,Conference USA,13-40,1.0,14.0,0-2,0.0,1.0,0.0,23.0,1.0,0.0,38.0,2.0,10.0,110.0,3.0,1.0,0.0,26:14,0.0,16.0,2.0,0.0,26.0,0.0,66.0,2.0,46.0,5.0,5-18,0.0,7-50,176.0,1.0,2.8,2.5,16
401757294,2025.0,10.0,regular,home,98.0,Western Kentucky,Conference USA,166.0,New Mexico State,Conference USA,30-41,0.0,24.0,0-2,1.0,0.0,0.0,19.0,1.0,0.0,2.0,2.0,5.0,301.0,11.0,1.0,4.0,33:46,0.0,1.0,1.0,4.0,38.0,1.0,128.0,3.0,29.0,5.0,7-16,2.0,5-45,429.0,2.0,7.3,3.4,35
401757291,2025.0,10.0,regular,home,2623.0,Missouri State,Conference USA,2229.0,Florida International,Conference USA,16-27,0.0,18.0,0-0,1.0,2.0,,,0.0,0.0,47.0,4.0,4.0,163.0,6.0,,2.0,27:59,0.0,6.0,2.0,6.0,37.0,2.0,206.0,2.0,11.0,2.0,8-16,2.0,3-36,369.0,1.0,6.0,5.6,28
401757291,2025.0,10.0,regular,away,2229.0,Florida International,Conference USA,2623.0,Missouri State,Conference USA,22-36,0.0,23.0,2-3,2.0,1.0,,,0.0,0.0,37.0,3.0,3.0,231.0,6.0,,3.0,32:01,0.0,10.0,3.0,0.0,35.0,0.0,115.0,3.0,32.0,5.0,6-16,2.0,8-75,346.0,2.0,6.4,3.3,21
401757290,2025.0,10.0,regular,away,2534.0,Sam Houston,Conference USA,2348.0,Louisiana Tech,Conference USA,17-40,0.0,20.0,1-6,0.0,1.0,0.0,28.0,1.0,0.0,11.0,1.0,2.0,206.0,0.0,1.0,0.0,31:08,0.0,4.0,1.0,0.0,33.0,2.0,296.0,0.0,8.0,0.0,4-15,0.0,9-65,502.0,1.0,5.2,9.0,14
401757290,2025.0,10.0,regular,home,2348.0,Louisiana Tech,Conference USA,2534.0,Sam Houston,Conference USA,17-21,1.0,29.0,0-0,1.0,0.0,1.0,85.0,1.0,0.0,68.0,3.0,7.0,221.0,9.0,1.0,1.0,28:52,0.0,65.0,3.0,1.0,39.0,6.0,425.0,2.0,10.0,2.5,4-6,1.0,5-51,646.0,2.0,10.5,10.9,55
401757292,2025.0,10.0,regular,away,55.0,Jacksonville State,Conference USA,2393.0,Middle Tennessee,Conference USA,15-21,0.0,17.0,1-2,0.0,,0.0,72.0,0.0,,,,6.0,215.0,7.0,1.0,2.0,33:00,0.0,3.0,1.0,0.0,49.0,1.0,143.0,1.0,14.0,3.0,8-18,,2-25,358.0,0.0,10.2,2.9,24
401757292,2025.0,10.0,regular,home,2393.0,Middle Tennessee,Conference USA,55.0,Jacksonville State,Conference USA,23-45,0.0,18.0,0-2,0.0,0.0,,,1.0,0.0,19.0,1.0,1.0,235.0,2.0,,2.0,27:00,,,,2.0,22.0,1.0,84.0,1.0,11.0,3.0,7-16,1.0,4-45,319.0,1.0,5.2,3.8,21
401757289,2025.0,10.0,regular,home,338.0,Kennesaw State,Conference USA,2638.0,UTEP,Conference USA,14-32,1.0,18.0,1-2,0.0,1.0,,,1.0,0.0,76.0,5.0,7.0,154.0,2.0,,0.0,29:03,1.0,61.0,4.0,3.0,39.0,2.0,150.0,3.0,14.0,6.0,3-15,1.0,4-49,304.0,1.0,4.8,3.8,33
401757289,2025.0,10.0,regular,away,2638.0,UTEP,Conference USA,338.0,Kennesaw State,Conference USA,14-30,0.0,17.0,5-5,1.0,0.0,0.0,0.0,0.0,0.0,59.0,5.0,8.0,160.0,6.0,1.0,2.0,30:57,0.0,2.0,1.0,1.0,43.0,0.0,135.0,1.0,13.0,4.5,2-16,2.0,7-75,295.0,1.0,5.3,3.1,20
401752943,2025.0,10.0,regular,away,265.0,Washington State,Pac-12,204.0,Oregon State,Pac-12,13-24,0.0,16.0,0-1,0.0,0.0,,,2.0,,,,1.0,146.0,1.0,,0.0,28:48,0.0,69.0,5.0,1.0,35.0,1.0,125.0,3.0,35.0,8.0,2-13,1.0,10-90,271.0,2.0,6.1,3.6,7
401752943,2025.0,10.0,regular,home,204.0,Oregon State,Pac-12,265.0,Washington State,Pac-12,12-18,0.0,15.0,0-0,0.0,0.0,0.0,36.0,0.0,0.0,11.0,1.0,4.0,60.0,2.0,2.0,0.0,31:12,0.0,1.0,1.0,7.0,41.0,1.0,148.0,6.0,32.0,6.0,1-12,2.0,4-45,208.0,0.0,3.3,3.6,10
401761639,2025.0,10.0,regular,home,326.0,Texas State,Sun Belt,256.0,James Madison,Sun Belt,18-35,0.0,20.0,1-2,0.0,,0.0,2.0,3.0,0.0,81.0,4.0,8.0,230.0,2.0,1.0,1.0,27:30,,,,0.0,40.0,1.0,122.0,1.0,2.0,1.0,6-15,,4-20,352.0,3.0,6.6,3.1,20
401761639,2025.0,10.0,regular,away,256.0,James Madison,Sun Belt,326.0,Texas State,Sun Belt,12-19,0.0,22.0,0-0,0.0,,0.0,46.0,1.0,,,,10.0,264.0,3.0,3.0,4.0,32:30,,,,0.0,41.0,3.0,247.0,3.0,9.0,4.0,6-11,,6-43,511.0,1.0,13.9,6.0,52
401761640,2025.0,10.0,regular,home,324.0,Coastal Carolina,Sun Belt,276.0,Marshall,Sun Belt,8-21,0.0,16.0,0-0,1.0,2.0,0.0,29.0,1.0,0.0,45.0,1.0,14.0,196.0,1.0,2.0,2.0,28:27,0.0,5.0,2.0,1.0,45.0,3.0,214.0,1.0,23.0,3.0,6-16,2.0,4-40,410.0,2.0,9.3,4.8,44
401761640,2025.0,10.0,regular,away,276.0,Marshall,Sun Belt,324.0,Coastal Carolina,Sun Belt,21-36,1.0,22.0,1-3,3.0,1.0,1.0,51.0,2.0,0.0,40.0,2.0,9.0,153.0,1.0,1.0,1.0,31:33,0.0,14.0,3.0,0.0,45.0,1.0,279.0,0.0,9.0,0.0,6-16,3.0,8-70,432.0,5.0,4.3,6.2,27
401761641,2025.0,10.0,regular,home,2433.0,UL Monroe,Sun Belt,295.0,Old Dominion,Sun Belt,13-21,0.0,11.0,2-7,1.0,1.0,,,1.0,0.0,0.0,1.0,,161.0,1.0,,1.0,33:43,0.0,16.0,1.0,1.0,47.0,0.0,132.0,3.0,35.0,6.0,0-13,1.0,11-77,293.0,2.0,7.7,2.8,6
401761641,2025.0,10.0,regular,away,295.0,Old Dominion,Sun Belt,2433.0,UL Monroe,Sun Belt,12-23,0.0,20.0,0-2,1.0,1.0,0.0,7.0,0.0,,,,7.0,231.0,2.0,1.0,0.0,26:17,0.0,15.0,1.0,1.0,44.0,4.0,160.0,5.0,32.0,7.0,4-13,2.0,9-68,391.0,1.0,10.0,3.6,31
401761642,2025.0,10.0,regular,away,309.0,Louisiana,Sun Belt,6.0,South Alabama,Sun Belt,14-17,0.0,23.0,0-0,0.0,,0.0,0.0,0.0,,,,7.0,232.0,4.0,1.0,2.0,32:54,,,,0.0,46.0,2.0,161.0,1.0,27.0,2.0,7-13,,8-65,393.0,0.0,13.6,3.5,31
401761642,2025.0,10.0,regular,home,6.0,South Alabama,Sun Belt,309.0,Louisiana,Sun Belt,20-33,0.0,20.0,2-4,0.0,0.0,,,1.0,0.0,16.0,2.0,2.0,203.0,1.0,,1.0,27:06,,,,2.0,36.0,2.0,165.0,1.0,20.0,4.0,8-15,1.0,6-52,368.0,1.0,6.2,4.6,22
401761643,2025.0,10.0,regular,home,2653.0,Troy,Sun Belt,2032.0,Arkansas State,Sun Belt,19-34,0.0,11.0,2-5,1.0,2.0,,,1.0,0.0,54.0,3.0,4.0,166.0,2.0,,0.0,31:35,0.0,5.0,1.0,2.0,34.0,1.0,21.0,0.0,27.0,8.0,5-17,1.0,7-76,187.0,2.0,4.9,0.6,10
401761643,2025.0,10.0,regular,away,2032.0,Arkansas State,Sun Belt,2653.0,Troy,Sun Belt,21-29,0.0,17.0,1-1,2.0,1.0,0.0,23.0,0.0,0.0,19.0,1.0,11.0,247.0,6.0,1.0,2.0,28:25,0.0,5.0,2.0,3.0,33.0,0.0,50.0,9.0,30.0,12.0,4-13,2.0,7-60,297.0,2.0,8.5,1.5,23
401757293,2025.0,10.0,regular,home,2335.0,Liberty,Conference USA,48.0,Delaware,Conference USA,16-23,0.0,25.0,1-1,0.0,0.0,0.0,12.0,0.0,0.0,26.0,1.0,11.0,279.0,4.0,1.0,2.0,31:30,,,,2.0,41.0,6.0,282.0,2.0,42.0,5.0,6-10,2.0,1-15,561.0,0.0,12.1,6.9,59
401757293,2025.0,10.0,regular,away,48.0,Delaware,Conference USA,2335.0,Liberty,Conference USA,29-49,0.0,18.0,2-5,0.0,0.0,,,1.0,0.0,77.0,3.0,10.0,344.0,1.0,,2.0,28:30,,,,2.0,26.0,1.0,76.0,0.0,36.0,1.0,6-17,1.0,4-40,420.0,1.0,7.0,2.9,30
401767525,2025.0,10.0,regular,home,2617.0,Stephen F. Austin,Southland,292.0,UT Rio Grande Valley,Southland,31-42,,27.0,2-2,0.0,,0.0,0.0,0.0,0.0,36.0,2.0,11.0,265.0,,2.0,3.0,38:05,0.0,8.0,1.0,,46.0,2.0,183.0,,,,13-19,,3-45,448.0,0.0,6.3,4.0,41
401767525,2025.0,10.0,regular,away,292.0,UT Rio Grande Valley,Southland,2617.0,Stephen F. Austin,Southland,16-26,,15.0,0-0,0.0,0.0,,,2.0,0.0,83.0,4.0,5.0,115.0,,,1.0,21:55,0.0,-1.0,1.0,,21.0,1.0,100.0,,,,6-11,1.0,5-51,215.0,2.0,4.4,4.8,17
401767716,2025.0,10.0,regular,away,2230.0,Fordham,Patriot,257.0,Richmond,Patriot,19-36,,12.0,0-1,1.0,1.0,0.0,7.0,2.0,0.0,101.0,3.0,2.0,91.0,,1.0,1.0,27:27,0.0,2.0,1.0,,30.0,1.0,70.0,,,,8-18,3.0,3-18,161.0,3.0,2.5,2.3,14
401767716,2025.0,10.0,regular,home,257.0,Richmond,Patriot,2230.0,Fordham,Patriot,23-35,,16.0,0-1,1.0,1.0,0.0,27.0,1.0,,,,5.0,193.0,,2.0,1.0,32:33,0.0,13.0,3.0,,34.0,1.0,130.0,,,,4-14,2.0,5-42,323.0,2.0,5.5,3.8,17
401767661,2025.0,10.0,regular,home,2529.0,Sacred Heart,FCS Independents,2441.0,New Haven,NEC,13-24,,22.0,1-2,0.0,0.0,0.0,0.0,0.0,0.0,29.0,2.0,5.0,158.0,,1.0,1.0,34:11,0.0,15.0,3.0,,52.0,4.0,229.0,,,,9-18,1.0,4-28,387.0,0.0,6.6,4.4,35
401767661,2025.0,10.0,regular,away,2441.0,New Haven,NEC,2529.0,Sacred Heart,FCS Independents,21-35,,12.0,0-2,0.0,,,,1.0,0.0,27.0,4.0,8.0,210.0,,,1.0,25:49,0.0,68.0,4.0,,21.0,1.0,102.0,,,,4-14,,5-54,312.0,1.0,6.0,4.9,20
401769068,2025.0,10.0,regular,away,2771.0,Merrimack,FCS Independents,2142.0,Colgate,Patriot,21-32,,20.0,2-2,2.0,1.0,0.0,0.0,2.0,0.0,86.0,4.0,8.0,237.0,,1.0,0.0,32:51,0.0,9.0,2.0,,34.0,2.0,166.0,,,,6-13,2.0,2-10,403.0,4.0,7.4,4.9,20
401769068,2025.0,10.0,regular,home,2142.0,Colgate,Patriot,2771.0,Merrimack,FCS Independents,14-28,,16.0,0-0,1.0,2.0,0.0,19.0,1.0,0.0,68.0,4.0,11.0,246.0,,2.0,1.0,27:09,0.0,20.0,2.0,,30.0,1.0,110.0,,,,5-13,2.0,7-70,356.0,2.0,8.8,3.7,23
401767730,2025.0,10.0,regular,away,322.0,Lafayette,Patriot,107.0,Holy Cross,Patriot,13-26,,16.0,1-3,1.0,2.0,0.0,3.0,0.0,0.0,16.0,1.0,3.0,119.0,,2.0,0.0,32:36,,,,,46.0,3.0,215.0,,,,7-17,1.0,1-5,334.0,1.0,4.6,4.7,21
401767730,2025.0,10.0,regular,home,107.0,Holy Cross,Patriot,322.0,Lafayette,Patriot,21-29,,14.0,0-1,2.0,1.0,,,2.0,0.0,35.0,3.0,7.0,147.0,,,0.0,27:24,1.0,59.0,3.0,,33.0,0.0,134.0,,,,6-15,2.0,4-35,281.0,4.0,5.1,4.1,13
401767723,2025.0,10.0,regular,away,46.0,Georgetown,Patriot,2329.0,Lehigh,Patriot,18-32,,13.0,1-4,1.0,0.0,,,1.0,0.0,52.0,3.0,,181.0,,,0.0,32:03,0.0,1.0,1.0,,36.0,0.0,90.0,,,,7-17,1.0,3-30,271.0,2.0,5.7,2.5,0
401767723,2025.0,10.0,regular,home,2329.0,Lehigh,Patriot,46.0,Georgetown,Patriot,14-21,,20.0,1-1,0.0,1.0,1.0,26.0,0.0,0.0,22.0,1.0,5.0,178.0,,1.0,1.0,27:57,0.0,89.0,5.0,,32.0,4.0,193.0,,,,4-9,1.0,6-65,371.0,0.0,8.5,6.0,41
401767642,2025.0,10.0,regular,away,2674.0,Valparaiso,Pioneer,2506.0,Presbyterian,Pioneer,17-26,,12.0,0-0,2.0,1.0,0.0,38.0,0.0,0.0,71.0,3.0,2.0,225.0,,1.0,1.0,26:47,,,,,27.0,1.0,-2.0,,,,5-13,3.0,2-25,223.0,2.0,8.7,-0.1,14
401767642,2025.0,10.0,regular,home,2506.0,Presbyterian,Pioneer,2674.0,Valparaiso,Pioneer,28-35,,29.0,1-1,1.0,2.0,,,1.0,0.0,26.0,2.0,7.0,297.0,,,3.0,33:13,0.0,53.0,4.0,,36.0,2.0,149.0,,,,6-12,1.0,9-77,446.0,2.0,8.5,4.1,43
401767631,2025.0,10.0,regular,away,2368.0,Marist,Pioneer,2900.0,St. Thomas (MN),Pioneer,14-24,,9.0,0-1,2.0,0.0,,,3.0,0.0,55.0,5.0,,101.0,,,0.0,25:26,0.0,9.0,2.0,,27.0,0.0,81.0,,,,3-13,3.0,7-55,182.0,5.0,4.2,3.0,0
401767631,2025.0,10.0,regular,home,2900.0,St. Thomas (MN),Pioneer,2368.0,Marist,Pioneer,18-27,,21.0,2-3,0.0,2.0,0.0,46.0,0.0,0.0,0.0,1.0,7.0,297.0,,3.0,2.0,34:34,0.0,33.0,4.0,,42.0,4.0,109.0,,,,2-12,0.0,5-55,406.0,0.0,11.0,2.6,45
401767479,2025.0,10.0,regular,home,2916.0,Incarnate Word,Southland,2320.0,Lamar,Southland,21-28,,17.0,3-3,0.0,,,,0.0,0.0,35.0,2.0,6.0,161.0,,,3.0,35:00,0.0,-8.0,3.0,,42.0,0.0,85.0,,,,5-16,,6-60,246.0,0.0,5.8,2.0,24
401767479,2025.0,10.0,regular,away,2320.0,Lamar,Southland,2916.0,Incarnate Word,Southland,18-26,,10.0,2-4,0.0,0.0,,,0.0,0.0,61.0,3.0,5.0,182.0,,,1.0,0:15,0.0,-12.0,1.0,,25.0,1.0,44.0,,,,3-13,1.0,4-30,226.0,0.0,7.0,1.8,17
401767423,2025.0,10.0,regular,away,2296.0,Jackson State,SWAC,50.0,Florida A&M,SWAC,5-10,,21.0,1-1,1.0,1.0,,,0.0,0.0,75.0,3.0,11.0,104.0,,,1.0,30:57,,,,,56.0,4.0,392.0,,,,9-15,2.0,10-135,496.0,1.0,10.4,7.0,41
401767423,2025.0,10.0,regular,home,50.0,Florida A&M,SWAC,2296.0,Jackson State,SWAC,16-29,,13.0,1-2,1.0,1.0,,,0.0,0.0,75.0,3.0,4.0,132.0,,,2.0,29:03,0.0,17.0,1.0,,23.0,0.0,70.0,,,,1-11,2.0,7-58,202.0,1.0,4.6,3.0,16
401767315,2025.0,10.0,regular,home,2755.0,Grambling,SWAC,2010.0,Alabama A&M,SWAC,11-16,,9.0,1-2,0.0,1.0,0.0,27.0,1.0,0.0,55.0,2.0,7.0,92.0,,2.0,0.0,31:57,1.0,72.0,4.0,,44.0,0.0,51.0,,,,1-15,0.0,8-60,143.0,1.0,5.8,1.2,13
401767315,2025.0,10.0,regular,away,2010.0,Alabama A&M,SWAC,2755.0,Grambling,SWAC,12-18,,10.0,0-0,1.0,0.0,0.0,9.0,2.0,,,,4.0,123.0,,1.0,1.0,28:03,0.0,8.0,3.0,,29.0,0.0,52.0,,,,0-11,1.0,10-95,175.0,3.0,6.8,1.8,10
401767364,2025.0,10.0,regular,home,2504.0,Prairie View A&M,SWAC,2011.0,Alabama State,SWAC,16-35,,26.0,3-3,0.0,1.0,,,4.0,0.0,94.0,4.0,4.0,189.0,,,3.0,30:29,,,,,45.0,1.0,248.0,,,,9-16,1.0,5-45,437.0,4.0,5.4,5.5,28
401767364,2025.0,10.0,regular,away,2011.0,Alabama State,SWAC,2504.0,Prairie View A&M,SWAC,9-16,,18.0,2-2,1.0,0.0,0.0,25.0,0.0,0.0,120.0,3.0,7.0,121.0,,4.0,0.0,29:31,,,,,41.0,4.0,213.0,,,,2-9,1.0,4-25,334.0,1.0,7.6,5.2,31
401767391,2025.0,10.0,regular,away,2400.0,Mississippi Valley State,SWAC,2065.0,Bethune-Cookman,SWAC,36-57,,29.0,1-3,0.0,,,,1.0,0.0,69.0,4.0,10.0,418.0,,,1.0,32:14,0.0,18.0,2.0,,25.0,3.0,60.0,,,,7-16,,8-64,478.0,1.0,7.3,2.4,34
401767391,2025.0,10.0,regular,home,2065.0,Bethune-Cookman,SWAC,2400.0,Mississippi Valley State,SWAC,14-23,,20.0,1-1,0.0,,1.0,32.0,0.0,1.0,184.0,6.0,6.0,154.0,,1.0,1.0,27:46,0.0,20.0,1.0,,41.0,3.0,200.0,,,,7-14,,6-62,354.0,0.0,6.7,4.9,42
401767375,2025.0,10.0,regular,home,2640.0,Texas Southern,SWAC,2016.0,Alcorn State,SWAC,26-52,,17.0,2-3,0.0,0.0,,,1.0,0.0,137.0,6.0,2.0,298.0,,,2.0,21:54,0.0,18.0,1.0,,15.0,0.0,42.0,,,,6-17,1.0,7-58,340.0,1.0,5.7,2.8,14
401767375,2025.0,10.0,regular,away,2016.0,Alcorn State,SWAC,2640.0,Texas Southern,SWAC,20-24,,24.0,1-2,0.0,,0.0,0.0,0.0,0.0,21.0,1.0,9.0,222.0,,1.0,1.0,38:06,0.0,25.0,3.0,,51.0,3.0,224.0,,,,6-13,,3-25,446.0,0.0,9.3,4.4,33
401767385,2025.0,10.0,regular,away,2582.0,Southern,SWAC,2029.0,Arkansas-Pine Bluff,SWAC,18-31,,14.0,2-3,1.0,0.0,0.0,0.0,1.0,0.0,67.0,6.0,3.0,222.0,,1.0,2.0,24:44,0.0,3.0,2.0,,29.0,1.0,74.0,,,,5-14,1.0,14-121,296.0,2.0,7.2,2.6,21
401767385,2025.0,10.0,regular,home,2029.0,Arkansas-Pine Bluff,SWAC,2582.0,Southern,SWAC,21-33,,21.0,1-1,0.0,1.0,0.0,20.0,1.0,,,,8.0,231.0,,1.0,2.0,35:16,0.0,0.0,1.0,,40.0,3.0,158.0,,,,7-15,1.0,8-60,389.0,1.0,7.0,4.0,40
401757173,2025.0,10.0,regular,away,5.0,UAB,American Athletic,41.0,UConn,FBS Independents,24-36,0.0,23.0,1-4,0.0,0.0,,,3.0,,,,1.0,218.0,2.0,,2.0,31:09,0.0,12.0,2.0,0.0,34.0,1.0,154.0,3.0,37.0,3.0,7-14,1.0,5-57,372.0,3.0,6.1,4.5,19
401757173,2025.0,10.0,regular,home,41.0,UConn,FBS Independents,5.0,UAB,American Athletic,23-30,0.0,20.0,0-1,0.0,,0.0,9.0,0.0,0.0,18.0,1.0,8.0,267.0,3.0,3.0,4.0,28:51,0.0,37.0,2.0,9.0,31.0,1.0,107.0,5.0,37.0,6.0,8-12,,5-55,374.0,0.0,8.9,3.5,38
401767608,2025.0,10.0,regular,home,2413.0,Morehead State,Pioneer,2166.0,Davidson,Pioneer,21-35,,22.0,2-5,0.0,,0.0,16.0,0.0,0.0,30.0,2.0,8.0,278.0,,2.0,1.0,27:48,,,,,33.0,2.0,134.0,,,,4-12,,4-35,412.0,0.0,7.9,4.1,28
401767608,2025.0,10.0,regular,away,2166.0,Davidson,Pioneer,2413.0,Morehead State,Pioneer,9-24,,18.0,1-2,0.0,,,,2.0,0.0,29.0,1.0,6.0,81.0,,,1.0,32:12,,,,,43.0,2.0,235.0,,,,9-16,,4-44,316.0,2.0,3.4,5.5,24
401767618,2025.0,10.0,regular,home,301.0,San Diego,Pioneer,2168.0,Dayton,Pioneer,16-23,,16.0,2-2,1.0,0.0,0.0,27.0,0.0,0.0,22.0,1.0,7.0,215.0,,2.0,2.0,35:19,0.0,131.0,3.0,,46.0,2.0,107.0,,,,8-18,2.0,8-51,322.0,1.0,9.3,2.3,31
401767618,2025.0,10.0,regular,away,2168.0,Dayton,Pioneer,301.0,San Diego,Pioneer,18-31,,13.0,2-3,0.0,1.0,,,2.0,0.0,54.0,3.0,1.0,220.0,,,2.0,24:41,,,,,28.0,0.0,-6.0,,,,1-12,0.0,3-20,214.0,2.0,7.1,-0.2,13
401767685,2025.0,10.0,regular,away,171.0,Columbia,Ivy,43.0,Yale,Ivy,15-30,,15.0,1-1,0.0,,,,0.0,0.0,0.0,1.0,4.0,208.0,,,1.0,29:09,,,,,28.0,0.0,62.0,,,,6-15,,10-100,270.0,0.0,6.9,2.2,10
401767685,2025.0,10.0,regular,home,43.0,Yale,Ivy,171.0,Columbia,Ivy,16-25,,21.0,1-2,0.0,0.0,,,0.0,0.0,8.0,1.0,6.0,179.0,,,2.0,30:51,0.0,0.0,1.0,,42.0,1.0,253.0,,,,4-12,1.0,7-55,432.0,0.0,7.2,6.0,24
401767693,2025.0,10.0,regular,home,172.0,Cornell,Ivy,163.0,Princeton,Ivy,15-25,,18.0,0-1,1.0,2.0,,,1.0,0.0,38.0,1.0,2.0,117.0,,,2.0,30:28,,,,,46.0,1.0,213.0,,,,7-14,2.0,5-35,330.0,2.0,4.7,4.6,20
401767693,2025.0,10.0,regular,away,163.0,Princeton,Ivy,172.0,Cornell,Ivy,16-33,,19.0,3-5,2.0,1.0,0.0,11.0,0.0,,,,5.0,219.0,,1.0,1.0,29:32,0.0,13.0,1.0,,36.0,1.0,123.0,,,,1-12,2.0,6-39,342.0,2.0,6.6,3.4,17
401767555,2025.0,10.0,regular,away,225.0,Brown,Ivy,219.0,Pennsylvania,Ivy,32-45,,21.0,2-3,0.0,0.0,0.0,4.0,1.0,0.0,15.0,2.0,3.0,364.0,,1.0,3.0,29:04,,,,,22.0,0.0,33.0,,,,6-13,1.0,5-45,397.0,1.0,8.1,1.5,21
401767555,2025.0,10.0,regular,home,219.0,Pennsylvania,Ivy,225.0,Brown,Ivy,18-27,,22.0,0-0,0.0,,0.0,30.0,1.0,0.0,59.0,2.0,4.0,222.0,,1.0,1.0,30:56,0.0,8.0,2.0,,41.0,3.0,231.0,,,,10-14,,7-55,453.0,1.0,8.2,5.6,28
401767702,2025.0,10.0,regular,away,159.0,Dartmouth,Ivy,108.0,Harvard,Ivy,18-32,,15.0,1-3,0.0,,0.0,23.0,0.0,,,,4.0,200.0,,2.0,0.0,26:11,,,,,32.0,1.0,61.0,,,,7-16,,3-35,261.0,0.0,6.3,1.9,10
401767702,2025.0,10.0,regular,home,108.0,Harvard,Ivy,159.0,Dartmouth,Ivy,21-32,,23.0,2-4,0.0,,,,2.0,0.0,40.0,2.0,7.0,322.0,,,4.0,33:49,,,,,34.0,0.0,110.0,,,,9-15,,1-10,432.0,2.0,10.1,3.2,31
401767335,2025.0,10.0,regular,home,2729.0,William & Mary,CAA,399.0,UAlbany,CAA,27-40,,26.0,3-3,0.0,0.0,0.0,7.0,0.0,0.0,12.0,1.0,7.0,267.0,,1.0,2.0,36:48,0.0,6.0,1.0,,44.0,2.0,175.0,,,,8-18,1.0,4-60,442.0,0.0,6.7,4.0,37
401767335,2025.0,10.0,regular,away,399.0,UAlbany,CAA,2729.0,William & Mary,CAA,9-30,,15.0,2-4,0.0,0.0,,,1.0,,,,1.0,133.0,,,0.0,23:12,0.0,0.0,1.0,,29.0,1.0,99.0,,,,3-13,1.0,8-48,232.0,1.0,4.4,3.4,7
401767193,2025.0,10.0,regular,away,2619.0,Stony Brook,CAA,311.0,Maine,CAA,33-60,,21.0,3-6,1.0,0.0,0.0,4.0,0.0,0.0,14.0,3.0,3.0,299.0,,2.0,1.0,23:39,,,,,24.0,2.0,3.0,,,,8-22,1.0,3-35,302.0,1.0,5.0,0.1,21
401767193,2025.0,10.0,regular,home,311.0,Maine,CAA,2619.0,Stony Brook,CAA,14-25,,20.0,1-3,0.0,1.0,,,2.0,0.0,90.0,3.0,4.0,188.0,,,2.0,36:21,0.0,12.0,1.0,,45.0,2.0,204.0,,,,5-12,0.0,5-30,392.0,2.0,7.5,4.5,28
401767076,2025.0,10.0,regular,away,2502.0,Portland State,Big Sky,13.0,Cal Poly,Big Sky,18-30,,22.0,0-1,0.0,1.0,0.0,5.0,2.0,0.0,69.0,5.0,10.0,260.0,,2.0,1.0,32:59,0.0,-1.0,2.0,,43.0,4.0,242.0,,,,6-14,0.0,8-63,502.0,2.0,8.7,5.6,40
401767076,2025.0,10.0,regular,home,13.0,Cal Poly,Big Sky,2502.0,Portland State,Big Sky,14-25,,21.0,0-1,1.0,0.0,0.0,0.0,2.0,0.0,171.0,6.0,5.0,207.0,,2.0,1.0,27:01,0.0,12.0,2.0,,36.0,4.0,243.0,,,,4-10,3.0,7-45,450.0,3.0,8.3,6.8,35
401767086,2025.0,10.0,regular,away,304.0,Idaho State,Big Sky,302.0,UC Davis,Big Sky,21-36,,22.0,0-1,0.0,1.0,0.0,4.0,2.0,0.0,51.0,3.0,8.0,252.0,,2.0,2.0,23:18,1.0,17.0,1.0,,29.0,2.0,219.0,,,,6-10,0.0,4-45,471.0,2.0,7.0,7.6,38
401767086,2025.0,10.0,regular,home,302.0,UC Davis,Big Sky,304.0,Idaho State,Big Sky,23-32,,33.0,1-1,1.0,0.0,0.0,4.0,2.0,0.0,47.0,2.0,12.0,325.0,,2.0,1.0,36:42,0.0,10.0,1.0,,47.0,3.0,242.0,,,,2-8,1.0,6-35,567.0,3.0,10.2,5.1,36
401767109,2025.0,10.0,regular,away,147.0,Montana State,Big Sky,2458.0,Northern Colorado,Big Sky,17-23,,23.0,0-0,0.0,1.0,1.0,90.0,0.0,,,,13.0,343.0,,1.0,3.0,24:38,0.0,16.0,1.0,,38.0,3.0,189.0,,,,3-8,1.0,7-65,532.0,0.0,14.9,5.0,55
401767109,2025.0,10.0,regular,home,2458.0,Northern Colorado,Big Sky,147.0,Montana State,Big Sky,24-40,,17.0,1-4,1.0,0.0,,,1.0,0.0,57.0,4.0,1.0,157.0,,,0.0,35:22,,,,,35.0,1.0,104.0,,,,5-18,2.0,2-30,261.0,2.0,3.9,3.0,7
401767066,2025.0,10.0,regular,away,16.0,Sacramento State,Big Sky,331.0,Eastern Washington,Big Sky,3-6,,16.0,0-0,2.0,0.0,,,1.0,,,,5.0,15.0,,,0.0,29:29,,,,,56.0,5.0,376.0,,,,9-16,2.0,3-25,391.0,3.0,2.5,6.7,35
401767066,2025.0,10.0,regular,home,331.0,Eastern Washington,Big Sky,16.0,Sacramento State,Big Sky,30-53,,20.0,1-3,0.0,2.0,0.0,5.0,0.0,0.0,31.0,2.0,7.0,240.0,,1.0,1.0,30:31,,,,,30.0,0.0,38.0,,,,5-18,1.0,4-26,278.0,0.0,4.5,1.3,13
401767102,2025.0,10.0,regular,home,2692.0,Weber State,Big Sky,149.0,Montana,Big Sky,25-42,,21.0,1-4,1.0,0.0,,,1.0,0.0,23.0,1.0,5.0,213.0,,,2.0,34:52,0.0,36.0,3.0,,33.0,0.0,114.0,,,,6-17,1.0,5-45,327.0,2.0,5.1,3.5,17
401767102,2025.0,10.0,regular,away,149.0,Montana,Big Sky,2692.0,Weber State,Big Sky,18-35,,24.0,1-2,0.0,1.0,0.0,0.0,0.0,,,,8.0,329.0,,1.0,2.0,25:08,0.0,9.0,2.0,,35.0,3.0,193.0,,,,4-13,0.0,10-85,522.0,0.0,9.4,5.5,38
401756942,2025.0,10.0,regular,home,254.0,Utah,Big 12,2132.0,Cincinnati,Big 12,16-31,1.0,29.0,2-2,1.0,2.0,0.0,24.0,1.0,,,,9.0,213.0,9.0,1.0,2.0,40:02,1.0,94.0,3.0,0.0,53.0,3.0,267.0,0.0,29.0,1.0,7-15,2.0,5-30,480.0,2.0,6.9,5.0,45
401756942,2025.0,10.0,regular,away,2132.0,Cincinnati,Big 12,254.0,Utah,Big 12,11-33,0.0,18.0,0-0,2.0,1.0,0.0,16.0,1.0,,,,2.0,221.0,8.0,1.0,1.0,19:58,0.0,0.0,1.0,0.0,30.0,1.0,206.0,0.0,38.0,4.0,6-14,2.0,8-60,427.0,3.0,6.7,6.9,14
401767746,2025.0,10.0,regular,home,2115.0,Central Connecticut,NEC,2341.0,Long Island University,NEC,16-29,,16.0,0-1,0.0,,,,1.0,0.0,35.0,2.0,4.0,200.0,,,1.0,29:43,0.0,12.0,4.0,,32.0,0.0,117.0,,,,7-15,,6-54,317.0,1.0,6.9,3.7,10
401767746,2025.0,10.0,regular,away,2341.0,Long Island University,NEC,2115.0,Central Connecticut,NEC,22-36,,19.0,3-3,0.0,0.0,0.0,0.0,0.0,0.0,14.0,1.0,1.0,127.0,,1.0,1.0,30:17,0.0,-1.0,2.0,,39.0,0.0,109.0,,,,4-16,1.0,7-45,236.0,0.0,3.5,2.8,7
401767346,2025.0,10.0,regular,away,2450.0,Norfolk State,MEAC,2169.0,Delaware State,MEAC,22-34,,22.0,1-1,0.0,0.0,,,1.0,0.0,96.0,4.0,2.0,311.0,,,3.0,27:32,0.0,11.0,2.0,,26.0,0.0,45.0,,,,3-10,1.0,11-97,356.0,1.0,9.1,1.7,20
401767346,2025.0,10.0,regular,home,2169.0,Delaware State,MEAC,2450.0,Norfolk State,MEAC,17-22,,21.0,0-0,0.0,,0.0,0.0,0.0,0.0,42.0,3.0,7.0,163.0,,1.0,1.0,32:28,0.0,14.0,2.0,,41.0,1.0,201.0,,,,6-13,,7-71,364.0,0.0,7.4,4.9,27
401767355,2025.0,10.0,regular,away,2428.0,North Carolina Central,MEAC,47.0,Howard,MEAC,17-29,,20.0,2-3,2.0,0.0,0.0,7.0,2.0,0.0,59.0,3.0,5.0,321.0,,1.0,4.0,25:04,0.0,26.0,4.0,,29.0,1.0,157.0,,,,2-9,2.0,6-69,478.0,4.0,11.1,5.4,35
401767355,2025.0,10.0,regular,home,47.0,Howard,MEAC,2428.0,North Carolina Central,MEAC,17-27,,12.0,0-3,0.0,2.0,0.0,24.0,1.0,0.0,67.0,4.0,2.0,149.0,,2.0,1.0,34:56,,,,,32.0,1.0,25.0,,,,3-12,0.0,9-79,174.0,1.0,5.5,0.8,14
401767401,2025.0,10.0,regular,home,2569.0,South Carolina State,MEAC,2415.0,Morgan State,MEAC,21-32,,21.0,0-0,0.0,,0.0,0.0,1.0,0.0,59.0,3.0,10.0,363.0,,2.0,1.0,29:33,,,,,34.0,3.0,133.0,,,,5-12,,8-65,496.0,1.0,11.3,3.9,36
401767401,2025.0,10.0,regular,away,2415.0,Morgan State,MEAC,2569.0,South Carolina State,MEAC,17-30,,18.0,0-1,0.0,,0.0,5.0,2.0,0.0,174.0,7.0,6.0,229.0,,1.0,3.0,30:27,0.0,10.0,1.0,,35.0,1.0,165.0,,,,8-16,,7-50,394.0,2.0,7.6,4.7,30
401767506,2025.0,10.0,regular,home,233.0,South Dakota,MVFC,155.0,North Dakota,MVFC,14-20,,17.0,0-2,0.0,1.0,0.0,22.0,0.0,0.0,110.0,3.0,6.0,173.0,,2.0,1.0,31:10,0.0,4.0,1.0,,38.0,1.0,97.0,,,,2-9,0.0,11-92,270.0,0.0,8.7,2.6,26
401767506,2025.0,10.0,regular,away,155.0,North Dakota,MVFC,233.0,South Dakota,MVFC,16-30,,24.0,1-3,1.0,0.0,,,2.0,0.0,75.0,3.0,3.0,177.0,,,0.0,28:50,0.0,26.0,1.0,,37.0,3.0,205.0,,,,6-11,1.0,10-104,382.0,3.0,5.9,5.5,21
401767513,2025.0,10.0,regular,away,2754.0,Youngstown State,MVFC,2449.0,North Dakota State,MVFC,19-30,,21.0,0-0,2.0,0.0,0.0,5.0,1.0,0.0,115.0,4.0,12.0,203.0,,1.0,1.0,26:45,0.0,6.0,1.0,,29.0,2.0,168.0,,,,3-8,2.0,7-26,371.0,3.0,6.8,5.8,30
401767513,2025.0,10.0,regular,home,2449.0,North Dakota State,MVFC,2754.0,Youngstown State,MVFC,17-24,,18.0,0-0,0.0,2.0,0.0,0.0,1.0,1.0,193.0,5.0,8.0,194.0,,1.0,0.0,33:15,0.0,21.0,1.0,,40.0,4.0,133.0,,,,7-12,0.0,4-30,327.0,1.0,8.1,3.3,38
401767451,2025.0,10.0,regular,away,282.0,Indiana State,MVFC,2571.0,South Dakota State,MVFC,15-25,,9.0,0-0,0.0,1.0,0.0,0.0,0.0,1.0,95.0,1.0,6.0,188.0,,2.0,2.0,18:48,,,,,20.0,0.0,40.0,,,,3-11,0.0,2-10,228.0,0.0,7.5,2.0,24
401767451,2025.0,10.0,regular,home,2571.0,South Dakota State,MVFC,282.0,Indiana State,MVFC,24-42,,26.0,0-5,1.0,0.0,,,2.0,0.0,136.0,5.0,6.0,279.0,,,1.0,41:12,0.0,24.0,3.0,,50.0,0.0,162.0,,,,10-19,2.0,4-41,441.0,3.0,6.6,3.2,12
401767442,2025.0,10.0,regular,away,2460.0,Northern Iowa,MVFC,2287.0,Illinois State,MVFC,15-23,,16.0,0-0,0.0,,,,2.0,0.0,33.0,3.0,4.0,142.0,,,1.0,28:32,,,,,32.0,1.0,98.0,,,,6-12,,1-5,240.0,2.0,6.2,3.1,16
401767442,2025.0,10.0,regular,home,2287.0,Illinois State,MVFC,2460.0,Northern Iowa,MVFC,28-37,,25.0,0-1,0.0,,0.0,13.0,0.0,,,,7.0,228.0,,2.0,1.0,31:28,,,,,38.0,3.0,202.0,,,,9-13,,7-90,430.0,0.0,6.2,5.3,31
401767768,2025.0,10.0,regular,away,2681.0,Wagner,NEC,2598.0,St. Francis (PA),NEC,12-15,,11.0,0-1,1.0,3.0,1.0,25.0,1.0,0.0,112.0,3.0,11.0,66.0,,1.0,0.0,20:28,0.0,11.0,1.0,,29.0,1.0,114.0,,,,1-8,2.0,3-25,180.0,2.0,4.4,3.9,23
401767768,2025.0,10.0,regular,home,2598.0,St. Francis (PA),NEC,2681.0,Wagner,NEC,19-27,,20.0,1-1,3.0,1.0,0.0,0.0,1.0,0.0,106.0,5.0,8.0,162.0,,1.0,2.0,39:32,0.0,12.0,1.0,,40.0,0.0,174.0,,,,5-12,6.0,4-40,336.0,4.0,6.0,4.4,20
401767464,2025.0,10.0,regular,home,2545.0,SE Louisiana,Southland,2837.0,East Texas A&M,Southland,23-33,,21.0,2-3,0.0,,0.0,0.0,0.0,0.0,65.0,2.0,11.0,340.0,,1.0,3.0,30:31,1.0,117.0,4.0,,31.0,4.0,136.0,,,,6-12,,4-25,476.0,0.0,10.3,4.4,59
401767464,2025.0,10.0,regular,away,2837.0,East Texas A&M,Southland,2545.0,SE Louisiana,Southland,19-34,,15.0,1-3,0.0,0.0,,,1.0,0.0,63.0,4.0,2.0,259.0,,,1.0,29:29,0.0,5.0,1.0,,32.0,1.0,32.0,,,,5-14,1.0,4-35,291.0,1.0,7.6,1.0,14
401767570,2025.0,10.0,regular,home,231.0,Furman,Southern,2382.0,Mercer,Southern,12-18,,8.0,1-1,0.0,0.0,,,1.0,1.0,147.0,5.0,2.0,155.0,,,2.0,22:01,0.0,35.0,1.0,,25.0,1.0,72.0,,,,3-13,1.0,4-43,227.0,1.0,8.6,2.9,28
401767570,2025.0,10.0,regular,away,2382.0,Mercer,Southern,231.0,Furman,Southern,28-49,,36.0,0-0,0.0,,0.0,0.0,0.0,0.0,40.0,2.0,10.0,426.0,,1.0,4.0,37:59,0.0,30.0,1.0,,40.0,3.0,202.0,,,,10-16,,7-57,628.0,0.0,8.7,5.1,52
401767585,2025.0,10.0,regular,home,2643.0,The Citadel,Southern,2678.0,VMI,Southern,7-10,,24.0,2-3,1.0,1.0,,,0.0,0.0,18.0,2.0,5.0,182.0,,,3.0,29:26,0.0,41.0,2.0,,56.0,2.0,329.0,,,,4-11,3.0,3-40,511.0,1.0,18.2,5.9,35
401767585,2025.0,10.0,regular,away,2678.0,VMI,Southern,2643.0,The Citadel,Southern,21-29,,19.0,1-2,1.0,1.0,,,0.0,,,,6.0,261.0,,,2.0,30:34,0.0,9.0,2.0,,34.0,1.0,202.0,,,,4-12,2.0,8-45,463.0,1.0,9.0,5.9,24
401767473,2025.0,10.0,regular,home,2447.0,Nicholls,Southland,2277.0,Houston Christian,Southland,18-23,,21.0,0-2,0.0,0.0,0.0,20.0,0.0,0.0,22.0,2.0,7.0,198.0,,4.0,3.0,37:47,,,,,48.0,1.0,212.0,,,,10-16,1.0,7-65,410.0,0.0,8.6,4.4,31
401767473,2025.0,10.0,regular,away,2277.0,Houston Christian,Southland,2447.0,Nicholls,Southland,16-31,,16.0,0-2,0.0,,,,4.0,0.0,57.0,2.0,1.0,187.0,,,0.0,22:13,0.0,0.0,1.0,,28.0,1.0,110.0,,,,2-11,,10-106,297.0,4.0,6.0,3.9,7
401767582,2025.0,10.0,regular,home,2747.0,Wofford,Southern,2535.0,Samford,Southern,14-24,,10.0,0-1,0.0,0.0,2.0,77.0,1.0,0.0,92.0,5.0,6.0,80.0,,4.0,0.0,31:46,0.0,14.0,1.0,,38.0,1.0,111.0,,,,4-16,1.0,7-75,191.0,1.0,3.3,2.9,26
401767582,2025.0,10.0,regular,away,2535.0,Samford,Southern,2747.0,Wofford,Southern,34-51,,18.0,2-3,0.0,,0.0,8.0,4.0,0.0,51.0,4.0,10.0,332.0,,1.0,1.0,28:14,0.0,4.0,1.0,,30.0,0.0,19.0,,,,6-20,,4-47,351.0,4.0,6.5,0.6,16
401767534,2025.0,10.0,regular,away,2717.0,Western Carolina,Southern,236.0,Chattanooga,Southern,18-29,,22.0,1-3,0.0,0.0,0.0,34.0,0.0,0.0,105.0,3.0,5.0,225.0,,2.0,4.0,22:40,,,,,34.0,1.0,131.0,,,,7-12,1.0,11-107,356.0,0.0,7.8,3.9,35
401767534,2025.0,10.0,regular,home,236.0,Chattanooga,Southern,2717.0,Western Carolina,Southern,15-27,,25.0,2-2,0.0,,,,2.0,0.0,20.0,1.0,4.0,241.0,,,1.0,37:20,0.0,0.0,1.0,,48.0,3.0,158.0,,,,9-16,,5-37,399.0,2.0,8.9,3.3,28
401767494,2025.0,10.0,regular,away,2466.0,Northwestern State,Southland,2377.0,McNeese,Southland,10-29,,11.0,0-1,1.0,1.0,0.0,39.0,1.0,0.0,110.0,6.0,3.0,79.0,,1.0,0.0,27:45,0.0,-4.0,1.0,,32.0,0.0,99.0,,,,5-16,2.0,3-15,178.0,2.0,2.7,3.1,3
401767494,2025.0,10.0,regular,home,2377.0,McNeese,Southland,2466.0,Northwestern State,Southland,13-21,,21.0,2-2,0.0,1.0,0.0,-3.0,1.0,0.0,31.0,2.0,6.0,148.0,,1.0,1.0,32:15,0.0,0.0,1.0,,46.0,6.0,313.0,,,,4-10,0.0,0-0,461.0,1.0,7.0,6.8,50
401760401,2025.0,10.0,regular,home,2005.0,Air Force,Mountain West,349.0,Army,American Athletic,13-18,0.0,23.0,2-2,1.0,0.0,,,2.0,,,,5.0,161.0,0.0,,0.0,34:04,0.0,1.0,1.0,1.0,50.0,2.0,174.0,0.0,32.0,2.0,8-14,2.0,2-20,335.0,3.0,8.9,3.5,17
401760401,2025.0,10.0,regular,away,349.0,Army,American Athletic,2005.0,Air Force,Mountain West,5-9,0.0,15.0,2-3,0.0,1.0,0.0,0.0,0.0,,,,8.0,102.0,1.0,2.0,1.0,25:56,,,,1.0,45.0,1.0,193.0,2.0,45.0,6.0,5-13,0.0,4-50,295.0,0.0,11.3,4.3,20
401754582,2025.0,10.0,regular,away,221.0,Pittsburgh,ACC,24.0,Stanford,ACC,23-38,1.0,25.0,2-2,2.0,0.0,1.0,30.0,2.0,0.0,89.0,3.0,5.0,304.0,6.0,3.0,3.0,30:30,0.0,9.0,1.0,4.0,35.0,1.0,162.0,5.0,38.0,8.0,5-13,2.0,10-93,466.0,4.0,8.0,4.6,35
401754582,2025.0,10.0,regular,home,24.0,Stanford,ACC,221.0,Pittsburgh,ACC,27-44,0.0,18.0,0-3,0.0,2.0,0.0,0.0,3.0,0.0,72.0,3.0,8.0,336.0,6.0,2.0,2.0,29:30,0.0,2.0,1.0,3.0,27.0,0.0,-10.0,2.0,39.0,4.0,6-15,0.0,6-84,326.0,3.0,7.6,-0.4,20
401754576,2025.0,10.0,regular,away,258.0,Virginia,ACC,25.0,California,ACC,24-36,1.0,23.0,0-2,0.0,0.0,1.0,35.0,0.0,0.0,24.0,1.0,7.0,262.0,5.0,2.0,0.0,35:26,0.0,41.0,4.0,1.0,44.0,3.0,194.0,3.0,17.0,5.0,10-19,1.0,5-40,456.0,0.0,7.3,4.4,31
401754576,2025.0,10.0,regular,home,25.0,California,ACC,258.0,Virginia,ACC,20-32,0.0,14.0,1-1,0.0,1.0,,,2.0,0.0,37.0,2.0,3.0,255.0,11.0,,1.0,24:34,0.0,20.0,3.0,0.0,25.0,2.0,8.0,2.0,36.0,6.0,3-12,2.0,3-21,263.0,2.0,8.0,0.3,21
401754578,2025.0,10.0,regular,away,154.0,Wake Forest,ACC,52.0,Florida State,ACC,18-31,0.0,19.0,2-3,1.0,1.0,,,1.0,0.0,-7.0,1.0,1.0,162.0,3.0,,1.0,34:24,,,,1.0,40.0,0.0,85.0,3.0,29.0,10.0,6-16,6.0,11-93,247.0,2.0,5.2,2.1,7
401754578,2025.0,10.0,regular,home,52.0,Florida State,ACC,154.0,Wake Forest,ACC,12-17,0.0,18.0,0-2,1.0,1.0,0.0,35.0,0.0,,,,6.0,271.0,2.0,1.0,1.0,25:36,,,,4.0,40.0,5.0,150.0,4.0,39.0,7.0,7-11,1.0,4-45,421.0,1.0,15.9,3.8,42
401754579,2025.0,10.0,regular,home,152.0,NC State,ACC,59.0,Georgia Tech,ACC,24-33,0.0,26.0,0-0,0.0,0.0,0.0,0.0,0.0,0.0,36.0,2.0,12.0,340.0,1.0,1.0,2.0,31:25,0.0,0.0,1.0,4.0,34.0,4.0,243.0,2.0,35.0,4.0,7-11,1.0,7-64,583.0,0.0,10.3,7.1,48
401754579,2025.0,10.0,regular,away,59.0,Georgia Tech,ACC,152.0,NC State,ACC,25-37,0.0,30.0,0-0,0.0,0.0,,,1.0,0.0,63.0,3.0,12.0,408.0,1.0,,2.0,28:35,,,,2.0,33.0,2.0,151.0,1.0,32.0,3.0,6-11,1.0,4-23,559.0,1.0,11.0,4.6,36
401754580,2025.0,10.0,regular,home,259.0,Virginia Tech,ACC,97.0,Louisville,ACC,11-24,0.0,16.0,0-2,0.0,0.0,0.0,18.0,0.0,0.0,23.0,1.0,2.0,76.0,2.0,1.0,1.0,29:38,0.0,24.0,1.0,1.0,40.0,1.0,164.0,1.0,32.0,3.0,4-15,1.0,5-46,240.0,0.0,3.2,4.1,16
401754580,2025.0,10.0,regular,away,97.0,Louisville,ACC,259.0,Virginia Tech,ACC,19-28,0.0,18.0,0-1,0.0,,,,1.0,0.0,33.0,1.0,4.0,136.0,2.0,,1.0,30:22,0.0,106.0,3.0,2.0,34.0,3.0,235.0,0.0,27.0,5.0,4-11,,6-52,371.0,1.0,4.9,6.9,28
401754577,2025.0,10.0,regular,home,228.0,Clemson,ACC,150.0,Duke,ACC,27-36,0.0,28.0,3-3,1.0,0.0,,,0.0,,,,9.0,385.0,4.0,,2.0,34:26,0.0,1.0,1.0,4.0,36.0,4.0,175.0,2.0,24.0,5.0,3-10,2.0,8-87,560.0,1.0,10.7,4.9,45
401754577,2025.0,10.0,regular,away,150.0,Duke,ACC,228.0,Clemson,ACC,27-42,1.0,22.0,5-5,0.0,1.0,,,0.0,1.0,117.0,2.0,8.0,361.0,2.0,,4.0,25:34,0.0,0.0,1.0,2.0,22.0,1.0,78.0,1.0,32.0,4.0,3-14,2.0,9-62,439.0,0.0,8.6,3.5,46
401754575,2025.0,10.0,regular,home,183.0,Syracuse,ACC,153.0,North Carolina,ACC,4-18,1.0,12.0,1-2,1.0,1.0,,,0.0,0.0,24.0,1.0,4.0,39.0,1.0,,0.0,24:31,0.0,28.0,2.0,0.0,32.0,0.0,108.0,0.0,9.0,2.0,3-12,2.0,3-25,147.0,1.0,2.2,3.4,10
401754575,2025.0,10.0,regular,away,153.0,North Carolina,ACC,183.0,Syracuse,ACC,15-19,0.0,20.0,2-2,1.0,1.0,,,0.0,,,,9.0,216.0,3.0,,2.0,35:29,0.0,10.0,1.0,0.0,43.0,1.0,209.0,3.0,6.0,4.0,4-13,1.0,6-44,425.0,1.0,11.4,4.9,27
401754581,2025.0,10.0,regular,home,2567.0,SMU,ACC,2390.0,Miami,ACC,29-45,0.0,20.0,0-1,1.0,0.0,0.0,15.0,0.0,0.0,73.0,3.0,8.0,365.0,4.0,2.0,1.0,22:18,,,,0.0,25.0,2.0,23.0,0.0,37.0,4.0,3-13,1.0,4-40,388.0,1.0,8.1,0.9,26
401754581,2025.0,10.0,regular,away,2390.0,Miami,ACC,2567.0,SMU,ACC,26-38,0.0,23.0,0-1,0.0,1.0,,,2.0,0.0,53.0,3.0,8.0,274.0,6.0,,2.0,37:42,0.0,47.0,1.0,2.0,40.0,0.0,159.0,2.0,35.0,6.0,7-16,0.0,12-96,433.0,2.0,7.2,4.0,20
401756937,2025.0,10.0,regular,home,38.0,Colorado,Big 12,12.0,Arizona,Big 12,20-35,0.0,16.0,1-3,2.0,2.0,,,3.0,,,,5.0,170.0,2.0,,2.0,34:09,,,,4.0,42.0,0.0,129.0,1.0,38.0,4.0,7-18,2.0,14-110,299.0,5.0,4.9,3.1,17
401756937,2025.0,10.0,regular,away,12.0,Arizona,Big 12,38.0,Colorado,Big 12,11-25,0.0,16.0,1-4,2.0,2.0,0.0,98.0,0.0,,,,10.0,213.0,1.0,3.0,4.0,25:51,0.0,44.0,3.0,5.0,38.0,3.0,204.0,3.0,45.0,8.0,5-13,3.0,8-70,417.0,2.0,8.5,5.4,52
401752892,2025.0,10.0,regular,home,158.0,Nebraska,Big Ten,30.0,USC,Big Ten,15-22,0.0,20.0,0-1,1.0,0.0,0.0,0.0,0.0,0.0,48.0,2.0,5.0,98.0,5.0,1.0,1.0,32:58,0.0,8.0,2.0,3.0,40.0,1.0,188.0,3.0,23.0,4.0,5-12,4.0,4-45,286.0,1.0,4.5,4.7,17
401752892,2025.0,10.0,regular,away,30.0,USC,Big Ten,158.0,Nebraska,Big Ten,9-23,0.0,20.0,0-1,0.0,1.0,,,1.0,0.0,11.0,1.0,7.0,135.0,2.0,,0.0,27:02,,,,0.0,38.0,2.0,202.0,1.0,39.0,5.0,6-14,0.0,8-49,337.0,1.0,5.9,5.3,21
401752887,2025.0,10.0,regular,home,120.0,Maryland,Big Ten,84.0,Indiana,Big Ten,18-33,0.0,11.0,1-2,3.0,0.0,0.0,32.0,2.0,0.0,63.0,3.0,4.0,256.0,2.0,1.0,1.0,19:38,,,,0.0,17.0,0.0,37.0,1.0,42.0,3.0,3-12,3.0,2-15,293.0,5.0,7.8,2.2,10
401752887,2025.0,10.0,regular,away,84.0,Indiana,Big Ten,120.0,Maryland,Big Ten,16-23,1.0,28.0,1-1,0.0,3.0,0.0,0.0,1.0,0.0,62.0,3.0,13.0,221.0,0.0,2.0,2.0,40:22,,,,1.0,52.0,4.0,367.0,0.0,29.0,3.0,7-12,0.0,4-30,588.0,1.0,9.6,7.1,55
401752888,2025.0,10.0,regular,home,135.0,Minnesota,Big Ten,127.0,Michigan State,Big Ten,26-39,0.0,18.0,0-0,0.0,0.0,,,0.0,0.0,20.0,1.0,5.0,197.0,3.0,,0.0,25:26,0.0,20.0,4.0,1.0,23.0,3.0,104.0,7.0,34.0,12.0,6-15,2.0,2-8,301.0,0.0,5.1,4.5,23
401752888,2025.0,10.0,regular,away,127.0,Michigan State,Big Ten,135.0,Minnesota,Big Ten,20-28,0.0,19.0,0-1,0.0,1.0,,,0.0,,,,8.0,311.0,4.0,,1.0,34:34,0.0,-2.0,1.0,3.0,41.0,1.0,156.0,1.0,33.0,4.0,5-15,1.0,10-96,467.0,0.0,11.1,3.8,20
401752890,2025.0,10.0,regular,away,2509.0,Purdue,Big Ten,130.0,Michigan,Big Ten,20-26,0.0,18.0,1-2,1.0,1.0,0.0,0.0,0.0,0.0,80.0,3.0,4.0,138.0,1.0,1.0,1.0,32:55,0.0,6.0,1.0,2.0,39.0,1.0,138.0,2.0,40.0,3.0,5-12,1.0,4-30,276.0,1.0,5.3,3.5,16
401752890,2025.0,10.0,regular,home,130.0,Michigan,Big Ten,2509.0,Purdue,Big Ten,13-22,0.0,20.0,0-0,1.0,1.0,,,1.0,0.0,34.0,2.0,3.0,145.0,1.0,,0.0,27:05,0.0,-2.0,1.0,4.0,39.0,3.0,253.0,3.0,41.0,7.0,6-11,1.0,4-32,398.0,2.0,6.6,6.5,21
401752891,2025.0,10.0,regular,home,356.0,Illinois,Big Ten,164.0,Rutgers,Big Ten,19-31,0.0,26.0,3-3,0.0,,,,1.0,,,,5.0,235.0,9.0,,4.0,32:35,,,,1.0,38.0,1.0,210.0,2.0,40.0,5.0,7-12,,2-25,445.0,1.0,7.6,5.5,35
401752891,2025.0,10.0,regular,away,164.0,Rutgers,Big Ten,356.0,Illinois,Big Ten,25-45,0.0,19.0,3-4,0.0,,0.0,0.0,0.0,,,,7.0,253.0,4.0,1.0,1.0,27:25,,,,1.0,27.0,0.0,59.0,1.0,46.0,4.0,6-16,,3-20,312.0,0.0,5.6,2.2,13
401752889,2025.0,10.0,regular,away,213.0,Penn State,Big Ten,194.0,Ohio State,Big Ten,19-29,0.0,15.0,0-1,0.0,1.0,,,1.0,0.0,50.0,3.0,2.0,145.0,1.0,,0.0,29:53,,,,1.0,31.0,2.0,55.0,0.0,37.0,4.0,8-15,1.0,2-30,200.0,1.0,5.0,1.8,14
401752889,2025.0,10.0,regular,home,194.0,Ohio State,Big Ten,213.0,Penn State,Big Ten,20-23,0.0,22.0,1-1,1.0,0.0,0.0,0.0,0.0,,,,8.0,316.0,2.0,1.0,4.0,30:07,0.0,9.0,1.0,3.0,32.0,1.0,164.0,4.0,34.0,7.0,6-9,1.0,2-30,480.0,1.0,13.7,5.1,38
401762849,2025.0,10.0,regular,away,2084.0,Buffalo,Mid-American,189.0,Bowling Green,Mid-American,13-24,1.0,10.0,0-1,0.0,1.0,0.0,11.0,1.0,0.0,44.0,2.0,4.0,136.0,5.0,1.0,1.0,26:00,1.0,65.0,1.0,1.0,27.0,2.0,146.0,6.0,41.0,9.0,3-13,0.0,4-35,282.0,1.0,5.7,5.4,28
401762849,2025.0,10.0,regular,home,189.0,Bowling Green,Mid-American,2084.0,Buffalo,Mid-American,11-28,0.0,15.0,1-4,1.0,0.0,0.0,0.0,1.0,0.0,83.0,3.0,3.0,100.0,5.0,1.0,0.0,34:00,0.0,3.0,2.0,3.0,44.0,0.0,116.0,0.0,25.0,4.0,4-16,2.0,1-15,216.0,2.0,3.6,2.6,3
401762850,2025.0,10.0,regular,home,2711.0,Western Michigan,Mid-American,2117.0,Central Michigan,Mid-American,17-24,0.0,23.0,2-3,1.0,1.0,0.0,0.0,0.0,0.0,26.0,2.0,6.0,150.0,2.0,1.0,1.0,33:42,,,,0.0,44.0,2.0,177.0,1.0,22.0,3.0,5-13,2.0,7-59,327.0,1.0,6.3,4.0,24
401762850,2025.0,10.0,regular,away,2117.0,Central Michigan,Mid-American,2711.0,Western Michigan,Mid-American,9-12,0.0,13.0,1-1,1.0,1.0,,,1.0,0.0,16.0,1.0,3.0,185.0,0.0,,2.0,26:18,,,,0.0,35.0,1.0,55.0,3.0,40.0,6.0,5-11,1.0,6-60,240.0,2.0,15.4,1.6,21
401760405,2025.0,10.0,regular,away,2751.0,Wyoming,Mountain West,21.0,San Diego State,Mountain West,13-27,0.0,9.0,0-1,1.0,0.0,0.0,12.0,3.0,,,,1.0,96.0,4.0,2.0,1.0,29:33,0.0,37.0,1.0,2.0,35.0,0.0,89.0,0.0,37.0,1.0,6-16,1.0,6-41,185.0,4.0,3.6,2.5,7
401760405,2025.0,10.0,regular,home,21.0,San Diego State,Mountain West,2751.0,Wyoming,Mountain West,11-22,0.0,16.0,0-0,0.0,1.0,0.0,30.0,2.0,0.0,29.0,2.0,6.0,194.0,4.0,3.0,1.0,30:27,0.0,21.0,4.0,4.0,40.0,2.0,196.0,3.0,38.0,8.0,2-12,0.0,8-78,390.0,2.0,8.8,4.9,24
401760403,2025.0,10.0,regular,away,62.0,Hawai'i,Mountain West,23.0,San José State,Mountain West,32-47,0.0,22.0,0-0,1.0,0.0,,,0.0,0.0,106.0,4.0,8.0,401.0,5.0,,3.0,33:10,0.0,7.0,1.0,2.0,25.0,2.0,95.0,0.0,31.0,0.0,9-14,1.0,11-80,496.0,1.0,8.5,3.8,38
401760403,2025.0,10.0,regular,home,23.0,San José State,Mountain West,62.0,Hawai'i,Mountain West,20-40,0.0,26.0,0-2,0.0,1.0,,,0.0,0.0,49.0,3.0,9.0,458.0,2.0,,2.0,26:50,,,,5.0,28.0,4.0,172.0,1.0,46.0,5.0,5-10,2.0,6-48,630.0,0.0,11.5,6.1,45
401760402,2025.0,10.0,regular,away,278.0,Fresno State,Mountain West,68.0,Boise State,Mountain West,10-21,0.0,15.0,0-0,0.0,1.0,0.0,2.0,0.0,0.0,11.0,1.0,12.0,35.0,4.0,2.0,0.0,33:14,0.0,-2.0,3.0,2.0,47.0,3.0,189.0,4.0,39.0,10.0,5-16,0.0,9-56,224.0,0.0,1.7,4.0,30
401760402,2025.0,10.0,regular,home,68.0,Boise State,Mountain West,278.0,Fresno State,Mountain West,15-33,0.0,11.0,1-3,1.0,0.0,,,2.0,0.0,43.0,3.0,1.0,102.0,3.0,,1.0,26:46,,,,6.0,29.0,0.0,91.0,0.0,45.0,5.0,4-15,2.0,9-94,193.0,3.0,3.1,3.1,7
401760404,2025.0,10.0,regular,home,2439.0,UNLV,Mountain West,167.0,New Mexico,Mountain West,36-47,1.0,25.0,2-5,3.0,0.0,1.0,25.0,0.0,0.0,62.0,3.0,5.0,382.0,1.0,1.0,3.0,32:30,0.0,9.0,3.0,1.0,29.0,1.0,92.0,4.0,25.0,8.0,4-13,6.0,2-15,474.0,3.0,8.1,3.2,35
401760404,2025.0,10.0,regular,away,167.0,New Mexico,Mountain West,2439.0,UNLV,Mountain West,20-26,0.0,16.0,2-2,0.0,3.0,,,1.0,0.0,77.0,4.0,10.0,401.0,2.0,,4.0,27:30,,,,4.0,29.0,1.0,131.0,2.0,32.0,7.0,3-11,0.0,9-76,532.0,1.0,15.4,4.5,40
401752754,2025.0,10.0,regular,away,96.0,Kentucky,SEC,2.0,Auburn,SEC,18-29,0.0,16.0,0-0,0.0,1.0,0.0,0.0,2.0,,,,4.0,161.0,4.0,1.0,1.0,31:46,0.0,11.0,1.0,9.0,32.0,0.0,79.0,7.0,42.0,13.0,6-13,0.0,3-20,240.0,2.0,5.6,2.5,10
401752754,2025.0,10.0,regular,home,2.0,Auburn,SEC,96.0,Kentucky,SEC,15-31,0.0,17.0,1-3,1.0,0.0,0.0,42.0,1.0,0.0,24.0,2.0,3.0,123.0,3.0,2.0,0.0,28:14,0.0,11.0,1.0,1.0,40.0,0.0,118.0,2.0,41.0,6.0,6-16,1.0,4-26,241.0,2.0,4.0,3.0,3
401752753,2025.0,10.0,regular,away,344.0,Mississippi State,SEC,8.0,Arkansas,SEC,18-33,0.0,25.0,3-4,0.0,0.0,,,1.0,0.0,17.0,1.0,8.0,282.0,4.0,,3.0,25:39,0.0,2.0,1.0,9.0,38.0,2.0,106.0,3.0,36.0,4.0,6-14,2.0,4-30,388.0,1.0,8.5,2.8,38
401752753,2025.0,10.0,regular,home,8.0,Arkansas,SEC,344.0,Mississippi State,SEC,19-31,0.0,25.0,2-3,0.0,0.0,0.0,12.0,0.0,0.0,29.0,1.0,9.0,194.0,9.0,1.0,1.0,34:21,,,,3.0,46.0,3.0,239.0,2.0,36.0,10.0,7-16,2.0,18-193,433.0,0.0,6.3,5.2,35
401752755,2025.0,10.0,regular,away,61.0,Georgia,SEC,57.0,Florida,SEC,20-29,0.0,21.0,0-0,0.0,0.0,,,1.0,0.0,32.0,2.0,6.0,223.0,1.0,,2.0,32:25,,,,6.0,39.0,1.0,138.0,0.0,28.0,2.0,7-15,1.0,7-65,361.0,1.0,7.7,3.5,24
401752755,2025.0,10.0,regular,home,57.0,Florida,SEC,61.0,Georgia,SEC,15-24,0.0,16.0,0-2,0.0,0.0,0.0,7.0,0.0,0.0,63.0,4.0,8.0,166.0,3.0,1.0,1.0,27:35,0.0,6.0,1.0,5.0,32.0,1.0,115.0,2.0,32.0,4.0,2-11,1.0,5-50,281.0,0.0,6.9,3.6,20
401752756,2025.0,10.0,regular,away,2579.0,South Carolina,SEC,145.0,Ole Miss,SEC,16-30,0.0,15.0,1-3,1.0,1.0,0.0,1.0,2.0,0.0,27.0,1.0,2.0,180.0,3.0,1.0,1.0,29:14,0.0,0.0,1.0,2.0,32.0,1.0,50.0,0.0,45.0,6.0,3-13,3.0,4-20,230.0,3.0,6.0,1.6,14
401752756,2025.0,10.0,regular,home,145.0,Ole Miss,SEC,2579.0,South Carolina,SEC,12-21,0.0,19.0,3-4,1.0,1.0,0.0,0.0,1.0,0.0,69.0,2.0,12.0,159.0,1.0,2.0,1.0,30:46,0.0,6.0,2.0,8.0,45.0,2.0,258.0,6.0,32.0,8.0,1-11,1.0,5-60,417.0,2.0,7.6,5.7,30
401752757,2025.0,10.0,regular,home,2633.0,Tennessee,SEC,201.0,Oklahoma,SEC,29-45,0.0,28.0,0-1,1.0,1.0,0.0,15.0,2.0,0.0,35.0,2.0,9.0,393.0,3.0,1.0,3.0,29:53,0.0,8.0,2.0,3.0,35.0,0.0,63.0,3.0,24.0,3.0,7-13,3.0,3-25,456.0,3.0,8.7,1.8,27
401752757,2025.0,10.0,regular,away,201.0,Oklahoma,SEC,2633.0,Tennessee,SEC,19-29,1.0,19.0,0-0,1.0,1.0,0.0,74.0,1.0,,,,15.0,159.0,4.0,2.0,0.0,30:07,,,,3.0,35.0,2.0,192.0,4.0,41.0,8.0,4-10,3.0,11-104,351.0,2.0,5.5,5.5,33
401752758,2025.0,10.0,regular,home,251.0,Texas,SEC,238.0,Vanderbilt,SEC,25-33,0.0,23.0,0-0,0.0,1.0,,,0.0,0.0,33.0,3.0,10.0,328.0,2.0,,3.0,29:01,0.0,12.0,1.0,7.0,27.0,1.0,100.0,6.0,40.0,10.0,7-11,0.0,9-70,428.0,0.0,9.9,3.7,34
401752758,2025.0,10.0,regular,away,238.0,Vanderbilt,SEC,251.0,Texas,SEC,27-38,0.0,25.0,2-2,1.0,0.0,,,0.0,0.0,66.0,3.0,5.0,365.0,1.0,,3.0,30:59,,,,3.0,24.0,1.0,58.0,0.0,34.0,1.0,7-13,1.0,8-70,423.0,1.0,9.6,2.4,31
401767095,2025.0,11.0,regular,away,302.0,UC Davis,Big Sky,70.0,Idaho,Big Sky,21-27,,25.0,1-2,0.0,1.0,0.0,15.0,2.0,0.0,47.0,2.0,4.0,248.0,,1.0,3.0,32:03,0.0,20.0,2.0,,41.0,1.0,200.0,,,,4-11,0.0,6-49,448.0,2.0,9.2,4.9,28
401767095,2025.0,11.0,regular,home,70.0,Idaho,Big Sky,302.0,UC Davis,Big Sky,20-39,,18.0,2-6,1.0,0.0,0.0,27.0,1.0,0.0,48.0,2.0,2.0,297.0,,2.0,2.0,27:57,,,,,26.0,0.0,133.0,,,,1-11,2.0,6-54,430.0,2.0,7.6,5.1,14
401757166,2025.0,11.0,regular,away,2426.0,Navy,American Athletic,87.0,Notre Dame,FBS Independents,3-10,0.0,13.0,0-1,0.0,0.0,,,0.0,,,,4.0,22.0,1.0,,0.0,29:23,,,,0.0,45.0,1.0,206.0,0.0,32.0,2.0,3-11,1.0,6-57,228.0,0.0,2.2,4.6,10
401757166,2025.0,11.0,regular,home,87.0,Notre Dame,FBS Independents,2426.0,Navy,American Athletic,16-19,0.0,23.0,2-2,0.0,,,,0.0,0.0,26.0,2.0,7.0,253.0,3.0,,3.0,30:37,,,,1.0,38.0,4.0,249.0,2.0,28.0,5.0,7-10,,0-0,502.0,0.0,13.3,6.6,49
401756944,2025.0,11.0,regular,home,2628.0,TCU,Big 12,66.0,Iowa State,Big 12,34-50,0.0,30.0,2-3,1.0,0.0,0.0,0.0,2.0,0.0,82.0,4.0,5.0,319.0,3.0,2.0,1.0,32:36,,,,4.0,30.0,1.0,113.0,1.0,25.0,5.0,7-14,3.0,6-45,432.0,3.0,6.4,3.8,17
401756944,2025.0,11.0,regular,away,66.0,Iowa State,Big 12,2628.0,TCU,Big 12,9-24,1.0,15.0,2-3,0.0,1.0,0.0,0.0,2.0,0.0,23.0,1.0,,111.0,4.0,2.0,1.0,27:24,1.0,79.0,1.0,4.0,41.0,1.0,161.0,0.0,38.0,7.0,8-16,0.0,7-69,272.0,2.0,4.6,3.9,20
401756945,2025.0,11.0,regular,away,252.0,BYU,Big 12,2641.0,Texas Tech,Big 12,23-38,0.0,14.0,1-3,2.0,0.0,,,1.0,0.0,36.0,2.0,1.0,188.0,5.0,,1.0,30:35,0.0,6.0,3.0,1.0,27.0,0.0,67.0,4.0,39.0,6.0,3-14,2.0,5-37,255.0,3.0,4.9,2.5,7
401756945,2025.0,11.0,regular,home,2641.0,Texas Tech,Big 12,252.0,BYU,Big 12,17-32,0.0,17.0,0-1,0.0,2.0,0.0,8.0,0.0,,,,17.0,219.0,7.0,1.0,1.0,29:25,,,,5.0,43.0,1.0,149.0,1.0,36.0,4.0,7-18,0.0,6-50,368.0,0.0,6.8,3.5,29
401756943,2025.0,11.0,regular,home,12.0,Arizona,Big 12,2305.0,Kansas,Big 12,16-31,0.0,18.0,0-0,0.0,0.0,,,0.0,,,,6.0,158.0,6.0,,2.0,24:30,0.0,1.0,1.0,3.0,29.0,1.0,165.0,0.0,26.0,5.0,5-13,1.0,3-32,323.0,0.0,5.1,5.7,24
401756943,2025.0,11.0,regular,away,2305.0,Kansas,Big 12,12.0,Arizona,Big 12,15-30,0.0,19.0,2-2,0.0,0.0,,,0.0,,,,8.0,199.0,5.0,,1.0,35:30,0.0,0.0,2.0,2.0,40.0,1.0,170.0,5.0,31.0,6.0,6-17,1.0,5-55,369.0,0.0,6.6,4.3,20
401756947,2025.0,11.0,regular,away,38.0,Colorado,Big 12,277.0,West Virginia,Big 12,22-35,0.0,19.0,1-2,1.0,1.0,0.0,30.0,0.0,0.0,59.0,3.0,10.0,299.0,3.0,2.0,2.0,29:24,0.0,3.0,2.0,0.0,38.0,0.0,51.0,2.0,49.0,7.0,5-17,2.0,6-60,350.0,1.0,8.5,1.3,22
401756947,2025.0,11.0,regular,home,277.0,West Virginia,Big 12,38.0,Colorado,Big 12,17-28,0.0,21.0,3-4,1.0,1.0,,,2.0,0.0,23.0,1.0,9.0,202.0,8.0,,1.0,30:36,0.0,3.0,1.0,1.0,53.0,2.0,167.0,7.0,53.0,15.0,7-17,2.0,3-36,369.0,3.0,7.2,3.2,29
401767186,2025.0,11.0,regular,away,311.0,Maine,CAA,2261.0,Hampton,CAA,18-26,,22.0,1-1,0.0,1.0,,,0.0,0.0,5.0,1.0,5.0,128.0,,,4.0,35:30,0.0,89.0,3.0,,39.0,1.0,183.0,,,,9-14,0.0,3-25,311.0,0.0,4.9,4.7,35
401767186,2025.0,11.0,regular,home,2261.0,Hampton,CAA,311.0,Maine,CAA,11-14,,9.0,0-0,1.0,0.0,,,0.0,0.0,97.0,6.0,1.0,97.0,,,1.0,24:30,0.0,14.0,3.0,,28.0,0.0,92.0,,,,2-9,2.0,6-72,189.0,1.0,6.9,3.3,7
401767262,2025.0,11.0,regular,away,160.0,New Hampshire,CAA,2405.0,Monmouth,CAA,17-26,,22.0,1-1,1.0,2.0,,,0.0,0.0,65.0,2.0,10.0,186.0,,,2.0,37:28,0.0,35.0,2.0,,43.0,2.0,197.0,,,,7-14,1.0,7-65,383.0,1.0,7.2,4.6,34
401767262,2025.0,11.0,regular,home,2405.0,Monmouth,CAA,160.0,New Hampshire,CAA,20-30,,17.0,0-3,2.0,1.0,,,0.0,0.0,101.0,4.0,1.0,233.0,,,2.0,22:32,0.0,20.0,2.0,,30.0,0.0,71.0,,,,6-12,4.0,4-40,304.0,2.0,7.8,2.4,13
401767747,2025.0,11.0,regular,home,2115.0,Central Connecticut,NEC,284.0,Stonehill,NEC,21-32,,28.0,0-0,0.0,,,,0.0,0.0,62.0,3.0,10.0,267.0,,,2.0,29:23,0.0,1.0,2.0,,34.0,3.0,266.0,,,,12-14,,7-62,533.0,0.0,8.3,7.8,40
401767747,2025.0,11.0,regular,away,284.0,Stonehill,NEC,2115.0,Central Connecticut,NEC,16-27,,15.0,1-2,0.0,,,,0.0,0.0,97.0,5.0,4.0,160.0,,,1.0,30:37,,,,,29.0,0.0,60.0,,,,6-14,,3-35,220.0,0.0,5.9,2.1,10
401767199,2025.0,11.0,regular,away,2635.0,Tennessee Tech,Big South-OVC,2197.0,Eastern Illinois,Big South-OVC,17-23,,17.0,1-1,1.0,1.0,0.0,0.0,1.0,0.0,26.0,1.0,3.0,151.0,,1.0,1.0,30:07,0.0,7.0,2.0,,35.0,1.0,157.0,,,,5-12,1.0,2-20,308.0,2.0,6.6,4.5,21
401767199,2025.0,11.0,regular,home,2197.0,Eastern Illinois,Big South-OVC,2635.0,Tennessee Tech,Big South-OVC,17-34,,20.0,1-4,1.0,1.0,0.0,0.0,1.0,0.0,31.0,2.0,3.0,189.0,,1.0,1.0,29:53,0.0,6.0,2.0,,31.0,0.0,137.0,,,,4-13,2.0,4-35,326.0,2.0,5.6,4.4,9
401767206,2025.0,11.0,regular,away,2546.0,Southeast Missouri State,Big South-OVC,2241.0,Gardner-Webb,Big South-OVC,21-40,,18.0,1-1,0.0,1.0,,,0.0,0.0,34.0,2.0,6.0,304.0,,,3.0,28:31,0.0,59.0,3.0,,31.0,0.0,4.0,,,,5-18,1.0,5-35,308.0,0.0,7.6,0.1,24
401767206,2025.0,11.0,regular,home,2241.0,Gardner-Webb,Big South-OVC,2546.0,Southeast Missouri State,Big South-OVC,15-32,,20.0,0-0,1.0,0.0,,,0.0,0.0,14.0,1.0,9.0,279.0,,,1.0,31:29,0.0,46.0,5.0,,41.0,2.0,188.0,,,,4-15,3.0,7-66,467.0,1.0,8.7,4.6,27
401767229,2025.0,11.0,regular,away,2634.0,Tennessee State,Big South-OVC,2630.0,UT Martin,Big South-OVC,24-38,,9.0,1-2,0.0,0.0,,,0.0,0.0,24.0,2.0,1.0,165.0,,,0.0,21:01,0.0,-1.0,3.0,,13.0,1.0,-12.0,,,,2-13,1.0,3-15,153.0,0.0,4.3,-0.9,7
401767229,2025.0,11.0,regular,home,2630.0,UT Martin,Big South-OVC,2634.0,Tennessee State,Big South-OVC,8-14,,19.0,0-1,0.0,0.0,,,0.0,0.0,15.0,1.0,6.0,47.0,,,0.0,38:59,0.0,64.0,5.0,,53.0,3.0,292.0,,,,7-15,1.0,2-20,339.0,0.0,3.4,5.5,26
401767214,2025.0,11.0,regular,home,2710.0,Western Illinois,Big South-OVC,2815.0,Lindenwood,Big South-OVC,17-35,,18.0,1-3,0.0,1.0,0.0,0.0,0.0,,,,4.0,175.0,,2.0,2.0,30:00,0.0,0.0,1.0,,35.0,1.0,179.0,,,,2-13,0.0,7-73,354.0,0.0,5.0,5.1,24
401767214,2025.0,11.0,regular,away,2815.0,Lindenwood,Big South-OVC,2710.0,Western Illinois,Big South-OVC,20-31,,16.0,0-3,1.0,0.0,,,2.0,,,,3.0,216.0,,,2.0,30:00,0.0,12.0,2.0,,33.0,1.0,183.0,,,,4-13,3.0,4-35,399.0,3.0,7.0,5.5,21
401767146,2025.0,11.0,regular,away,2729.0,William & Mary,CAA,2097.0,Campbell,CAA,25-38,,27.0,1-3,1.0,0.0,0.0,6.0,0.0,0.0,37.0,2.0,10.0,282.0,,1.0,1.0,29:41,0.0,13.0,2.0,,38.0,2.0,223.0,,,,5-12,1.0,7-58,505.0,1.0,7.4,5.9,30
401767146,2025.0,11.0,regular,home,2097.0,Campbell,CAA,2729.0,William & Mary,CAA,16-24,,23.0,0-0,0.0,1.0,,,1.0,0.0,38.0,3.0,9.0,171.0,,,0.0,30:19,,,,,39.0,3.0,253.0,,,,5-11,0.0,7-53,424.0,1.0,7.1,6.5,27
401767316,2025.0,11.0,regular,home,2619.0,Stony Brook,CAA,2448.0,North Carolina A&T,CAA,37-49,,29.0,2-2,0.0,,0.0,0.0,0.0,0.0,54.0,4.0,8.0,380.0,,2.0,3.0,38:14,,,,,39.0,2.0,113.0,,,,12-19,,5-49,493.0,0.0,7.8,2.9,38
401767316,2025.0,11.0,regular,away,2448.0,North Carolina A&T,CAA,2619.0,Stony Brook,CAA,15-24,,11.0,0-0,0.0,,,,2.0,0.0,62.0,2.0,6.0,180.0,,,1.0,21:46,0.0,7.0,1.0,,21.0,0.0,41.0,,,,3-10,,7-45,221.0,2.0,7.5,2.0,12
401767500,2025.0,11.0,regular,home,2460.0,Northern Iowa,MVFC,93.0,Murray State,MVFC,8-11,,23.0,0-0,0.0,0.0,0.0,0.0,0.0,0.0,20.0,2.0,7.0,133.0,,1.0,1.0,32:55,,,,,47.0,3.0,307.0,,,,7-11,2.0,8-85,440.0,0.0,12.1,6.5,31
401767500,2025.0,11.0,regular,away,93.0,Murray State,MVFC,2460.0,Northern Iowa,MVFC,13-21,,19.0,1-4,0.0,0.0,,,1.0,0.0,40.0,3.0,2.0,159.0,,,1.0,27:05,0.0,11.0,1.0,,37.0,1.0,197.0,,,,4-11,1.0,5-60,356.0,1.0,7.6,5.3,14
401767283,2025.0,11.0,regular,home,2198.0,Eastern Kentucky,UAC,253.0,Southern Utah,UAC,9-16,,13.0,1-2,0.0,1.0,,,1.0,0.0,35.0,1.0,5.0,115.0,,,1.0,21:51,0.0,1.0,1.0,,26.0,1.0,139.0,,,,2-9,0.0,5-19,254.0,1.0,7.2,5.3,17
401767283,2025.0,11.0,regular,away,253.0,Southern Utah,UAC,2198.0,Eastern Kentucky,UAC,18-25,,25.0,2-2,1.0,0.0,0.0,10.0,0.0,0.0,34.0,3.0,9.0,256.0,,1.0,0.0,38:09,0.0,8.0,2.0,,46.0,3.0,239.0,,,,8-16,2.0,9-79,495.0,1.0,10.2,5.2,27
401767245,2025.0,11.0,regular,away,3101.0,Utah Tech,UAC,2000.0,Abilene Christian,UAC,18-34,,12.0,0-0,0.0,,,,4.0,,,,4.0,139.0,,,0.0,28:36,0.0,1.0,1.0,,28.0,1.0,113.0,,,,5-14,,4-30,252.0,4.0,4.1,4.0,10
401767245,2025.0,11.0,regular,home,2000.0,Abilene Christian,UAC,3101.0,Utah Tech,UAC,19-31,,19.0,0-1,0.0,,2.0,66.0,0.0,0.0,29.0,1.0,7.0,190.0,,4.0,1.0,31:24,0.0,27.0,2.0,,38.0,1.0,202.0,,,,8-17,,6-62,392.0,0.0,6.1,5.3,31
401767254,2025.0,11.0,regular,away,2110.0,Central Arkansas,UAC,2046.0,Austin Peay,UAC,19-35,,19.0,0-1,2.0,2.0,,,0.0,0.0,16.0,2.0,8.0,213.0,,,3.0,23:27,0.0,0.0,1.0,,29.0,2.0,199.0,,,,3-12,2.0,5-44,412.0,2.0,6.1,6.9,38
401767254,2025.0,11.0,regular,home,2046.0,Austin Peay,UAC,2110.0,Central Arkansas,UAC,23-32,,25.0,3-4,2.0,2.0,,,0.0,0.0,136.0,6.0,11.0,301.0,,,2.0,36:33,0.0,16.0,3.0,,50.0,3.0,179.0,,,,6-17,2.0,6-51,480.0,2.0,9.4,3.6,41
401767289,2025.0,11.0,regular,away,2698.0,West Georgia,UAC,2453.0,North Alabama,UAC,26-35,,21.0,0-0,1.0,0.0,0.0,0.0,0.0,0.0,13.0,2.0,6.0,274.0,,1.0,2.0,31:38,0.0,7.0,3.0,,35.0,1.0,186.0,,,,8-16,3.0,7-76,460.0,1.0,7.8,5.3,24
401767289,2025.0,11.0,regular,home,2453.0,North Alabama,UAC,2698.0,West Georgia,UAC,9-18,,13.0,0-0,0.0,1.0,,,1.0,0.0,15.0,1.0,5.0,162.0,,,1.0,28:22,0.0,12.0,2.0,,38.0,1.0,68.0,,,,3-14,2.0,4-40,230.0,1.0,9.0,1.8,17
401762500,2025.0,11.0,regular,away,2636.0,UTSA,American Athletic,58.0,South Florida,American Athletic,29-44,0.0,25.0,2-2,1.0,1.0,,,1.0,,,,11.0,309.0,1.0,,2.0,39:47,,,,0.0,38.0,0.0,72.0,1.0,28.0,7.0,7-18,1.0,10-70,381.0,2.0,7.0,1.9,23
401762500,2025.0,11.0,regular,home,58.0,South Florida,American Athletic,2636.0,UTSA,American Athletic,16-18,2.0,20.0,0-0,1.0,1.0,1.0,40.0,0.0,,,,13.0,233.0,2.0,1.0,2.0,20:13,0.0,2.0,1.0,4.0,32.0,3.0,238.0,6.0,37.0,12.0,2-8,2.0,5-56,471.0,1.0,12.9,7.4,55
401762504,2025.0,11.0,regular,away,2429.0,Charlotte,American Athletic,151.0,East Carolina,American Athletic,21-36,0.0,13.0,1-5,1.0,1.0,,,1.0,0.0,63.0,3.0,2.0,284.0,4.0,,3.0,25:58,,,,1.0,28.0,0.0,40.0,3.0,37.0,6.0,4-14,1.0,6-52,324.0,2.0,7.9,1.4,22
401762504,2025.0,11.0,regular,home,151.0,East Carolina,American Athletic,2429.0,Charlotte,American Athletic,26-44,1.0,29.0,2-4,1.0,1.0,1.0,45.0,0.0,0.0,35.0,2.0,12.0,224.0,2.0,1.0,2.0,34:02,0.0,10.0,1.0,4.0,44.0,3.0,183.0,4.0,29.0,9.0,6-16,1.0,1-15,407.0,1.0,5.1,4.2,48
401762505,2025.0,11.0,regular,home,2226.0,Florida Atlantic,American Athletic,202.0,Tulsa,American Athletic,23-32,1.0,15.0,2-3,1.0,1.0,0.0,20.0,0.0,,,,10.0,311.0,6.0,2.0,4.0,23:13,,,,6.0,25.0,0.0,109.0,5.0,57.0,8.0,4-13,2.0,6-60,420.0,1.0,9.7,4.4,40
401762505,2025.0,11.0,regular,away,202.0,Tulsa,American Athletic,2226.0,Florida Atlantic,American Athletic,24-46,0.0,27.0,4-7,1.0,1.0,,,2.0,0.0,21.0,1.0,9.0,235.0,3.0,,0.0,36:47,0.0,32.0,1.0,1.0,53.0,2.0,196.0,1.0,33.0,6.0,10-23,1.0,4-15,431.0,3.0,5.1,3.7,21
401762503,2025.0,11.0,regular,home,349.0,Army,American Athletic,218.0,Temple,American Athletic,1-3,0.0,20.0,4-5,0.0,,,,0.0,,,,2.0,26.0,1.0,,0.0,37:38,,,,7.0,63.0,2.0,224.0,0.0,24.0,2.0,7-14,,3-15,250.0,0.0,8.7,3.6,14
401762503,2025.0,11.0,regular,away,218.0,Temple,American Athletic,349.0,Army,American Athletic,15-25,0.0,16.0,2-2,0.0,,,,0.0,0.0,31.0,2.0,7.0,157.0,0.0,,1.0,22:22,,,,1.0,21.0,0.0,111.0,0.0,35.0,1.0,2-8,,5-37,268.0,0.0,6.3,5.3,13
401762501,2025.0,11.0,regular,away,2655.0,Tulane,American Athletic,235.0,Memphis,American Athletic,16-24,0.0,17.0,0-0,0.0,,0.0,0.0,0.0,,,,,332.0,1.0,1.0,3.0,25:32,0.0,14.0,2.0,2.0,32.0,2.0,125.0,6.0,20.0,8.0,4-11,,10-74,457.0,0.0,13.8,3.9,38
401762501,2025.0,11.0,regular,home,235.0,Memphis,American Athletic,2655.0,Tulane,American Athletic,33-40,0.0,23.0,1-2,0.0,,,,1.0,,,,,368.0,3.0,,2.0,34:28,0.0,7.0,2.0,0.0,29.0,2.0,67.0,1.0,5.0,2.0,6-13,,7-51,435.0,1.0,9.2,2.3,32
401757296,2025.0,11.0,regular,home,2393.0,Middle Tennessee,Conference USA,2229.0,Florida International,Conference USA,33-54,0.0,18.0,2-5,2.0,0.0,0.0,0.0,1.0,0.0,126.0,6.0,6.0,331.0,5.0,2.0,4.0,31:33,0.0,1.0,3.0,3.0,24.0,0.0,33.0,2.0,30.0,4.0,5-17,3.0,8-83,364.0,3.0,6.1,1.4,30
401757296,2025.0,11.0,regular,away,2229.0,Florida International,Conference USA,2393.0,Middle Tennessee,Conference USA,17-28,0.0,23.0,1-1,0.0,2.0,0.0,19.0,2.0,0.0,13.0,1.0,8.0,257.0,8.0,1.0,4.0,28:27,0.0,7.0,1.0,6.0,38.0,4.0,144.0,3.0,46.0,7.0,5-12,1.0,6-61,401.0,2.0,9.2,3.8,56
401757295,2025.0,11.0,regular,home,48.0,Delaware,Conference USA,2348.0,Louisiana Tech,Conference USA,26-52,0.0,21.0,0-1,0.0,,0.0,0.0,2.0,0.0,15.0,1.0,13.0,304.0,2.0,1.0,2.0,29:56,0.0,5.0,1.0,5.0,24.0,0.0,95.0,2.0,23.0,6.0,4-15,,12-114,399.0,2.0,5.8,4.0,25
401757295,2025.0,11.0,regular,away,2348.0,Louisiana Tech,Conference USA,48.0,Delaware,Conference USA,18-25,1.0,22.0,1-1,0.0,,1.0,34.0,1.0,0.0,26.0,2.0,6.0,202.0,3.0,2.0,0.0,30:04,0.0,11.0,1.0,11.0,34.0,2.0,131.0,0.0,26.0,4.0,4-11,,9-98,333.0,1.0,8.1,3.9,24
401757297,2025.0,11.0,regular,away,55.0,Jacksonville State,Conference USA,2638.0,UTEP,Conference USA,15-31,1.0,23.0,0-1,0.0,,1.0,93.0,1.0,0.0,14.0,1.0,12.0,181.0,1.0,1.0,1.0,30:27,,,,8.0,39.0,1.0,275.0,0.0,32.0,5.0,4-12,,11-66,456.0,1.0,5.8,7.1,30
401757297,2025.0,11.0,regular,home,2638.0,UTEP,Conference USA,55.0,Jacksonville State,Conference USA,16-32,0.0,20.0,5-7,0.0,0.0,0.0,0.0,1.0,,,,3.0,244.0,1.0,1.0,2.0,29:33,0.0,18.0,1.0,3.0,37.0,2.0,126.0,0.0,32.0,4.0,2-13,2.0,5-50,370.0,1.0,7.6,3.4,27
401752944,2025.0,11.0,regular,away,2534.0,Sam Houston,Conference USA,204.0,Oregon State,Pac-12,9-24,2.0,8.0,0-1,0.0,1.0,0.0,60.0,1.0,1.0,135.0,3.0,3.0,85.0,4.0,2.0,1.0,22:05,1.0,46.0,1.0,3.0,24.0,0.0,72.0,2.0,48.0,6.0,3-13,0.0,6-58,157.0,1.0,3.5,3.0,21
401752944,2025.0,11.0,regular,home,204.0,Oregon State,Pac-12,2534.0,Sam Houston,Conference USA,29-42,0.0,28.0,0-3,1.0,0.0,0.0,8.0,2.0,0.0,78.0,3.0,5.0,286.0,8.0,1.0,0.0,37:55,0.0,6.0,1.0,7.0,40.0,2.0,188.0,1.0,25.0,7.0,6-15,1.0,4-35,474.0,3.0,6.8,4.7,17
401761646,2025.0,11.0,regular,home,276.0,Marshall,Sun Belt,256.0,James Madison,Sun Belt,17-36,0.0,25.0,2-4,0.0,,0.0,3.0,0.0,0.0,54.0,2.0,9.0,166.0,1.0,1.0,1.0,31:57,0.0,10.0,1.0,7.0,50.0,1.0,248.0,1.0,21.0,6.0,6-17,,6-55,414.0,0.0,4.6,5.0,23
401761646,2025.0,11.0,regular,away,256.0,James Madison,Sun Belt,276.0,Marshall,Sun Belt,14-24,0.0,20.0,0-0,0.0,,,,1.0,,,,5.0,270.0,9.0,,3.0,28:03,,,,8.0,35.0,2.0,139.0,1.0,38.0,5.0,5-12,,3-32,409.0,1.0,11.3,4.0,35
401761644,2025.0,11.0,regular,home,2026.0,App State,Sun Belt,290.0,Georgia Southern,Sun Belt,34-51,0.0,23.0,4-6,0.0,0.0,,,1.0,0.0,90.0,4.0,,348.0,6.0,,2.0,27:40,,,,1.0,23.0,1.0,77.0,2.0,19.0,2.0,4-14,2.0,6-65,425.0,1.0,6.8,3.3,23
401761644,2025.0,11.0,regular,away,290.0,Georgia Southern,Sun Belt,2026.0,App State,Sun Belt,25-37,0.0,25.0,1-1,0.0,,0.0,0.0,0.0,0.0,18.0,1.0,,352.0,6.0,1.0,1.0,32:20,0.0,14.0,2.0,3.0,38.0,1.0,142.0,3.0,25.0,4.5,6-15,,6-40,494.0,0.0,9.5,3.7,25
401761645,2025.0,11.0,regular,away,2247.0,Georgia State,Sun Belt,324.0,Coastal Carolina,Sun Belt,25-38,0.0,20.0,2-5,1.0,0.0,,,1.0,0.0,23.0,1.0,3.0,293.0,1.0,,2.0,30:56,,,,0.0,37.0,2.0,130.0,2.0,55.0,4.0,3-13,2.0,6-40,423.0,2.0,7.7,3.5,27
401761645,2025.0,11.0,regular,home,324.0,Coastal Carolina,Sun Belt,2247.0,Georgia State,Sun Belt,11-18,0.0,19.0,1-1,0.0,1.0,0.0,11.0,0.0,,,,16.0,120.0,2.0,1.0,3.0,29:04,0.0,27.0,2.0,3.0,47.0,1.0,324.0,2.0,54.0,5.0,6-15,1.0,5-40,444.0,0.0,6.7,6.9,40
401761648,2025.0,11.0,regular,away,326.0,Texas State,Sun Belt,309.0,Louisiana,Sun Belt,26-33,0.0,22.0,1-2,1.0,0.0,0.0,5.0,1.0,0.0,98.0,6.0,9.0,360.0,3.0,2.0,3.0,22:02,0.0,11.0,1.0,1.0,24.0,2.0,168.0,0.0,41.0,8.0,2-8,2.0,11-114,528.0,2.0,10.9,7.0,39
401761648,2025.0,11.0,regular,home,309.0,Louisiana,Sun Belt,326.0,Texas State,Sun Belt,17-27,0.0,27.0,1-1,0.0,1.0,0.0,4.0,2.0,0.0,86.0,5.0,6.0,192.0,2.0,1.0,3.0,37:58,,,,1.0,52.0,3.0,192.0,3.0,45.0,5.0,12-19,0.0,8-65,384.0,2.0,7.1,3.7,42
401761647,2025.0,11.0,regular,away,2572.0,Southern Miss,Sun Belt,2032.0,Arkansas State,Sun Belt,24-35,0.0,22.0,0-1,0.0,1.0,0.0,45.0,2.0,0.0,19.0,1.0,9.0,356.0,4.0,5.0,2.0,29:45,,,,1.0,42.0,1.0,172.0,1.0,36.0,4.0,7-17,0.0,12-100,528.0,2.0,10.2,4.1,27
401761647,2025.0,11.0,regular,home,2032.0,Arkansas State,Sun Belt,2572.0,Southern Miss,Sun Belt,38-53,0.0,28.0,0-0,1.0,0.0,0.0,-2.0,5.0,0.0,34.0,1.0,3.0,337.0,6.0,2.0,3.0,30:15,0.0,5.0,1.0,4.0,34.0,0.0,119.0,3.0,41.0,6.0,9-15,1.0,2-10,456.0,6.0,6.4,3.5,21
401762851,2025.0,11.0,regular,home,2006.0,Akron,Mid-American,113.0,Massachusetts,Mid-American,14-22,1.0,25.0,0-0,1.0,3.0,,,0.0,0.0,44.0,2.0,,230.0,2.0,,2.0,35:13,0.0,5.0,1.0,0.0,46.0,3.0,237.0,1.0,11.0,5.0,6-11,1.0,7-74,467.0,1.0,10.5,5.2,44
401762851,2025.0,11.0,regular,away,113.0,Massachusetts,Mid-American,2006.0,Akron,Mid-American,16-28,0.0,14.0,1-2,3.0,1.0,,,0.0,0.0,12.0,1.0,,92.0,1.0,,1.0,24:47,0.0,-6.0,1.0,0.0,27.0,0.0,77.0,0.0,3.0,0.0,2-12,4.0,6-60,169.0,3.0,3.3,2.9,10
401757299,2025.0,11.0,regular,home,2335.0,Liberty,Conference USA,2623.0,Missouri State,Conference USA,18-35,0.0,21.0,0-0,1.0,1.0,,,1.0,0.0,24.0,2.0,5.0,196.0,6.0,,0.0,33:25,0.0,8.0,1.0,2.0,43.0,2.0,202.0,4.0,42.0,5.0,8-18,1.0,7-77,398.0,2.0,5.6,4.7,17
401757299,2025.0,11.0,regular,away,2623.0,Missouri State,Conference USA,2335.0,Liberty,Conference USA,20-33,0.0,20.0,0-0,1.0,1.0,0.0,4.0,0.0,0.0,47.0,2.0,3.0,286.0,7.0,1.0,2.0,26:35,0.0,22.0,1.0,0.0,24.0,1.0,46.0,1.0,54.0,3.0,4-11,1.0,5-22,332.0,1.0,8.7,1.9,21
401767518,2025.0,11.0,regular,away,2447.0,Nicholls,Southland,292.0,UT Rio Grande Valley,Southland,20-35,,20.0,3-5,2.0,0.0,0.0,20.0,0.0,0.0,17.0,1.0,3.0,201.0,,1.0,1.0,32:23,0.0,5.0,1.0,,41.0,2.0,126.0,,,,6-17,2.0,1-5,327.0,2.0,5.7,3.1,21
401767518,2025.0,11.0,regular,home,292.0,UT Rio Grande Valley,Southland,2447.0,Nicholls,Southland,20-30,,19.0,0-0,0.0,2.0,,,1.0,0.0,23.0,2.0,4.0,247.0,,,2.0,27:37,,,,,32.0,2.0,145.0,,,,8-14,0.0,9-72,392.0,1.0,8.2,4.5,28
401767724,2025.0,11.0,regular,home,46.0,Georgetown,Patriot,257.0,Richmond,Patriot,16-24,,17.0,1-2,1.0,1.0,,,0.0,0.0,74.0,3.0,6.0,180.0,,,1.0,38:17,,,,,46.0,2.0,118.0,,,,6-16,4.0,9-63,298.0,1.0,7.5,2.6,24
401767724,2025.0,11.0,regular,away,257.0,Richmond,Patriot,46.0,Georgetown,Patriot,17-29,,13.0,0-1,1.0,1.0,,,0.0,0.0,101.0,4.0,7.0,214.0,,,2.0,21:43,0.0,6.0,2.0,,27.0,2.0,124.0,,,,4-13,4.0,6-44,338.0,1.0,7.4,4.6,31
401783279,2025.0,11.0,regular,away,2771.0,Merrimack,FCS Independents,2441.0,New Haven,NEC,13-24,,23.0,0-1,0.0,,,,1.0,0.0,80.0,3.0,7.0,200.0,,,2.0,35:36,0.0,12.0,1.0,,50.0,2.0,165.0,,,,4-12,,7-66,365.0,1.0,8.3,3.3,31
401783279,2025.0,11.0,regular,home,2441.0,New Haven,NEC,2771.0,Merrimack,FCS Independents,16-27,,20.0,0-1,0.0,,0.0,0.0,0.0,0.0,41.0,4.0,11.0,331.0,,1.0,4.0,24:24,0.0,6.0,1.0,,29.0,1.0,126.0,,,,3-10,,10-112,457.0,0.0,12.3,4.3,41
401767669,2025.0,11.0,regular,home,2230.0,Fordham,Patriot,2083.0,Bucknell,Patriot,14-30,,16.0,3-6,2.0,0.0,,,1.0,0.0,73.0,4.0,1.0,170.0,,,2.0,25:06,0.0,-6.0,1.0,,36.0,1.0,111.0,,,,5-16,5.0,6-55,281.0,3.0,5.7,3.1,19
401767669,2025.0,11.0,regular,away,2083.0,Bucknell,Patriot,2230.0,Fordham,Patriot,17-22,,16.0,0-0,0.0,2.0,0.0,12.0,0.0,0.0,38.0,2.0,13.0,166.0,,1.0,3.0,34:54,1.0,41.0,3.0,,41.0,0.0,99.0,,,,6-14,1.0,8-74,265.0,0.0,7.5,2.4,37
401769849,2025.0,11.0,regular,home,322.0,Lafayette,Patriot,2142.0,Colgate,Patriot,19-30,,27.0,0-0,0.0,,0.0,73.0,1.0,0.0,57.0,2.0,11.0,232.0,,3.0,5.0,28:14,,,,,34.0,3.0,301.0,,,,7-11,,7-55,533.0,1.0,7.7,8.9,59
401769849,2025.0,11.0,regular,away,2142.0,Colgate,Patriot,322.0,Lafayette,Patriot,33-49,,28.0,1-1,0.0,,0.0,3.0,3.0,0.0,56.0,2.0,6.0,310.0,,1.0,5.0,31:46,0.0,11.0,1.0,,28.0,1.0,126.0,,,,3-10,,4-36,436.0,3.0,6.3,4.5,42
401767731,2025.0,11.0,regular,home,2329.0,Lehigh,Patriot,107.0,Holy Cross,Patriot,8-18,,23.0,0-1,0.0,,,,2.0,,,,8.0,174.0,,,3.0,32:04,0.0,23.0,5.0,,45.0,2.0,344.0,,,,4-11,,7-64,518.0,2.0,9.7,7.6,38
401767731,2025.0,11.0,regular,away,107.0,Holy Cross,Patriot,2329.0,Lehigh,Patriot,19-34,,9.0,1-2,0.0,,0.0,0.0,0.0,0.0,55.0,5.0,3.0,195.0,,2.0,0.0,27:56,0.0,7.0,1.0,,27.0,0.0,20.0,,,,3-17,,12-92,215.0,0.0,5.7,0.7,3
401767609,2025.0,11.0,regular,home,2166.0,Davidson,Pioneer,2506.0,Presbyterian,Pioneer,9-17,,13.0,3-5,1.0,1.0,0.0,5.0,0.0,0.0,18.0,1.0,2.0,97.0,,2.0,2.0,33:39,0.0,22.0,1.0,,48.0,0.0,165.0,,,,4-16,1.0,5-40,262.0,1.0,5.7,3.4,14
401767609,2025.0,11.0,regular,away,2506.0,Presbyterian,Pioneer,2166.0,Davidson,Pioneer,9-22,,18.0,0-3,1.0,1.0,,,2.0,0.0,9.0,1.0,1.0,69.0,,,0.0,26:21,0.0,31.0,3.0,,42.0,2.0,228.0,,,,3-12,2.0,3-24,297.0,3.0,3.1,5.4,13
401767624,2025.0,11.0,regular,home,2181.0,Drake,Pioneer,2900.0,St. Thomas (MN),Pioneer,14-22,,16.0,1-4,0.0,,,,1.0,0.0,63.0,4.0,7.0,154.0,,,0.0,27:41,0.0,5.0,3.0,,35.0,1.0,161.0,,,,3-11,,5-24,315.0,1.0,7.0,4.6,13
401767624,2025.0,11.0,regular,away,2900.0,St. Thomas (MN),Pioneer,2181.0,Drake,Pioneer,13-21,,16.0,2-2,0.0,,0.0,16.0,0.0,0.0,47.0,3.0,8.0,121.0,,1.0,0.0,32:19,,,,,39.0,2.0,131.0,,,,6-14,,1-10,252.0,0.0,5.8,3.4,20
401767487,2025.0,11.0,regular,away,2545.0,SE Louisiana,Southland,2320.0,Lamar,Southland,5-15,,11.0,1-3,0.0,2.0,,,1.0,0.0,59.0,3.0,6.0,56.0,,,0.0,25:36,,,,,36.0,1.0,236.0,,,,1-11,1.0,5-44,292.0,1.0,3.7,6.6,12
401767487,2025.0,11.0,regular,home,2320.0,Lamar,Southland,2545.0,SE Louisiana,Southland,8-16,,16.0,0-0,2.0,0.0,0.0,0.0,0.0,0.0,36.0,2.0,2.0,95.0,,1.0,1.0,34:24,,,,,53.0,1.0,160.0,,,,7-17,2.0,3-13,255.0,2.0,5.9,3.0,14
401767386,2025.0,11.0,regular,home,2029.0,Arkansas-Pine Bluff,SWAC,50.0,Florida A&M,SWAC,27-38,,23.0,0-3,0.0,,0.0,0.0,0.0,0.0,62.0,2.0,4.0,345.0,,1.0,4.0,26:55,0.0,9.0,1.0,,28.0,0.0,95.0,,,,9-14,,7-55,440.0,0.0,9.1,3.4,28
401767386,2025.0,11.0,regular,away,50.0,Florida A&M,SWAC,2029.0,Arkansas-Pine Bluff,SWAC,17-25,,21.0,3-3,0.0,,,,1.0,0.0,70.0,4.0,7.0,235.0,,,2.0,33:05,0.0,15.0,2.0,,38.0,2.0,206.0,,,,7-13,,8-79,441.0,1.0,9.4,5.4,31
401767356,2025.0,11.0,regular,away,2504.0,Prairie View A&M,SWAC,2010.0,Alabama A&M,SWAC,17-23,,27.0,0-1,0.0,0.0,,,1.0,0.0,30.0,2.0,6.0,394.0,,,5.0,26:55,0.0,16.0,2.0,,38.0,2.0,213.0,,,,5-9,1.0,7-60,607.0,1.0,17.1,5.6,48
401767356,2025.0,11.0,regular,home,2010.0,Alabama A&M,SWAC,2504.0,Prairie View A&M,SWAC,18-39,,15.0,1-1,0.0,0.0,0.0,0.0,0.0,0.0,47.0,2.0,3.0,101.0,,1.0,0.0,33:05,0.0,0.0,1.0,,33.0,0.0,103.0,,,,7-20,2.0,5-52,204.0,0.0,2.6,3.1,5
401767365,2025.0,11.0,regular,away,2640.0,Texas Southern,SWAC,2011.0,Alabama State,SWAC,26-36,,30.0,1-2,0.0,0.0,,,0.0,0.0,136.0,6.0,6.0,217.0,,,2.0,42:08,0.0,11.0,1.0,,46.0,1.0,255.0,,,,5-14,1.0,8-85,472.0,0.0,6.0,5.5,24
401767365,2025.0,11.0,regular,home,2011.0,Alabama State,SWAC,2640.0,Texas Southern,SWAC,9-13,,14.0,0-0,0.0,,,,0.0,1.0,149.0,4.0,6.0,215.0,,,1.0,17:52,0.0,3.0,1.0,,22.0,3.0,118.0,,,,0-4,,4-40,333.0,0.0,16.5,5.4,42
401767392,2025.0,11.0,regular,home,2755.0,Grambling,SWAC,2065.0,Bethune-Cookman,SWAC,12-20,,18.0,0-0,0.0,2.0,,,1.0,0.0,93.0,5.0,7.0,220.0,,,4.0,32:33,0.0,8.0,1.0,,41.0,0.0,197.0,,,,6-14,1.0,10-108,417.0,1.0,11.0,4.8,31
401767392,2025.0,11.0,regular,away,2065.0,Bethune-Cookman,SWAC,2755.0,Grambling,SWAC,24-29,,18.0,0-1,2.0,0.0,0.0,30.0,0.0,0.0,38.0,2.0,11.0,297.0,,1.0,1.0,27:27,0.0,11.0,4.0,,29.0,1.0,26.0,,,,2-11,3.0,7-57,323.0,2.0,10.2,0.9,23
401767424,2025.0,11.0,regular,home,2400.0,Mississippi Valley State,SWAC,2296.0,Jackson State,SWAC,15-35,,13.0,1-2,1.0,1.0,,,1.0,0.0,15.0,1.0,3.0,126.0,,,0.0,28:30,,,,,28.0,0.0,53.0,,,,3-14,3.0,6-70,179.0,2.0,3.6,1.9,3
401767424,2025.0,11.0,regular,away,2296.0,Jackson State,SWAC,2400.0,Mississippi Valley State,SWAC,21-27,,29.0,1-1,1.0,1.0,1.0,60.0,0.0,0.0,14.0,1.0,6.0,241.0,,1.0,2.0,31:30,0.0,41.0,5.0,,45.0,3.0,217.0,,,,5-11,1.0,4-44,458.0,1.0,8.9,4.8,42
401767376,2025.0,11.0,regular,away,2582.0,Southern,SWAC,2016.0,Alcorn State,SWAC,15-34,,11.0,1-3,1.0,0.0,1.0,0.0,0.0,0.0,85.0,4.0,5.0,183.0,,2.0,0.0,31:30,0.0,12.0,2.0,,28.0,1.0,74.0,,,,5-17,2.0,9-62,257.0,1.0,5.4,2.6,17
401767376,2025.0,11.0,regular,home,2016.0,Alcorn State,SWAC,2582.0,Southern,SWAC,12-22,,23.0,1-1,0.0,1.0,,,2.0,0.0,35.0,2.0,5.0,119.0,,,2.0,28:30,0.0,17.0,3.0,,48.0,3.0,259.0,,,,5-13,3.0,7-65,378.0,2.0,5.4,5.4,35
401754590,2025.0,11.0,regular,away,150.0,Duke,ACC,41.0,UConn,FBS Independents,22-31,0.0,26.0,2-2,1.0,0.0,,,2.0,0.0,99.0,3.0,4.0,222.0,5.0,,3.0,26:47,0.0,15.0,1.0,3.0,34.0,2.0,168.0,2.0,48.0,6.0,3-8,1.0,6-63,390.0,3.0,7.2,4.9,34
401754590,2025.0,11.0,regular,home,41.0,UConn,FBS Independents,150.0,Duke,ACC,27-40,0.0,25.0,2-2,0.0,1.0,0.0,5.0,0.0,0.0,47.0,2.0,11.0,311.0,3.0,2.0,3.0,33:13,0.0,7.0,2.0,6.0,30.0,1.0,156.0,2.0,30.0,4.0,3-12,0.0,5-60,467.0,0.0,7.8,5.2,37
401767632,2025.0,11.0,regular,away,56.0,Stetson,Pioneer,2368.0,Marist,Pioneer,12-27,,15.0,2-3,0.0,,,,3.0,0.0,139.0,6.0,1.0,126.0,,,1.0,31:09,0.0,-6.0,2.0,,43.0,1.0,150.0,,,,3-14,,6-41,276.0,3.0,4.7,3.5,13
401767632,2025.0,11.0,regular,home,2368.0,Marist,Pioneer,56.0,Stetson,Pioneer,8-16,,17.0,0-1,0.0,0.0,1.0,51.0,0.0,0.0,29.0,1.0,11.0,187.0,,3.0,2.0,28:51,0.0,13.0,4.0,,40.0,2.0,206.0,,,,3-10,2.0,4-51,393.0,0.0,11.7,5.2,41
401767599,2025.0,11.0,regular,home,2413.0,Morehead State,Pioneer,2086.0,Butler,Pioneer,23-31,,20.0,1-1,1.0,1.0,0.0,27.0,0.0,0.0,101.0,4.0,7.0,298.0,,2.0,2.0,25:36,,,,,26.0,2.0,46.0,,,,3-9,1.0,6-45,344.0,1.0,9.6,1.8,31
401767599,2025.0,11.0,regular,away,2086.0,Butler,Pioneer,2413.0,Morehead State,Pioneer,17-27,,22.0,2-3,1.0,1.0,,,2.0,1.0,100.0,1.0,12.0,135.0,,,0.0,34:24,0.0,7.0,1.0,,44.0,2.0,195.0,,,,6-14,2.0,9-93,330.0,3.0,5.0,4.4,30
401767646,2025.0,11.0,regular,home,2674.0,Valparaiso,Pioneer,301.0,San Diego,Pioneer,19-30,,15.0,2-2,0.0,,,,3.0,1.0,198.0,4.0,3.0,234.0,,,3.0,23:57,,,,,21.0,0.0,56.0,,,,6-11,,5-40,290.0,3.0,7.8,2.7,27
401767646,2025.0,11.0,regular,away,301.0,San Diego,Pioneer,2674.0,Valparaiso,Pioneer,21-29,,24.0,1-2,0.0,,0.0,5.0,0.0,0.0,49.0,3.0,13.0,221.0,,3.0,1.0,36:03,0.0,33.0,1.0,,45.0,4.0,241.0,,,,8-14,,5-46,462.0,0.0,7.6,5.4,43
401767676,2025.0,11.0,regular,home,225.0,Brown,Ivy,43.0,Yale,Ivy,26-43,,21.0,1-3,0.0,1.0,,,2.0,,,,10.0,366.0,,,1.0,28:09,,,,,30.0,1.0,19.0,,,,4-13,0.0,7-50,385.0,2.0,8.5,0.6,22
401767676,2025.0,11.0,regular,away,43.0,Yale,Ivy,225.0,Brown,Ivy,20-28,,21.0,0-0,1.0,0.0,0.0,43.0,0.0,0.0,38.0,1.0,10.0,208.0,,2.0,2.0,31:51,,,,,43.0,2.0,255.0,,,,7-15,1.0,9-112,463.0,1.0,7.4,5.9,34
401767703,2025.0,11.0,regular,home,159.0,Dartmouth,Ivy,163.0,Princeton,Ivy,12-15,,13.0,0-0,0.0,0.0,0.0,27.0,0.0,0.0,20.0,1.0,2.0,152.0,,2.0,1.0,26:27,,,,,37.0,2.0,137.0,,,,6-12,1.0,6-76,289.0,0.0,10.1,3.7,20
401767703,2025.0,11.0,regular,away,163.0,Princeton,Ivy,159.0,Dartmouth,Ivy,29-47,,26.0,2-4,0.0,,,,2.0,,,,3.0,266.0,,,0.0,33:33,,,,,34.0,2.0,142.0,,,,8-15,,7-61,408.0,2.0,5.7,4.2,17
401767694,2025.0,11.0,regular,away,172.0,Cornell,Ivy,219.0,Pennsylvania,Ivy,24-31,,25.0,2-2,0.0,1.0,,,0.0,0.0,12.0,1.0,9.0,265.0,,,1.0,31:19,,,,,38.0,4.0,183.0,,,,4-10,0.0,2-20,448.0,0.0,8.5,4.8,39
401767694,2025.0,11.0,regular,home,219.0,Pennsylvania,Ivy,172.0,Cornell,Ivy,15-22,,15.0,1-3,1.0,0.0,,,0.0,0.0,39.0,4.0,5.0,112.0,,,0.0,28:41,,,,,34.0,2.0,192.0,,,,7-13,2.0,6-65,304.0,1.0,5.1,5.6,17
401767706,2025.0,11.0,regular,home,171.0,Columbia,Ivy,108.0,Harvard,Ivy,21-41,,18.0,3-4,0.0,1.0,,,2.0,,,,0.0,220.0,,,2.0,34:15,0.0,8.0,1.0,,31.0,0.0,105.0,,,,8-17,0.0,4-27,325.0,2.0,5.4,3.4,14
401767706,2025.0,11.0,regular,away,108.0,Harvard,Ivy,171.0,Columbia,Ivy,16-25,,16.0,2-2,1.0,0.0,0.0,36.0,0.0,0.0,13.0,1.0,7.0,213.0,,2.0,2.0,25:45,0.0,-2.0,2.0,,33.0,2.0,168.0,,,,5-12,1.0,2-20,381.0,1.0,8.5,5.1,31
401767137,2025.0,11.0,regular,away,2803.0,Bryant,CAA,399.0,UAlbany,CAA,18-31,,18.0,4-4,2.0,1.0,,,0.0,0.0,84.0,5.0,9.0,263.0,,,2.0,30:05,0.0,1.0,1.0,,32.0,1.0,88.0,,,,2-12,2.0,4-20,351.0,2.0,8.5,2.8,27
401767137,2025.0,11.0,regular,home,399.0,UAlbany,CAA,2803.0,Bryant,CAA,22-31,,16.0,1-3,1.0,2.0,,,0.0,0.0,89.0,6.0,6.0,235.0,,,2.0,29:55,,,,,32.0,1.0,86.0,,,,6-15,1.0,7-42,321.0,1.0,7.6,2.7,24
401767177,2025.0,11.0,regular,away,227.0,Rhode Island,CAA,2210.0,Elon,CAA,24-30,,24.0,0-0,0.0,0.0,,,0.0,,,,10.0,309.0,,,2.0,37:17,0.0,49.0,3.0,,41.0,2.0,133.0,,,,7-13,1.0,4-37,442.0,0.0,10.3,3.2,34
401767177,2025.0,11.0,regular,home,2210.0,Elon,CAA,227.0,Rhode Island,CAA,18-32,,11.0,1-2,0.0,,,,0.0,0.0,46.0,3.0,8.0,195.0,,,1.0,22:43,1.0,93.0,2.0,,22.0,0.0,30.0,,,,4-14,,4-25,225.0,0.0,6.1,1.4,20
401767330,2025.0,11.0,regular,home,119.0,Towson,CAA,222.0,Villanova,CAA,14-30,,15.0,0-1,1.0,0.0,,,0.0,0.0,12.0,1.0,4.0,156.0,,,0.0,24:29,0.0,-9.0,2.0,,29.0,1.0,131.0,,,,5-14,3.0,9-70,287.0,1.0,5.2,4.5,10
401767330,2025.0,11.0,regular,away,222.0,Villanova,CAA,119.0,Towson,CAA,11-23,,24.0,0-2,0.0,1.0,,,0.0,0.0,24.0,1.0,4.0,120.0,,,0.0,35:31,0.0,43.0,3.0,,48.0,4.0,353.0,,,,6-14,0.0,7-52,473.0,0.0,5.2,7.4,28
401767077,2025.0,11.0,regular,home,304.0,Idaho State,Big Sky,13.0,Cal Poly,Big Sky,27-37,,28.0,0-0,0.0,,0.0,2.0,0.0,0.0,26.0,1.0,9.0,275.0,,1.0,1.0,29:38,0.0,5.0,1.0,,35.0,2.0,176.0,,,,8-13,,2-13,451.0,0.0,7.4,5.0,27
401767077,2025.0,11.0,regular,away,13.0,Cal Poly,Big Sky,304.0,Idaho State,Big Sky,18-29,,23.0,4-4,0.0,0.0,,,1.0,0.0,23.0,2.0,5.0,172.0,,,1.0,30:22,0.0,0.0,1.0,,40.0,1.0,237.0,,,,4-14,1.0,5-40,409.0,1.0,5.9,5.9,17
401767117,2025.0,11.0,regular,home,2464.0,Northern Arizona,Big Sky,2458.0,Northern Colorado,Big Sky,22-25,,25.0,0-1,0.0,,0.0,13.0,0.0,1.0,100.0,1.0,7.0,247.0,,1.0,1.0,33:50,0.0,4.0,1.0,,35.0,5.0,234.0,,,,8-10,,3-32,481.0,0.0,9.9,6.7,49
401767117,2025.0,11.0,regular,away,2458.0,Northern Colorado,Big Sky,2464.0,Northern Arizona,Big Sky,20-34,,16.0,1-3,0.0,,,,1.0,,,,4.0,180.0,,,0.0,26:10,,,,,29.0,1.0,105.0,,,,6-14,,4-35,285.0,1.0,5.3,3.6,10
401767069,2025.0,11.0,regular,home,149.0,Montana,Big Sky,331.0,Eastern Washington,Big Sky,22-30,,13.0,1-2,0.0,,0.0,0.0,0.0,0.0,75.0,3.0,3.0,250.0,,2.0,2.0,22:12,0.0,66.0,2.0,,23.0,2.0,101.0,,,,1-10,,5-55,351.0,0.0,8.3,4.4,29
401767069,2025.0,11.0,regular,away,331.0,Eastern Washington,Big Sky,149.0,Montana,Big Sky,43-63,,27.0,2-3,0.0,0.0,,,2.0,0.0,76.0,4.0,6.0,451.0,,,2.0,37:48,0.0,6.0,1.0,,29.0,1.0,28.0,,,,11-21,2.0,2-10,479.0,2.0,7.2,1.0,24
401767110,2025.0,11.0,regular,away,2692.0,Weber State,Big Sky,147.0,Montana State,Big Sky,17-29,,12.0,1-1,2.0,2.0,,,2.0,0.0,120.0,7.0,2.0,107.0,,,1.0,31:49,,,,,35.0,1.0,178.0,,,,8-18,2.0,3-43,285.0,4.0,3.7,5.1,14
401767110,2025.0,11.0,regular,home,147.0,Montana State,Big Sky,2692.0,Weber State,Big Sky,17-22,,29.0,0-0,2.0,2.0,0.0,79.0,0.0,0.0,77.0,1.0,12.0,183.0,,2.0,3.0,28:11,0.0,100.0,5.0,,40.0,6.0,269.0,,,,6-8,2.0,2-10,452.0,2.0,8.3,6.7,66
401767129,2025.0,11.0,regular,away,16.0,Sacramento State,Big Sky,2502.0,Portland State,Big Sky,8-11,,18.0,1-2,1.0,1.0,0.0,14.0,0.0,0.0,78.0,4.0,10.0,188.0,,2.0,2.0,28:41,0.0,4.0,1.0,,47.0,5.0,295.0,,,,5-12,1.0,5-50,483.0,1.0,17.1,6.3,52
401767129,2025.0,11.0,regular,home,2502.0,Portland State,Big Sky,16.0,Sacramento State,Big Sky,13-24,,17.0,0-1,1.0,1.0,,,2.0,0.0,111.0,4.0,6.0,177.0,,,1.0,31:19,0.0,7.0,2.0,,45.0,2.0,142.0,,,,5-15,1.0,8-70,319.0,3.0,7.4,3.2,24
401756946,2025.0,11.0,regular,home,2116.0,UCF,Big 12,248.0,Houston,Big 12,15-30,1.0,14.0,0-0,0.0,1.0,1.0,81.0,2.0,0.0,62.0,3.0,9.0,136.0,4.0,3.0,0.0,25:22,0.0,35.0,2.0,1.0,30.0,2.0,146.0,2.0,48.0,6.0,5-15,1.0,9-75,282.0,2.0,4.5,4.9,27
401756946,2025.0,11.0,regular,away,248.0,Houston,Big 12,2116.0,UCF,Big 12,20-31,1.0,26.0,1-3,1.0,0.0,1.0,45.0,3.0,,,,12.0,223.0,3.0,2.0,2.0,34:38,0.0,15.0,3.0,3.0,49.0,0.0,210.0,1.0,42.0,6.0,8-16,3.0,3-25,433.0,4.0,7.2,4.3,30
401767755,2025.0,11.0,regular,away,2184.0,Duquesne,NEC,2341.0,Long Island University,NEC,13-31,,24.0,0-2,0.0,0.0,0.0,15.0,2.0,0.0,68.0,3.0,3.0,119.0,,1.0,1.0,34:14,0.0,18.0,2.0,,47.0,0.0,203.0,,,,7-16,2.0,7-73,322.0,2.0,3.8,4.3,11
401767755,2025.0,11.0,regular,home,2341.0,Long Island University,NEC,2184.0,Duquesne,NEC,9-17,,21.0,0-1,0.0,,1.0,41.0,1.0,0.0,59.0,3.0,3.0,122.0,,2.0,2.0,25:46,0.0,10.0,1.0,,41.0,1.0,188.0,,,,7-13,,6-59,310.0,1.0,7.2,4.6,29
401767347,2025.0,11.0,regular,home,2415.0,Morgan State,MEAC,2169.0,Delaware State,MEAC,10-24,,16.0,0-1,1.0,0.0,0.0,30.0,0.0,0.0,56.0,3.0,6.0,112.0,,2.0,0.0,28:01,,,,,38.0,1.0,173.0,,,,3-14,3.0,4-30,285.0,1.0,4.7,4.6,12
401767347,2025.0,11.0,regular,away,2169.0,Delaware State,MEAC,2415.0,Morgan State,MEAC,16-25,,13.0,1-2,0.0,2.0,,,2.0,0.0,37.0,2.0,2.0,169.0,,,0.0,31:59,0.0,0.0,1.0,,37.0,2.0,114.0,,,,4-14,2.0,5-45,283.0,2.0,6.8,3.1,14
401767396,2025.0,11.0,regular,home,2569.0,South Carolina State,MEAC,47.0,Howard,MEAC,16-26,,17.0,0-0,0.0,,1.0,27.0,2.0,,,,6.0,221.0,,1.0,1.0,29:16,0.0,16.0,1.0,,31.0,2.0,116.0,,,,5-11,,10-85,337.0,2.0,8.5,3.7,42
401767396,2025.0,11.0,regular,away,47.0,Howard,MEAC,2569.0,South Carolina State,MEAC,9-30,,13.0,0-1,0.0,0.0,0.0,0.0,1.0,0.0,113.0,3.0,4.0,146.0,,2.0,1.0,30:44,0.0,64.0,2.0,,37.0,0.0,63.0,,,,6-18,1.0,8-85,209.0,1.0,4.9,1.7,12
401767409,2025.0,11.0,regular,home,2428.0,North Carolina Central,MEAC,2450.0,Norfolk State,MEAC,25-40,,24.0,0-0,0.0,1.0,0.0,25.0,1.0,0.0,39.0,3.0,11.0,270.0,,1.0,3.0,33:06,0.0,44.0,2.0,,35.0,0.0,80.0,,,,7-17,0.0,10-93,350.0,1.0,6.8,2.3,31
401767409,2025.0,11.0,regular,away,2450.0,Norfolk State,MEAC,2428.0,North Carolina Central,MEAC,22-35,,21.0,0-1,1.0,0.0,0.0,0.0,1.0,0.0,90.0,4.0,4.0,239.0,,1.0,3.0,26:54,0.0,-1.0,2.0,,28.0,1.0,164.0,,,,5-12,1.0,20-167,403.0,2.0,6.8,5.9,28
401767507,2025.0,11.0,regular,away,2449.0,North Dakota State,MVFC,155.0,North Dakota,MVFC,8-15,,10.0,1-1,0.0,,0.0,10.0,1.0,0.0,59.0,3.0,9.0,125.0,,3.0,0.0,25:18,0.0,5.0,1.0,,36.0,1.0,143.0,,,,2-12,,11-98,268.0,1.0,8.3,4.0,15
401767507,2025.0,11.0,regular,home,155.0,North Dakota,MVFC,2449.0,North Dakota State,MVFC,21-38,,23.0,2-4,0.0,,0.0,22.0,3.0,0.0,52.0,3.0,4.0,170.0,,1.0,0.0,34:42,0.0,40.0,3.0,,43.0,1.0,116.0,,,,6-16,,5-23,286.0,3.0,4.5,2.7,10
401767542,2025.0,11.0,regular,away,2571.0,South Dakota State,MVFC,233.0,South Dakota,MVFC,13-24,,16.0,0-1,0.0,0.0,,,1.0,0.0,54.0,2.0,5.0,139.0,,,1.0,27:24,0.0,38.0,2.0,,32.0,1.0,191.0,,,,5-13,1.0,10-87,330.0,1.0,5.8,6.0,17
401767542,2025.0,11.0,regular,home,233.0,South Dakota,MVFC,2571.0,South Dakota State,MVFC,14-21,,20.0,1-1,0.0,,0.0,0.0,0.0,0.0,22.0,2.0,6.0,158.0,,1.0,1.0,32:36,0.0,3.0,1.0,,41.0,2.0,175.0,,,,4-11,,6-45,333.0,0.0,7.5,4.3,24
401767443,2025.0,11.0,regular,home,282.0,Indiana State,MVFC,2287.0,Illinois State,MVFC,17-28,,12.0,1-2,0.0,0.0,,,2.0,0.0,16.0,2.0,2.0,204.0,,,2.0,19:18,,,,,22.0,1.0,68.0,,,,4-11,1.0,2-30,272.0,2.0,7.3,3.1,20
401767443,2025.0,11.0,regular,away,2287.0,Illinois State,MVFC,282.0,Indiana State,MVFC,29-34,,33.0,0-2,0.0,,0.0,0.0,0.0,0.0,13.0,2.0,10.0,314.0,,2.0,4.0,40:42,0.0,6.0,4.0,,52.0,3.0,241.0,,,,10-15,,7-70,555.0,0.0,9.2,4.6,52
401767548,2025.0,11.0,regular,home,2754.0,Youngstown State,MVFC,79.0,Southern Illinois,MVFC,26-35,,29.0,0-0,1.0,0.0,,,0.0,0.0,57.0,3.0,6.0,345.0,,,4.0,34:43,0.0,1.0,1.0,,35.0,3.0,303.0,,,,10-13,2.0,7-70,648.0,1.0,9.9,8.7,48
401767548,2025.0,11.0,regular,away,79.0,Southern Illinois,MVFC,2754.0,Youngstown State,MVFC,23-42,,25.0,0-1,0.0,1.0,,,0.0,0.0,7.0,2.0,6.0,361.0,,,3.0,25:17,,,,,29.0,2.0,176.0,,,,6-12,2.0,7-55,537.0,0.0,8.6,6.1,38
401767769,2025.0,11.0,regular,away,2385.0,Mercyhurst,NEC,2598.0,St. Francis (PA),NEC,22-32,,16.0,2-3,2.0,0.0,,,0.0,0.0,109.0,4.0,4.0,234.0,,,1.0,22:28,0.0,7.0,3.0,,20.0,1.0,106.0,,,,3-11,2.0,13-103,340.0,2.0,7.3,5.3,16
401767769,2025.0,11.0,regular,home,2598.0,St. Francis (PA),NEC,2385.0,Mercyhurst,NEC,21-36,,20.0,0-1,0.0,2.0,,,0.0,0.0,82.0,4.0,15.0,193.0,,,0.0,37:32,,,,,36.0,0.0,126.0,,,,6-18,2.0,4-40,319.0,0.0,5.4,3.5,15
401767766,2025.0,11.0,regular,home,2523.0,Robert Morris,NEC,2681.0,Wagner,NEC,18-38,,20.0,0-3,0.0,0.0,0.0,-18.0,0.0,0.0,93.0,5.0,8.0,289.0,,1.0,2.0,27:24,0.0,7.0,2.0,,30.0,0.0,91.0,,,,5-15,1.0,3-40,380.0,0.0,7.6,3.0,20
401767766,2025.0,11.0,regular,away,2681.0,Wagner,NEC,2523.0,Robert Morris,NEC,6-13,,18.0,2-4,0.0,0.0,,,1.0,,,,6.0,43.0,,,0.0,32:36,0.0,8.0,1.0,,52.0,3.0,320.0,,,,2-12,1.0,5-44,363.0,1.0,3.3,6.2,24
401762502,2025.0,11.0,regular,home,242.0,Rice,American Athletic,5.0,UAB,American Athletic,11-15,0.0,18.0,4-5,1.0,0.0,,,0.0,0.0,37.0,2.0,6.0,41.0,2.0,,2.0,34:51,0.0,12.0,1.0,3.0,57.0,1.0,191.0,5.0,33.0,6.0,5-17,1.0,3-22,232.0,1.0,2.7,3.4,24
401762502,2025.0,11.0,regular,away,5.0,UAB,American Athletic,242.0,Rice,American Athletic,18-34,0.0,18.0,0-3,0.0,1.0,,,0.0,0.0,33.0,2.0,5.0,213.0,1.0,,2.0,25:09,0.0,28.0,2.0,1.0,29.0,0.0,102.0,1.0,46.0,7.0,5-14,0.0,11-95,315.0,0.0,6.3,3.5,17
401757298,2025.0,11.0,regular,away,338.0,Kennesaw State,Conference USA,166.0,New Mexico State,Conference USA,14-30,0.0,21.0,0-0,0.0,1.0,0.0,0.0,2.0,,,,6.0,219.0,4.0,2.0,3.0,29:16,0.0,24.0,4.0,1.0,44.0,0.0,208.0,6.0,49.0,14.0,8-17,1.0,13-128,427.0,2.0,7.3,4.7,24
401757298,2025.0,11.0,regular,home,166.0,New Mexico State,Conference USA,338.0,Kennesaw State,Conference USA,28-46,0.0,26.0,2-2,1.0,0.0,0.0,10.0,2.0,0.0,72.0,2.0,3.0,241.0,5.0,2.0,2.0,30:44,0.0,1.0,1.0,0.0,36.0,1.0,75.0,0.0,38.0,2.0,8-18,1.0,5-30,316.0,3.0,5.2,2.1,21
401767465,2025.0,11.0,regular,away,2377.0,McNeese,Southland,2837.0,East Texas A&M,Southland,10-18,,22.0,1-1,0.0,1.0,1.0,24.0,1.0,,,,5.0,171.0,,3.0,1.0,35:26,0.0,20.0,2.0,,53.0,3.0,310.0,,,,8-16,3.0,8-55,481.0,1.0,9.5,5.8,35
401767465,2025.0,11.0,regular,home,2837.0,East Texas A&M,Southland,2377.0,McNeese,Southland,20-36,,19.0,0-1,1.0,0.0,0.0,0.0,3.0,1.0,109.0,2.0,8.0,234.0,,1.0,1.0,24:34,0.0,57.0,2.0,,28.0,0.0,149.0,,,,2-10,2.0,6-65,383.0,4.0,6.5,5.3,20
401767562,2025.0,11.0,regular,home,2535.0,Samford,Southern,2193.0,East Tennessee State,Southern,21-39,,16.0,3-3,0.0,0.0,,,1.0,0.0,61.0,3.0,2.0,256.0,,,2.0,30:01,0.0,4.0,2.0,,37.0,0.0,56.0,,,,4-19,3.0,5-50,312.0,1.0,6.6,1.5,14
401767562,2025.0,11.0,regular,away,2193.0,East Tennessee State,Southern,2535.0,Samford,Southern,23-36,,25.0,0-0,0.0,,0.0,0.0,0.0,0.0,15.0,1.0,8.0,363.0,,1.0,3.0,29:59,0.0,8.0,3.0,,38.0,2.0,237.0,,,,6-14,,7-75,600.0,0.0,10.1,6.2,38
401767578,2025.0,11.0,regular,home,2717.0,Western Carolina,Southern,2382.0,Mercer,Southern,33-49,,33.0,0-1,1.0,0.0,,,1.0,0.0,94.0,4.0,5.0,551.0,,,7.0,29:28,0.0,4.0,2.0,,36.0,0.0,48.0,,,,10-18,1.0,5-55,599.0,2.0,11.2,1.3,47
401767578,2025.0,11.0,regular,away,2382.0,Mercer,Southern,2717.0,Western Carolina,Southern,23-39,,23.0,0-0,0.0,1.0,0.0,0.0,0.0,0.0,51.0,3.0,11.0,443.0,,1.0,3.0,30:32,0.0,3.0,2.0,,31.0,3.0,125.0,,,,7-15,0.0,8-72,568.0,0.0,11.4,4.0,49
401767590,2025.0,11.0,regular,away,2747.0,Wofford,Southern,2678.0,VMI,Southern,23-35,,19.0,2-2,2.0,1.0,1.0,63.0,0.0,0.0,35.0,2.0,10.0,375.0,,2.0,5.0,30:46,0.0,85.0,3.0,,30.0,1.0,132.0,,,,6-14,2.0,6-56,507.0,2.0,10.7,4.4,52
401767590,2025.0,11.0,regular,home,2678.0,VMI,Southern,2747.0,Wofford,Southern,15-25,,9.0,1-1,1.0,2.0,,,2.0,0.0,59.0,4.0,4.0,140.0,,,1.0,29:14,,,,,36.0,0.0,88.0,,,,4-15,2.0,5-40,228.0,3.0,5.6,2.4,10
401767474,2025.0,11.0,regular,away,2617.0,Stephen F. Austin,Southland,2277.0,Houston Christian,Southland,13-20,,21.0,1-1,0.0,0.0,0.0,0.0,0.0,0.0,13.0,1.0,6.0,165.0,,2.0,4.0,31:33,1.0,93.0,2.0,,47.0,2.0,235.0,,,,5-12,2.0,14-103,400.0,0.0,8.3,5.0,50
401767474,2025.0,11.0,regular,home,2277.0,Houston Christian,Southland,2617.0,Stephen F. Austin,Southland,12-20,,9.0,0-0,0.0,,,,2.0,0.0,66.0,4.0,3.0,132.0,,,0.0,28:27,0.0,23.0,3.0,,34.0,0.0,2.0,,,,1-14,,10-72,134.0,2.0,6.6,0.1,3
401767480,2025.0,11.0,regular,home,2466.0,Northwestern State,Southland,2916.0,Incarnate Word,Southland,13-21,,12.0,1-2,1.0,1.0,,,0.0,0.0,86.0,4.0,3.0,102.0,,,0.0,31:41,,,,,37.0,0.0,100.0,,,,3-13,3.0,4-59,202.0,1.0,4.9,2.7,3
401767480,2025.0,11.0,regular,away,2916.0,Incarnate Word,Southland,2466.0,Northwestern State,Southland,23-32,,24.0,0-1,1.0,1.0,,,0.0,0.0,31.0,1.0,8.0,267.0,,,2.0,28:19,0.0,-5.0,1.0,,31.0,3.0,215.0,,,,8-12,1.0,4-50,482.0,1.0,8.3,6.9,38
401767535,2025.0,11.0,regular,away,231.0,Furman,Southern,236.0,Chattanooga,Southern,19-27,,17.0,0-0,1.0,0.0,,,2.0,0.0,159.0,7.0,4.0,296.0,,,2.0,21:34,0.0,-3.0,1.0,,24.0,2.0,72.0,,,,4-8,1.0,2-20,368.0,3.0,11.0,3.0,28
401767535,2025.0,11.0,regular,home,236.0,Chattanooga,Southern,231.0,Furman,Southern,15-23,,24.0,3-4,0.0,1.0,1.0,56.0,0.0,,,,9.0,277.0,,2.0,4.0,38:26,0.0,0.0,1.0,,51.0,1.0,252.0,,,,8-16,0.0,6-65,529.0,0.0,12.0,4.9,45
401752761,2025.0,11.0,regular,home,145.0,Ole Miss,SEC,2643.0,The Citadel,Southern,37-46,0.0,35.0,1-3,0.0,0.0,,,1.0,0.0,5.0,1.0,7.0,452.0,3.0,,3.0,27:56,0.0,-7.0,2.0,2.0,35.0,4.0,151.0,2.0,26.0,13.0,7-12,1.0,3-24,603.0,1.0,9.8,4.3,49
401752761,2025.0,11.0,regular,away,2643.0,The Citadel,Southern,145.0,Ole Miss,SEC,3-8,0.0,5.0,0-1,0.0,,0.0,32.0,0.0,,,,0.0,23.0,3.0,1.0,0.0,32:04,0.0,-1.0,2.0,0.0,42.0,0.0,83.0,3.0,46.0,5.0,4-15,,5-52,106.0,0.0,2.9,2.0,0
401754588,2025.0,11.0,regular,home,153.0,North Carolina,ACC,24.0,Stanford,ACC,18-25,0.0,13.0,0-0,1.0,1.0,0.0,13.0,0.0,0.0,4.0,1.0,8.0,203.0,2.0,1.0,2.0,27:23,0.0,5.0,2.0,4.0,27.0,0.0,50.0,9.0,46.0,9.0,6-15,2.0,11-73,253.0,1.0,8.1,1.9,20
401754588,2025.0,11.0,regular,away,24.0,Stanford,ACC,153.0,North Carolina,ACC,27-39,0.0,22.0,1-1,1.0,1.0,,,1.0,0.0,36.0,2.0,3.0,284.0,1.0,,1.0,32:37,,,,6.0,35.0,1.0,36.0,2.0,35.0,9.0,10-18,2.0,8-80,320.0,2.0,7.3,1.0,15
401754585,2025.0,11.0,regular,home,97.0,Louisville,ACC,25.0,California,ACC,20-39,0.0,16.0,1-2,0.0,0.0,,,1.0,0.0,36.0,3.0,14.0,203.0,6.0,,0.0,30:08,,,,3.0,30.0,2.0,148.0,3.0,43.0,5.0,6-17,1.0,4-45,351.0,1.0,5.2,4.9,26
401754585,2025.0,11.0,regular,away,25.0,California,ACC,97.0,Louisville,ACC,31-49,0.0,21.0,1-1,0.0,,0.0,0.0,0.0,,,,11.0,350.0,7.0,1.0,2.0,29:52,,,,4.0,25.0,1.0,77.0,2.0,38.0,6.0,8-18,,8-60,427.0,0.0,7.1,3.1,29
401754586,2025.0,11.0,regular,home,228.0,Clemson,ACC,52.0,Florida State,ACC,20-27,0.0,16.0,2-2,0.0,1.0,0.0,20.0,0.0,,,,10.0,221.0,6.0,1.0,1.0,34:22,,,,6.0,36.0,1.0,98.0,6.0,28.0,9.0,4-15,0.0,2-17,319.0,0.0,8.2,2.7,24
401754586,2025.0,11.0,regular,away,52.0,Florida State,ACC,228.0,Clemson,ACC,23-43,0.0,19.0,1-3,1.0,0.0,,,1.0,,,,4.0,250.0,2.0,,1.0,25:38,,,,4.0,26.0,0.0,110.0,2.0,29.0,8.0,5-15,1.0,5-50,360.0,2.0,5.8,4.2,10
401754584,2025.0,11.0,regular,away,2567.0,SMU,ACC,103.0,Boston College,ACC,19-35,0.0,22.0,0-0,0.0,2.0,0.0,28.0,1.0,0.0,6.0,1.0,9.0,352.0,3.0,2.0,3.0,27:02,0.0,25.0,2.0,4.0,31.0,3.0,222.0,8.0,55.0,9.0,8-14,1.0,13-155,574.0,1.0,10.1,7.2,45
401754584,2025.0,11.0,regular,home,103.0,Boston College,ACC,2567.0,SMU,ACC,29-45,0.0,25.0,4-7,2.0,0.0,0.0,0.0,2.0,0.0,49.0,2.0,7.0,284.0,6.0,1.0,1.0,32:58,0.0,4.0,2.0,2.0,40.0,0.0,106.0,1.0,36.0,4.0,2-15,2.0,4-25,390.0,4.0,6.3,2.7,13
401754589,2025.0,11.0,regular,home,258.0,Virginia,ACC,154.0,Wake Forest,ACC,21-34,0.0,13.0,1-3,3.0,0.0,,,0.0,0.0,17.0,1.0,9.0,164.0,7.0,,0.0,28:18,0.0,40.0,3.0,3.0,30.0,0.0,163.0,0.0,18.0,4.0,3-14,3.0,3-15,327.0,3.0,4.8,5.4,9
401754589,2025.0,11.0,regular,away,154.0,Wake Forest,ACC,258.0,Virginia,ACC,9-23,1.0,12.0,1-3,0.0,3.0,,,0.0,,,,10.0,64.0,3.0,,0.0,31:42,1.0,124.0,3.0,4.0,41.0,0.0,139.0,2.0,32.0,4.0,5-17,1.0,5-52,203.0,0.0,2.8,3.4,16
401754587,2025.0,11.0,regular,home,2390.0,Miami,ACC,183.0,Syracuse,ACC,19-25,1.0,22.0,0-0,0.0,1.0,1.0,48.0,0.0,0.0,41.0,2.0,8.0,261.0,4.0,2.0,2.0,30:23,0.0,4.0,2.0,3.0,32.0,2.0,124.0,7.0,41.0,11.0,3-9,0.0,5-54,385.0,0.0,10.4,3.9,38
401754587,2025.0,11.0,regular,away,183.0,Syracuse,ACC,2390.0,Miami,ACC,15-28,0.0,20.0,0-1,1.0,0.0,,,2.0,,,,4.0,124.0,3.0,,1.0,29:37,0.0,7.0,1.0,0.0,43.0,0.0,161.0,2.0,35.0,3.0,6-14,1.0,8-65,285.0,3.0,4.4,3.7,10
401752895,2025.0,11.0,regular,away,158.0,Nebraska,Big Ten,26.0,UCLA,Big Ten,13-15,0.0,20.0,0-0,0.0,,,,0.0,0.0,24.0,1.0,4.0,205.0,2.0,,3.0,30:00,0.0,17.0,1.0,2.0,39.0,1.0,156.0,3.0,38.0,6.0,5-8,,2-25,361.0,0.0,13.7,4.0,28
401752895,2025.0,11.0,regular,home,26.0,UCLA,Big Ten,158.0,Nebraska,Big Ten,17-27,0.0,21.0,2-3,0.0,,,,0.0,0.0,64.0,3.0,3.0,191.0,0.0,,2.0,30:00,,,,0.0,37.0,1.0,157.0,0.0,31.0,2.0,8-14,,4-20,348.0,0.0,7.1,4.2,21
401752896,2025.0,11.0,regular,away,77.0,Northwestern,Big Ten,30.0,USC,Big Ten,20-30,0.0,13.0,1-2,2.0,0.0,0.0,25.0,0.0,0.0,47.0,2.0,,150.0,2.0,1.0,1.0,27:24,,,,0.0,25.0,1.0,130.0,1.0,9.0,1.0,4-12,2.0,2-26,280.0,2.0,5.0,5.2,17
401752896,2025.0,11.0,regular,home,30.0,USC,Big Ten,77.0,Northwestern,Big Ten,25-34,0.0,24.0,2-2,0.0,2.0,,,1.0,0.0,28.0,2.0,,309.0,5.0,,2.0,32:36,0.0,5.0,1.0,0.0,30.0,3.0,173.0,2.0,21.0,3.0,6-11,0.0,4-30,482.0,1.0,9.1,5.8,38
401752893,2025.0,11.0,regular,home,213.0,Penn State,Big Ten,84.0,Indiana,Big Ten,22-31,0.0,17.0,1-1,1.0,0.0,0.0,1.0,1.0,0.0,50.0,3.0,6.0,219.0,4.0,1.0,1.0,29:23,0.0,16.0,1.0,6.0,33.0,2.0,117.0,3.0,38.0,8.0,8-15,2.0,5-37,336.0,2.0,7.1,3.5,24
401752893,2025.0,11.0,regular,away,84.0,Indiana,Big Ten,213.0,Penn State,Big Ten,19-31,0.0,20.0,1-1,0.0,1.0,0.0,2.0,1.0,0.0,19.0,1.0,9.0,218.0,3.0,1.0,1.0,30:37,,,,3.0,31.0,2.0,108.0,2.0,41.0,9.0,5-12,1.0,5-21,326.0,1.0,7.0,3.5,27
401752894,2025.0,11.0,regular,home,164.0,Rutgers,Big Ten,120.0,Maryland,Big Ten,13-20,0.0,25.0,1-2,0.0,,0.0,19.0,2.0,,,,5.0,229.0,5.0,1.0,4.0,34:58,,,,5.0,49.0,1.0,256.0,0.0,31.0,3.0,8-12,,1-5,485.0,2.0,11.5,5.2,35
401752894,2025.0,11.0,regular,away,120.0,Maryland,Big Ten,164.0,Rutgers,Big Ten,15-28,0.0,14.0,1-3,0.0,0.0,0.0,0.0,1.0,0.0,28.0,2.0,8.0,98.0,4.0,2.0,1.0,25:02,,,,0.0,29.0,1.0,305.0,1.0,26.0,6.0,4-12,1.0,5-45,403.0,1.0,3.5,10.5,20
401752897,2025.0,11.0,regular,home,2509.0,Purdue,Big Ten,194.0,Ohio State,Big Ten,13-22,0.0,13.0,0-0,0.0,,0.0,0.0,1.0,0.0,35.0,2.0,4.0,94.0,2.0,1.0,1.0,19:07,,,,2.0,22.0,0.0,92.0,2.0,47.0,5.0,3-9,,2-13,186.0,1.0,4.3,4.2,10
401752897,2025.0,11.0,regular,away,194.0,Ohio State,Big Ten,2509.0,Purdue,Big Ten,27-33,0.0,30.0,0-0,0.0,,0.0,23.0,1.0,,,,10.0,303.0,3.0,1.0,1.0,40:53,0.0,24.0,2.0,1.0,43.0,3.0,170.0,0.0,25.0,3.0,9-13,,6-63,473.0,1.0,9.2,4.0,34
401752899,2025.0,11.0,regular,home,275.0,Wisconsin,Big Ten,264.0,Washington,Big Ten,6-18,0.0,12.0,2-3,0.0,1.0,0.0,0.0,0.0,0.0,23.0,1.0,7.0,48.0,2.0,1.0,0.0,31:22,0.0,30.0,3.0,3.0,47.0,1.0,157.0,4.0,41.0,9.0,2-14,2.0,3-25,205.0,0.0,2.7,3.3,13
401752899,2025.0,11.0,regular,away,264.0,Washington,Big Ten,275.0,Wisconsin,Big Ten,20-32,0.0,15.0,1-3,1.0,0.0,,,1.0,0.0,0.0,1.0,4.0,134.0,3.0,,1.0,28:38,0.0,34.0,4.0,1.0,36.0,0.0,117.0,2.0,39.0,6.0,5-16,1.0,8-53,251.0,2.0,4.2,3.3,10
401752898,2025.0,11.0,regular,away,2483.0,Oregon,Big Ten,2294.0,Iowa,Big Ten,13-21,0.0,19.0,0-0,0.0,2.0,,,1.0,0.0,11.0,1.0,10.0,112.0,0.0,,0.0,26:40,0.0,6.0,1.0,3.0,36.0,1.0,261.0,2.0,38.0,4.0,3-10,1.0,5-57,373.0,1.0,5.3,7.3,18
401752898,2025.0,11.0,regular,home,2294.0,Iowa,Big Ten,2483.0,Oregon,Big Ten,10-18,0.0,18.0,3-4,2.0,0.0,0.0,0.0,0.0,0.0,32.0,2.0,4.0,138.0,1.0,1.0,1.0,33:20,,,,0.0,43.0,1.0,101.0,0.0,28.0,1.0,5-13,2.0,1-1,239.0,2.0,7.7,2.3,16
401762855,2025.0,11.0,regular,home,2199.0,Eastern Michigan,Mid-American,189.0,Bowling Green,Mid-American,22-40,0.0,25.0,1-2,0.0,,0.0,1.0,0.0,0.0,27.0,2.0,9.0,210.0,2.0,1.0,1.0,33:45,,,,1.0,35.0,2.0,175.0,2.0,18.0,3.0,8-17,,7-65,385.0,0.0,5.3,5.0,27
401762855,2025.0,11.0,regular,away,189.0,Bowling Green,Mid-American,2199.0,Eastern Michigan,Mid-American,11-16,0.0,14.0,0-0,0.0,0.0,,,1.0,0.0,139.0,4.0,3.0,129.0,7.0,,1.0,26:15,0.0,0.0,2.0,16.0,35.0,2.0,130.0,0.0,29.0,4.0,4-11,1.0,9-103,259.0,1.0,8.1,3.7,21
401762852,2025.0,11.0,regular,home,195.0,Ohio,Mid-American,193.0,Miami (OH),Mid-American,16-31,0.0,19.0,0-0,1.0,0.0,0.0,0.0,1.0,1.0,97.0,1.0,,201.0,2.0,1.0,1.0,27:10,0.0,5.0,1.0,0.0,31.0,1.0,137.0,2.0,12.0,2.0,6-12,1.0,5-41,338.0,2.0,6.5,4.4,24
401762852,2025.0,11.0,regular,away,193.0,Miami (OH),Mid-American,195.0,Ohio,Mid-American,17-25,0.0,16.0,2-2,0.0,1.0,0.0,0.0,1.0,0.0,49.0,2.0,,194.0,2.0,1.0,2.0,32:50,,,,3.0,31.0,0.0,109.0,1.0,6.0,1.0,4-13,0.0,6-49,303.0,1.0,7.8,3.5,20
401762853,2025.0,11.0,regular,away,2309.0,Kent State,Mid-American,2050.0,Ball State,Mid-American,15-28,0.0,14.0,1-5,0.0,,,,1.0,0.0,67.0,3.0,,212.0,4.0,,0.0,27:42,0.0,38.0,2.0,0.0,33.0,1.0,89.0,4.0,20.0,5.0,3-13,,10-78,301.0,1.0,7.6,2.7,13
401762853,2025.0,11.0,regular,home,2050.0,Ball State,Mid-American,2309.0,Kent State,Mid-American,17-29,0.0,14.0,1-1,0.0,,0.0,0.0,0.0,,,,,173.0,2.0,1.0,2.0,32:18,0.0,4.0,1.0,1.0,33.0,0.0,65.0,1.0,6.0,2.5,5-17,,4-40,238.0,0.0,6.0,2.0,17
401762854,2025.0,11.0,regular,home,2649.0,Toledo,Mid-American,2459.0,Northern Illinois,Mid-American,25-33,0.0,23.0,0-0,0.0,,,,0.0,1.0,104.0,2.0,,309.0,5.0,,2.0,30:18,0.0,39.0,3.0,2.0,29.0,3.0,134.0,4.0,14.0,4.0,9-14,,10-92,443.0,0.0,9.4,4.6,42
401762854,2025.0,11.0,regular,away,2459.0,Northern Illinois,Mid-American,2649.0,Toledo,Mid-American,11-29,0.0,13.0,2-3,0.0,,,,0.0,0.0,19.0,1.0,,141.0,1.0,,0.0,29:42,0.0,5.0,1.0,0.0,36.0,0.0,62.0,0.0,3.0,0.0,2-16,,7-60,203.0,0.0,4.9,1.7,3
401760408,2025.0,11.0,regular,home,62.0,Hawai'i,Mountain West,21.0,San Diego State,Mountain West,22-34,0.0,20.0,0-1,0.0,2.0,1.0,75.0,1.0,1.0,86.0,1.0,8.0,256.0,1.0,2.0,3.0,33:06,0.0,15.0,3.0,0.0,35.0,0.0,130.0,3.0,2.0,2.0,9-17,0.0,8-50,386.0,1.0,7.5,3.7,38
401760408,2025.0,11.0,regular,away,21.0,San Diego State,Mountain West,62.0,Hawai'i,Mountain West,10-28,0.0,12.0,0-2,2.0,,0.0,13.0,2.0,0.0,158.0,6.0,6.0,132.0,1.0,1.0,0.0,26:48,,,,0.0,34.0,0.0,135.0,2.0,2.0,2.0,2-14,,5-45,267.0,4.0,4.7,4.0,6
401760406,2025.0,11.0,regular,away,2005.0,Air Force,Mountain West,23.0,San José State,Mountain West,5-10,0.0,21.0,2-3,0.0,1.0,0.0,53.0,0.0,0.0,27.0,1.0,6.0,41.0,6.0,2.0,1.0,35:51,,,,3.0,63.0,2.0,261.0,0.0,28.0,1.0,8-17,0.0,6-55,302.0,0.0,4.1,4.1,26
401760406,2025.0,11.0,regular,home,23.0,San José State,Mountain West,2005.0,Air Force,Mountain West,28-43,0.0,23.0,1-2,1.0,0.0,,,2.0,,,,10.0,341.0,2.0,,0.0,24:09,,,,1.0,17.0,1.0,94.0,0.0,56.0,2.0,5-11,1.0,6-70,435.0,3.0,7.9,5.5,16
401760407,2025.0,11.0,regular,away,2439.0,UNLV,Mountain West,36.0,Colorado State,Mountain West,15-24,0.0,23.0,2-2,0.0,,0.0,0.0,1.0,0.0,14.0,1.0,6.0,251.0,4.0,1.0,2.0,33:09,0.0,14.0,2.0,7.0,41.0,4.0,320.0,3.0,31.0,8.0,6-12,,9-72,571.0,1.0,10.5,7.8,42
401760407,2025.0,11.0,regular,home,36.0,Colorado State,Mountain West,2439.0,UNLV,Mountain West,17-29,0.0,16.0,1-3,0.0,,0.0,0.0,1.0,0.0,47.0,3.0,4.0,189.0,4.0,1.0,1.0,26:51,0.0,22.0,1.0,6.0,34.0,0.0,103.0,0.0,27.0,4.0,1-13,,4-35,292.0,1.0,6.5,3.0,10
401760409,2025.0,11.0,regular,away,2440.0,Nevada,Mountain West,328.0,Utah State,Mountain West,10-24,0.0,11.0,0-2,1.0,0.0,,,2.0,0.0,57.0,4.0,2.0,122.0,3.0,,2.0,27:38,0.0,32.0,3.0,3.0,33.0,0.0,120.0,0.0,27.0,4.0,3-13,1.0,8-72,242.0,3.0,5.1,3.6,14
401760409,2025.0,11.0,regular,home,328.0,Utah State,Mountain West,2440.0,Nevada,Mountain West,24-35,1.0,23.0,1-1,0.0,1.0,1.0,39.0,0.0,,,,15.0,377.0,3.0,2.0,3.0,32:22,0.0,16.0,1.0,4.0,40.0,2.0,145.0,4.0,17.0,7.0,8-16,0.0,9-75,522.0,0.0,10.8,3.6,51
401752764,2025.0,11.0,regular,home,238.0,Vanderbilt,SEC,2.0,Auburn,SEC,25-33,0.0,30.0,1-2,1.0,0.0,,,0.0,0.0,18.0,1.0,9.0,377.0,4.0,,3.0,31:00,0.0,0.0,1.0,5.0,36.0,3.0,167.0,2.0,39.0,5.0,7-12,1.0,3-21,544.0,1.0,11.4,4.6,45
401752764,2025.0,11.0,regular,away,2.0,Auburn,SEC,238.0,Vanderbilt,SEC,31-46,0.0,34.0,0-1,0.0,1.0,,,0.0,,,,12.0,353.0,3.0,,2.0,29:00,,,,1.0,36.0,2.0,210.0,1.0,39.0,5.0,6-13,2.0,12-91,563.0,0.0,7.7,5.8,38
401752760,2025.0,11.0,regular,home,96.0,Kentucky,SEC,57.0,Florida,SEC,18-23,0.0,24.0,2-3,3.0,1.0,0.0,72.0,1.0,,,,8.0,168.0,4.0,3.0,2.0,31:33,0.0,-1.0,1.0,4.0,44.0,3.0,233.0,1.0,36.0,7.0,8-12,3.0,1-10,401.0,4.0,7.3,5.3,38
401752760,2025.0,11.0,regular,away,57.0,Florida,SEC,96.0,Kentucky,SEC,20-37,0.0,17.0,2-4,1.0,3.0,0.0,0.0,3.0,,,,1.0,143.0,1.0,1.0,1.0,28:27,,,,1.0,32.0,0.0,104.0,1.0,47.0,4.0,7-15,1.0,2-20,247.0,4.0,3.9,3.3,7
401752762,2025.0,11.0,regular,home,344.0,Mississippi State,SEC,61.0,Georgia,SEC,16-25,0.0,18.0,1-2,1.0,1.0,,,0.0,,,,3.0,173.0,3.0,,0.0,26:53,,,,2.0,43.0,3.0,149.0,0.0,31.0,4.0,8-16,1.0,5-35,322.0,1.0,6.9,3.5,21
401752762,2025.0,11.0,regular,away,61.0,Georgia,SEC,344.0,Mississippi State,SEC,18-30,0.0,30.0,0-0,1.0,1.0,,,0.0,0.0,19.0,1.0,11.0,264.0,3.0,,3.0,33:07,0.0,21.0,2.0,2.0,44.0,2.0,303.0,3.0,25.0,6.0,7-12,1.0,6-50,567.0,1.0,8.8,6.9,41
401752759,2025.0,11.0,regular,home,333.0,Alabama,SEC,99.0,LSU,SEC,22-36,0.0,17.0,1-2,1.0,2.0,,,0.0,0.0,38.0,2.0,8.0,288.0,2.0,,1.0,28:11,0.0,12.0,1.0,2.0,26.0,1.0,56.0,3.0,33.0,7.0,4-13,1.0,2-25,344.0,1.0,8.0,2.2,20
401752759,2025.0,11.0,regular,away,99.0,LSU,SEC,333.0,Alabama,SEC,23-32,0.0,13.0,0-0,2.0,1.0,,,0.0,0.0,15.0,1.0,9.0,173.0,3.0,,0.0,31:49,,,,7.0,26.0,0.0,59.0,1.0,34.0,4.0,5-14,3.0,10-74,232.0,2.0,5.4,2.3,9
401752763,2025.0,11.0,regular,away,245.0,Texas A&M,SEC,142.0,Missouri,SEC,20-29,0.0,21.0,1-2,1.0,2.0,,,0.0,0.0,37.0,2.0,8.0,221.0,3.0,,2.0,35:44,0.0,5.0,1.0,2.0,39.0,3.0,243.0,2.0,24.0,7.0,7-14,1.0,8-65,464.0,1.0,7.6,6.2,38
401752763,2025.0,11.0,regular,home,142.0,Missouri,SEC,245.0,Texas A&M,SEC,7-22,0.0,17.0,0-1,2.0,1.0,,,0.0,0.0,80.0,4.0,5.0,77.0,4.0,,0.0,24:16,0.0,7.0,1.0,4.0,34.0,2.0,207.0,1.0,36.0,5.0,5-13,3.0,4-38,284.0,2.0,3.5,6.1,17
401767662,2025.0,11.0,regular,away,2355.0,Virginia University Of Lynchburg,,2529.0,Sacred Heart,FCS Independents,13-29,,19.0,1-2,1.0,1.0,,,2.0,0.0,39.0,2.0,4.0,148.0,,,1.0,27:44,0.0,29.0,1.0,,40.0,0.0,113.0,,,,3-14,3.0,7-65,261.0,3.0,5.1,2.8,10
401767662,2025.0,11.0,regular,home,2529.0,Sacred Heart,FCS Independents,2355.0,Virginia University Of Lynchburg,,5-6,,22.0,0-0,1.0,1.0,0.0,37.0,0.0,0.0,25.0,2.0,8.0,79.0,,2.0,1.0,32:16,0.0,21.0,2.0,,43.0,6.0,294.0,,,,2-4,2.0,8-69,373.0,1.0,13.2,6.8,56
401767096,2025.0,12.0,regular,home,16.0,Sacramento State,Big Sky,70.0,Idaho,Big Sky,14-18,,25.0,3-5,0.0,0.0,0.0,0.0,0.0,0.0,31.0,3.0,11.0,176.0,,1.0,1.0,33:14,0.0,24.0,1.0,,58.0,1.0,282.0,,,,4-13,2.0,6-52,458.0,0.0,9.8,4.9,23
401767096,2025.0,12.0,regular,away,70.0,Idaho,Big Sky,16.0,Sacramento State,Big Sky,15-26,,19.0,0-0,0.0,0.0,,,1.0,0.0,2.0,1.0,8.0,162.0,,,0.0,26:46,,,,,29.0,2.0,193.0,,,,7-12,1.0,5-55,355.0,1.0,6.2,6.7,20
401754597,2025.0,12.0,regular,home,221.0,Pittsburgh,ACC,87.0,Notre Dame,FBS Independents,19-39,1.0,17.0,2-5,0.0,0.0,1.0,59.0,1.0,0.0,57.0,2.0,3.0,149.0,4.0,2.0,1.0,24:43,,,,3.0,25.0,0.0,70.0,1.0,40.0,7.0,0-13,1.0,5-41,219.0,1.0,3.8,2.8,15
401754597,2025.0,12.0,regular,away,87.0,Notre Dame,FBS Independents,221.0,Pittsburgh,ACC,21-32,1.0,20.0,3-5,0.0,,1.0,49.0,2.0,0.0,71.0,2.0,5.0,212.0,8.0,1.0,2.0,35:17,0.0,36.0,3.0,11.0,36.0,2.0,175.0,4.0,32.0,7.0,4-12,,8-84,387.0,2.0,6.6,4.9,37
401756952,2025.0,12.0,regular,away,2306.0,Kansas State,Big 12,197.0,Oklahoma State,Big 12,15-28,0.0,14.0,2-2,0.0,2.0,0.0,17.0,1.0,0.0,36.0,2.0,2.0,177.0,3.0,3.0,1.0,28:53,0.0,9.0,2.0,5.0,30.0,1.0,107.0,2.0,43.0,7.0,4-15,0.0,6-50,284.0,1.0,6.3,3.6,14
401756952,2025.0,12.0,regular,home,197.0,Oklahoma State,Big 12,2306.0,Kansas State,Big 12,25-38,0.0,23.0,0-1,2.0,0.0,0.0,0.0,3.0,,,,6.0,226.0,3.0,1.0,0.0,31:07,0.0,9.0,2.0,4.0,29.0,0.0,147.0,2.0,36.0,6.0,5-12,2.0,4-26,373.0,5.0,5.9,5.1,6
401756949,2025.0,12.0,regular,away,254.0,Utah,Big 12,239.0,Baylor,Big 12,8-16,1.0,20.0,0-0,0.0,,1.0,96.0,0.0,0.0,31.0,2.0,7.0,103.0,5.0,2.0,2.0,27:03,0.0,2.0,1.0,2.0,43.0,5.0,380.0,2.0,42.0,7.0,6-11,,3-39,483.0,0.0,6.4,8.8,55
401756949,2025.0,12.0,regular,home,239.0,Baylor,Big 12,254.0,Utah,Big 12,29-58,0.0,28.0,3-6,0.0,,,,2.0,0.0,60.0,3.0,8.0,430.0,2.0,,3.0,32:57,0.0,27.0,2.0,3.0,33.0,0.0,133.0,2.0,32.0,6.0,5-17,,6-40,563.0,2.0,7.4,4.0,28
401756953,2025.0,12.0,regular,away,2116.0,UCF,Big 12,2641.0,Texas Tech,Big 12,27-33,0.0,13.0,1-3,1.0,0.0,,,1.0,0.0,43.0,3.0,1.0,178.0,5.0,,1.0,30:53,,,,2.0,29.0,0.0,52.0,0.0,38.0,3.0,4-13,4.0,7-45,230.0,2.0,5.4,1.8,9
401756953,2025.0,12.0,regular,home,2641.0,Texas Tech,Big 12,2116.0,UCF,Big 12,27-37,0.0,26.0,1-1,0.0,1.0,0.0,7.0,0.0,0.0,29.0,1.0,12.0,294.0,1.0,1.0,1.0,29:07,0.0,16.0,1.0,1.0,35.0,5.0,205.0,4.0,40.0,8.0,8-13,0.0,9-72,499.0,0.0,7.9,5.9,48
401756950,2025.0,12.0,regular,home,252.0,BYU,Big 12,2628.0,TCU,Big 12,23-33,1.0,28.0,2-3,1.0,0.0,1.0,69.0,0.0,0.0,21.0,1.0,14.0,296.0,2.0,2.0,1.0,36:05,0.0,11.0,2.0,3.0,39.0,3.0,151.0,4.0,32.0,6.0,6-12,1.0,2-25,447.0,1.0,9.0,3.9,44
401756950,2025.0,12.0,regular,away,2628.0,TCU,Big 12,252.0,BYU,Big 12,10-23,0.0,15.0,1-2,0.0,1.0,,,2.0,,,,7.0,183.0,2.0,,0.0,23:55,,,,1.0,34.0,1.0,115.0,0.0,35.0,5.0,1-10,0.0,5-45,298.0,2.0,8.0,3.4,13
401756948,2025.0,12.0,regular,home,9.0,Arizona State,Big 12,277.0,West Virginia,Big 12,19-28,0.0,18.0,0-1,1.0,0.0,0.0,0.0,0.0,0.0,9.0,1.0,5.0,207.0,5.0,1.0,3.0,32:34,0.0,2.0,1.0,1.0,39.0,0.0,123.0,3.0,43.0,6.0,6-15,2.0,5-31,330.0,1.0,7.4,3.2,25
401756948,2025.0,12.0,regular,away,277.0,West Virginia,Big 12,9.0,Arizona State,Big 12,19-31,0.0,20.0,1-4,0.0,1.0,,,1.0,,,,5.0,353.0,3.0,,2.0,27:26,0.0,17.0,1.0,1.0,39.0,1.0,68.0,1.0,44.0,6.0,6-15,1.0,5-70,421.0,1.0,11.4,1.7,23
401767187,2025.0,12.0,regular,away,2729.0,William & Mary,CAA,2261.0,Hampton,CAA,18-22,,22.0,1-1,0.0,0.0,0.0,14.0,1.0,0.0,60.0,3.0,13.0,209.0,,1.0,5.0,30:16,1.0,138.0,7.0,,40.0,1.0,223.0,,,,5-12,1.0,3-25,432.0,1.0,9.5,5.6,55
401767187,2025.0,12.0,regular,home,2261.0,Hampton,CAA,2729.0,William & Mary,CAA,12-21,,13.0,1-1,0.0,0.0,0.0,11.0,1.0,0.0,37.0,2.0,2.0,115.0,,1.0,0.0,29:44,,,,,38.0,2.0,138.0,,,,4-14,2.0,9-57,253.0,1.0,5.5,3.6,14
401767263,2025.0,12.0,regular,home,2448.0,North Carolina A&T,CAA,2405.0,Monmouth,CAA,14-27,,17.0,0-0,0.0,0.0,,,0.0,0.0,112.0,6.0,13.0,178.0,,,0.0,32:52,,,,,39.0,1.0,145.0,,,,4-14,1.0,6-42,323.0,0.0,6.6,3.7,19
401767263,2025.0,12.0,regular,away,2405.0,Monmouth,CAA,2448.0,North Carolina A&T,CAA,19-28,,28.0,1-2,0.0,0.0,,,0.0,0.0,70.0,5.0,9.0,428.0,,,6.0,27:08,0.0,0.0,1.0,,36.0,3.0,268.0,,,,5-8,2.0,6-49,696.0,0.0,15.3,7.4,63
401767775,2025.0,12.0,regular,home,2681.0,Wagner,NEC,284.0,Stonehill,NEC,8-16,,16.0,1-3,0.0,1.0,1.0,30.0,0.0,0.0,14.0,2.0,8.0,56.0,,1.0,0.0,34:35,0.0,1.0,2.0,,48.0,1.0,189.0,,,,4-13,0.0,8-58,245.0,0.0,3.5,3.9,20
401767775,2025.0,12.0,regular,away,284.0,Stonehill,NEC,2681.0,Wagner,NEC,11-22,,13.0,1-3,1.0,0.0,,,1.0,0.0,78.0,5.0,2.0,89.0,,,0.0,25:25,0.0,0.0,3.0,,31.0,2.0,162.0,,,,2-11,1.0,4-40,251.0,2.0,4.0,5.2,14
401767169,2025.0,12.0,regular,home,2630.0,UT Martin,Big South-OVC,2127.0,Charleston Southern,Big South-OVC,18-26,,21.0,0-0,1.0,0.0,0.0,26.0,0.0,0.0,29.0,2.0,5.0,252.0,,1.0,1.0,34:19,0.0,9.0,1.0,,36.0,1.0,150.0,,,,6-13,2.0,4-35,402.0,1.0,9.7,4.2,17
401767169,2025.0,12.0,regular,away,2127.0,Charleston Southern,Big South-OVC,2630.0,UT Martin,Big South-OVC,14-25,,13.0,0-2,0.0,1.0,,,1.0,0.0,19.0,1.0,2.0,276.0,,,2.0,25:41,0.0,9.0,2.0,,28.0,0.0,121.0,,,,2-10,0.0,1-10,397.0,1.0,11.0,4.3,14
401767200,2025.0,12.0,regular,home,2815.0,Lindenwood,Big South-OVC,2197.0,Eastern Illinois,Big South-OVC,14-22,,24.0,0-1,0.0,,,,2.0,0.0,30.0,2.0,6.0,289.0,,,2.0,26:47,0.0,40.0,5.0,,35.0,4.0,200.0,,,,2-8,,1-5,489.0,2.0,13.1,5.7,42
401767200,2025.0,12.0,regular,away,2197.0,Eastern Illinois,Big South-OVC,2815.0,Lindenwood,Big South-OVC,25-39,,16.0,0-2,0.0,0.0,0.0,36.0,0.0,0.0,93.0,3.0,6.0,177.0,,2.0,1.0,33:13,0.0,27.0,2.0,,30.0,0.0,86.0,,,,4-15,1.0,5-49,263.0,0.0,4.5,2.9,12
401767207,2025.0,12.0,regular,home,2634.0,Tennessee State,Big South-OVC,2241.0,Gardner-Webb,Big South-OVC,25-38,,18.0,2-4,0.0,0.0,,,4.0,0.0,39.0,2.0,2.0,214.0,,,2.0,30:23,0.0,20.0,3.0,,28.0,0.0,54.0,,,,5-16,1.0,8-76,268.0,4.0,5.6,1.9,14
401767207,2025.0,12.0,regular,away,2241.0,Gardner-Webb,Big South-OVC,2634.0,Tennessee State,Big South-OVC,13-20,,19.0,1-1,0.0,0.0,0.0,12.0,0.0,0.0,52.0,1.0,12.0,108.0,,4.0,1.0,29:37,0.0,3.0,2.0,,40.0,2.0,164.0,,,,3-13,1.0,10-114,272.0,0.0,5.4,4.1,30
401767222,2025.0,12.0,regular,home,2710.0,Western Illinois,Big South-OVC,2546.0,Southeast Missouri State,Big South-OVC,22-44,,22.0,1-5,1.0,0.0,,,1.0,0.0,55.0,3.0,5.0,287.0,,,2.0,31:30,0.0,-3.0,1.0,,34.0,0.0,111.0,,,,4-17,2.0,2-5,398.0,2.0,6.5,3.3,17
401767222,2025.0,12.0,regular,away,2546.0,Southeast Missouri State,Big South-OVC,2710.0,Western Illinois,Big South-OVC,22-38,,17.0,1-1,0.0,1.0,0.0,9.0,0.0,0.0,48.0,2.0,8.0,193.0,,1.0,1.0,28:30,0.0,4.0,1.0,,34.0,1.0,179.0,,,,4-17,0.0,9-90,372.0,0.0,5.1,5.3,22
401752767,2025.0,12.0,regular,home,96.0,Kentucky,SEC,2635.0,Tennessee Tech,Big South-OVC,21-27,0.0,25.0,3-4,0.0,,0.0,0.0,0.0,0.0,40.0,1.0,6.0,261.0,1.0,1.0,1.0,32:26,0.0,2.0,2.0,3.0,39.0,5.0,207.0,1.0,27.0,3.0,4-10,,3-20,468.0,0.0,9.7,5.3,42
401752767,2025.0,12.0,regular,away,2635.0,Tennessee Tech,Big South-OVC,96.0,Kentucky,SEC,14-23,0.0,15.0,1-2,0.0,0.0,,,1.0,,,,4.0,121.0,3.0,,1.0,27:34,0.0,3.0,1.0,0.0,33.0,0.0,143.0,1.0,40.0,2.0,4-11,1.0,6-48,264.0,1.0,5.3,4.3,10
401767147,2025.0,12.0,regular,away,2210.0,Elon,CAA,2097.0,Campbell,CAA,13-28,,20.0,1-1,0.0,1.0,0.0,0.0,0.0,0.0,35.0,3.0,7.0,228.0,,1.0,2.0,30:08,0.0,14.0,1.0,,40.0,2.0,157.0,,,,5-15,1.0,11-87,385.0,0.0,8.1,3.9,31
401767147,2025.0,12.0,regular,home,2097.0,Campbell,CAA,2210.0,Elon,CAA,24-33,,25.0,0-2,1.0,0.0,,,1.0,0.0,107.0,5.0,6.0,275.0,,,0.0,29:52,1.0,96.0,2.0,,33.0,2.0,102.0,,,,6-13,2.0,7-70,377.0,2.0,8.3,3.1,24
401767501,2025.0,12.0,regular,away,155.0,North Dakota,MVFC,93.0,Murray State,MVFC,11-18,,20.0,1-2,0.0,1.0,1.0,30.0,1.0,0.0,19.0,1.0,5.0,131.0,,1.0,1.0,29:32,,,,,44.0,3.0,213.0,,,,8-12,0.0,8-72,344.0,1.0,7.3,4.8,35
401767501,2025.0,12.0,regular,home,93.0,Murray State,MVFC,155.0,North Dakota,MVFC,23-34,,18.0,2-3,1.0,0.0,0.0,0.0,1.0,0.0,33.0,3.0,9.0,140.0,,1.0,0.0,30:28,,,,,34.0,1.0,112.0,,,,5-14,2.0,4-30,252.0,2.0,4.1,3.3,17
401767296,2025.0,12.0,regular,away,2110.0,Central Arkansas,UAC,253.0,Southern Utah,UAC,18-34,,22.0,1-3,0.0,0.0,0.0,56.0,1.0,0.0,25.0,1.0,3.0,227.0,,1.0,1.0,21:56,0.0,0.0,1.0,,27.0,2.0,109.0,,,,3-10,1.0,3-25,336.0,1.0,6.7,4.0,21
401767296,2025.0,12.0,regular,home,253.0,Southern Utah,UAC,2110.0,Central Arkansas,UAC,20-27,,26.0,1-1,0.0,,0.0,0.0,1.0,0.0,43.0,2.0,4.0,204.0,,1.0,0.0,38:04,,,,,49.0,4.0,218.0,,,,9-15,,8-68,422.0,1.0,7.6,4.4,28
401767246,2025.0,12.0,regular,home,2198.0,Eastern Kentucky,UAC,2000.0,Abilene Christian,UAC,10-24,,8.0,0-1,1.0,1.0,,,0.0,,,,4.0,155.0,,,0.0,22:24,,,,,24.0,1.0,10.0,,,,2-12,1.0,2-30,165.0,1.0,6.5,0.4,10
401767246,2025.0,12.0,regular,away,2000.0,Abilene Christian,UAC,2198.0,Eastern Kentucky,UAC,23-41,,23.0,1-2,1.0,1.0,,,0.0,0.0,16.0,1.0,9.0,226.0,,,1.0,37:36,,,,,41.0,0.0,116.0,,,,8-20,1.0,4-20,342.0,1.0,5.5,2.8,17
401767255,2025.0,12.0,regular,away,2535.0,Samford,Southern,2046.0,Austin Peay,UAC,30-42,,19.0,0-3,1.0,1.0,0.0,30.0,1.0,0.0,35.0,2.0,4.0,273.0,,1.0,1.0,37:15,0.0,8.0,1.0,,33.0,1.0,57.0,,,,8-17,2.0,3-32,330.0,2.0,6.5,1.7,16
401767255,2025.0,12.0,regular,home,2046.0,Austin Peay,UAC,2535.0,Samford,Southern,16-31,,18.0,0-0,1.0,1.0,1.0,35.0,1.0,0.0,38.0,2.0,12.0,265.0,,1.0,1.0,22:45,0.0,5.0,1.0,,27.0,1.0,98.0,,,,5-12,2.0,4-24,363.0,2.0,8.5,3.6,30
401767290,2025.0,12.0,regular,home,2627.0,Tarleton State,UAC,2453.0,North Alabama,UAC,18-22,,19.0,1-2,0.0,2.0,0.0,24.0,2.0,0.0,21.0,1.0,11.0,366.0,,4.0,5.0,29:11,0.0,62.0,4.0,,36.0,3.0,134.0,,,,3-10,2.0,4-44,500.0,2.0,16.6,3.7,61
401767290,2025.0,12.0,regular,away,2453.0,North Alabama,UAC,2627.0,Tarleton State,UAC,10-28,,11.0,1-3,2.0,0.0,0.0,24.0,4.0,0.0,10.0,2.0,0.0,116.0,,2.0,0.0,30:49,,,,,42.0,0.0,34.0,,,,4-18,5.0,4-42,150.0,6.0,4.1,0.8,0
401767303,2025.0,12.0,regular,home,2698.0,West Georgia,UAC,3101.0,Utah Tech,UAC,20-31,,18.0,2-3,1.0,3.0,0.0,0.0,0.0,0.0,13.0,1.0,5.0,235.0,,1.0,2.0,32:23,0.0,26.0,3.0,,38.0,1.0,143.0,,,,4-15,1.0,5-35,378.0,1.0,7.6,3.8,23
401767303,2025.0,12.0,regular,away,3101.0,Utah Tech,UAC,2698.0,West Georgia,UAC,15-26,,12.0,1-1,3.0,1.0,,,1.0,0.0,11.0,1.0,0.0,141.0,,,0.0,27:37,0.0,2.0,1.0,,33.0,0.0,112.0,,,,3-14,3.0,9-55,253.0,4.0,5.4,3.4,0
401762510,2025.0,12.0,regular,home,2426.0,Navy,American Athletic,58.0,South Florida,American Athletic,10-19,0.0,21.0,1-2,1.0,1.0,0.0,27.0,0.0,0.0,16.0,1.0,11.0,186.0,2.0,1.0,1.0,35:11,,,,1.0,53.0,4.0,338.0,1.0,34.0,1.0,5-14,1.0,7-65,524.0,1.0,9.8,6.4,41
401762510,2025.0,12.0,regular,away,58.0,South Florida,American Athletic,2426.0,Navy,American Athletic,24-33,0.0,23.0,1-2,1.0,1.0,,,1.0,0.0,46.0,3.0,4.0,356.0,2.0,,3.0,24:49,0.0,7.0,1.0,2.0,36.0,2.0,200.0,1.0,30.0,2.0,5-12,2.0,5-31,556.0,2.0,10.8,5.6,38
401762508,2025.0,12.0,regular,away,235.0,Memphis,American Athletic,151.0,East Carolina,American Athletic,33-44,0.0,24.0,3-4,0.0,1.0,,,1.0,0.0,19.0,2.0,9.0,217.0,3.0,,1.0,35:33,,,,1.0,33.0,2.0,240.0,2.0,34.0,4.0,4-16,0.0,5-55,457.0,1.0,4.9,7.3,27
401762508,2025.0,12.0,regular,home,151.0,East Carolina,American Athletic,235.0,Memphis,American Athletic,23-34,0.0,24.0,0-0,1.0,0.0,0.0,0.0,0.0,,,,7.0,332.0,1.0,1.0,1.0,24:27,0.0,-3.0,1.0,4.0,38.0,3.0,122.0,2.0,40.0,7.0,6-12,2.0,8-72,454.0,1.0,9.8,3.2,31
401752945,2025.0,12.0,regular,away,204.0,Oregon State,Pac-12,202.0,Tulsa,American Athletic,19-36,0.0,17.0,0-2,0.0,0.0,,,0.0,0.0,73.0,4.0,,241.0,3.0,,2.0,30:37,,,,1.0,35.0,0.0,69.0,1.0,27.0,8.0,8-18,1.0,7-85,310.0,0.0,6.7,2.0,14
401752945,2025.0,12.0,regular,home,202.0,Tulsa,American Athletic,204.0,Oregon State,Pac-12,12-19,0.0,23.0,1-3,0.0,0.0,,,0.0,0.0,9.0,1.0,7.0,163.0,4.0,,1.0,29:23,0.0,22.0,1.0,1.0,49.0,3.0,283.0,3.0,30.0,6.0,4-11,2.0,6-65,446.0,0.0,8.6,5.8,31
401762509,2025.0,12.0,regular,away,2226.0,Florida Atlantic,American Athletic,2655.0,Tulane,American Athletic,39-57,0.0,32.0,4-6,1.0,0.0,0.0,8.0,3.0,,,,4.0,375.0,1.0,1.0,2.0,30:20,0.0,2.0,1.0,0.0,29.0,1.0,97.0,1.0,41.0,3.0,6-14,2.0,4-28,472.0,4.0,6.6,3.3,24
401762509,2025.0,12.0,regular,home,2655.0,Tulane,American Athletic,2226.0,Florida Atlantic,American Athletic,18-27,0.0,21.0,3-3,0.0,1.0,0.0,10.0,1.0,0.0,42.0,2.0,5.0,241.0,5.0,3.0,2.0,29:40,,,,0.0,37.0,3.0,162.0,1.0,50.0,6.0,5-12,1.0,7-84,403.0,1.0,8.9,4.4,35
401757303,2025.0,12.0,regular,away,2393.0,Middle Tennessee,Conference USA,98.0,Western Kentucky,Conference USA,25-42,0.0,20.0,0-3,0.0,,0.0,62.0,0.0,,,,8.0,389.0,4.0,1.0,2.0,26:12,,,,1.0,25.0,1.0,152.0,2.0,42.0,4.0,7-15,,9-75,541.0,0.0,9.3,6.1,26
401757303,2025.0,12.0,regular,home,98.0,Western Kentucky,Conference USA,2393.0,Middle Tennessee,Conference USA,29-41,0.0,29.0,1-1,0.0,,,,1.0,0.0,31.0,2.0,6.0,371.0,7.0,,3.0,33:48,,,,2.0,38.0,3.0,271.0,2.0,31.0,5.0,7-12,,4-32,642.0,1.0,9.0,7.1,42
401757301,2025.0,12.0,regular,away,2335.0,Liberty,Conference USA,2229.0,Florida International,Conference USA,17-32,0.0,25.0,2-4,0.0,,,,2.0,0.0,108.0,5.0,9.0,218.0,0.0,,1.0,29:49,,,,4.0,41.0,2.0,160.0,0.0,57.0,3.0,7-14,,8-57,378.0,2.0,6.8,3.9,27
401757301,2025.0,12.0,regular,home,2229.0,Florida International,Conference USA,2335.0,Liberty,Conference USA,24-34,0.0,22.0,3-4,0.0,,0.0,8.0,0.0,0.0,61.0,3.0,10.0,206.0,5.0,2.0,2.0,30:11,0.0,22.0,2.0,5.0,39.0,2.0,169.0,3.0,48.0,3.0,8-16,,6-55,375.0,0.0,6.1,4.3,34
401752953,2025.0,12.0,regular,home,265.0,Washington State,Pac-12,2348.0,Louisiana Tech,Conference USA,17-25,0.0,19.0,2-2,0.0,,0.0,15.0,0.0,,,,4.0,146.0,3.0,1.0,1.0,35:03,0.0,58.0,1.0,2.0,39.0,3.0,157.0,3.0,28.0,4.0,6-13,,9-90,303.0,0.0,5.8,4.0,28
401752953,2025.0,12.0,regular,away,2348.0,Louisiana Tech,Conference USA,265.0,Washington State,Pac-12,9-21,0.0,11.0,0-1,0.0,,,,1.0,0.0,47.0,3.0,3.0,60.0,1.0,,0.0,24:57,0.0,-3.0,1.0,8.0,30.0,0.0,107.0,0.0,40.0,1.0,3-11,,5-50,167.0,1.0,2.9,3.6,3
401757304,2025.0,12.0,regular,home,2623.0,Missouri State,Conference USA,2638.0,UTEP,Conference USA,30-39,0.0,27.0,3-3,0.0,0.0,,,0.0,0.0,43.0,2.0,8.0,330.0,4.0,,4.0,37:24,0.0,7.0,1.0,6.0,39.0,1.0,106.0,3.0,32.0,5.0,6-14,1.0,9-70,436.0,0.0,8.5,2.7,38
401757304,2025.0,12.0,regular,away,2638.0,UTEP,Conference USA,2623.0,Missouri State,Conference USA,14-29,1.0,17.0,1-2,0.0,,,,0.0,0.0,32.0,3.0,6.0,125.0,1.0,,0.0,22:36,1.0,56.0,3.0,3.0,29.0,2.0,115.0,5.0,50.0,12.0,6-13,,7-74,240.0,0.0,4.3,4.0,24
401761652,2025.0,12.0,regular,away,2026.0,App State,Sun Belt,256.0,James Madison,Sun Belt,14-37,0.0,10.0,1-2,0.0,0.0,0.0,6.0,1.0,0.0,72.0,3.0,4.0,145.0,6.0,1.0,1.0,17:42,,,,3.0,15.0,0.0,1.0,3.0,45.0,4.0,1-12,1.0,6-57,146.0,1.0,3.9,0.1,10
401761652,2025.0,12.0,regular,home,256.0,James Madison,Sun Belt,2026.0,App State,Sun Belt,22-35,0.0,32.0,1-1,0.0,,0.0,0.0,1.0,,,,16.0,303.0,10.0,1.0,0.0,42:18,0.0,48.0,5.0,5.0,54.0,7.0,324.0,2.0,18.0,6.0,8-14,,7-74,627.0,1.0,8.7,6.0,58
401761651,2025.0,12.0,regular,home,2247.0,Georgia State,Sun Belt,276.0,Marshall,Sun Belt,25-41,0.0,21.0,4-4,1.0,0.0,,,2.0,0.0,17.0,1.0,4.0,251.0,2.0,,1.0,32:33,,,,2.0,35.0,1.0,158.0,2.0,21.0,4.0,7-17,1.0,3-15,409.0,3.0,6.1,4.5,18
401761651,2025.0,12.0,regular,away,276.0,Marshall,Sun Belt,2247.0,Georgia State,Sun Belt,22-27,0.0,24.0,0-0,0.0,1.0,0.0,3.0,0.0,0.0,31.0,1.0,6.0,321.0,3.0,2.0,3.0,27:27,,,,2.0,34.0,1.0,168.0,3.0,26.0,8.0,3-9,0.0,7-56,489.0,0.0,11.9,4.9,30
401761650,2025.0,12.0,regular,away,324.0,Coastal Carolina,Sun Belt,290.0,Georgia Southern,Sun Belt,19-36,1.0,24.0,1-1,0.0,1.0,0.0,0.0,1.0,1.0,153.0,4.0,10.0,278.0,1.0,1.0,2.0,28:42,0.0,7.0,1.0,0.0,38.0,2.0,204.0,3.0,38.0,9.0,6-16,1.0,13-76,482.0,1.0,7.7,5.4,40
401761650,2025.0,12.0,regular,home,290.0,Georgia Southern,Sun Belt,324.0,Coastal Carolina,Sun Belt,24-35,0.0,24.0,0-2,1.0,0.0,0.0,23.0,1.0,0.0,144.0,5.0,9.0,341.0,8.0,1.0,4.0,31:18,0.0,5.0,1.0,3.0,40.0,2.0,312.0,1.0,39.0,8.0,5-12,4.0,6-65,653.0,2.0,9.7,7.8,45
401761649,2025.0,12.0,regular,away,2653.0,Troy,Sun Belt,295.0,Old Dominion,Sun Belt,13-23,0.0,9.0,0-3,1.0,0.0,,,1.0,0.0,111.0,5.0,0.0,112.0,3.0,,0.0,29:45,0.0,1.0,1.0,2.0,34.0,0.0,26.0,1.0,28.0,5.0,2-13,5.0,4-35,138.0,2.0,4.9,0.8,0
401761649,2025.0,12.0,regular,home,295.0,Old Dominion,Sun Belt,2653.0,Troy,Sun Belt,11-21,0.0,20.0,1-4,0.0,1.0,0.0,0.0,0.0,0.0,11.0,1.0,9.0,152.0,3.0,1.0,1.0,30:15,0.0,47.0,3.0,5.0,47.0,3.0,351.0,9.0,23.0,10.0,5-15,1.0,6-61,503.0,0.0,7.2,7.5,33
401761653,2025.0,12.0,regular,home,2433.0,UL Monroe,Sun Belt,6.0,South Alabama,Sun Belt,10-19,1.0,9.0,0-2,0.0,1.0,,,1.0,,,,2.0,82.0,2.0,,0.0,22:35,0.0,18.0,1.0,0.0,24.0,1.0,72.0,1.0,50.0,6.0,1-9,0.0,8-101,154.0,1.0,4.3,3.0,14
401761653,2025.0,12.0,regular,away,6.0,South Alabama,Sun Belt,2433.0,UL Monroe,Sun Belt,17-23,0.0,24.0,1-1,1.0,0.0,0.0,0.0,0.0,0.0,-8.0,1.0,2.0,162.0,5.0,1.0,0.0,37:25,0.0,5.0,1.0,0.0,53.0,4.0,200.0,2.0,19.0,6.0,7-15,3.0,6-55,362.0,1.0,7.0,3.8,26
401761654,2025.0,12.0,regular,home,2572.0,Southern Miss,Sun Belt,326.0,Texas State,Sun Belt,29-44,0.0,20.0,0-1,1.0,0.0,,,2.0,0.0,47.0,2.0,2.0,267.0,0.0,,1.0,27:56,0.0,8.0,1.0,2.0,30.0,1.0,124.0,1.0,23.0,6.0,10-18,1.0,6-51,391.0,3.0,6.1,4.1,14
401761654,2025.0,12.0,regular,away,326.0,Texas State,Sun Belt,2572.0,Southern Miss,Sun Belt,14-17,1.0,24.0,0-0,0.0,1.0,1.0,107.0,0.0,0.0,16.0,1.0,11.0,192.0,4.0,2.0,1.0,32:04,0.0,5.0,2.0,5.0,51.0,3.0,257.0,0.0,26.0,4.0,5-11,0.0,5-41,449.0,0.0,11.3,5.0,41
401762859,2025.0,12.0,regular,away,2459.0,Northern Illinois,Mid-American,113.0,Massachusetts,Mid-American,6-8,0.0,22.0,3-3,0.0,1.0,,,0.0,0.0,21.0,2.0,9.0,115.0,0.0,,2.0,33:41,0.0,21.0,1.0,3.0,55.0,4.0,318.0,1.0,27.0,4.0,5-11,0.0,3-35,433.0,0.0,14.4,5.8,45
401762859,2025.0,12.0,regular,home,113.0,Massachusetts,Mid-American,2459.0,Northern Illinois,Mid-American,25-42,0.0,17.0,1-3,1.0,0.0,,,0.0,,,,3.0,197.0,0.0,,0.0,26:19,,,,0.0,25.0,0.0,65.0,0.0,24.0,4.0,6-15,2.0,3-35,262.0,1.0,4.7,2.6,3
401757300,2025.0,12.0,regular,home,2534.0,Sam Houston,Conference USA,48.0,Delaware,Conference USA,16-39,0.0,20.0,1-1,0.0,2.0,0.0,0.0,0.0,0.0,15.0,1.0,14.0,213.0,3.0,1.0,0.0,27:54,0.0,37.0,4.0,4.0,29.0,2.0,139.0,8.0,52.0,10.0,4-15,0.0,8-78,352.0,0.0,5.5,4.8,26
401757300,2025.0,12.0,regular,away,48.0,Delaware,Conference USA,2534.0,Sam Houston,Conference USA,24-36,0.0,25.0,1-2,2.0,0.0,,,1.0,0.0,60.0,3.0,5.0,338.0,2.0,,1.0,32:06,,,,0.0,39.0,2.0,95.0,3.0,34.0,9.0,4-13,3.0,8-81,433.0,3.0,9.4,2.4,23
401767495,2025.0,12.0,regular,home,2377.0,McNeese,Southland,292.0,UT Rio Grande Valley,Southland,26-36,,22.0,2-3,0.0,,,,2.0,0.0,60.0,3.0,7.0,291.0,,,1.0,36:24,0.0,-3.0,1.0,,40.0,0.0,123.0,,,,7-16,,2-20,414.0,2.0,8.1,3.1,13
401767495,2025.0,12.0,regular,away,292.0,UT Rio Grande Valley,Southland,2377.0,McNeese,Southland,17-29,,18.0,0-0,0.0,0.0,0.0,7.0,0.0,0.0,49.0,2.0,4.0,257.0,,2.0,4.0,23:36,,,,,24.0,0.0,108.0,,,,8-13,2.0,1-5,365.0,0.0,8.9,4.5,28
401767740,2025.0,12.0,regular,away,322.0,Lafayette,Patriot,257.0,Richmond,Patriot,14-22,,18.0,0-0,0.0,0.0,0.0,2.0,1.0,0.0,7.0,1.0,5.0,165.0,,1.0,3.0,23:31,,,,,37.0,2.0,254.0,,,,4-11,1.0,6-50,419.0,1.0,7.5,6.9,35
401767740,2025.0,12.0,regular,home,257.0,Richmond,Patriot,322.0,Lafayette,Patriot,33-64,,27.0,5-7,0.0,0.0,0.0,67.0,1.0,0.0,46.0,3.0,4.0,333.0,,1.0,2.0,36:29,0.0,16.0,4.0,,31.0,2.0,147.0,,,,6-23,1.0,9-86,480.0,1.0,5.2,4.7,28
401767670,2025.0,12.0,regular,away,107.0,Holy Cross,Patriot,2083.0,Bucknell,Patriot,10-17,,17.0,0-1,0.0,1.0,0.0,8.0,0.0,0.0,48.0,3.0,13.0,138.0,,1.0,0.0,31:08,0.0,12.0,1.0,,44.0,4.0,276.0,,,,4-11,2.0,8-85,414.0,0.0,8.1,6.3,37
401767670,2025.0,12.0,regular,home,2083.0,Bucknell,Patriot,107.0,Holy Cross,Patriot,19-29,,19.0,1-2,1.0,0.0,,,1.0,0.0,50.0,4.0,2.0,295.0,,,3.0,28:52,0.0,6.0,3.0,,34.0,0.0,40.0,,,,5-13,2.0,8-87,335.0,2.0,10.2,1.2,20
401767737,2025.0,12.0,regular,away,2329.0,Lehigh,Patriot,2142.0,Colgate,Patriot,17-25,,16.0,1-1,0.0,,0.0,0.0,0.0,0.0,24.0,1.0,9.0,259.0,,1.0,1.0,37:08,0.0,12.0,2.0,,35.0,2.0,134.0,,,,5-13,,6-71,393.0,0.0,10.4,3.8,27
401767737,2025.0,12.0,regular,home,2142.0,Colgate,Patriot,2329.0,Lehigh,Patriot,17-30,,12.0,1-1,0.0,,,,1.0,0.0,42.0,2.0,1.0,162.0,,,1.0,22:52,0.0,6.0,1.0,,19.0,0.0,60.0,,,,4-14,,5-51,222.0,1.0,5.4,3.2,7
401767717,2025.0,12.0,regular,home,46.0,Georgetown,Patriot,2230.0,Fordham,Patriot,18-28,,17.0,0-3,0.0,2.0,0.0,1.0,0.0,,,,2.0,136.0,,1.0,2.0,36:52,0.0,43.0,4.0,,44.0,0.0,154.0,,,,2-15,0.0,7-85,290.0,0.0,4.9,3.5,14
401767717,2025.0,12.0,regular,away,2230.0,Fordham,Patriot,46.0,Georgetown,Patriot,22-36,,16.0,0-0,2.0,0.0,,,1.0,0.0,54.0,3.0,0.0,208.0,,,0.0,23:08,,,,,27.0,0.0,26.0,,,,3-13,2.0,7-80,234.0,3.0,5.8,1.0,0
401767643,2025.0,12.0,regular,home,2900.0,St. Thomas (MN),Pioneer,2506.0,Presbyterian,Pioneer,16-32,,12.0,0-2,1.0,1.0,1.0,36.0,2.0,0.0,89.0,5.0,3.0,144.0,,1.0,0.0,22:00,0.0,4.0,1.0,,21.0,0.0,31.0,,,,5-12,1.0,3-42,175.0,3.0,4.5,1.5,9
401767643,2025.0,12.0,regular,away,2506.0,Presbyterian,Pioneer,2900.0,St. Thomas (MN),Pioneer,17-24,,22.0,1-2,1.0,1.0,0.0,0.0,1.0,0.0,14.0,1.0,5.0,237.0,,2.0,2.0,38:00,,,,,49.0,1.0,61.0,,,,5-13,2.0,2-6,298.0,2.0,9.9,1.2,23
401767488,2025.0,12.0,regular,home,2617.0,Stephen F. Austin,Southland,2320.0,Lamar,Southland,18-33,,25.0,0-1,0.0,,0.0,0.0,1.0,,,,14.0,149.0,,1.0,0.0,34:51,0.0,41.0,2.0,,45.0,2.0,180.0,,,,10-18,,2-20,329.0,1.0,4.5,4.0,26
401767488,2025.0,12.0,regular,away,2320.0,Lamar,Southland,2617.0,Stephen F. Austin,Southland,18-26,,12.0,1-2,0.0,0.0,0.0,0.0,1.0,0.0,30.0,2.0,1.0,124.0,,1.0,0.0,25:09,0.0,2.0,1.0,,25.0,2.0,134.0,,,,4-12,2.0,7-49,258.0,1.0,4.8,5.4,15
401767357,2025.0,12.0,regular,home,2010.0,Alabama A&M,SWAC,50.0,Florida A&M,SWAC,20-34,,24.0,1-1,0.0,,,,1.0,0.0,40.0,2.0,11.0,227.0,,,1.0,34:37,0.0,0.0,1.0,,38.0,1.0,233.0,,,,11-18,,3-15,460.0,1.0,6.7,6.1,23
401767357,2025.0,12.0,regular,away,50.0,Florida A&M,SWAC,2010.0,Alabama A&M,SWAC,20-24,,20.0,1-1,0.0,0.0,0.0,0.0,0.0,0.0,55.0,3.0,2.0,299.0,,1.0,3.0,25:23,0.0,0.0,1.0,,28.0,1.0,93.0,,,,2-9,1.0,7-60,392.0,0.0,12.5,3.3,26
401767393,2025.0,12.0,regular,home,2296.0,Jackson State,SWAC,2065.0,Bethune-Cookman,SWAC,12-21,,22.0,2-3,1.0,1.0,1.0,82.0,1.0,0.0,57.0,3.0,4.0,160.0,,2.0,1.0,34:29,0.0,22.0,2.0,,52.0,2.0,360.0,,,,4-12,1.0,7-50,520.0,2.0,7.6,6.9,28
401767393,2025.0,12.0,regular,away,2065.0,Bethune-Cookman,SWAC,2296.0,Jackson State,SWAC,15-28,,13.0,1-2,1.0,1.0,0.0,28.0,2.0,1.0,138.0,5.0,7.0,215.0,,1.0,0.0,25:31,,,,,25.0,0.0,75.0,,,,2-12,1.0,2-15,290.0,3.0,7.7,3.0,13
401767377,2025.0,12.0,regular,away,2755.0,Grambling,SWAC,2016.0,Alcorn State,SWAC,16-33,,15.0,0-1,1.0,1.0,,,0.0,0.0,92.0,4.0,10.0,142.0,,,0.0,29:39,0.0,-6.0,2.0,,30.0,0.0,99.0,,,,4-15,2.0,5-40,241.0,1.0,4.3,3.3,16
401767377,2025.0,12.0,regular,home,2016.0,Alcorn State,SWAC,2755.0,Grambling,SWAC,23-31,,21.0,0-0,1.0,1.0,,,0.0,,,,3.0,167.0,,,0.0,30:21,0.0,36.0,2.0,,39.0,3.0,151.0,,,,6-13,2.0,11-80,318.0,1.0,5.4,3.9,27
401767387,2025.0,12.0,regular,home,2504.0,Prairie View A&M,SWAC,2029.0,Arkansas-Pine Bluff,SWAC,22-26,,30.0,1-2,0.0,,0.0,10.0,0.0,0.0,37.0,1.0,8.0,356.0,,1.0,4.0,31:28,0.0,28.0,2.0,,41.0,4.0,288.0,,,,7-11,,6-57,644.0,0.0,13.7,7.0,56
401767387,2025.0,12.0,regular,away,2029.0,Arkansas-Pine Bluff,SWAC,2504.0,Prairie View A&M,SWAC,9-16,,10.0,1-2,0.0,0.0,,,1.0,0.0,40.0,5.0,3.0,80.0,,,0.0,28:32,,,,,37.0,1.0,173.0,,,,2-13,1.0,9-102,253.0,1.0,5.0,4.7,9
401767457,2025.0,12.0,regular,away,2640.0,Texas Southern,SWAC,2582.0,Southern,SWAC,17-20,,19.0,0-0,0.0,2.0,0.0,59.0,0.0,0.0,71.0,5.0,5.0,210.0,,1.0,3.0,31:17,,,,,39.0,2.0,159.0,,,,6-11,1.0,1-15,369.0,0.0,10.5,4.1,35
401767457,2025.0,12.0,regular,home,2582.0,Southern,SWAC,2640.0,Texas Southern,SWAC,12-23,,23.0,1-1,2.0,0.0,,,1.0,0.0,98.0,6.0,6.0,213.0,,,2.0,28:43,0.0,10.0,1.0,,41.0,2.0,224.0,,,,8-12,3.0,4-45,437.0,3.0,9.3,5.5,30
401757174,2025.0,12.0,regular,away,2005.0,Air Force,Mountain West,41.0,UConn,FBS Independents,6-11,0.0,23.0,0-2,0.0,,0.0,11.0,0.0,0.0,25.0,1.0,4.0,66.0,3.0,1.0,0.0,35:25,0.0,0.0,1.0,2.0,58.0,2.0,290.0,0.0,31.0,0.0,4-10,,3-16,356.0,0.0,6.0,5.0,16
401757174,2025.0,12.0,regular,home,41.0,UConn,FBS Independents,2005.0,Air Force,Mountain West,15-23,0.0,18.0,0-0,0.0,,,,1.0,0.0,76.0,4.0,8.0,155.0,1.0,,0.0,24:35,0.0,5.0,1.0,2.0,30.0,3.0,192.0,0.0,40.0,2.0,6-10,,3-25,347.0,1.0,6.7,6.4,26
401767610,2025.0,12.0,regular,away,2166.0,Davidson,Pioneer,2368.0,Marist,Pioneer,19-40,,18.0,1-4,0.0,1.0,,,1.0,0.0,146.0,7.0,4.0,193.0,,,1.0,28:07,,,,,25.0,0.0,46.0,,,,6-15,2.0,3-30,239.0,1.0,4.8,1.8,10
401767610,2025.0,12.0,regular,home,2368.0,Marist,Pioneer,2166.0,Davidson,Pioneer,18-25,,25.0,1-1,1.0,0.0,0.0,28.0,0.0,,,,7.0,317.0,,1.0,1.0,31:53,0.0,0.0,1.0,,37.0,4.0,196.0,,,,5-9,2.0,9-78,513.0,1.0,12.7,5.3,37
401767600,2025.0,12.0,regular,home,301.0,San Diego,Pioneer,2086.0,Butler,Pioneer,9-17,,15.0,0-0,0.0,1.0,0.0,0.0,1.0,0.0,40.0,2.0,9.0,218.0,,1.0,1.0,27:07,,,,,39.0,2.0,165.0,,,,5-12,0.0,8-60,383.0,1.0,12.8,4.2,29
401767600,2025.0,12.0,regular,away,2086.0,Butler,Pioneer,301.0,San Diego,Pioneer,15-23,,15.0,1-5,1.0,0.0,0.0,0.0,1.0,0.0,103.0,4.0,1.0,141.0,,1.0,1.0,32:53,,,,,36.0,0.0,75.0,,,,5-13,2.0,3-20,216.0,2.0,6.1,2.1,7
401767619,2025.0,12.0,regular,away,2181.0,Drake,Pioneer,2168.0,Dayton,Pioneer,7-12,,15.0,0-1,1.0,1.0,0.0,16.0,0.0,0.0,11.0,1.0,2.0,59.0,,2.0,0.0,25:54,0.0,-1.0,1.0,,43.0,2.0,248.0,,,,2-10,1.0,3-45,307.0,1.0,4.9,5.8,14
401767619,2025.0,12.0,regular,home,2168.0,Dayton,Pioneer,2181.0,Drake,Pioneer,17-37,,20.0,1-3,1.0,1.0,,,2.0,0.0,36.0,2.0,0.0,197.0,,,1.0,34:06,0.0,2.0,2.0,,44.0,0.0,143.0,,,,11-19,4.0,3-25,340.0,3.0,5.3,3.3,6
401767654,2025.0,12.0,regular,home,2674.0,Valparaiso,Pioneer,56.0,Stetson,Pioneer,18-27,,21.0,0-2,1.0,0.0,,,0.0,0.0,55.0,2.0,,203.0,,,2.0,26:07,0.0,6.0,2.0,,34.0,2.0,144.0,,,,1-9,2.0,7-70,347.0,1.0,7.5,4.2,32
401767654,2025.0,12.0,regular,away,56.0,Stetson,Pioneer,2674.0,Valparaiso,Pioneer,14-24,,19.0,1-3,0.0,1.0,,,0.0,,,,7.0,134.0,,,1.0,33:53,0.0,11.0,2.0,,45.0,3.0,282.0,,,,2-12,0.0,7-55,416.0,0.0,5.6,6.3,31
401788998,2025.0,12.0,regular,home,163.0,Princeton,Ivy,43.0,Yale,Ivy,11-24,,18.0,3-3,1.0,0.0,0.0,-11.0,1.0,,,,4.0,177.0,,2.0,0.0,34:24,0.0,7.0,1.0,,50.0,1.0,136.0,,,,7-19,2.0,2-10,313.0,2.0,7.4,2.7,10
401788998,2025.0,12.0,regular,away,43.0,Yale,Ivy,163.0,Princeton,Ivy,11-16,,12.0,0-0,0.0,1.0,0.0,-3.0,2.0,0.0,25.0,1.0,7.0,154.0,,1.0,0.0,25:36,0.0,4.0,1.0,,37.0,1.0,119.0,,,,3-11,0.0,7-62,273.0,2.0,9.6,3.2,13
401767707,2025.0,12.0,regular,home,108.0,Harvard,Ivy,219.0,Pennsylvania,Ivy,28-47,,30.0,2-4,0.0,,,,0.0,0.0,38.0,2.0,9.0,390.0,,,3.0,26:14,0.0,-1.0,1.0,,32.0,3.0,147.0,,,,11-16,,9-95,537.0,0.0,8.3,4.6,45
401767707,2025.0,12.0,regular,away,219.0,Pennsylvania,Ivy,108.0,Harvard,Ivy,32-40,,33.0,0-0,0.0,,,,0.0,0.0,87.0,4.0,7.0,271.0,,,3.0,33:46,,,,,34.0,3.0,154.0,,,,9-11,,4-45,425.0,0.0,6.8,4.5,43
401767695,2025.0,12.0,regular,away,172.0,Cornell,Ivy,159.0,Dartmouth,Ivy,37-45,,21.0,0-2,1.0,0.0,,,0.0,0.0,66.0,3.0,2.0,328.0,,,1.0,24:54,0.0,7.0,1.0,,17.0,1.0,41.0,,,,6-11,1.0,5-49,369.0,1.0,7.3,2.4,14
401767695,2025.0,12.0,regular,home,159.0,Dartmouth,Ivy,172.0,Cornell,Ivy,13-23,,20.0,2-2,0.0,1.0,,,0.0,,,,6.0,122.0,,,0.0,35:06,,,,,45.0,3.0,254.0,,,,11-18,0.0,5-40,376.0,0.0,5.3,5.6,24
401767677,2025.0,12.0,regular,away,225.0,Brown,Ivy,171.0,Columbia,Ivy,31-43,,23.0,2-4,0.0,2.0,0.0,0.0,0.0,0.0,26.0,1.0,6.0,340.0,,1.0,4.0,27:51,,,,,28.0,0.0,75.0,,,,2-11,2.0,5-45,415.0,0.0,7.9,2.7,32
401767677,2025.0,12.0,regular,home,171.0,Columbia,Ivy,225.0,Brown,Ivy,17-25,,21.0,1-2,2.0,0.0,,,1.0,0.0,61.0,5.0,3.0,168.0,,,3.0,32:09,0.0,0.0,1.0,,43.0,1.0,162.0,,,,7-14,3.0,2-30,330.0,3.0,6.7,3.8,29
401767331,2025.0,12.0,regular,away,119.0,Towson,CAA,399.0,UAlbany,CAA,16-29,,23.0,0-0,2.0,1.0,0.0,0.0,0.0,0.0,61.0,3.0,10.0,196.0,,2.0,1.0,32:28,0.0,0.0,2.0,,40.0,3.0,143.0,,,,5-12,4.0,5-40,339.0,2.0,6.8,3.6,36
401767331,2025.0,12.0,regular,home,399.0,UAlbany,CAA,119.0,Towson,CAA,17-33,,13.0,2-3,1.0,2.0,,,2.0,0.0,64.0,3.0,1.0,161.0,,,1.0,27:32,,,,,28.0,2.0,88.0,,,,3-12,1.0,7-70,249.0,3.0,4.9,3.1,19
401767194,2025.0,12.0,regular,away,227.0,Rhode Island,CAA,311.0,Maine,CAA,17-23,,21.0,0-0,1.0,0.0,,,0.0,0.0,75.0,3.0,9.0,233.0,,,2.0,29:27,0.0,0.0,1.0,,39.0,4.0,264.0,,,,7-12,3.0,3-20,497.0,1.0,10.1,6.8,45
401767194,2025.0,12.0,regular,home,311.0,Maine,CAA,227.0,Rhode Island,CAA,21-34,,15.0,1-4,0.0,1.0,,,0.0,0.0,130.0,6.0,1.0,278.0,,,1.0,30:33,0.0,21.0,2.0,,28.0,1.0,45.0,,,,3-13,0.0,6-55,323.0,0.0,8.2,1.6,13
401767138,2025.0,12.0,regular,home,2803.0,Bryant,CAA,160.0,New Hampshire,CAA,16-30,,13.0,1-2,0.0,0.0,0.0,25.0,1.0,0.0,38.0,2.0,2.0,136.0,,1.0,0.0,24:57,0.0,10.0,1.0,,28.0,2.0,98.0,,,,5-14,1.0,10-101,234.0,1.0,4.5,3.5,14
401767138,2025.0,12.0,regular,away,160.0,New Hampshire,CAA,2803.0,Bryant,CAA,27-36,,23.0,1-3,0.0,0.0,0.0,1.0,1.0,0.0,16.0,2.0,6.0,328.0,,1.0,5.0,35:03,0.0,22.0,5.0,,28.0,1.0,139.0,,,,7-12,1.0,8-74,467.0,1.0,9.1,5.0,42
401767326,2025.0,12.0,regular,home,222.0,Villanova,CAA,2619.0,Stony Brook,CAA,18-30,,24.0,2-4,0.0,1.0,,,0.0,0.0,117.0,4.0,6.0,280.0,,,4.0,39:51,0.0,18.0,3.0,,44.0,0.0,160.0,,,,3-13,1.0,3-30,440.0,0.0,9.3,3.6,30
401767326,2025.0,12.0,regular,away,2619.0,Stony Brook,CAA,222.0,Villanova,CAA,21-33,,14.0,2-2,1.0,0.0,,,0.0,0.0,38.0,2.0,9.0,278.0,,,1.0,20:09,0.0,9.0,2.0,,27.0,2.0,76.0,,,,4-14,1.0,3-22,354.0,1.0,8.4,2.8,27
401767078,2025.0,12.0,regular,home,2464.0,Northern Arizona,Big Sky,13.0,Cal Poly,Big Sky,22-29,,23.0,2-4,0.0,,0.0,3.0,1.0,,,,9.0,356.0,,3.0,4.0,33:07,0.0,24.0,3.0,,34.0,0.0,139.0,,,,0-9,,2-14,495.0,1.0,12.3,4.1,35
401767078,2025.0,12.0,regular,away,13.0,Cal Poly,Big Sky,2464.0,Northern Arizona,Big Sky,15-36,,17.0,1-3,0.0,0.0,0.0,32.0,3.0,0.0,91.0,2.0,9.0,270.0,,1.0,2.0,26:53,,,,,32.0,1.0,86.0,,,,5-15,2.0,5-42,356.0,3.0,7.5,2.7,27
401767111,2025.0,12.0,regular,home,147.0,Montana State,Big Sky,302.0,UC Davis,Big Sky,10-18,,15.0,0-0,0.0,,1.0,116.0,0.0,0.0,48.0,3.0,8.0,144.0,,2.0,1.0,22:46,0.0,9.0,1.0,,32.0,3.0,233.0,,,,4-10,,5-50,377.0,0.0,8.0,7.3,38
401767111,2025.0,12.0,regular,away,302.0,UC Davis,Big Sky,147.0,Montana State,Big Sky,22-37,,28.0,2-2,0.0,0.0,,,2.0,0.0,14.0,1.0,5.0,234.0,,,2.0,37:14,0.0,2.0,1.0,,46.0,0.0,190.0,,,,4-16,3.0,4-17,424.0,2.0,6.3,4.1,17
401767067,2025.0,12.0,regular,home,331.0,Eastern Washington,Big Sky,2458.0,Northern Colorado,Big Sky,31-43,,25.0,1-2,0.0,0.0,0.0,56.0,1.0,0.0,20.0,1.0,9.0,299.0,,5.0,2.0,28:56,0.0,0.0,1.0,,28.0,1.0,75.0,,,,6-14,2.0,6-68,374.0,1.0,7.0,2.7,27
401767067,2025.0,12.0,regular,away,2458.0,Northern Colorado,Big Sky,331.0,Eastern Washington,Big Sky,21-36,,18.0,0-4,0.0,0.0,0.0,34.0,5.0,0.0,40.0,2.0,1.0,195.0,,1.0,1.0,31:04,0.0,6.0,1.0,,32.0,0.0,131.0,,,,7-15,1.0,11-117,326.0,5.0,5.4,4.1,7
401767087,2025.0,12.0,regular,away,2692.0,Weber State,Big Sky,304.0,Idaho State,Big Sky,24-33,,11.0,1-2,0.0,,,,0.0,0.0,44.0,2.0,3.0,192.0,,,0.0,29:20,0.0,6.0,2.0,,23.0,0.0,35.0,,,,3-15,,8-60,227.0,0.0,5.8,1.5,3
401767087,2025.0,12.0,regular,home,304.0,Idaho State,Big Sky,2692.0,Weber State,Big Sky,25-40,,27.0,1-2,0.0,0.0,,,0.0,,,,7.0,373.0,,,2.0,30:40,0.0,16.0,2.0,,28.0,2.0,158.0,,,,5-12,2.0,4-50,531.0,0.0,9.3,5.6,31
401767103,2025.0,12.0,regular,home,2502.0,Portland State,Big Sky,149.0,Montana,Big Sky,17-34,,15.0,0-1,0.0,2.0,,,5.0,0.0,66.0,4.0,5.0,218.0,,,0.0,28:24,,,,,30.0,2.0,143.0,,,,5-14,0.0,7-88,361.0,5.0,6.4,4.8,17
401767103,2025.0,12.0,regular,away,149.0,Montana,Big Sky,2502.0,Portland State,Big Sky,20-29,,24.0,3-3,2.0,0.0,0.0,168.0,0.0,0.0,47.0,3.0,9.0,247.0,,5.0,4.0,31:36,0.0,-18.0,3.0,,44.0,5.0,208.0,,,,8-15,2.0,6-59,455.0,2.0,8.5,4.7,63
401756951,2025.0,12.0,regular,away,12.0,Arizona,Big 12,2132.0,Cincinnati,Big 12,23-31,0.0,24.0,1-1,0.0,,0.0,11.0,0.0,0.0,26.0,1.0,12.0,294.0,5.0,2.0,1.0,36:41,,,,1.0,42.0,2.0,181.0,1.0,23.0,4.0,8-16,,3-25,475.0,0.0,9.5,4.3,30
401756951,2025.0,12.0,regular,home,2132.0,Cincinnati,Big 12,12.0,Arizona,Big 12,15-28,0.0,14.0,3-4,0.0,,,,2.0,,,,6.0,154.0,0.0,,1.0,23:19,0.0,10.0,1.0,0.0,29.0,2.0,190.0,3.0,35.0,9.0,3-12,,5-58,344.0,2.0,5.5,6.6,24
401767760,2025.0,12.0,regular,home,2598.0,St. Francis (PA),NEC,2341.0,Long Island University,NEC,11-24,,8.0,1-1,1.0,0.0,,,1.0,0.0,68.0,3.0,3.0,76.0,,,0.0,28:24,0.0,30.0,1.0,,31.0,0.0,81.0,,,,1-13,3.0,2-15,157.0,2.0,3.2,2.6,3
401767760,2025.0,12.0,regular,away,2341.0,Long Island University,NEC,2598.0,St. Francis (PA),NEC,13-24,,13.0,0-1,0.0,1.0,1.0,36.0,0.0,,,,4.0,105.0,,1.0,0.0,31:36,0.0,13.0,3.0,,40.0,0.0,144.0,,,,6-17,0.0,1-5,249.0,0.0,4.4,3.6,10
401767348,2025.0,12.0,regular,away,47.0,Howard,MEAC,2169.0,Delaware State,MEAC,21-39,,22.0,1-3,1.0,1.0,,,2.0,0.0,89.0,5.0,7.0,252.0,,,1.0,25:27,0.0,10.0,3.0,,21.0,0.0,43.0,,,,4-12,2.0,13-119,295.0,3.0,6.5,2.0,13
401767348,2025.0,12.0,regular,home,2169.0,Delaware State,MEAC,47.0,Howard,MEAC,10-16,,22.0,0-1,1.0,1.0,1.0,110.0,0.0,0.0,38.0,2.0,8.0,169.0,,2.0,0.0,34:33,0.0,9.0,2.0,,50.0,2.0,205.0,,,,4-11,1.0,18-195,374.0,1.0,10.6,4.1,26
401767402,2025.0,12.0,regular,home,2450.0,Norfolk State,MEAC,2415.0,Morgan State,MEAC,17-31,,23.0,1-1,1.0,0.0,0.0,8.0,2.0,0.0,42.0,4.0,2.0,174.0,,1.0,2.0,27:45,0.0,0.0,1.0,,35.0,2.0,286.0,,,,7-12,2.0,9-84,460.0,3.0,5.6,8.2,28
401767402,2025.0,12.0,regular,away,2415.0,Morgan State,MEAC,2450.0,Norfolk State,MEAC,16-22,,21.0,1-1,0.0,1.0,0.0,71.0,1.0,0.0,108.0,3.0,5.0,183.0,,2.0,2.0,32:15,0.0,42.0,2.0,,43.0,2.0,162.0,,,,6-13,3.0,6-61,345.0,1.0,8.3,3.8,35
401767414,2025.0,12.0,regular,away,2569.0,South Carolina State,MEAC,2428.0,North Carolina Central,MEAC,24-36,,24.0,1-2,1.0,1.0,,,1.0,0.0,71.0,2.0,10.0,314.0,,,3.0,36:29,0.0,9.0,1.0,,39.0,1.0,140.0,,,,10-17,3.0,4-49,454.0,2.0,8.7,3.6,34
401767414,2025.0,12.0,regular,home,2428.0,North Carolina Central,MEAC,2569.0,South Carolina State,MEAC,13-31,,17.0,1-2,1.0,1.0,1.0,33.0,0.0,0.0,139.0,5.0,9.0,218.0,,1.0,1.0,23:31,,,,,28.0,1.0,88.0,,,,5-13,2.0,4-43,306.0,1.0,7.0,3.1,27
401767543,2025.0,12.0,regular,home,79.0,Southern Illinois,MVFC,233.0,South Dakota,MVFC,20-34,,21.0,1-1,0.0,,0.0,27.0,1.0,0.0,16.0,1.0,11.0,307.0,,1.0,5.0,24:27,,,,,30.0,1.0,148.0,,,,6-12,,5-35,455.0,1.0,9.0,4.9,51
401767543,2025.0,12.0,regular,away,233.0,South Dakota,MVFC,79.0,Southern Illinois,MVFC,21-30,,31.0,2-3,0.0,0.0,0.0,0.0,1.0,0.0,46.0,3.0,11.0,300.0,,1.0,5.0,35:33,0.0,0.0,1.0,,48.0,1.0,224.0,,,,8-15,5.0,3-25,524.0,1.0,10.0,4.7,53
401767514,2025.0,12.0,regular,away,2460.0,Northern Iowa,MVFC,2449.0,North Dakota State,MVFC,9-23,,13.0,2-3,0.0,1.0,,,2.0,0.0,20.0,1.0,2.0,99.0,,,1.0,29:47,1.0,23.0,1.0,,35.0,0.0,102.0,,,,3-14,1.0,3-25,201.0,2.0,4.3,2.9,16
401767514,2025.0,12.0,regular,home,2449.0,North Dakota State,MVFC,2460.0,Northern Iowa,MVFC,18-25,,24.0,2-3,1.0,0.0,0.0,1.0,0.0,0.0,127.0,3.0,12.0,268.0,,2.0,1.0,30:13,0.0,108.0,4.0,,39.0,5.0,209.0,,,,5-11,1.0,5-44,477.0,1.0,10.7,5.4,48
401767444,2025.0,12.0,regular,away,2287.0,Illinois State,MVFC,2571.0,South Dakota State,MVFC,17-33,,20.0,2-2,1.0,1.0,1.0,15.0,0.0,0.0,40.0,2.0,5.0,141.0,,2.0,3.0,28:56,0.0,3.0,2.0,,39.0,1.0,134.0,,,,5-15,1.0,3-35,275.0,1.0,4.3,3.4,35
401767444,2025.0,12.0,regular,home,2571.0,South Dakota State,MVFC,2287.0,Illinois State,MVFC,32-51,,22.0,6-10,1.0,1.0,,,2.0,0.0,26.0,3.0,1.0,254.0,,,1.0,31:04,0.0,-2.0,2.0,,38.0,2.0,66.0,,,,4-19,4.0,6-36,320.0,3.0,5.0,1.7,21
401767748,2025.0,12.0,regular,away,2115.0,Central Connecticut,NEC,2184.0,Duquesne,NEC,28-45,,24.0,1-2,0.0,,,,2.0,0.0,99.0,6.0,3.0,423.0,,,4.0,30:44,0.0,4.0,3.0,,30.0,1.0,165.0,,,,6-16,,5-32,588.0,2.0,9.4,5.5,33
401767748,2025.0,12.0,regular,home,2184.0,Duquesne,NEC,2115.0,Central Connecticut,NEC,14-22,,19.0,1-2,0.0,0.0,0.0,10.0,0.0,0.0,39.0,2.0,2.0,182.0,,2.0,3.0,29:16,0.0,28.0,2.0,,32.0,3.0,344.0,,,,1-9,1.0,8-50,526.0,0.0,8.3,10.8,38
401767452,2025.0,12.0,regular,home,2754.0,Youngstown State,MVFC,282.0,Indiana State,MVFC,23-30,,25.0,1-1,0.0,2.0,0.0,17.0,0.0,0.0,90.0,4.0,12.0,264.0,,1.0,3.0,34:44,,,,,40.0,3.0,218.0,,,,5-12,0.0,5-38,482.0,0.0,8.8,5.5,48
401767452,2025.0,12.0,regular,away,282.0,Indiana State,MVFC,2754.0,Youngstown State,MVFC,15-24,,19.0,1-2,2.0,0.0,,,1.0,0.0,50.0,3.0,5.0,319.0,,,3.0,25:16,0.0,-1.0,1.0,,37.0,1.0,173.0,,,,4-11,2.0,6-70,492.0,3.0,13.3,4.7,29
401762506,2025.0,12.0,regular,away,249.0,North Texas,American Athletic,5.0,UAB,American Athletic,18-25,0.0,22.0,2-3,0.0,1.0,0.0,39.0,0.0,0.0,95.0,2.0,9.0,298.0,4.0,3.0,2.0,24:51,,,,5.0,34.0,5.0,208.0,2.0,48.0,7.0,6-10,0.0,4-30,506.0,0.0,11.9,6.1,53
401762506,2025.0,12.0,regular,home,5.0,UAB,American Athletic,249.0,North Texas,American Athletic,27-47,0.0,26.0,4-6,1.0,0.0,,,3.0,0.0,55.0,4.0,4.0,288.0,1.0,,1.0,35:09,,,,0.0,35.0,2.0,190.0,0.0,35.0,1.0,9-17,1.0,3-12,478.0,4.0,6.1,5.4,24
401762507,2025.0,12.0,regular,away,2636.0,UTSA,American Athletic,2429.0,Charlotte,American Athletic,24-37,0.0,29.0,1-2,1.0,0.0,0.0,50.0,1.0,,,,4.0,306.0,2.0,1.0,2.0,31:14,0.0,20.0,2.0,5.0,38.0,2.0,215.0,3.0,33.0,5.0,7-13,1.0,2-30,521.0,2.0,8.3,5.7,28
401762507,2025.0,12.0,regular,home,2429.0,Charlotte,American Athletic,2636.0,UTSA,American Athletic,16-28,1.0,13.0,0-2,0.0,1.0,0.0,0.0,1.0,1.0,94.0,2.0,1.0,146.0,4.0,1.0,0.0,28:46,0.0,0.0,1.0,4.0,30.0,0.0,51.0,0.0,46.0,4.0,6-15,0.0,6-50,197.0,1.0,5.2,1.7,7
401757302,2025.0,12.0,regular,away,338.0,Kennesaw State,Conference USA,55.0,Jacksonville State,Conference USA,27-44,0.0,32.0,2-3,0.0,0.0,,,4.0,0.0,28.0,2.0,8.0,362.0,2.0,,1.0,34:22,0.0,13.0,3.0,0.0,46.0,2.0,217.0,1.0,28.0,4.0,7-15,1.0,10-90,579.0,4.0,8.2,4.7,26
401757302,2025.0,12.0,regular,home,55.0,Jacksonville State,Conference USA,338.0,Kennesaw State,Conference USA,9-14,0.0,18.0,0-0,0.0,0.0,0.0,36.0,0.0,0.0,4.0,1.0,9.0,199.0,5.0,4.0,1.0,25:38,,,,1.0,42.0,3.0,252.0,2.0,57.0,5.0,4-11,1.0,8-92,451.0,0.0,14.2,6.0,35
401752771,2025.0,12.0,regular,home,2633.0,Tennessee,SEC,166.0,New Mexico State,Conference USA,19-27,1.0,22.0,2-2,0.0,0.0,1.0,44.0,2.0,0.0,20.0,1.0,6.0,219.0,8.0,2.0,1.0,24:21,,,,1.0,39.0,4.0,194.0,3.0,40.0,7.0,3-11,1.0,4-55,413.0,2.0,8.1,5.0,42
401752771,2025.0,12.0,regular,away,166.0,New Mexico State,Conference USA,2633.0,Tennessee,SEC,35-53,0.0,24.0,1-5,0.0,0.0,0.0,7.0,2.0,0.0,27.0,3.0,3.0,313.0,1.0,2.0,0.0,35:39,0.0,10.0,1.0,4.0,30.0,1.0,27.0,0.0,29.0,1.0,8-19,2.0,3-29,340.0,2.0,5.9,0.9,9
401767466,2025.0,12.0,regular,away,2277.0,Houston Christian,Southland,2837.0,East Texas A&M,Southland,16-33,,22.0,0-2,1.0,2.0,0.0,3.0,0.0,0.0,46.0,3.0,2.0,189.0,,1.0,2.0,27:25,0.0,-4.0,2.0,,44.0,2.0,228.0,,,,9-16,2.0,8-52,417.0,1.0,5.7,5.2,32
401767466,2025.0,12.0,regular,home,2837.0,East Texas A&M,Southland,2277.0,Houston Christian,Southland,22-32,,26.0,0-0,1.0,1.0,,,1.0,0.0,12.0,1.0,5.0,236.0,,,4.0,32:35,,,,,44.0,1.0,175.0,,,,9-15,2.0,7-65,411.0,2.0,7.4,4.0,37
401767563,2025.0,12.0,regular,home,2717.0,Western Carolina,Southern,2193.0,East Tennessee State,Southern,33-48,,25.0,2-5,0.0,2.0,,,0.0,0.0,54.0,3.0,5.0,426.0,,,2.0,29:25,,,,,35.0,2.0,103.0,,,,6-16,1.0,6-60,529.0,0.0,8.9,2.9,35
401767563,2025.0,12.0,regular,away,2193.0,East Tennessee State,Southern,2717.0,Western Carolina,Southern,22-37,,33.0,1-2,2.0,0.0,,,0.0,,,,10.0,394.0,,,6.0,30:35,0.0,11.0,1.0,,51.0,1.0,244.0,,,,8-15,2.0,5-31,638.0,2.0,10.6,4.8,52
401767556,2025.0,12.0,regular,away,236.0,Chattanooga,Southern,2382.0,Mercer,Southern,11-25,,12.0,3-4,1.0,1.0,0.0,34.0,2.0,0.0,79.0,3.0,5.0,138.0,,1.0,1.0,29:55,,,,,39.0,1.0,60.0,,,,2-15,1.0,5-60,198.0,3.0,5.5,1.5,17
401767556,2025.0,12.0,regular,home,2382.0,Mercer,Southern,236.0,Chattanooga,Southern,29-38,,32.0,0-0,1.0,1.0,0.0,22.0,1.0,0.0,6.0,1.0,9.0,333.0,,2.0,5.0,30:05,0.0,23.0,2.0,,28.0,4.0,212.0,,,,8-10,1.0,6-62,545.0,2.0,8.8,7.6,63
401767571,2025.0,12.0,regular,home,231.0,Furman,Southern,2678.0,VMI,Southern,34-47,,31.0,1-3,0.0,1.0,,,0.0,0.0,31.0,2.0,6.0,274.0,,,2.0,36:13,0.0,42.0,5.0,,38.0,2.0,174.0,,,,9-17,2.0,4-45,448.0,0.0,5.8,4.6,32
401767571,2025.0,12.0,regular,away,2678.0,VMI,Southern,231.0,Furman,Southern,12-26,,15.0,1-2,1.0,0.0,,,0.0,0.0,22.0,1.0,2.0,124.0,,,0.0,23:47,,,,,33.0,2.0,120.0,,,,3-13,2.0,7-87,244.0,1.0,4.8,3.6,14
401767481,2025.0,12.0,regular,away,2545.0,SE Louisiana,Southland,2916.0,Incarnate Word,Southland,19-32,,15.0,2-2,0.0,0.0,,,0.0,,,,4.0,199.0,,,1.0,31:50,0.0,10.0,2.0,,29.0,0.0,97.0,,,,4-16,1.0,3-30,296.0,0.0,6.2,3.3,10
401767481,2025.0,12.0,regular,home,2916.0,Incarnate Word,Southland,2545.0,SE Louisiana,Southland,16-25,,16.0,1-2,0.0,,,,0.0,0.0,39.0,2.0,1.0,158.0,,,0.0,28:10,0.0,14.0,1.0,,44.0,1.0,223.0,,,,4-15,,8-93,381.0,0.0,6.3,5.1,7
401767586,2025.0,12.0,regular,away,2747.0,Wofford,Southern,2643.0,The Citadel,Southern,18-35,,17.0,2-3,0.0,1.0,0.0,0.0,0.0,0.0,15.0,2.0,4.0,210.0,,1.0,1.0,27:25,0.0,0.0,1.0,,30.0,1.0,159.0,,,,2-13,0.0,6-54,369.0,0.0,6.0,5.3,16
401767586,2025.0,12.0,regular,home,2643.0,The Citadel,Southern,2747.0,Wofford,Southern,14-21,,18.0,2-5,1.0,0.0,,,1.0,0.0,47.0,2.0,2.0,166.0,,,1.0,32:35,0.0,5.0,2.0,,45.0,1.0,201.0,,,,3-13,1.0,5-40,367.0,2.0,7.9,4.5,14
401767519,2025.0,12.0,regular,away,2466.0,Northwestern State,Southland,2447.0,Nicholls,Southland,18-23,,13.0,5-7,0.0,1.0,0.0,0.0,1.0,0.0,57.0,2.0,3.0,144.0,,1.0,1.0,30:09,0.0,4.0,1.0,,37.0,2.0,153.0,,,,2-14,1.0,6-55,297.0,1.0,6.3,4.1,21
401767519,2025.0,12.0,regular,home,2447.0,Nicholls,Southland,2466.0,Northwestern State,Southland,12-21,,19.0,1-1,1.0,0.0,0.0,10.0,1.0,0.0,17.0,2.0,2.0,156.0,,1.0,1.0,29:51,0.0,11.0,2.0,,35.0,3.0,219.0,,,,5-10,1.0,4-33,375.0,2.0,7.4,6.3,26
401754594,2025.0,12.0,regular,away,259.0,Virginia Tech,ACC,52.0,Florida State,ACC,10-18,0.0,20.0,0-2,1.0,0.0,,,1.0,,,,2.0,125.0,0.0,,1.0,27:25,,,,3.0,41.0,1.0,238.0,0.0,28.0,2.0,8-12,2.0,8-59,363.0,2.0,6.9,5.8,14
401754594,2025.0,12.0,regular,home,52.0,Florida State,ACC,259.0,Virginia Tech,ACC,13-25,0.0,27.0,1-1,0.0,1.0,0.0,0.0,0.0,0.0,76.0,2.0,10.0,194.0,3.0,1.0,1.0,32:35,,,,2.0,46.0,3.0,237.0,1.0,29.0,4.0,7-11,0.0,1-5,431.0,0.0,7.8,5.2,34
401754592,2025.0,12.0,regular,home,103.0,Boston College,ACC,59.0,Georgia Tech,ACC,26-40,0.0,24.0,2-2,0.0,1.0,,,0.0,,,,4.0,362.0,1.0,,2.0,27:16,,,,2.0,26.0,3.0,175.0,1.0,55.0,2.0,5-11,0.0,4-40,537.0,0.0,9.1,6.7,34
401754592,2025.0,12.0,regular,away,59.0,Georgia Tech,ACC,103.0,Boston College,ACC,26-34,0.0,30.0,0-0,1.0,0.0,,,0.0,0.0,88.0,5.0,12.0,371.0,3.0,,1.0,32:44,0.0,-2.0,1.0,2.0,42.0,3.0,257.0,1.0,36.0,3.0,7-12,2.0,6-34,628.0,1.0,10.9,6.1,36
401754591,2025.0,12.0,regular,away,228.0,Clemson,ACC,97.0,Louisville,ACC,22-34,0.0,19.0,2-5,1.0,1.0,,,0.0,,,,8.0,187.0,2.0,,0.0,30:55,0.0,0.0,1.0,1.0,30.0,2.0,121.0,1.0,28.0,5.0,1-13,2.0,3-30,308.0,1.0,5.5,4.0,20
401754591,2025.0,12.0,regular,home,97.0,Louisville,ACC,228.0,Clemson,ACC,20-29,0.0,16.0,0-1,1.0,1.0,,,0.0,,,,7.0,214.0,1.0,,1.0,29:05,0.0,0.0,1.0,5.0,30.0,1.0,171.0,1.0,29.0,5.0,2-11,1.0,10-84,385.0,1.0,7.4,5.7,19
401754593,2025.0,12.0,regular,away,258.0,Virginia,ACC,150.0,Duke,ACC,23-35,0.0,22.0,1-2,0.0,1.0,,,2.0,,,,10.0,316.0,8.0,,2.0,35:58,0.0,3.0,3.0,6.0,42.0,2.0,224.0,4.0,26.0,8.0,12-19,1.0,7-60,540.0,2.0,9.0,5.3,34
401754593,2025.0,12.0,regular,home,150.0,Duke,ACC,258.0,Virginia,ACC,18-35,1.0,11.0,2-4,1.0,0.0,1.0,18.0,0.0,0.0,38.0,3.0,5.0,213.0,2.0,2.0,1.0,24:02,0.0,8.0,1.0,6.0,23.0,0.0,42.0,0.0,41.0,6.0,4-15,2.0,3-45,255.0,1.0,6.1,1.8,17
401754595,2025.0,12.0,regular,home,2390.0,Miami,ACC,152.0,NC State,ACC,24-33,1.0,28.0,0-0,1.0,0.0,1.0,60.0,0.0,0.0,23.0,1.0,11.0,367.0,5.0,2.0,3.0,36:43,0.0,8.0,1.0,2.0,37.0,1.0,214.0,1.0,21.0,5.0,5-10,1.0,8-75,581.0,1.0,11.1,5.8,41
401754595,2025.0,12.0,regular,away,152.0,NC State,ACC,2390.0,Miami,ACC,17-30,0.0,9.0,0-0,0.0,1.0,,,2.0,,,,1.0,120.0,2.0,,0.0,23:17,,,,0.0,20.0,1.0,23.0,1.0,41.0,3.0,3-11,1.0,4-30,143.0,2.0,4.0,1.2,7
401754596,2025.0,12.0,regular,home,154.0,Wake Forest,ACC,153.0,North Carolina,ACC,15-25,0.0,19.0,2-3,1.0,0.0,,,0.0,0.0,19.0,1.0,4.0,191.0,6.0,,1.0,29:58,0.0,12.0,2.0,6.0,39.0,3.0,223.0,2.0,27.0,6.0,6-13,2.0,3-40,414.0,1.0,7.6,5.7,28
401754596,2025.0,12.0,regular,away,153.0,North Carolina,ACC,154.0,Wake Forest,ACC,21-37,0.0,16.0,1-1,0.0,1.0,,,0.0,0.0,15.0,1.0,12.0,201.0,2.0,,0.0,30:02,0.0,11.0,1.0,2.0,24.0,0.0,56.0,2.0,32.0,2.0,4-14,0.0,4-45,257.0,0.0,5.4,2.3,12
401752900,2025.0,12.0,regular,home,194.0,Ohio State,Big Ten,26.0,UCLA,Big Ten,26-34,1.0,25.0,2-3,0.0,,,,0.0,1.0,100.0,1.0,12.0,218.0,2.0,,1.0,34:46,0.0,14.0,2.0,0.0,33.0,4.0,222.0,0.0,23.0,5.0,6-11,,3-20,440.0,0.0,6.4,6.7,48
401752900,2025.0,12.0,regular,away,26.0,UCLA,Big Ten,194.0,Ohio State,Big Ten,16-23,0.0,8.0,0-2,0.0,,,,0.0,0.0,7.0,1.0,4.0,154.0,2.0,,1.0,25:14,0.0,4.0,1.0,0.0,25.0,0.0,68.0,1.0,36.0,4.0,5-13,,7-55,222.0,0.0,6.7,2.7,10
401752907,2025.0,12.0,regular,away,2294.0,Iowa,Big Ten,30.0,USC,Big Ten,13-20,0.0,17.0,1-2,0.0,,,,1.0,0.0,84.0,3.0,3.0,137.0,6.0,,2.0,30:44,,,,0.0,33.0,1.0,183.0,2.0,44.0,3.0,4-10,,6-70,320.0,1.0,6.9,5.5,21
401752907,2025.0,12.0,regular,home,30.0,USC,Big Ten,2294.0,Iowa,Big Ten,23-32,0.0,21.0,0-1,0.0,0.0,0.0,4.0,0.0,0.0,16.0,1.0,8.0,254.0,3.0,1.0,1.0,29:16,,,,1.0,31.0,2.0,106.0,0.0,31.0,0.0,5-10,2.0,3-30,360.0,0.0,7.9,3.4,26
401752905,2025.0,12.0,regular,away,130.0,Michigan,Big Ten,77.0,Northwestern,Big Ten,21-32,0.0,25.0,0-1,3.0,0.0,,,2.0,0.0,20.0,1.0,6.0,280.0,8.0,,0.0,33:06,0.0,17.0,2.0,3.0,45.0,3.0,216.0,0.0,29.0,2.0,9-14,3.0,4-24,496.0,5.0,8.8,4.8,24
401752905,2025.0,12.0,regular,home,77.0,Northwestern,Big Ten,130.0,Michigan,Big Ten,13-27,0.0,11.0,1-1,0.0,3.0,0.0,31.0,0.0,,,,10.0,184.0,3.0,2.0,0.0,26:54,0.0,7.0,1.0,1.0,26.0,2.0,61.0,3.0,46.0,5.0,2-12,0.0,7-55,245.0,0.0,6.8,2.3,22
401752901,2025.0,12.0,regular,away,275.0,Wisconsin,Big Ten,84.0,Indiana,Big Ten,9-15,0.0,8.0,2-2,1.0,0.0,,,1.0,0.0,80.0,3.0,1.0,98.0,0.0,,1.0,26:02,0.0,13.0,2.0,1.0,30.0,0.0,70.0,5.0,34.0,7.0,2-11,1.0,1-5,168.0,2.0,6.5,2.3,7
401752901,2025.0,12.0,regular,home,84.0,Indiana,Big Ten,275.0,Wisconsin,Big Ten,23-25,0.0,19.0,0-0,0.0,1.0,0.0,0.0,0.0,,,,7.0,305.0,2.0,1.0,4.0,33:58,0.0,34.0,2.0,1.0,37.0,0.0,83.0,2.0,24.0,8.0,7-12,0.0,1-10,388.0,0.0,12.2,2.2,31
401752906,2025.0,12.0,regular,home,356.0,Illinois,Big Ten,120.0,Maryland,Big Ten,15-25,0.0,24.0,1-2,0.0,,0.0,0.0,1.0,0.0,25.0,1.0,6.0,172.0,9.0,1.0,2.0,35:57,0.0,15.0,1.0,2.0,48.0,1.0,225.0,1.0,35.0,3.0,7-13,,4-30,397.0,1.0,6.9,4.7,24
401752906,2025.0,12.0,regular,away,120.0,Maryland,Big Ten,356.0,Illinois,Big Ten,25-46,0.0,18.0,0-2,0.0,,0.0,0.0,1.0,,,,6.0,238.0,1.0,1.0,0.0,24:03,,,,3.0,18.0,0.0,55.0,1.0,47.0,4.0,3-12,,6-40,293.0,1.0,5.2,3.1,6
401752903,2025.0,12.0,regular,away,213.0,Penn State,Big Ten,127.0,Michigan State,Big Ten,8-13,0.0,19.0,2-4,0.0,1.0,,,0.0,0.0,21.0,1.0,4.0,127.0,2.0,,2.0,37:19,0.0,24.0,3.0,6.0,50.0,2.0,240.0,5.0,30.0,8.0,2-10,2.0,4-45,367.0,0.0,9.8,4.8,28
401752903,2025.0,12.0,regular,home,127.0,Michigan State,Big Ten,213.0,Penn State,Big Ten,17-27,0.0,13.0,0-2,1.0,0.0,,,0.0,,,,4.0,128.0,2.0,,0.0,22:41,0.0,12.0,2.0,2.0,22.0,1.0,101.0,2.0,30.0,5.0,1-10,1.0,2-20,229.0,1.0,4.7,4.6,10
401752904,2025.0,12.0,regular,home,2483.0,Oregon,Big Ten,135.0,Minnesota,Big Ten,30-33,0.0,27.0,0-0,1.0,0.0,,,0.0,,,,6.0,331.0,5.0,,2.0,29:36,0.0,18.0,2.0,4.0,30.0,4.0,179.0,2.0,25.0,5.0,6-9,2.0,4-35,510.0,1.0,10.0,6.0,42
401752904,2025.0,12.0,regular,away,135.0,Minnesota,Big Ten,2483.0,Oregon,Big Ten,19-33,0.0,13.0,1-1,0.0,1.0,,,0.0,0.0,16.0,1.0,7.0,138.0,1.0,,1.0,30:24,,,,1.0,24.0,0.0,62.0,1.0,31.0,5.0,7-16,0.0,5-25,200.0,0.0,4.2,2.6,13
401752902,2025.0,12.0,regular,away,2509.0,Purdue,Big Ten,264.0,Washington,Big Ten,17-34,0.0,14.0,1-3,0.0,1.0,,,1.0,0.0,76.0,3.0,7.0,167.0,0.0,,1.0,28:52,,,,1.0,30.0,0.0,100.0,1.0,41.0,4.0,5-14,0.0,7-64,267.0,1.0,4.9,3.3,13
401752902,2025.0,12.0,regular,home,264.0,Washington,Big Ten,2509.0,Purdue,Big Ten,18-22,0.0,24.0,0-0,1.0,0.0,0.0,4.0,0.0,0.0,20.0,1.0,7.0,294.0,5.0,1.0,2.0,31:08,0.0,0.0,1.0,2.0,40.0,5.0,212.0,3.0,37.0,6.0,7-10,2.0,4-50,506.0,1.0,13.4,5.3,49
401762860,2025.0,12.0,regular,away,2649.0,Toledo,Mid-American,193.0,Miami (OH),Mid-American,18-31,0.0,15.0,0-0,1.0,0.0,0.0,38.0,2.0,0.0,17.0,1.0,6.0,169.0,6.0,3.0,2.0,30:09,0.0,57.0,3.0,9.0,32.0,1.0,143.0,6.0,32.0,7.0,7-14,1.0,7-68,312.0,3.0,5.5,4.5,24
401762860,2025.0,12.0,regular,home,193.0,Miami (OH),Mid-American,2649.0,Toledo,Mid-American,11-38,0.0,15.0,2-6,0.0,1.0,0.0,0.0,3.0,0.0,96.0,4.0,3.0,147.0,2.0,2.0,0.0,29:51,0.0,13.0,1.0,7.0,32.0,0.0,75.0,0.0,34.0,6.0,5-16,0.0,4-22,222.0,3.0,3.9,2.3,3
401762857,2025.0,12.0,regular,home,2711.0,Western Michigan,Mid-American,195.0,Ohio,Mid-American,9-14,0.0,16.0,1-3,0.0,,0.0,37.0,0.0,0.0,23.0,2.0,5.0,126.0,4.0,1.0,0.0,31:14,0.0,0.0,1.0,3.0,42.0,2.0,210.0,2.0,32.0,2.0,0-8,,2-10,336.0,0.0,9.0,5.0,17
401762857,2025.0,12.0,regular,away,195.0,Ohio,Mid-American,2711.0,Western Michigan,Mid-American,8-19,0.0,15.0,2-3,0.0,0.0,,,1.0,0.0,37.0,2.0,1.0,70.0,0.0,,0.0,28:46,0.0,10.0,1.0,2.0,39.0,2.0,217.0,0.0,42.0,2.0,3-11,1.0,3-20,287.0,1.0,3.7,5.6,13
401762856,2025.0,12.0,regular,away,2309.0,Kent State,Mid-American,2006.0,Akron,Mid-American,17-25,0.0,13.0,0-0,1.0,1.0,0.0,37.0,0.0,0.0,20.0,6.0,6.0,317.0,5.0,1.0,5.0,21:20,0.0,33.0,2.0,0.0,22.0,1.0,57.0,6.0,38.0,9.0,3-9,4.0,7-71,374.0,1.0,12.7,2.6,42
401762856,2025.0,12.0,regular,home,2006.0,Akron,Mid-American,2309.0,Kent State,Mid-American,32-59,0.0,33.0,2-4,1.0,1.0,,,1.0,0.0,103.0,4.0,9.0,424.0,2.0,,3.0,38:40,0.0,9.0,2.0,2.0,36.0,1.0,106.0,1.0,22.0,3.0,7-19,3.0,3-30,530.0,2.0,7.2,2.9,35
401762861,2025.0,12.0,regular,away,2199.0,Eastern Michigan,Mid-American,2050.0,Ball State,Mid-American,18-29,0.0,21.0,0-1,0.0,0.0,0.0,0.0,2.0,0.0,17.0,1.0,6.0,229.0,2.0,1.0,1.0,31:09,,,,1.0,40.0,2.0,151.0,4.0,36.0,8.0,7-14,1.0,5-59,380.0,2.0,7.9,3.8,24
401762861,2025.0,12.0,regular,home,2050.0,Ball State,Mid-American,2199.0,Eastern Michigan,Mid-American,13-22,0.0,13.0,0-2,0.0,,0.0,0.0,1.0,0.0,57.0,2.0,9.0,62.0,4.0,2.0,0.0,28:51,,,,2.0,38.0,0.0,163.0,0.0,37.0,3.0,5-14,,5-45,225.0,1.0,2.8,4.3,9
401762858,2025.0,12.0,regular,home,2117.0,Central Michigan,Mid-American,2084.0,Buffalo,Mid-American,18-25,2.0,17.0,0-0,0.0,3.0,1.0,57.0,2.0,0.0,54.0,2.0,8.0,247.0,6.0,2.0,2.0,31:06,0.0,0.0,1.0,5.0,34.0,1.0,111.0,5.0,37.0,7.0,2-10,0.0,3-30,358.0,2.0,9.9,3.3,38
401762858,2025.0,12.0,regular,away,2084.0,Buffalo,Mid-American,2117.0,Central Michigan,Mid-American,22-42,0.0,19.0,0-1,3.0,0.0,0.0,45.0,2.0,0.0,143.0,6.0,7.0,262.0,0.0,2.0,2.0,28:54,0.0,18.0,2.0,3.0,34.0,0.0,136.0,1.0,29.0,4.0,7-18,4.0,6-50,398.0,5.0,6.2,4.0,19
401760410,2025.0,12.0,regular,away,68.0,Boise State,Mountain West,21.0,San Diego State,Mountain West,12-18,0.0,14.0,1-1,0.0,0.0,,,0.0,,,,1.0,104.0,0.0,,0.0,31:05,0.0,2.0,1.0,1.0,41.0,1.0,164.0,0.0,33.0,5.0,5-14,2.0,4-45,268.0,0.0,5.8,4.0,7
401760410,2025.0,12.0,regular,home,21.0,San Diego State,Mountain West,68.0,Boise State,Mountain West,6-10,0.0,12.0,1-1,0.0,,,,0.0,0.0,42.0,2.0,5.0,17.0,4.0,,0.0,28:55,0.0,0.0,1.0,1.0,46.0,2.0,277.0,0.0,37.0,4.0,3-12,,2-15,294.0,0.0,1.7,6.0,17
401760413,2025.0,12.0,regular,home,2440.0,Nevada,Mountain West,23.0,San José State,Mountain West,16-19,2.0,23.0,2-2,0.0,2.0,1.0,105.0,0.0,1.0,99.0,1.0,13.0,195.0,2.0,4.0,2.0,37:25,0.0,14.0,1.0,0.0,42.0,3.0,218.0,1.0,36.0,4.0,4-11,1.0,2-20,413.0,0.0,10.3,5.2,55
401760413,2025.0,12.0,regular,away,23.0,San José State,Mountain West,2440.0,Nevada,Mountain West,16-32,0.0,14.0,1-3,1.0,0.0,,,4.0,0.0,69.0,3.0,4.0,145.0,1.0,,0.0,22:35,0.0,2.0,2.0,0.0,26.0,1.0,125.0,0.0,35.0,4.0,4-13,1.0,6-64,270.0,5.0,4.5,4.8,10
401760411,2025.0,12.0,regular,home,167.0,New Mexico,Mountain West,36.0,Colorado State,Mountain West,13-25,0.0,15.0,1-2,4.0,1.0,0.0,88.0,0.0,,,,8.0,226.0,3.0,3.0,0.0,27:30,0.0,5.0,1.0,4.0,39.0,2.0,122.0,4.0,36.0,9.0,5-14,5.0,6-68,348.0,4.0,9.0,3.1,20
401760411,2025.0,12.0,regular,away,36.0,Colorado State,Mountain West,167.0,New Mexico,Mountain West,34-46,0.0,19.0,1-2,1.0,4.0,,,3.0,,,,5.0,286.0,2.0,,2.0,32:30,0.0,3.0,1.0,0.0,25.0,0.0,13.0,4.0,35.0,5.0,5-16,2.0,5-40,299.0,4.0,6.2,0.5,17
401760412,2025.0,12.0,regular,away,2751.0,Wyoming,Mountain West,278.0,Fresno State,Mountain West,8-28,0.0,9.0,1-3,0.0,,,,1.0,0.0,25.0,2.0,3.0,77.0,4.0,,0.0,25:55,0.0,3.0,1.0,0.0,32.0,0.0,107.0,1.0,51.0,6.0,3-15,,9-93,184.0,1.0,2.8,3.3,3
401760412,2025.0,12.0,regular,home,278.0,Fresno State,Mountain West,2751.0,Wyoming,Mountain West,12-27,0.0,23.0,2-3,0.0,0.0,0.0,15.0,0.0,0.0,31.0,2.0,6.0,95.0,3.0,1.0,1.0,34:05,0.0,28.0,2.0,0.0,47.0,2.0,216.0,2.0,37.0,6.0,5-16,1.0,3-20,311.0,0.0,3.5,4.6,24
401760414,2025.0,12.0,regular,home,2439.0,UNLV,Mountain West,328.0,Utah State,Mountain West,24-43,0.0,27.0,2-3,0.0,0.0,,,1.0,0.0,18.0,1.0,11.0,276.0,4.0,,1.0,32:15,0.0,7.0,2.0,7.0,32.0,2.0,146.0,7.0,39.0,8.0,7-15,2.0,4-20,422.0,1.0,6.4,4.6,29
401760414,2025.0,12.0,regular,away,328.0,Utah State,Mountain West,2439.0,UNLV,Mountain West,19-38,0.0,23.0,0-1,0.0,0.0,0.0,3.0,0.0,,,,8.0,256.0,8.0,1.0,1.0,27:45,0.0,3.0,2.0,3.0,36.0,2.0,178.0,3.0,29.0,6.0,9-17,1.0,5-60,434.0,0.0,6.7,4.9,26
401752768,2025.0,12.0,regular,home,99.0,LSU,SEC,8.0,Arkansas,SEC,22-33,0.0,21.0,0-0,0.0,1.0,0.0,0.0,0.0,,,,11.0,235.0,3.0,2.0,1.0,34:45,,,,1.0,37.0,1.0,155.0,4.0,31.0,8.0,8-17,0.0,7-57,390.0,0.0,7.1,4.2,23
401752768,2025.0,12.0,regular,away,8.0,Arkansas,SEC,99.0,LSU,SEC,11-19,1.0,16.0,3-4,1.0,0.0,,,2.0,0.0,13.0,1.0,2.0,165.0,4.0,,0.0,25:15,1.0,56.0,4.0,1.0,35.0,2.0,175.0,4.0,39.0,8.0,2-11,1.0,6-55,340.0,3.0,8.7,5.0,22
401752769,2025.0,12.0,regular,home,145.0,Ole Miss,SEC,57.0,Florida,SEC,26-35,0.0,27.0,5-7,0.0,0.0,0.0,12.0,1.0,0.0,10.0,1.0,10.0,301.0,5.0,1.0,1.0,37:57,0.0,3.0,1.0,5.0,48.0,3.0,237.0,1.0,33.0,3.0,6-16,1.0,4-32,538.0,1.0,8.6,4.9,34
401752769,2025.0,12.0,regular,away,57.0,Florida,SEC,145.0,Ole Miss,SEC,16-32,0.0,14.0,0-2,0.0,0.0,0.0,25.0,1.0,0.0,0.0,1.0,6.0,218.0,0.0,1.0,1.0,22:03,,,,2.0,25.0,2.0,108.0,5.0,49.0,7.0,6-13,1.0,5-35,326.0,1.0,6.8,4.3,24
401752766,2025.0,12.0,regular,away,251.0,Texas,SEC,61.0,Georgia,SEC,27-43,0.0,15.0,2-3,0.0,0.0,0.0,0.0,1.0,0.0,29.0,2.0,4.0,251.0,1.0,1.0,1.0,24:51,,,,0.0,17.0,0.0,23.0,2.0,46.0,8.0,2-12,1.0,9-58,274.0,1.0,5.8,1.4,10
401752766,2025.0,12.0,regular,home,61.0,Georgia,SEC,251.0,Texas,SEC,24-29,0.0,21.0,1-1,0.0,,0.0,0.0,1.0,0.0,63.0,2.0,5.0,229.0,4.0,1.0,4.0,35:09,0.0,30.0,3.0,0.0,35.0,1.0,128.0,3.0,33.0,7.0,4-11,,1-15,357.0,1.0,7.9,3.7,35
401752770,2025.0,12.0,regular,away,344.0,Mississippi State,SEC,142.0,Missouri,SEC,23-38,0.0,27.0,0-3,1.0,1.0,0.0,12.0,2.0,0.0,25.0,2.0,9.0,235.0,1.0,1.0,1.0,36:42,,,,2.0,52.0,2.0,110.0,2.0,23.0,5.0,7-18,1.0,7-45,345.0,3.0,6.2,2.1,27
401752770,2025.0,12.0,regular,home,142.0,Missouri,SEC,344.0,Mississippi State,SEC,8-16,2.0,17.0,0-0,1.0,1.0,2.0,47.0,1.0,,,,7.0,112.0,7.0,2.0,2.0,23:18,,,,4.0,39.0,3.0,326.0,5.0,41.0,13.0,5-10,1.0,11-74,438.0,2.0,7.0,8.4,49
401752765,2025.0,12.0,regular,home,333.0,Alabama,SEC,201.0,Oklahoma,SEC,28-42,0.0,23.0,2-3,2.0,0.0,,,1.0,0.0,65.0,3.0,3.0,326.0,3.0,,1.0,34:28,0.0,30.0,3.0,2.0,33.0,2.0,80.0,2.0,26.0,4.0,5-13,3.0,2-25,406.0,3.0,7.8,2.4,21
401752765,2025.0,12.0,regular,away,201.0,Oklahoma,SEC,333.0,Alabama,SEC,15-23,1.0,12.0,0-0,0.0,2.0,1.0,87.0,0.0,,,,11.0,138.0,1.0,1.0,0.0,25:32,0.0,42.0,1.0,4.0,28.0,1.0,74.0,4.0,49.0,5.0,3-13,1.0,5-37,212.0,0.0,6.0,2.6,23
401752772,2025.0,12.0,regular,away,2579.0,South Carolina,SEC,245.0,Texas A&M,SEC,16-31,1.0,15.0,1-3,0.0,2.0,0.0,25.0,1.0,0.0,33.0,1.0,12.0,267.0,3.0,2.0,2.0,29:44,,,,2.0,33.0,0.0,121.0,2.0,33.0,4.0,4-15,0.0,8-83,388.0,1.0,8.6,3.7,30
401752772,2025.0,12.0,regular,home,245.0,Texas A&M,SEC,2579.0,South Carolina,SEC,22-39,0.0,23.0,2-2,2.0,0.0,0.0,39.0,2.0,0.0,31.0,2.0,7.0,439.0,3.0,1.0,3.0,30:16,0.0,42.0,2.0,2.0,29.0,1.0,64.0,4.0,34.0,10.0,2-11,2.0,6-60,503.0,4.0,11.3,2.2,31
401767663,2025.0,12.0,regular,away,2771.0,Merrimack,FCS Independents,2529.0,Sacred Heart,FCS Independents,20-40,,29.0,2-2,0.0,0.0,,,0.0,0.0,128.0,4.0,7.0,170.0,,,2.0,32:29,0.0,9.0,3.0,,43.0,3.0,329.0,,,,10-18,1.0,5-37,499.0,0.0,4.3,7.7,37
401767663,2025.0,12.0,regular,home,2529.0,Sacred Heart,FCS Independents,2771.0,Merrimack,FCS Independents,8-11,,21.0,1-2,0.0,,,,0.0,0.0,56.0,2.0,6.0,97.0,,,1.0,27:31,0.0,-3.0,1.0,,44.0,5.0,424.0,,,,5-11,,6-71,521.0,0.0,8.8,9.6,42
401767767,2025.0,12.0,regular,away,2523.0,Robert Morris,NEC,2385.0,Mercyhurst,NEC,5-18,,13.0,1-2,1.0,0.0,0.0,0.0,0.0,0.0,40.0,3.0,7.0,79.0,,1.0,0.0,27:36,0.0,18.0,2.0,,37.0,1.0,181.0,,,,3-13,1.0,9-63,260.0,1.0,4.4,4.9,13
401767767,2025.0,12.0,regular,home,2385.0,Mercyhurst,NEC,2523.0,Robert Morris,NEC,19-27,,24.0,1-2,0.0,1.0,,,1.0,0.0,8.0,1.0,9.0,206.0,,,1.0,32:24,,,,,33.0,2.0,172.0,,,,3-10,0.0,9-60,378.0,1.0,7.6,5.2,27
401754614,2025,14,regular,,,Stanford,ACC,,,,,,,,,,,,,,,,,,,,,,,,,,,,,,,,,,,,,,,20
401754614,2025,14,regular,,,Notre Dame,FBS Independents,,,,,,,,,,,,,,,,,,,,,,,,,,,,,,,,,,,,,,,49
401767368,2025,14,regular,,,Alabama State,SWAC,,,,,,,,,,,,,,,,,,,,,,,,,,,,,,,,,,,,,,,58
401767368,2025,14,regular,,,Tuskegee,SIAC,,,,,,,,,,,,,,,,,,,,,,,,,,,,,,,,,,,,,,,21
401756966,2025,14,regular,,,Iowa State,Big 12,,,,,,,,,,,,,,,,,,,,,,,,,,,,,,,,,,,,,,,20
401756966,2025,14,regular,,,Oklahoma State,Big 12,,,,,,,,,,,,,,,,,,,,,,,,,,,,,,,,,,,,,,,13
401756965,2025,14,regular,,,Colorado,Big 12,,,,,,,,,,,,,,,,,,,,,,,,,,,,,,,,,,,,,,,14
401756965,2025,14,regular,,,Kansas State,Big 12,,,,,,,,,,,,,,,,,,,,,,,,,,,,,,,,,,,,,,,24
401756962,2025,14,regular,,,Houston,Big 12,,,,,,,,,,,,,,,,,,,,,,,,,,,,,,,,,,,,,,,31
401756962,2025,14,regular,,,Baylor,Big 12,,,,,,,,,,,,,,,,,,,,,,,,,,,,,,,,,,,,,,,24
401756968,2025,14,regular,,,West Virginia,Big 12,,,,,,,,,,,,,,,,,,,,,,,,,,,,,,,,,,,,,,,0
401756968,2025,14,regular,,,Texas Tech,Big 12,,,,,,,,,,,,,,,,,,,,,,,,,,,,,,,,,,,,,,,49
401756964,2025,14,regular,,,Utah,Big 12,,,,,,,,,,,,,,,,,,,,,,,,,,,,,,,,,,,,,,,31
401756964,2025,14,regular,,,Kansas,Big 12,,,,,,,,,,,,,,,,,,,,,,,,,,,,,,,,,,,,,,,21
401756967,2025,14,regular,,,Cincinnati,Big 12,,,,,,,,,,,,,,,,,,,,,,,,,,,,,,,,,,,,,,,23
401756967,2025,14,regular,,,TCU,Big 12,,,,,,,,,,,,,,,,,,,,,,,,,,,,,,,,,,,,,,,45
401836115,2025,14,regular,,,North Dakota,MVFC,,,,,,,,,,,,,,,,,,,,,,,,,,,,,,,,,,,,,,,31
401836115,2025,14,regular,,,Tennessee Tech,Big South-OVC,,,,,,,,,,,,,,,,,,,,,,,,,,,,,,,,,,,,,,,6
401833969,2025,14,regular,,,Lamar,Southland,,,,,,,,,,,,,,,,,,,,,,,,,,,,,,,,,,,,,,,20
401833969,2025,14,regular,,,Abilene Christian,UAC,,,,,,,,,,,,,,,,,,,,,,,,,,,,,,,,,,,,,,,38
401762520,2025,14,regular,,,Rice,American Athletic,,,,,,,,,,,,,,,,,,,,,,,,,,,,,,,,,,,,,,,3
401762520,2025,14,regular,,,South Florida,American Athletic,,,,,,,,,,,,,,,,,,,,,,,,,,,,,,,,,,,,,,,52
401762519,2025,14,regular,,,Florida Atlantic,American Athletic,,,,,,,,,,,,,,,,,,,,,,,,,,,,,,,,,,,,,,,3
401762519,2025,14,regular,,,East Carolina,American Athletic,,,,,,,,,,,,,,,,,,,,,,,,,,,,,,,,,,,,,,,42
401762517,2025,14,regular,,,UAB,American Athletic,,,,,,,,,,,,,,,,,,,,,,,,,,,,,,,,,,,,,,,31
401762517,2025,14,regular,,,Tulsa,American Athletic,,,,,,,,,,,,,,,,,,,,,,,,,,,,,,,,,,,,,,,24
401762442,2025,14,regular,,,North Texas,American Athletic,,,,,,,,,,,,,,,,,,,,,,,,,,,,,,,,,,,,,,,52
401762442,2025,14,regular,,,Temple,American Athletic,,,,,,,,,,,,,,,,,,,,,,,,,,,,,,,,,,,,,,,25
401762516,2025,14,regular,,,Navy,American Athletic,,,,,,,,,,,,,,,,,,,,,,,,,,,,,,,,,,,,,,,28
401762516,2025,14,regular,,,Memphis,American Athletic,,,,,,,,,,,,,,,,,,,,,,,,,,,,,,,,,,,,,,,17
401762518,2025,14,regular,,,Charlotte,American Athletic,,,,,,,,,,,,,,,,,,,,,,,,,,,,,,,,,,,,,,,0
401762518,2025,14,regular,,,Tulane,American Athletic,,,,,,,,,,,,,,,,,,,,,,,,,,,,,,,,,,,,,,,27
401757312,2025,14,regular,,,Jacksonville State,Conference USA,,,,,,,,,,,,,,,,,,,,,,,,,,,,,,,,,,,,,,,37
401757312,2025,14,regular,,,Western Kentucky,Conference USA,,,,,,,,,,,,,,,,,,,,,,,,,,,,,,,,,,,,,,,34
401757311,2025,14,regular,,,Sam Houston,Conference USA,,,,,,,,,,,,,,,,,,,,,,,,,,,,,,,,,,,,,,,16
401757311,2025,14,regular,,,Florida International,Conference USA,,,,,,,,,,,,,,,,,,,,,,,,,,,,,,,,,,,,,,,56
401757314,2025,14,regular,,,Missouri State,Conference USA,,,,,,,,,,,,,,,,,,,,,,,,,,,,,,,,,,,,,,,30
401757314,2025,14,regular,,,Louisiana Tech,Conference USA,,,,,,,,,,,,,,,,,,,,,,,,,,,,,,,,,,,,,,,42
401757315,2025,14,regular,,,New Mexico State,Conference USA,,,,,,,,,,,,,,,,,,,,,,,,,,,,,,,,,,,,,,,24
401757315,2025,14,regular,,,Middle Tennessee,Conference USA,,,,,,,,,,,,,,,,,,,,,,,,,,,,,,,,,,,,,,,31
401757310,2025,14,regular,,,Delaware,Conference USA,,,,,,,,,,,,,,,,,,,,,,,,,,,,,,,,,,,,,,,61
401757310,2025,14,regular,,,UTEP,Conference USA,,,,,,,,,,,,,,,,,,,,,,,,,,,,,,,,,,,,,,,31
401752946,2025,14,regular,,,Washington State,Pac-12,,,,,,,,,,,,,,,,,,,,,,,,,,,,,,,,,,,,,,,32
401752946,2025,14,regular,,,Oregon State,Pac-12,,,,,,,,,,,,,,,,,,,,,,,,,,,,,,,,,,,,,,,8
401761662,2025,14,regular,,,Coastal Carolina,Sun Belt,,,,,,,,,,,,,,,,,,,,,,,,,,,,,,,,,,,,,,,10
401761662,2025,14,regular,,,James Madison,Sun Belt,,,,,,,,,,,,,,,,,,,,,,,,,,,,,,,,,,,,,,,59
401761663,2025,14,regular,,,Georgia Southern,Sun Belt,,,,,,,,,,,,,,,,,,,,,,,,,,,,,,,,,,,,,,,24
401761663,2025,14,regular,,,Marshall,Sun Belt,,,,,,,,,,,,,,,,,,,,,,,,,,,,,,,,,,,,,,,19
401761664,2025,14,regular,,,Georgia State,Sun Belt,,,,,,,,,,,,,,,,,,,,,,,,,,,,,,,,,,,,,,,10
401761664,2025,14,regular,,,Old Dominion,Sun Belt,,,,,,,,,,,,,,,,,,,,,,,,,,,,,,,,,,,,,,,27
401761661,2025,14,regular,,,Arkansas State,Sun Belt,,,,,,,,,,,,,,,,,,,,,,,,,,,,,,,,,,,,,,,30
401761661,2025,14,regular,,,App State,Sun Belt,,,,,,,,,,,,,,,,,,,,,,,,,,,,,,,,,,,,,,,29
401761667,2025,14,regular,,,Texas State,Sun Belt,,,,,,,,,,,,,,,,,,,,,,,,,,,,,,,,,,,,,,,49
401761667,2025,14,regular,,,South Alabama,Sun Belt,,,,,,,,,,,,,,,,,,,,,,,,,,,,,,,,,,,,,,,26
401761665,2025,14,regular,,,UL Monroe,Sun Belt,,,,,,,,,,,,,,,,,,,,,,,,,,,,,,,,,,,,,,,27
401761665,2025,14,regular,,,Louisiana,Sun Belt,,,,,,,,,,,,,,,,,,,,,,,,,,,,,,,,,,,,,,,30
401761666,2025,14,regular,,,Troy,Sun Belt,,,,,,,,,,,,,,,,,,,,,,,,,,,,,,,,,,,,,,,28
401761666,2025,14,regular,,,Southern Miss,Sun Belt,,,,,,,,,,,,,,,,,,,,,,,,,,,,,,,,,,,,,,,18
401762868,2025,14,regular,,,Bowling Green,Mid-American,,,,,,,,,,,,,,,,,,,,,,,,,,,,,,,,,,,,,,,45
401762868,2025,14,regular,,,Massachusetts,Mid-American,,,,,,,,,,,,,,,,,,,,,,,,,,,,,,,,,,,,,,,14
401767428,2025,14,regular,,,Mississippi Valley State,SWAC,,,,,,,,,,,,,,,,,,,,,,,,,,,,,,,,,,,,,,,35
401767428,2025,14,regular,,,Florida A&M,SWAC,,,,,,,,,,,,,,,,,,,,,,,,,,,,,,,,,,,,,,,31
401767420,2025,14,regular,,,Grambling,SWAC,,,,,,,,,,,,,,,,,,,,,,,,,,,,,,,,,,,,,,,27
401767420,2025,14,regular,,,Southern,SWAC,,,,,,,,,,,,,,,,,,,,,,,,,,,,,,,,,,,,,,,28
401836195,2025,14,regular,,,South Dakota,MVFC,,,,,,,,,,,,,,,,,,,,,,,,,,,,,,,,,,,,,,,38
401836195,2025,14,regular,,,Drake,Pioneer,,,,,,,,,,,,,,,,,,,,,,,,,,,,,,,,,,,,,,,17
401833975,2025,14,regular,,,Youngstown State,MVFC,,,,,,,,,,,,,,,,,,,,,,,,,,,,,,,,,,,,,,,42
401833975,2025,14,regular,,,Yale,Ivy,,,,,,,,,,,,,,,,,,,,,,,,,,,,,,,,,,,,,,,43
401836055,2025,14,regular,,,Villanova,CAA,,,,,,,,,,,,,,,,,,,,,,,,,,,,,,,,,,,,,,,52
401836055,2025,14,regular,,,Harvard,Ivy,,,,,,,,,,,,,,,,,,,,,,,,,,,,,,,,,,,,,,,7
401836116,2025,14,regular,,,South Dakota State,MVFC,,,,,,,,,,,,,,,,,,,,,,,,,,,,,,,,,,,,,,,41
401836116,2025,14,regular,,,New Hampshire,CAA,,,,,,,,,,,,,,,,,,,,,,,,,,,,,,,,,,,,,,,3
401836102,2025,14,regular,,,Central Connecticut,NEC,,,,,,,,,,,,,,,,,,,,,,,,,,,,,,,,,,,,,,,19
401836102,2025,14,regular,,,Rhode Island,CAA,,,,,,,,,,,,,,,,,,,,,,,,,,,,,,,,,,,,,,,27
401756963,2025,14,regular,,,UCF,Big 12,,,,,,,,,,,,,,,,,,,,,,,,,,,,,,,,,,,,,,,21
401756963,2025,14,regular,,,BYU,Big 12,,,,,,,,,,,,,,,,,,,,,,,,,,,,,,,,,,,,,,,41
401836095,2025,14,regular,,,SE Louisiana,Southland,,,,,,,,,,,,,,,,,,,,,,,,,,,,,,,,,,,,,,,3
401836095,2025,14,regular,,,Illinois State,MVFC,,,,,,,,,,,,,,,,,,,,,,,,,,,,,,,,,,,,,,,21
401762441,2025,14,regular,,,Army,American Athletic,,,,,,,,,,,,,,,,,,,,,,,,,,,,,,,,,,,,,,,27
401762441,2025,14,regular,,,UTSA,American Athletic,,,,,,,,,,,,,,,,,,,,,,,,,,,,,,,,,,,,,,,24
401757313,2025,14,regular,,,Kennesaw State,Conference USA,,,,,,,,,,,,,,,,,,,,,,,,,,,,,,,,,,,,,,,48
401757313,2025,14,regular,,,Liberty,Conference USA,,,,,,,,,,,,,,,,,,,,,,,,,,,,,,,,,,,,,,,42
401754609,2025,14,regular,,,SMU,ACC,,,,,,,,,,,,,,,,,,,,,,,,,,,,,,,,,,,,,,,35
401754609,2025,14,regular,,,California,ACC,,,,,,,,,,,,,,,,,,,,,,,,,,,,,,,,,,,,,,,38
401752785,2025,14,regular,,,Florida,SEC,,,,,,,,,,,,,,,,,,,,,,,,,,,,,,,,,,,,,,,40
401752785,2025,14,regular,,,Florida State,ACC,,,,,,,,,,,,,,,,,,,,,,,,,,,,,,,,,,,,,,,21
401752786,2025,14,regular,,,Georgia,SEC,,,,,,,,,,,,,,,,,,,,,,,,,,,,,,,,,,,,,,,16
401752786,2025,14,regular,,,Georgia Tech,ACC,,,,,,,,,,,,,,,,,,,,,,,,,,,,,,,,,,,,,,,9
401752787,2025,14,regular,,,Kentucky,SEC,,,,,,,,,,,,,,,,,,,,,,,,,,,,,,,,,,,,,,,0
401752787,2025,14,regular,,,Louisville,ACC,,,,,,,,,,,,,,,,,,,,,,,,,,,,,,,,,,,,,,,41
401754608,2025,14,regular,,,Syracuse,ACC,,,,,,,,,,,,,,,,,,,,,,,,,,,,,,,,,,,,,,,12
401754608,2025,14,regular,,,Boston College,ACC,,,,,,,,,,,,,,,,,,,,,,,,,,,,,,,,,,,,,,,34
401754610,2025,14,regular,,,Wake Forest,ACC,,,,,,,,,,,,,,,,,,,,,,,,,,,,,,,,,,,,,,,32
401754610,2025,14,regular,,,Duke,ACC,,,,,,,,,,,,,,,,,,,,,,,,,,,,,,,,,,,,,,,49
401754612,2025,14,regular,,,North Carolina,ACC,,,,,,,,,,,,,,,,,,,,,,,,,,,,,,,,,,,,,,,19
401754612,2025,14,regular,,,NC State,ACC,,,,,,,,,,,,,,,,,,,,,,,,,,,,,,,,,,,,,,,42
401754611,2025,14,regular,,,Miami,ACC,,,,,,,,,,,,,,,,,,,,,,,,,,,,,,,,,,,,,,,38
401754611,2025,14,regular,,,Pittsburgh,ACC,,,,,,,,,,,,,,,,,,,,,,,,,,,,,,,,,,,,,,,7
401752790,2025,14,regular,,,South Carolina,SEC,,,,,,,,,,,,,,,,,,,,,,,,,,,,,,,,,,,,,,,14
401752790,2025,14,regular,,,Clemson,ACC,,,,,,,,,,,,,,,,,,,,,,,,,,,,,,,,,,,,,,,28
401754613,2025,14,regular,,,Virginia Tech,ACC,,,,,,,,,,,,,,,,,,,,,,,,,,,,,,,,,,,,,,,7
401754613,2025,14,regular,,,Virginia,ACC,,,,,,,,,,,,,,,,,,,,,,,,,,,,,,,,,,,,,,,27
401756961,2025,14,regular,,,Arizona,Big 12,,,,,,,,,,,,,,,,,,,,,,,,,,,,,,,,,,,,,,,23
401756961,2025,14,regular,,,Arizona State,Big 12,,,,,,,,,,,,,,,,,,,,,,,,,,,,,,,,,,,,,,,7
401752919,2025,14,regular,,,USC,Big Ten,,,,,,,,,,,,,,,,,,,,,,,,,,,,,,,,,,,,,,,29
401752919,2025,14,regular,,,UCLA,Big Ten,,,,,,,,,,,,,,,,,,,,,,,,,,,,,,,,,,,,,,,10
401752922,2025,14,regular,,,Illinois,Big Ten,,,,,,,,,,,,,,,,,,,,,,,,,,,,,,,,,,,,,,,20
401752922,2025,14,regular,,,Northwestern,Big Ten,,,,,,,,,,,,,,,,,,,,,,,,,,,,,,,,,,,,,,,13
401752924,2025,14,regular,,,Purdue,Big Ten,,,,,,,,,,,,,,,,,,,,,,,,,,,,,,,,,,,,,,,3
401752924,2025,14,regular,,,Indiana,Big Ten,,,,,,,,,,,,,,,,,,,,,,,,,,,,,,,,,,,,,,,56
401752923,2025,14,regular,,,Michigan State,Big Ten,,,,,,,,,,,,,,,,,,,,,,,,,,,,,,,,,,,,,,,38
401752923,2025,14,regular,,,Maryland,Big Ten,,,,,,,,,,,,,,,,,,,,,,,,,,,,,,,,,,,,,,,28
401752921,2025,14,regular,,,Ohio State,Big Ten,,,,,,,,,,,,,,,,,,,,,,,,,,,,,,,,,,,,,,,27
401752921,2025,14,regular,,,Michigan,Big Ten,,,,,,,,,,,,,,,,,,,,,,,,,,,,,,,,,,,,,,,9
401752918,2025,14,regular,,,Wisconsin,Big Ten,,,,,,,,,,,,,,,,,,,,,,,,,,,,,,,,,,,,,,,7
401752918,2025,14,regular,,,Minnesota,Big Ten,,,,,,,,,,,,,,,,,,,,,,,,,,,,,,,,,,,,,,,17
401752916,2025,14,regular,,,Iowa,Big Ten,,,,,,,,,,,,,,,,,,,,,,,,,,,,,,,,,,,,,,,40
401752916,2025,14,regular,,,Nebraska,Big Ten,,,,,,,,,,,,,,,,,,,,,,,,,,,,,,,,,,,,,,,16
401752920,2025,14,regular,,,Penn State,Big Ten,,,,,,,,,,,,,,,,,,,,,,,,,,,,,,,,,,,,,,,40
401752920,2025,14,regular,,,Rutgers,Big Ten,,,,,,,,,,,,,,,,,,,,,,,,,,,,,,,,,,,,,,,36
401752917,2025,14,regular,,,Oregon,Big Ten,,,,,,,,,,,,,,,,,,,,,,,,,,,,,,,,,,,,,,,26
401752917,2025,14,regular,,,Washington,Big Ten,,,,,,,,,,,,,,,,,,,,,,,,,,,,,,,,,,,,,,,14
401762875,2025,14,regular,,,Ball State,Mid-American,,,,,,,,,,,,,,,,,,,,,,,,,,,,,,,,,,,,,,,24
401762875,2025,14,regular,,,Miami (OH),Mid-American,,,,,,,,,,,,,,,,,,,,,,,,,,,,,,,,,,,,,,,45
401762870,2025,14,regular,,,Buffalo,Mid-American,,,,,,,,,,,,,,,,,,,,,,,,,,,,,,,,,,,,,,,26
401762870,2025,14,regular,,,Ohio,Mid-American,,,,,,,,,,,,,,,,,,,,,,,,,,,,,,,,,,,,,,,31
401762872,2025,14,regular,,,Toledo,Mid-American,,,,,,,,,,,,,,,,,,,,,,,,,,,,,,,,,,,,,,,21
401762872,2025,14,regular,,,Central Michigan,Mid-American,,,,,,,,,,,,,,,,,,,,,,,,,,,,,,,,,,,,,,,3
401762869,2025,14,regular,,,Western Michigan,Mid-American,,,,,,,,,,,,,,,,,,,,,,,,,,,,,,,,,,,,,,,31
401762869,2025,14,regular,,,Eastern Michigan,Mid-American,,,,,,,,,,,,,,,,,,,,,,,,,,,,,,,,,,,,,,,21
401762871,2025,14,regular,,,Northern Illinois,Mid-American,,,,,,,,,,,,,,,,,,,,,,,,,,,,,,,,,,,,,,,31
401762871,2025,14,regular,,,Kent State,Mid-American,,,,,,,,,,,,,,,,,,,,,,,,,,,,,,,,,,,,,,,35
401760426,2025,14,regular,,,New Mexico,Mountain West,,,,,,,,,,,,,,,,,,,,,,,,,,,,,,,,,,,,,,,23
401760426,2025,14,regular,,,San Diego State,Mountain West,,,,,,,,,,,,,,,,,,,,,,,,,,,,,,,,,,,,,,,17
401760423,2025,14,regular,,,Fresno State,Mountain West,,,,,,,,,,,,,,,,,,,,,,,,,,,,,,,,,,,,,,,41
401760423,2025,14,regular,,,San José State,Mountain West,,,,,,,,,,,,,,,,,,,,,,,,,,,,,,,,,,,,,,,14
401760421,2025,14,regular,,,Air Force,Mountain West,,,,,,,,,,,,,,,,,,,,,,,,,,,,,,,,,,,,,,,42
401760421,2025,14,regular,,,Colorado State,Mountain West,,,,,,,,,,,,,,,,,,,,,,,,,,,,,,,,,,,,,,,21
401760424,2025,14,regular,,,Wyoming,Mountain West,,,,,,,,,,,,,,,,,,,,,,,,,,,,,,,,,,,,,,,7
401760424,2025,14,regular,,,Hawai'i,Mountain West,,,,,,,,,,,,,,,,,,,,,,,,,,,,,,,,,,,,,,,27
401760422,2025,14,regular,,,Utah State,Mountain West,,,,,,,,,,,,,,,,,,,,,,,,,,,,,,,,,,,,,,,24
401760422,2025,14,regular,,,Boise State,Mountain West,,,,,,,,,,,,,,,,,,,,,,,,,,,,,,,,,,,,,,,25
401760425,2025,14,regular,,,Nevada,Mountain West,,,,,,,,,,,,,,,,,,,,,,,,,,,,,,,,,,,,,,,17
401760425,2025,14,regular,,,UNLV,Mountain West,,,,,,,,,,,,,,,,,,,,,,,,,,,,,,,,,,,,,,,42
401752784,2025,14,regular,,,Alabama,SEC,,,,,,,,,,,,,,,,,,,,,,,,,,,,,,,,,,,,,,,27
401752784,2025,14,regular,,,Auburn,SEC,,,,,,,,,,,,,,,,,,,,,,,,,,,,,,,,,,,,,,,20
401752783,2025,14,regular,,,Missouri,SEC,,,,,,,,,,,,,,,,,,,,,,,,,,,,,,,,,,,,,,,31
401752783,2025,14,regular,,,Arkansas,SEC,,,,,,,,,,,,,,,,,,,,,,,,,,,,,,,,,,,,,,,17
401752789,2025,14,regular,,,Oklahoma,SEC,,,,,,,,,,,,,,,,,,,,,,,,,,,,,,,,,,,,,,,17
401752789,2025,14,regular,,,LSU,SEC,,,,,,,,,,,,,,,,,,,,,,,,,,,,,,,,,,,,,,,13
401752788,2025,14,regular,,,Mississippi State,SEC,,,,,,,,,,,,,,,,,,,,,,,,,,,,,,,,,,,,,,,19
401752788,2025,14,regular,,,Ole Miss,SEC,,,,,,,,,,,,,,,,,,,,,,,,,,,,,,,,,,,,,,,38
401752791,2025,14,regular,,,Tennessee,SEC,,,,,,,,,,,,,,,,,,,,,,,,,,,,,,,,,,,,,,,24
401752791,2025,14,regular,,,Vanderbilt,SEC,,,,,,,,,,,,,,,,,,,,,,,,,,,,,,,,,,,,,,,45
401752792,2025,14,regular,,,Texas,SEC,,,,,,,,,,,,,,,,,,,,,,,,,,,,,,,,,,,,,,,27
401752792,2025,14,regular,,,Texas A&M,SEC,,,,,,,,,,,,,,,,,,,,,,,,,,,,,,,,,,,,,,,17
401833985,2025,16,regular,,,Montana State,Big Sky,,,,,,,,,,,,,,,,,,,,,,,,,,,,,,,,,,,,,,,44
401833985,2025,16,regular,,,Stephen F. Austin,Southland,,,,,,,,,,,,,,,,,,,,,,,,,,,,,,,,,,,,,,,28
401833986,2025,16,regular,,,Tarleton State,UAC,,,,,,,,,,,,,,,,,,,,,,,,,,,,,,,,,,,,,,,21
401833986,2025,16,regular,,,Villanova,CAA,,,,,,,,,,,,,,,,,,,,,,,,,,,,,,,,,,,,,,,26
401833987,2025,16,regular,,,Montana,Big Sky,,,,,,,,,,,,,,,,,,,,,,,,,,,,,,,,,,,,,,,52
401833987,2025,16,regular,,,South Dakota,MVFC,,,,,,,,,,,,,,,,,,,,,,,,,,,,,,,,,,,,,,,22
401836219,2025,16,regular,,,UC Davis,Big Sky,,,,,,,,,,,,,,,,,,,,,,,,,,,,,,,,,,,,,,,31
401836219,2025,16,regular,,,Illinois State,MVFC,,,,,,,,,,,,,,,,,,,,,,,,,,,,,,,,,,,,,,,42
401762521,2025,16,regular,,,Navy,American Athletic,,,,,,,,,,,,,,,,,,,,,,,,,,,,,,,,,,,,,,,17
401762521,2025,16,regular,,,Army,American Athletic,,,,,,,,,,,,,,,,,,,,,,,,,,,,,,,,,,,,,,,16
