{
  "mae": 5.255828943632245,
  "bias": 9.168293364646454e-17,
  "r2": 0.7908186934835175,
  "sign_accuracy": 0.8096774193548387,
  "samples": 310
}