{
  "timestamp": "2025-11-18T20:01:21.935461",
  "verification_results": {
    "feature_count": {
      "current_count": 88,
      "expected_count": 86,
      "extra_columns": [
        "id",
        "start_date",
        "season_type",
        "neutral_site",
        "game_key",
        "conference_game"
      ],
      "missing_columns": [],
      "status": "NEEDS_FIXING"
    },
    "epa_calculations": {
      "epa_columns_found": [
        "home_adjusted_epa",
        "home_adjusted_epa_allowed",
        "away_adjusted_epa",
        "away_adjusted_epa_allowed",
        "home_adjusted_rushing_epa",
        "home_adjusted_rushing_epa_allowed",
        "away_adjusted_rushing_epa",
        "away_adjusted_rushing_epa_allowed",
        "home_adjusted_passing_epa",
        "home_adjusted_passing_epa_allowed",
        "away_adjusted_passing_epa",
        "away_adjusted_passing_epa_allowed"
      ],
      "epa_ranges": {
        "home_adjusted_epa": {
          "min": -0.0397985098422805,
          "max": 0.4337403341778083,
          "mean": 0.1698368598955331,
          "std": 0.06320798669753154
        },
        "home_adjusted_epa_allowed": {
          "min": -0.0985092164907727,
          "max": 0.4181439866473665,
          "mean": 0.15999024172829338,
          "std": 0.059260818620908075
        },
        "away_adjusted_epa": {
          "min": -0.0381995121405946,
          "max": 0.4260581035662615,
          "mean": 0.16651388504538842,
          "std": 0.06224121066742157
        },
        "away_adjusted_epa_allowed": {
          "min": -0.0942727076264886,
          "max": 0.4088409944642122,
          "mean": 0.16255622797300256,
          "std": 0.05961076932666147
        },
        "home_adjusted_rushing_epa": {
          "min": -0.070290648332322,
          "max": 0.3439998180927384,
          "mean": 0.11280104408632588,
          "std": 0.05521825129744416
        },
        "home_adjusted_rushing_epa_allowed": {
          "min": -0.0927316092950269,
          "max": 0.331461174865576,
          "mean": 0.1069382960198937,
          "std": 0.05317522672782288
        },
        "away_adjusted_rushing_epa": {
          "min": -0.0771909620667396,
          "max": 0.3446483643139476,
          "mean": 0.11001545664463255,
          "std": 0.05516215343698264
        },
        "away_adjusted_rushing_epa_allowed": {
          "min": -0.0954215061822973,
          "max": 0.3448757620413735,
          "mean": 0.10824856981912442,
          "std": 0.053314243743343065
        },
        "home_adjusted_passing_epa": {
          "min": -0.034891838130039,
          "max": 0.5982107568639699,
          "mean": 0.2513195641265914,
          "std": 0.07962366863896152
        },
        "home_adjusted_passing_epa_allowed": {
          "min": -0.053017083286024,
          "max": 0.547677393910524,
          "mean": 0.23973338895096183,
          "std": 0.07141425446669337
        },
        "away_adjusted_passing_epa": {
          "min": -0.0364756148255669,
          "max": 0.5927182824955551,
          "mean": 0.24823942171289015,
          "std": 0.07852711040471047
        },
        "away_adjusted_passing_epa_allowed": {
          "min": -0.0575702887796339,
          "max": 0.5339271526311089,
          "mean": 0.24291205930297918,
          "std": 0.07154944291312407
        }
      },
      "opponent_adjustments": {
        "columns_found": [
          "home_adjusted_epa",
          "home_adjusted_epa_allowed",
          "away_adjusted_epa",
          "away_adjusted_epa_allowed",
          "home_adjusted_rushing_epa",
          "home_adjusted_rushing_epa_allowed",
          "away_adjusted_rushing_epa",
          "away_adjusted_rushing_epa_allowed",
          "home_adjusted_passing_epa",
          "home_adjusted_passing_epa_allowed",
          "away_adjusted_passing_epa",
          "away_adjusted_passing_epa_allowed"
        ]
      },
      "issues": [],
      "status": "OK"
    },
    "opponent_adjustments": {
      "adjusted_columns": [
        "home_adjusted_epa",
        "home_adjusted_epa_allowed",
        "away_adjusted_epa",
        "away_adjusted_epa_allowed",
        "home_adjusted_rushing_epa",
        "home_adjusted_rushing_epa_allowed",
        "away_adjusted_rushing_epa",
        "away_adjusted_rushing_epa_allowed",
        "home_adjusted_passing_epa",
        "home_adjusted_passing_epa_allowed",
        "away_adjusted_passing_epa",
        "away_adjusted_passing_epa_allowed",
        "home_adjusted_success",
        "home_adjusted_success_allowed",
        "away_adjusted_success",
        "away_adjusted_success_allowed",
        "home_adjusted_standard_down_success",
        "home_adjusted_standard_down_success_allowed",
        "away_adjusted_standard_down_success",
        "away_adjusted_standard_down_success_allowed",
        "home_adjusted_passing_down_success",
        "home_adjusted_passing_down_success_allowed",
        "away_adjusted_passing_down_success",
        "away_adjusted_passing_down_success_allowed",
        "home_adjusted_line_yards",
        "home_adjusted_line_yards_allowed",
        "away_adjusted_line_yards",
        "away_adjusted_line_yards_allowed",
        "home_adjusted_second_level_yards",
        "home_adjusted_second_level_yards_allowed",
        "away_adjusted_second_level_yards",
        "away_adjusted_second_level_yards_allowed",
        "home_adjusted_open_field_yards",
        "home_adjusted_open_field_yards_allowed",
        "away_adjusted_open_field_yards",
        "away_adjusted_open_field_yards_allowed",
        "home_adjusted_explosiveness",
        "home_adjusted_explosiveness_allowed",
        "away_adjusted_explosiveness",
        "away_adjusted_explosiveness_allowed",
        "home_adjusted_rush_explosiveness",
        "home_adjusted_rush_explosiveness_allowed",
        "away_adjusted_rush_explosiveness",
        "away_adjusted_rush_explosiveness_allowed",
        "home_adjusted_pass_explosiveness",
        "home_adjusted_pass_explosiveness_allowed",
        "away_adjusted_pass_explosiveness",
        "away_adjusted_pass_explosiveness_allowed"
      ],
      "raw_columns": [],
      "adjustment_logic": {},
      "issues": [],
      "status": "OK"
    },
    "week5_filtering": {
      "total_games": 5142,
      "pre_week5_games": 189,
      "week5_plus_games": 433,
      "should_filter": true,
      "status": "NEEDS_FILTERING"
    }
  },
  "fixes_applied": [
    "Removed extra columns: ['id', 'game_key', 'start_date', 'season_type', 'neutral_site', 'conference_game']",
    "Removed 189 pre-Week 5 games",
    "Saved fixed training data with 82 features"
  ],
  "issues_found": [],
  "recommendations": [
    {
      "priority": "HIGH",
      "issue": "Incorrect feature count",
      "action": "Remove non-feature columns (id, game_key, etc.)",
      "details": "Found 88 features, expected 86"
    },
    {
      "priority": "HIGH",
      "issue": "Pre-Week 5 games in training data",
      "action": "Filter out games from weeks 1-4",
      "details": "Found 189 pre-Week 5 games"
    }
  ]
}