gameId,driveId,id,driveNumber,playNumber,offense,offenseConference,offenseScore,defense,defenseConference,defenseScore,home,away,period,offenseTimeouts,defenseTimeouts,yardline,yardsToGoal,down,distance,yardsGained,scoring,playType,playText,ppa,wallclock,clock.minutes,clock.seconds
401833985,4018339852,40183398525,1,5,Montana State,Big Sky,0,Stephen F. Austin,Southland,0,Montana State,Stephen F. Austin,1,3,3,20,80,4,15,0,False,Punt,#30 C.Frokjer punt 34 yards to the SFA46,,2025-12-13T02:05:12.000Z,13,7
401833985,4018339852,4018339853,1,1,Stephen F. Austin,Southland,0,Montana State,Big Sky,0,Montana State,Stephen F. Austin,1,3,3,65,65,1,10,0,False,Kickoff,"#40 J.Hand kickoff 65 yards to the MSU00, Touchback",,2025-12-13T02:00:23.000Z,15,0
401833985,4018339852,40183398512,1,2,Montana State,Big Sky,0,Stephen F. Austin,Southland,0,Montana State,Stephen F. Austin,1,3,3,25,75,1,10,0,False,Rush,No Huddle-Shotgun #23 A.Jones rush middle for 0 yards to the MSU25 (#99 V.Idusuyi II; #33 M.Williams),-0.7029700220436519,2025-12-13T02:03:20.000Z,15,0
401833985,4018339852,40183398516,1,3,Montana State,Big Sky,0,Stephen F. Austin,Southland,0,Montana State,Stephen F. Austin,1,3,3,25,75,2,10,0,False,Pass Reception,"No Huddle-Shotgun #8 J.Lamson pass complete short right to #23 A.Jones caught at MSU18, for 0 yards to the MSU25 (#12 J.Mayo)",-0.34710487712173865,2025-12-13T02:03:54.000Z,15,0
401833985,4018339852,40183398521,1,4,Montana State,Big Sky,0,Stephen F. Austin,Southland,0,Montana State,Stephen F. Austin,1,3,3,25,75,3,10,-5,False,Sack,No Huddle-Shotgun #8 J.Lamson sacked for loss of 5 yards to the MSU20 (#0 K.Thomas),-0.23183422537868115,2025-12-13T02:04:35.000Z,15,0
401833985,4018339853,40183398529,2,1,Stephen F. Austin,Southland,0,Montana State,Big Sky,0,Montana State,Stephen F. Austin,1,3,3,54,54,1,10,9,False,Rush,No Huddle-Shotgun #10 J.Wimbley rush left for 9 yards gain to the MSU45 (#10 B.Grebe; #7 T.Gray),1.20588179851595,2025-12-13T02:05:56.000Z,13,7
401833985,4018339853,40183398533,2,2,Stephen F. Austin,Southland,0,Montana State,Big Sky,0,Montana State,Stephen F. Austin,1,3,3,45,45,2,1,5,False,Rush,"No Huddle-Shotgun #10 J.Wimbley rush left for 5 yards gain to the MSU40 (#5 C.Dowler), 1ST DOWN",-0.210033404768083,2025-12-13T02:06:17.000Z,13,7
401833985,4018339853,40183398537,2,3,Stephen F. Austin,Southland,0,Montana State,Big Sky,0,Montana State,Stephen F. Austin,1,3,3,40,40,1,10,8,False,Pass Reception,"No Huddle-Shotgun #15 S.Vidlak pass complete short right to #7 B.Green caught at MSU35, for 8 yards to the MSU32 (#8 C.Williams)",0.637524267916824,2025-12-13T02:06:39.000Z,13,7
401833985,4018339853,40183398542,2,4,Stephen F. Austin,Southland,0,Montana State,Big Sky,0,Montana State,Stephen F. Austin,1,3,3,32,32,2,2,0,False,Pass Incompletion,No Huddle-Shotgun #15 S.Vidlak pass incomplete short right to #7 B.Green thrown to MSU20 broken up by #8 C.Williams,-0.8263735090155075,2025-12-13T02:07:03.000Z,13,7
401833985,4018339853,40183398545,2,5,Stephen F. Austin,Southland,0,Montana State,Big Sky,0,Montana State,Stephen F. Austin,1,3,3,32,32,3,2,5,False,Pass Reception,"No Huddle-Shotgun #15 S.Vidlak pass complete short right to #11 D.Bohler caught at MSU29, for 5 yards to the MSU27 (#8 C.Williams), 1ST DOWN",0.6366175436445385,2025-12-13T02:07:33.000Z,13,7
401833985,4018339853,40183398550,2,6,Stephen F. Austin,Southland,0,Montana State,Big Sky,0,Montana State,Stephen F. Austin,1,3,3,27,27,1,10,0,False,Pass Incompletion,No Huddle-Shotgun #15 S.Vidlak pass incomplete deep right to #11 D.Bohler thrown to MSU05,-0.490975886965904,2025-12-13T02:07:56.000Z,13,7
401833985,4018339853,40183398553,2,7,Stephen F. Austin,Southland,0,Montana State,Big Sky,0,Montana State,Stephen F. Austin,1,3,3,27,27,2,10,-1,False,Rush,No Huddle-Shotgun #10 J.Wimbley rush middle for 1 yard loss to the MSU28 (#41 P.Brott),-0.8459237952824008,2025-12-13T02:08:25.000Z,13,7
401833985,4018339853,40183398561,2,8,Stephen F. Austin,Southland,0,Montana State,Big Sky,0,Montana State,Stephen F. Austin,1,3,3,28,28,3,11,0,False,Fumble Recovery (Own),"No Huddle-Shotgun #15 S.Vidlak sacked for loss of 7 yards to the MSU35 (#11 K.Eiden IV), fumble by #15 S.Vidlak recovered by MSU #36 Z.Crews at MSU35, End Of Play",-0.9685908790651218,2025-12-13T02:09:44.000Z,10,48
401833985,4018339854,401833985111,3,10,Montana State,Big Sky,0,Stephen F. Austin,Southland,0,Montana State,Stephen F. Austin,1,3,3,89,11,1,10,5,False,Penalty,PENALTY MSU False Start  5 yards from SFA11 to SFA16. NO PLAY,,2025-12-13T02:16:35.000Z,10,48
401833985,4018339854,40183398573,3,2,Montana State,Big Sky,0,Stephen F. Austin,Southland,0,Montana State,Stephen F. Austin,1,3,3,39,61,2,6,5,False,Penalty,PENALTY SFA Delay Of Game  5 yards from MSU39 to MSU44. NO PLAY,,2025-12-13T02:10:47.000Z,10,48
401833985,4018339854,40183398568,3,1,Montana State,Big Sky,0,Stephen F. Austin,Southland,0,Montana State,Stephen F. Austin,1,3,3,35,65,1,10,4,False,Pass Reception,"No Huddle-Shotgun #8 J.Lamson pass complete short right to #84 D.Steel caught at MSU39, for 4 yards to the MSU39 (#12 J.Mayo)",-0.1595952673507188,2025-12-13T02:10:01.000Z,10,48
401833985,4018339854,40183398576,3,3,Montana State,Big Sky,0,Stephen F. Austin,Southland,0,Montana State,Stephen F. Austin,1,3,3,44,56,2,1,-2,False,Rush,No Huddle-Shotgun #32 J.Davis rush middle for 2 yards loss to the MSU42 (#0 K.Thomas; #3 E.Bobino),-1.9354597054665914,2025-12-13T02:11:33.000Z,10,48
401833985,4018339854,40183398580,3,4,Montana State,Big Sky,0,Stephen F. Austin,Southland,0,Montana State,Stephen F. Austin,1,3,3,42,58,3,3,11,False,Pass Reception,"No Huddle-Shotgun #8 J.Lamson pass complete short left to #23 A.Jones caught at MSU36, for 11 yards to the SFA47 (#6 J.Southard), 1ST DOWN",2.180304509794322,2025-12-13T02:12:12.000Z,10,48
401833985,4018339854,40183398585,3,5,Montana State,Big Sky,0,Stephen F. Austin,Southland,0,Montana State,Stephen F. Austin,1,3,3,53,47,1,10,0,False,Pass Reception,"No Huddle-Shotgun #8 J.Lamson pass complete short right to #23 A.Jones caught at SFA47, for 0 yards to the SFA47 (#37 J.Johnson)",-1.0507069190375147,2025-12-13T02:12:49.000Z,10,48
401833985,4018339854,40183398590,3,6,Montana State,Big Sky,0,Stephen F. Austin,Southland,0,Montana State,Stephen F. Austin,1,3,3,53,47,2,10,22,False,Pass Reception,"No Huddle-Shotgun #8 J.Lamson pass complete short middle to #84 D.Steel caught at SFA34, for 22 yards to the SFA25 (#6 J.Southard; #13 A.Sears), 1ST DOWN",1.9638247980378871,2025-12-13T02:13:22.000Z,10,48
401833985,4018339854,40183398595,3,7,Montana State,Big Sky,0,Stephen F. Austin,Southland,0,Montana State,Stephen F. Austin,1,3,3,75,25,1,10,16,False,Pass Reception,"No Huddle-Shotgun #8 J.Lamson pass complete short right to #14 T.Dowler caught at SFA30, for 16 yards to the SFA09, out of bounds at SFA05 PENALTY MSU Holding 10 yards from SFA09 to SFA19",0.2758465386195895,2025-12-13T02:14:05.000Z,10,48
401833985,4018339854,401833985102,3,8,Montana State,Big Sky,0,Stephen F. Austin,Southland,0,Montana State,Stephen F. Austin,1,3,3,81,19,1,4,0,False,Rush,No Huddle-Shotgun #32 J.Davis rush middle for 0 yards to the SFA19 (#33 M.Williams),-0.668882662331368,2025-12-13T02:15:30.000Z,10,48
401833985,4018339854,401833985106,3,9,Montana State,Big Sky,0,Stephen F. Austin,Southland,0,Montana State,Stephen F. Austin,1,3,3,81,19,2,4,8,False,Pass Reception,"No Huddle-Shotgun #8 J.Lamson pass complete short left to #89 R.Lencioni caught at SFA24, for 8 yards to the SFA11 (#22 X.Potts), 1ST DOWN",-0.017262038841324,2025-12-13T02:16:02.000Z,10,48
401833985,4018339854,401833985114,3,11,Montana State,Big Sky,0,Stephen F. Austin,Southland,0,Montana State,Stephen F. Austin,1,3,3,84,16,1,15,15,False,Pass Reception,"No Huddle-Shotgun #8 J.Lamson pass complete short middle to #14 T.Dowler caught at SFA06, for 15 yards to the SFA01 (#38 K.Reddic), 1ST DOWN",1.907501855531539,2025-12-13T02:17:21.000Z,10,48
401833985,4018339854,401833985119,3,12,Montana State,Big Sky,7,Stephen F. Austin,Southland,0,Montana State,Stephen F. Austin,1,3,3,99,1,1,1,1,True,Rushing Touchdown,"No Huddle-Shotgun #23 A.Jones rush middle for 1 yard gain to the SFA00 TOUCHDOWN, clock 05:13 #39 M.Sansted kick attempt good (H: #30 C.Frokjer, LS: #40 B.Johnson)",0.938021275120443,2025-12-13T02:18:01.000Z,5,13
401833985,4018339856,401833985126,4,1,Montana State,Big Sky,7,Stephen F. Austin,Southland,0,Montana State,Stephen F. Austin,1,3,3,35,65,1,10,0,False,Kickoff,"#30 C.Frokjer kickoff 65 yards to the SFA00, Touchback",,2025-12-13T02:18:44.000Z,5,13
401833985,4018339856,401833985129,4,2,Stephen F. Austin,Southland,0,Montana State,Big Sky,7,Montana State,Stephen F. Austin,1,3,3,75,75,1,10,8,False,Pass Reception,"No Huddle-Shotgun #15 S.Vidlak pass complete short right to #4 K.Harris caught at SFA25, for 8 yards to the SFA33 (#10 B.Grebe)",0.9104368550610653,2025-12-13T02:24:22.000Z,5,13
401833985,4018339856,401833985134,4,3,Stephen F. Austin,Southland,0,Montana State,Big Sky,7,Montana State,Stephen F. Austin,1,3,3,67,67,2,2,8,False,Fumble Recovery (Own),"No Huddle-Shotgun #15 S.Vidlak pass complete short left to #4 K.Harris caught at SFA32, for 8 yards to the SFA41 fumbled by #4 K.Harris at SFA32 recovered by SFA #4 K.Harris at SFA41 (#2 T.Uluilakepa; #6 B.Meredith), 1ST DOWN",0.5083059148618289,2025-12-13T02:24:55.000Z,5,13
401833985,4018339856,401833985141,4,4,Stephen F. Austin,Southland,0,Montana State,Big Sky,7,Montana State,Stephen F. Austin,1,3,3,59,59,1,10,6,False,Rush,No Huddle-Shotgun #24 J.Jenkins rush middle for 6 yards gain to the SFA47 (#10 B.Grebe),0.3989351639023673,2025-12-13T02:25:22.000Z,5,13
401833985,4018339856,401833985145,4,5,Stephen F. Austin,Southland,0,Montana State,Big Sky,7,Montana State,Stephen F. Austin,1,3,3,53,53,2,4,15,False,Pass Reception,"No Huddle-Shotgun #15 S.Vidlak pass complete short middle to #7 B.Green caught at MSU41, for 15 yards to the MSU38 (#5 C.Dowler), 1ST DOWN",1.165484537310872,2025-12-13T02:25:43.000Z,5,13
401833985,4018339856,401833985150,4,6,Stephen F. Austin,Southland,0,Montana State,Big Sky,7,Montana State,Stephen F. Austin,1,3,3,38,38,1,10,37,False,Pass Interception Return,No Huddle-Shotgun #15 S.Vidlak pass intercepted by #5 C.Dowler at MSU05 #5 C.Dowler return 37 yards to the MSU42 (#86 G.Edimo),-3.905407351414812,2025-12-13T02:26:42.000Z,3,8
401833985,4018339857,401833985203,5,12,Montana State,Big Sky,7,Stephen F. Austin,Southland,0,Montana State,Stephen F. Austin,2,3,3,84,16,3,15,5,False,Penalty,PENALTY MSU Delay Of Game  5 yards from SFA16 to SFA21. NO PLAY,,2025-12-13T02:40:34.000Z,15,0
401833985,4018339857,401833985181,5,7,Montana State,Big Sky,7,Stephen F. Austin,Southland,0,Montana State,Stephen F. Austin,1,3,3,79,21,2,14,11,False,Penalty,"PENALTY SFA Personal Foul  11 yard from SFA22 to SFA11, 1ST DOWN. NO PLAY",,2025-12-13T02:32:44.000Z,3,8
401833985,4018339857,401833985184,5,8,Montana State,Big Sky,7,Stephen F. Austin,Southland,0,Montana State,Stephen F. Austin,1,3,3,89,11,1,10,5,False,Penalty,PENALTY MSU False Start  5 yards from SFA11 to SFA16. NO PLAY,,2025-12-13T02:33:45.000Z,3,8
401833985,4018339857,401833985211,5,14,Montana State,Big Sky,14,Stephen F. Austin,Southland,0,Montana State,Stephen F. Austin,2,3,3,97,3,0,0,2,False,Penalty,PENALTY SFA Offside (#3 E.Bobino) 2 yards from SFA03 to SFA01. NO PLAY,,2025-12-13T02:41:58.000Z,15,0
401833985,4018339857,401833985189,5,9,Montana State,Big Sky,7,Stephen F. Austin,Southland,0,Montana State,Stephen F. Austin,1,3,3,89,11,1,10,-5,False,End Period,End of 1st quarter.,-0.6095307957773066,2025-12-13T02:34:14.000Z,0,0
401833985,4018339857,401833985156,5,1,Montana State,Big Sky,7,Stephen F. Austin,Southland,0,Montana State,Stephen F. Austin,1,3,3,42,58,1,10,14,False,Pass Reception,"No Huddle-Shotgun #8 J.Lamson pass complete short right to #23 A.Jones caught at MSU43, for 14 yards to the SFA44 (#37 J.Johnson), 1ST DOWN",1.1488208545292942,2025-12-13T02:29:24.000Z,3,8
401833985,4018339857,401833985161,5,2,Montana State,Big Sky,7,Stephen F. Austin,Southland,0,Montana State,Stephen F. Austin,1,3,3,56,44,1,10,4,False,Rush,No Huddle-Shotgun #8 J.Lamson rush right for 4 yards gain to the SFA40 (#48 S.Green),-0.1108700500197327,2025-12-13T02:29:59.000Z,3,8
401833985,4018339857,401833985165,5,3,Montana State,Big Sky,7,Stephen F. Austin,Southland,0,Montana State,Stephen F. Austin,1,3,3,60,40,2,6,5,False,Rush,No Huddle-Shotgun #23 A.Jones rush middle for 5 yards gain to the SFA35 (#38 K.Reddic),0.0951804623087683,2025-12-13T02:30:34.000Z,3,8
401833985,4018339857,401833985169,5,4,Montana State,Big Sky,7,Stephen F. Austin,Southland,0,Montana State,Stephen F. Austin,1,3,3,65,35,3,1,6,False,Rush,"No Huddle-Shotgun #23 A.Jones rush middle for 6 yards gain to the SFA29 (#38 K.Reddic), 1ST DOWN",0.6402707606228737,2025-12-13T02:31:05.000Z,3,8
401833985,4018339857,401833985173,5,5,Montana State,Big Sky,7,Stephen F. Austin,Southland,0,Montana State,Stephen F. Austin,1,3,3,71,29,1,10,12,False,Rush,"No Huddle-Shotgun #8 J.Lamson rush middle for 12 yards gain to the SFA17 (#38 K.Reddic; #25 D.Hargrove), 1ST DOWN",0.208398081813698,2025-12-13T02:31:45.000Z,3,8
401833985,4018339857,401833985177,5,6,Montana State,Big Sky,7,Stephen F. Austin,Southland,0,Montana State,Stephen F. Austin,1,3,3,83,17,1,10,-5,False,Rush,No Huddle-Shotgun #8 J.Lamson rush left for 5 yards loss to the SFA22 (#6 J.Southard),-0.7726644328707476,2025-12-13T02:32:15.000Z,3,8
401833985,4018339857,401833985193,5,10,Montana State,Big Sky,7,Stephen F. Austin,Southland,0,Montana State,Stephen F. Austin,2,3,3,84,16,1,15,0,False,Rush,No Huddle-Shotgun #32 J.Davis rush middle for 0 yards to the SFA16 (#2 A.Austin),-0.2857470784932496,2025-12-13T02:38:59.000Z,15,0
401833985,4018339857,401833985200,5,11,Montana State,Big Sky,7,Stephen F. Austin,Southland,0,Montana State,Stephen F. Austin,2,3,3,84,16,2,15,0,False,Pass Incompletion,Shotgun #8 J.Lamson pass incomplete short right thrown to SFA11 broken up by #99 V.Idusuyi II,-0.4669954217081731,2025-12-13T02:39:43.000Z,15,0
401833985,4018339857,401833985206,5,13,Montana State,Big Sky,14,Stephen F. Austin,Southland,0,Montana State,Stephen F. Austin,2,3,3,79,21,3,20,21,True,Passing Touchdown,"No Huddle-Shotgun #8 J.Lamson pass complete short middle to #23 A.Jones caught at SFA16, for 21 yards to the SFA00 TOUCHDOWN, clock 14:04, 1ST DOWN #39 M.Sansted kick attempt good (H: #30 C.Frokjer, LS: #40 B.Johnson)",4.404948488629124,2025-12-13T02:41:06.000Z,15,0
401833985,4018339859,401833985217,6,1,Montana State,Big Sky,14,Stephen F. Austin,Southland,0,Montana State,Stephen F. Austin,2,3,3,35,65,1,10,0,False,Kickoff,"#30 C.Frokjer kickoff 65 yards to the SFA00, Touchback",,2025-12-13T02:42:55.000Z,14,4
401833985,4018339859,401833985243,6,6,Stephen F. Austin,Southland,0,Montana State,Big Sky,14,Montana State,Stephen F. Austin,2,3,3,63,63,4,9,0,False,Punt,#22 L.Pozzobon punt 39 yards to the MSU24,,2025-12-13T02:51:15.000Z,12,6
401833985,4018339859,401833985220,6,2,Stephen F. Austin,Southland,0,Montana State,Big Sky,14,Montana State,Stephen F. Austin,2,3,3,75,75,1,10,5,False,Pass Reception,"Shotgun #15 S.Vidlak pass complete short left to #4 K.Harris caught at SFA24, for 5 yards to the SFA30 (#19 N.Daily)",0.0945451165334843,2025-12-13T02:46:30.000Z,14,4
401833985,4018339859,401833985225,6,3,Stephen F. Austin,Southland,0,Montana State,Big Sky,14,Montana State,Stephen F. Austin,2,3,3,70,70,2,5,6,False,Pass Reception,"No Huddle-Shotgun #15 S.Vidlak pass complete short right to #4 K.Harris caught at SFA35, for 6 yards to the SFA36 (#34 C.Taylor), 1ST DOWN",0.8360173954125062,2025-12-13T02:46:57.000Z,14,4
401833985,4018339859,401833985230,6,4,Stephen F. Austin,Southland,0,Montana State,Big Sky,14,Montana State,Stephen F. Austin,2,3,3,64,64,1,10,1,False,Rush,No Huddle-Shotgun #10 J.Wimbley rush middle for 1 yard gain to the SFA37 (#19 N.Daily),-0.8530905486726476,2025-12-13T02:47:22.000Z,14,4
401833985,4018339859,401833985234,6,5,Stephen F. Austin,Southland,0,Montana State,Big Sky,14,Montana State,Stephen F. Austin,2,3,3,63,63,2,9,0,False,Pass Incompletion,No Huddle-Shotgun #15 S.Vidlak pass incomplete short middle to #10 J.Wimbley thrown to SFA37 QB hurried by #41 P.Brott,-0.7156844087137806,2025-12-13T02:47:52.000Z,14,4
401833985,4018339859,401833985249,6,7,Stephen F. Austin,Southland,0,Montana State,Big Sky,14,Montana State,Stephen F. Austin,2,3,3,63,63,3,9,0,False,Pass Incompletion,"No Huddle-Shotgun #15 S.Vidlak pass incomplete short right to #4 K.Harris thrown to SFA45. The previous play is under automatic review - ""Incomplete pass"". CALL OVERTURNED. (Original Play: No Huddle-Shotgun #15 S.Vidlak pass complete short right to #4 K.Harris caught at SFA45, for 8 yards to the SFA45, out of bounds at SFA45)",-0.3756863864160813,2025-12-13T02:52:23.000Z,12,6
401833985,40183398510,401833985293,7,10,Montana State,Big Sky,14,Stephen F. Austin,Southland,0,Montana State,Stephen F. Austin,2,3,3,91,9,3,9,5,False,Penalty,PENALTY MSU False Start  5 yards from SFA09 to SFA14. NO PLAY,,2025-12-13T02:59:15.000Z,12,6
401833985,40183398510,401833985269,7,5,Montana State,Big Sky,14,Stephen F. Austin,Southland,0,Montana State,Stephen F. Austin,2,3,3,69,31,2,4,-1,False,Rush,No Huddle-Shotgun #32 J.Davis rush middle for 1 yard loss to the SFA32 (#33 M.Williams),-0.934834521588909,2025-12-13T02:56:05.000Z,12,6
401833985,40183398510,401833985247,7,1,Montana State,Big Sky,14,Stephen F. Austin,Southland,0,Montana State,Stephen F. Austin,2,3,3,24,76,1,10,6,False,Rush,No Huddle-Shotgun #32 J.Davis rush middle for 6 yards gain to the MSU30 (#33 M.Williams; #3 E.Bobino),0.3245554637561217,2025-12-13T02:53:40.000Z,12,6
401833985,40183398510,401833985255,7,2,Montana State,Big Sky,14,Stephen F. Austin,Southland,0,Montana State,Stephen F. Austin,2,3,3,30,70,2,4,11,False,Pass Reception,"No Huddle-Shotgun #8 J.Lamson pass complete short left to #1 C.Long caught at MSU36, for 11 yards to the MSU41 (#12 J.Mayo), 1ST DOWN",1.1620505298612418,2025-12-13T02:54:20.000Z,12,6
401833985,40183398510,401833985260,7,3,Montana State,Big Sky,14,Stephen F. Austin,Southland,0,Montana State,Stephen F. Austin,2,3,3,41,59,1,10,22,False,Pass Reception,"No Huddle-Shotgun #8 J.Lamson pass complete short right to #10 J.Woods caught at SFA47, for 22 yards to the SFA37 (#25 D.Hargrove), 1ST DOWN",1.607603718321684,2025-12-13T02:54:57.000Z,12,6
401833985,40183398510,401833985265,7,4,Montana State,Big Sky,14,Stephen F. Austin,Southland,0,Montana State,Stephen F. Austin,2,3,3,63,37,1,10,6,False,Rush,No Huddle-Shotgun #32 J.Davis rush right for 6 yards gain to the SFA31 (#42 M.Woods),0.2454411832668482,2025-12-13T02:55:38.000Z,12,6
401833985,40183398510,401833985273,7,6,Montana State,Big Sky,14,Stephen F. Austin,Southland,0,Montana State,Stephen F. Austin,2,3,3,68,32,3,5,8,False,Pass Reception,"No Huddle-Shotgun #8 J.Lamson pass complete short middle to #1 C.Long caught at SFA25, for 8 yards to the SFA24 (#25 D.Hargrove), 1ST DOWN",1.059364021191829,2025-12-13T02:56:44.000Z,12,6
401833985,40183398510,401833985278,7,7,Montana State,Big Sky,14,Stephen F. Austin,Southland,0,Montana State,Stephen F. Austin,2,3,3,76,24,1,10,21,False,Pass Reception,"No Huddle-Shotgun #8 J.Lamson pass complete deep right to #89 R.Lencioni caught at SFA03, for 21 yards to the SFA03 (#38 K.Reddic; #13 A.Sears), 1ST DOWN",1.216986215875638,2025-12-13T02:57:15.000Z,12,6
401833985,40183398510,401833985283,7,8,Montana State,Big Sky,14,Stephen F. Austin,Southland,0,Montana State,Stephen F. Austin,2,3,3,97,3,1,3,-4,False,Rush,No Huddle-Shotgun #8 J.Lamson rush middle for 4 yards loss to the SFA07 (#11 E.Fields),-1.1426967352864,2025-12-13T02:57:42.000Z,12,6
401833985,40183398510,401833985287,7,9,Montana State,Big Sky,14,Stephen F. Austin,Southland,0,Montana State,Stephen F. Austin,2,3,3,93,7,2,7,-2,False,Sack,No Huddle-Shotgun #8 J.Lamson sacked for loss of 2 yards to the SFA09 (#37 J.Johnson),-0.402964186714499,2025-12-13T02:58:38.000Z,12,6
401833985,40183398510,401833985296,7,11,Montana State,Big Sky,14,Stephen F. Austin,Southland,0,Montana State,Stephen F. Austin,2,3,3,86,14,3,14,6,False,Pass Interception Return,No Huddle-Shotgun #8 J.Lamson pass intercepted by #38 K.Reddic at SFA00 #38 K.Reddic return 6 yards to the SFA06 (#84 D.Steel),-3.571447745594517,2025-12-13T03:00:26.000Z,6,39
401833985,40183398511,401833985325,8,7,Stephen F. Austin,Southland,0,Montana State,Big Sky,14,Montana State,Stephen F. Austin,2,3,3,90,90,4,16,12,False,Punt Return,#22 L.Pozzobon punt 45 yards to the MSU45 #14 T.Dowler return 12 yards to the SFA43 (#64 N.Perez),,2025-12-13T03:04:10.000Z,4,23
401833985,40183398511,401833985302,8,1,Stephen F. Austin,Southland,0,Montana State,Big Sky,14,Montana State,Stephen F. Austin,2,3,3,94,94,1,10,2,False,Rush,No Huddle-Shotgun #10 J.Wimbley rush middle for 2 yards gain to the SFA08 (#41 P.Brott),-0.18979758386486356,2025-12-13T03:00:48.000Z,6,39
401833985,40183398511,401833985306,8,2,Stephen F. Austin,Southland,0,Montana State,Big Sky,14,Montana State,Stephen F. Austin,2,3,3,92,92,2,8,4,False,Rush,No Huddle-Shotgun #10 J.Wimbley rush middle for 4 yards gain to the SFA12 (#41 P.Brott),-0.02339036500752201,2025-12-13T03:01:12.000Z,6,39
401833985,40183398511,401833985310,8,3,Stephen F. Austin,Southland,0,Montana State,Big Sky,14,Montana State,Stephen F. Austin,2,3,3,88,88,3,4,4,False,Pass Reception,"No Huddle-Shotgun #15 S.Vidlak pass complete short left to #4 K.Harris caught at SFA16, for 4 yards to the SFA16 (#0 T.Carr), 1ST DOWN",0.5305120824497376,2025-12-13T03:01:38.000Z,6,39
401833985,40183398511,401833985315,8,4,Stephen F. Austin,Southland,0,Montana State,Big Sky,14,Montana State,Stephen F. Austin,2,3,3,84,84,1,10,0,False,Pass Incompletion,No Huddle-Shotgun #15 S.Vidlak pass incomplete short left to #21 C.Wayland thrown to SFA35 broken up by #0 T.Carr,-0.46182849902011913,2025-12-13T03:02:03.000Z,6,39
401833985,40183398511,401833985318,8,5,Stephen F. Austin,Southland,0,Montana State,Big Sky,14,Montana State,Stephen F. Austin,2,3,3,84,84,2,10,0,False,Pass Incompletion,No Huddle-Shotgun #15 S.Vidlak pass incomplete short left to #4 K.Harris thrown to SFA15,-0.20870260143022978,2025-12-13T03:02:38.000Z,6,39
401833985,40183398511,401833985321,8,6,Stephen F. Austin,Southland,0,Montana State,Big Sky,14,Montana State,Stephen F. Austin,2,3,3,84,84,3,10,-3,False,Sack,"No Huddle-Shotgun #15 S.Vidlak sacked for loss of 6 yards to the SFA10 (#0 T.Carr, #36 Z.Crews)",-0.12058178626805026,2025-12-13T03:03:21.000Z,6,39
401833985,40183398512,401833985351,9,6,Montana State,Big Sky,14,Stephen F. Austin,Southland,0,Montana State,Stephen F. Austin,2,2,3,73,27,2,5,0,False,Timeout,"Timeout Montana State, clock 02:00",,2025-12-13T03:08:53.000Z,2,0
401833985,40183398512,401833985354,9,7,Montana State,Big Sky,14,Stephen F. Austin,Southland,0,Montana State,Stephen F. Austin,2,2,3,76,24,4,2,5,False,Penalty,PENALTY MSU False Start  5 yards from SFA24 to SFA29. NO PLAY,,2025-12-13T03:12:47.000Z,1,55
401833985,40183398512,401833985356,9,8,Stephen F. Austin,Southland,0,Montana State,Big Sky,14,Montana State,Stephen F. Austin,2,3,2,75,75,3,3,0,False,Timeout,"Timeout Stephen F. Austin, clock 01:55",,2025-12-13T03:11:58.000Z,1,55
401833985,40183398512,401833985358,9,9,Montana State,Big Sky,17,Stephen F. Austin,Southland,0,Montana State,Stephen F. Austin,2,2,3,71,29,4,7,47,True,Field Goal Good,"#39 M.Sansted field goal attempt from 47 yards GOOD (H: #30 C.Frokjer, LS: #40 B.Johnson), clock 01:50",,2025-12-13T03:13:26.000Z,1,50
401833985,40183398512,401833985331,9,1,Montana State,Big Sky,14,Stephen F. Austin,Southland,0,Montana State,Stephen F. Austin,2,3,3,57,43,1,10,4,False,Rush,No Huddle-Shotgun #32 J.Davis rush left for 4 yards gain to the SFA39 (#11 E.Fields; #34 C.Sautter),-0.1055620972164722,2025-12-13T03:06:28.000Z,4,23
401833985,40183398512,401833985335,9,2,Montana State,Big Sky,14,Stephen F. Austin,Southland,0,Montana State,Stephen F. Austin,2,3,3,61,39,2,6,7,False,Pass Reception,"No Huddle-Shotgun #8 J.Lamson pass complete short right to #14 T.Dowler caught at SFA32, for 7 yards to the SFA32 (#6 J.Southard; #11 E.Fields), 1ST DOWN",0.586412759558364,2025-12-13T03:07:00.000Z,4,23
401833985,40183398512,401833985340,9,3,Montana State,Big Sky,14,Stephen F. Austin,Southland,0,Montana State,Stephen F. Austin,2,3,3,68,32,1,10,5,False,Pass Reception,"No Huddle-Shotgun #8 J.Lamson pass complete short middle to #86 H.Provience caught at SFA27, for 5 yards to the SFA27 (#33 M.Williams)",0.0790402371080084,2025-12-13T03:07:43.000Z,4,23
401833985,40183398512,401833985345,9,4,Montana State,Big Sky,14,Stephen F. Austin,Southland,0,Montana State,Stephen F. Austin,2,3,3,73,27,2,5,2,False,Rush,No Huddle-Shotgun #32 J.Davis rush right for 2 yards gain to the SFA25 (#6 J.Southard; #99 V.Idusuyi II),-0.3385486326760866,2025-12-13T03:08:15.000Z,4,23
401833985,40183398512,401833985349,9,5,Montana State,Big Sky,14,Stephen F. Austin,Southland,0,Montana State,Stephen F. Austin,2,3,3,75,25,3,3,1,False,Rush,No Huddle-Shotgun #32 J.Davis rush middle for 1 yard gain to the SFA24 (#11 E.Fields),-0.5606932929718411,2025-12-13T03:11:25.000Z,2,0
401833985,40183398514,401833985361,10,1,Montana State,Big Sky,17,Stephen F. Austin,Southland,0,Montana State,Stephen F. Austin,2,2,3,35,65,1,10,0,False,Kickoff,"#30 C.Frokjer kickoff 65 yards to the SFA00, Touchback",,2025-12-13T03:13:33.000Z,1,50
401833985,40183398514,401833985364,10,2,Stephen F. Austin,Southland,0,Montana State,Big Sky,17,Montana State,Stephen F. Austin,2,3,2,75,75,1,10,27,False,Fumble Recovery (Own),"No Huddle-Shotgun #15 S.Vidlak sacked for loss of 5 yards to the SFA30 (#11 K.Eiden IV), fumble by #15 S.Vidlak recovered by MSU #8 C.Williams at SFA30 #8 C.Williams return 27 yards to the SFA03 (#55 E.Gray). The previous play is under automatic review - ""Fumble"". CALL UPHELD",2.3915212834413646,2025-12-13T03:15:37.000Z,1,41
401833985,40183398515,401833985376,11,1,Montana State,Big Sky,24,Stephen F. Austin,Southland,0,Montana State,Stephen F. Austin,2,2,3,97,3,2,3,3,True,Pass Reception,"No Huddle-Shotgun #8 J.Lamson pass complete short middle to #80 L.Valcin caught at SFA00, for 3 yards to the SFA00 TOUCHDOWN, clock 01:33 #39 M.Sansted kick attempt good (H: #30 C.Frokjer, LS: #40 B.Johnson)",2.211424613960093,2025-12-13T03:19:16.000Z,1,33
401833985,40183398515,401833985430,11,2,Montana State,Big Sky,24,Stephen F. Austin,Southland,8,Montana State,Stephen F. Austin,2,2,3,97,3,1,3,0,False,Pass Incompletion,No Huddle-Shotgun #8 J.Lamson pass incomplete short right to #14 T.Dowler thrown to SFA05,-0.746972881228756,2025-12-13T03:29:29.000Z,0,5
401833985,40183398515,401833985433,11,3,Montana State,Big Sky,24,Stephen F. Austin,Southland,8,Montana State,Stephen F. Austin,2,2,3,97,3,1,3,0,False,End Period,End of 2nd quarter.,-0.746972881228756,2025-12-13T03:30:16.000Z,0,0
401833985,40183398521,401833985438,12,1,Montana State,Big Sky,24,Stephen F. Austin,Southland,8,Montana State,Stephen F. Austin,3,3,3,35,65,1,10,24,False,Kickoff,#30 C.Frokjer kickoff 65 yards to the SFA00 #29 R.Reese return 24 yards to the SFA24 (#24 C.Petre),,2025-12-13T03:48:32.000Z,15,0
401833985,40183398521,401833985463,12,6,Stephen F. Austin,Southland,8,Montana State,Big Sky,24,Montana State,Stephen F. Austin,3,3,3,62,62,2,9,5,False,Penalty,"No Huddle-Shotgun #15 S.Vidlak pass complete deep right to #4 K.Harris caught at MSU38, for 24 yards to the MSU38, End Of Play PENALTY SFA Ineligible Downfield on Pass 5 yards from SFA38 to SFA33. NO PLAY",,2025-12-13T03:51:11.000Z,15,0
401833985,40183398521,401833985493,12,13,Stephen F. Austin,Southland,8,Montana State,Big Sky,24,Montana State,Stephen F. Austin,3,3,3,49,49,4,7,15,False,Penalty,"No Huddle-Shotgun #15 S.Vidlak pass incomplete deep right to #21 C.Wayland thrown to MSU15 PENALTY MSU Pass Interference 15 yards from MSU49 to MSU34, 1ST DOWN. NO PLAY",,2025-12-13T03:56:10.000Z,15,0
401833985,40183398521,401833985445,12,2,Stephen F. Austin,Southland,8,Montana State,Big Sky,24,Montana State,Stephen F. Austin,3,3,3,76,76,1,10,8,False,Pass Reception,"No Huddle-Shotgun #15 S.Vidlak pass complete short right to #11 D.Bohler caught at SFA30, for 8 yards to the SFA32 (#5 C.Dowler)",0.8892177775023722,2025-12-13T03:49:17.000Z,15,0
401833985,40183398521,401833985450,12,3,Stephen F. Austin,Southland,8,Montana State,Big Sky,24,Montana State,Stephen F. Austin,3,3,3,68,68,2,2,0,False,Rush,No Huddle-Shotgun #10 J.Wimbley rush middle for 0 yards to the SFA32 (#97 A.Eckert),-1.0982813042056385,2025-12-13T03:49:37.000Z,15,0
401833985,40183398521,401833985454,12,4,Stephen F. Austin,Southland,8,Montana State,Big Sky,24,Montana State,Stephen F. Austin,3,3,3,68,68,3,2,5,False,Pass Reception,"No Huddle-Shotgun #15 S.Vidlak pass complete short left to #4 K.Harris caught at SFA35, for 5 yards to the SFA37 (#0 T.Carr), 1ST DOWN",1.3041710765413068,2025-12-13T03:50:03.000Z,15,0
401833985,40183398521,401833985459,12,5,Stephen F. Austin,Southland,8,Montana State,Big Sky,24,Montana State,Stephen F. Austin,3,3,3,63,63,1,10,1,False,Rush,No Huddle-Shotgun #10 J.Wimbley rush middle for 1 yard gain to the SFA38 (#97 A.Eckert),-0.870939720055624,2025-12-13T03:50:21.000Z,15,0
401833985,40183398521,401833985469,12,7,Stephen F. Austin,Southland,8,Montana State,Big Sky,24,Montana State,Stephen F. Austin,3,3,3,67,67,2,14,0,False,Pass Incompletion,No Huddle-Shotgun #15 S.Vidlak pass incomplete short left to #21 C.Wayland thrown to SFA45,-0.38127364752062487,2025-12-13T03:51:45.000Z,15,0
401833985,40183398521,401833985472,12,8,Stephen F. Austin,Southland,8,Montana State,Big Sky,24,Montana State,Stephen F. Austin,3,3,3,67,67,3,14,12,False,Pass Reception,"Shotgun #15 S.Vidlak pass complete short middle to #11 D.Bohler caught at SFA33, for 12 yards to the SFA45 (#5 C.Dowler)",0.7347827740267414,2025-12-13T03:52:24.000Z,15,0
401833985,40183398521,401833985477,12,9,Stephen F. Austin,Southland,8,Montana State,Big Sky,24,Montana State,Stephen F. Austin,3,3,3,55,55,4,2,3,False,Rush,"No Huddle-Shotgun #12 G.Rutherford rush middle for 3 yards gain to the SFA48 (#34 C.Taylor; #97 A.Eckert), 1ST DOWN",2.3410970787893763,2025-12-13T03:52:56.000Z,15,0
401833985,40183398521,401833985481,12,10,Stephen F. Austin,Southland,8,Montana State,Big Sky,24,Montana State,Stephen F. Austin,3,3,3,52,52,1,10,0,False,Rush,No Huddle-Shotgun #29 R.Reese rush right for 0 yards to the SFA48 (#58 D.Solano; #34 C.Taylor),-1.1430602484821704,2025-12-13T03:53:31.000Z,15,0
401833985,40183398521,401833985485,12,11,Stephen F. Austin,Southland,8,Montana State,Big Sky,24,Montana State,Stephen F. Austin,3,3,3,52,52,2,10,3,False,Rush,No Huddle-Shotgun #29 R.Reese rush right for 3 yards gain to the MSU49 (#6 B.Meredith),-0.3912199668849112,2025-12-13T03:54:04.000Z,15,0
401833985,40183398521,401833985489,12,12,Stephen F. Austin,Southland,8,Montana State,Big Sky,24,Montana State,Stephen F. Austin,3,3,3,49,49,3,7,0,False,Pass Incompletion,No Huddle-Shotgun #15 S.Vidlak pass incomplete short middle to #14 I.Davis thrown to MSU45 PENALTY SFA Illegal Formation declined,-0.871242508110674,2025-12-13T03:54:46.000Z,15,0
401833985,40183398521,401833985497,12,14,Stephen F. Austin,Southland,8,Montana State,Big Sky,24,Montana State,Stephen F. Austin,3,3,3,34,34,1,10,15,False,Pass Reception,"Shotgun #15 S.Vidlak pass complete short left to #4 K.Harris caught at MSU30, for 15 yards to the MSU19 (#2 T.Uluilakepa), 1ST DOWN",0.332278532276147,2025-12-13T03:56:53.000Z,15,0
401833985,40183398521,401833985502,12,15,Stephen F. Austin,Southland,8,Montana State,Big Sky,24,Montana State,Stephen F. Austin,3,3,3,19,19,1,10,14,False,Rush,"No Huddle-Shotgun #24 J.Jenkins rush middle for 14 yards gain to the MSU05 (#7 T.Gray; #2 T.Uluilakepa), 1ST DOWN",0.720666788078649,2025-12-13T03:57:16.000Z,15,0
401833985,40183398521,401833985506,12,16,Stephen F. Austin,Southland,8,Montana State,Big Sky,24,Montana State,Stephen F. Austin,3,3,3,5,5,1,5,0,False,Rush,No Huddle-Shotgun #24 J.Jenkins rush left for 0 yards to the MSU05 (#34 C.Taylor),-0.554796850971046,2025-12-13T03:59:59.000Z,15,0
401833985,40183398521,401833985510,12,17,Stephen F. Austin,Southland,14,Montana State,Big Sky,24,Montana State,Stephen F. Austin,3,3,3,5,5,2,5,5,True,Rushing Touchdown,"No Huddle-Shotgun #24 J.Jenkins rush middle for 5 yards gain to the MSU00 TOUCHDOWN, clock 09:04 #15 S.Vidlak pass attempt failed",2.43857769152992,2025-12-13T04:00:26.000Z,9,4
401833985,40183398523,401833985531,13,4,Montana State,Big Sky,24,Stephen F. Austin,Southland,14,Montana State,Stephen F. Austin,3,3,3,83,17,1,10,5,False,Penalty,PENALTY MSU False Start  5 yards from SFA17 to SFA22. NO PLAY,,2025-12-13T04:06:58.000Z,8,58
401833985,40183398523,401833985517,13,1,Stephen F. Austin,Southland,14,Montana State,Big Sky,24,Montana State,Stephen F. Austin,3,3,3,65,65,1,10,15,False,Kickoff,#40 J.Hand kickoff 44 yards to the MSU21 #89 R.Lencioni return 15 yards to the MSU36 (#30 M.McKellar; #18 J.Moore),,2025-12-13T04:04:50.000Z,8,58
401833985,40183398523,401833985546,13,8,Montana State,Big Sky,27,Stephen F. Austin,Southland,14,Montana State,Stephen F. Austin,3,3,3,81,19,4,12,36,True,Field Goal Good,"#39 M.Sansted field goal attempt from 36 yards GOOD (H: #30 C.Frokjer, LS: #40 B.Johnson), clock 06:07",,2025-12-13T04:09:42.000Z,6,7
401833985,40183398523,401833985522,13,2,Montana State,Big Sky,24,Stephen F. Austin,Southland,14,Montana State,Stephen F. Austin,3,3,3,36,64,1,10,5,False,Rush,No Huddle-Shotgun #32 J.Davis rush left for 5 yards gain to the MSU41 (#11 E.Fields; #6 J.Southard),0.1095374979928448,2025-12-13T04:05:35.000Z,8,58
401833985,40183398523,401833985526,13,3,Montana State,Big Sky,24,Stephen F. Austin,Southland,14,Montana State,Stephen F. Austin,3,3,3,41,59,2,5,42,False,Pass Reception,"No Huddle-Shotgun #8 J.Lamson pass complete short right to #84 D.Steel caught at MSU50, for 42 yards to the SFA17 (#13 A.Sears), 1ST DOWN",2.457752006998072,2025-12-13T04:06:17.000Z,8,58
401833985,40183398523,401833985534,13,5,Montana State,Big Sky,24,Stephen F. Austin,Southland,14,Montana State,Stephen F. Austin,3,3,3,78,22,1,15,1,False,Pass Reception,"No Huddle-Shotgun #8 J.Lamson pass complete short right to #8 J.Lamson caught at SFA26, for 1 yard to the SFA21 (#0 K.Thomas; #6 J.Southard)",-0.2965962820817916,2025-12-13T04:07:43.000Z,8,58
401833985,40183398523,401833985539,13,6,Montana State,Big Sky,24,Stephen F. Austin,Southland,14,Montana State,Stephen F. Austin,3,3,3,79,21,2,14,2,False,Rush,No Huddle-Shotgun #8 J.Lamson rush middle for 2 yards gain to the SFA19 (#33 B.Washington),-0.3022052123438268,2025-12-13T04:08:21.000Z,8,58
401833985,40183398523,401833985543,13,7,Montana State,Big Sky,24,Stephen F. Austin,Southland,14,Montana State,Stephen F. Austin,3,3,3,81,19,3,12,0,False,Pass Incompletion,No Huddle-Shotgun #8 J.Lamson pass incomplete short left to #14 T.Dowler thrown to SFA00 broken up by #37 J.Johnson,-0.760971677796423,2025-12-13T04:09:03.000Z,8,58
401833985,40183398525,401833985549,14,1,Montana State,Big Sky,27,Stephen F. Austin,Southland,14,Montana State,Stephen F. Austin,3,3,3,35,65,1,10,0,False,Kickoff,"#30 C.Frokjer kickoff 65 yards to the SFA00, Touchback",,2025-12-13T04:09:49.000Z,6,7
401833985,40183398525,401833985561,14,5,Stephen F. Austin,Southland,14,Montana State,Big Sky,27,Montana State,Stephen F. Austin,3,3,3,75,75,4,10,0,False,Punt,#22 L.Pozzobon punt 41 yards to the MSU34 fair catch by #14 T.Dowler at MSU34,,2025-12-13T04:14:38.000Z,5,43
401833985,40183398525,401833985552,14,2,Stephen F. Austin,Southland,14,Montana State,Big Sky,27,Montana State,Stephen F. Austin,3,3,3,75,75,1,10,0,False,Pass Incompletion,No Huddle-Shotgun #15 S.Vidlak pass incomplete short middle to #11 D.Bohler thrown to SFA44,-0.7029700220436519,2025-12-13T04:12:53.000Z,6,7
401833985,40183398525,401833985555,14,3,Stephen F. Austin,Southland,14,Montana State,Big Sky,27,Montana State,Stephen F. Austin,3,3,3,75,75,2,10,0,False,Pass Incompletion,No Huddle-Shotgun #15 S.Vidlak pass incomplete deep right to #4 K.Harris thrown to MSU35,-0.34710487712173865,2025-12-13T04:13:31.000Z,6,7
401833985,40183398525,401833985558,14,4,Stephen F. Austin,Southland,14,Montana State,Big Sky,27,Montana State,Stephen F. Austin,3,3,3,75,75,3,10,0,False,Pass Incompletion,No Huddle-Shotgun #15 S.Vidlak pass incomplete deep middle to #5 J.Nabors thrown to MSU47 broken up by #19 N.Daily,-0.15871308844886392,2025-12-13T04:14:06.000Z,6,7
401833985,40183398526,401833985582,15,3,Montana State,Big Sky,27,Stephen F. Austin,Southland,14,Montana State,Stephen F. Austin,3,3,3,36,64,3,8,7,False,Penalty,"No Huddle-Shotgun #8 J.Lamson pass incomplete short middle to #14 T.Dowler thrown to MSU45, 1ST DOWN, PENALTY SFA Pass Interference 7 yards from MSU36 to MSU43, 1ST DOWN. NO PLAY",,2025-12-13T04:20:31.000Z,5,43
401833985,40183398526,401833985565,15,1,Montana State,Big Sky,27,Stephen F. Austin,Southland,14,Montana State,Stephen F. Austin,3,3,3,34,66,1,10,2,False,Rush,No Huddle-Shotgun #32 J.Davis rush middle for 2 yards gain to the MSU36 (#22 X.Potts; #3 E.Bobino),-0.6162239991596916,2025-12-13T04:15:32.000Z,5,43
401833985,40183398526,401833985578,15,2,Montana State,Big Sky,27,Stephen F. Austin,Southland,14,Montana State,Stephen F. Austin,3,3,3,36,64,2,8,0,False,Pass Incompletion,"No Huddle-Shotgun #8 J.Lamson pass incomplete short left to #10 J.Woods thrown to MSU45 broken up by #13 A.Sears. The previous play is under automatic review - ""Incomplete pass"". CALL OVERTURNED. (Original Play: No Huddle-Shotgun #8 J.Lamson pass complete short left to #10 J.Woods caught at MSU47, for 24 yards to the SFA40 fumbled by #10 J.Woods at MSU50 forced by #13 A.Sears recovered by SFA #37 J.Johnson at SFA40 #37 J.Johnson return 1 yard to the SFA41 (#23 A.Jones))",-0.7413256585321806,2025-12-13T04:19:57.000Z,5,43
401833985,40183398526,401833985586,15,4,Montana State,Big Sky,27,Stephen F. Austin,Southland,14,Montana State,Stephen F. Austin,3,3,3,43,57,1,10,40,False,Rush,"No Huddle-Shotgun #23 A.Jones rush right for 40 yards gain to the SFA17 (#12 J.Mayo), 1ST DOWN",1.8854135947269124,2025-12-13T04:21:10.000Z,5,43
401833985,40183398526,401833985590,15,5,Montana State,Big Sky,27,Stephen F. Austin,Southland,14,Montana State,Stephen F. Austin,3,3,3,83,17,1,10,15,False,Pass Reception,"No Huddle-Shotgun #8 J.Lamson pass complete short middle to #86 H.Provience caught at SFA02, for 15 yards to the SFA02 (#13 A.Sears), 1ST DOWN",1.366667805112316,2025-12-13T04:21:55.000Z,5,43
401833985,40183398526,401833985595,15,6,Montana State,Big Sky,27,Stephen F. Austin,Southland,14,Montana State,Stephen F. Austin,3,3,3,98,2,1,2,-3,False,Rush,No Huddle-Shotgun #8 J.Lamson rush middle for 3 yards loss to the SFA05 (#0 K.Thomas; #2 A.Austin),-1.225342393857822,2025-12-13T04:22:29.000Z,5,43
401833985,40183398526,401833985599,15,7,Montana State,Big Sky,34,Stephen F. Austin,Southland,14,Montana State,Stephen F. Austin,3,3,3,95,5,2,5,5,True,Rushing Touchdown,"No Huddle-Shotgun #8 J.Lamson rush right for 5 yards gain to the SFA00 TOUCHDOWN, clock 03:04 #39 M.Sansted kick attempt good (H: #30 C.Frokjer, LS: #40 B.Johnson)",2.43857769152992,2025-12-13T04:23:13.000Z,3,4
401833985,40183398528,401833985606,16,1,Montana State,Big Sky,34,Stephen F. Austin,Southland,14,Montana State,Stephen F. Austin,3,3,3,35,65,1,10,13,False,Kickoff,#30 C.Frokjer kickoff 65 yards to the SFA00 #29 R.Reese return 13 yards to the SFA13 (#91 S.Brock),,2025-12-13T04:25:03.000Z,3,4
401833985,40183398528,401833985611,16,2,Stephen F. Austin,Southland,14,Montana State,Big Sky,34,Montana State,Stephen F. Austin,3,3,3,87,87,1,10,13,False,Pass Reception,"No Huddle-Shotgun #15 S.Vidlak pass complete short middle to #4 K.Harris caught at SFA25, for 13 yards to the SFA26 (#2 T.Uluilakepa), 1ST DOWN",0.6900193064066658,2025-12-13T04:25:47.000Z,3,4
401833985,40183398528,401833985616,16,3,Stephen F. Austin,Southland,14,Montana State,Big Sky,34,Montana State,Stephen F. Austin,3,3,3,74,74,1,10,6,False,Pass Reception,"No Huddle-Shotgun #15 S.Vidlak pass complete short right to #14 I.Davis caught at SFA30, for 6 yards to the SFA32 (#58 D.Solano; #1 J.McMillan)",0.3420124320108239,2025-12-13T04:26:09.000Z,3,4
401833985,40183398528,401833985621,16,4,Stephen F. Austin,Southland,14,Montana State,Big Sky,34,Montana State,Stephen F. Austin,3,3,3,68,68,2,4,3,False,Rush,No Huddle-Shotgun #10 J.Wimbley rush middle for 3 yards gain to the SFA35 (#97 A.Eckert),-0.3685312254904954,2025-12-13T04:26:30.000Z,3,4
401833985,40183398528,401833985625,16,5,Stephen F. Austin,Southland,14,Montana State,Big Sky,34,Montana State,Stephen F. Austin,3,3,3,65,65,3,1,5,False,Pass Reception,"No Huddle-Shotgun #15 S.Vidlak pass complete short right to #9 B.Mortimer caught at SFA42, for 5 yards to the SFA40 (#1 J.McMillan), 1ST DOWN",1.276394501796962,2025-12-13T04:26:58.000Z,3,4
401833985,40183398528,401833985630,16,6,Stephen F. Austin,Southland,14,Montana State,Big Sky,34,Montana State,Stephen F. Austin,3,3,3,60,60,1,10,11,False,Pass Reception,"No Huddle-Shotgun #15 S.Vidlak pass complete short middle to #4 K.Harris caught at MSU49, for 11 yards to the MSU49 (#0 T.Carr), 1ST DOWN",0.994570052506427,2025-12-13T04:27:24.000Z,3,4
401833985,40183398528,401833985635,16,7,Stephen F. Austin,Southland,14,Montana State,Big Sky,34,Montana State,Stephen F. Austin,3,3,3,49,49,1,10,0,False,Pass Incompletion,No Huddle-Shotgun #15 S.Vidlak pass incomplete short right to #5 J.Nabors thrown to MSU45,-1.0955888671820908,2025-12-13T04:27:59.000Z,3,4
401833985,40183398528,401833985646,16,8,Stephen F. Austin,Southland,14,Montana State,Big Sky,34,Montana State,Stephen F. Austin,3,3,3,49,49,2,10,43,False,Rush,"No Huddle-Shotgun #10 J.Wimbley rush left for 43 yards gain to the MSU06 (#5 C.Dowler), 1ST DOWN. The previous play is under automatic review - ""Runner was out of bounds"". CALL OVERTURNED. (Original Play: No Huddle-Shotgun #10 J.Wimbley rush left for 49 yards gain to the MSU00 TOUCHDOWN, clock 00:31, 1ST DOWN)",2.805429647754062,2025-12-13T04:30:31.000Z,3,4
401833985,40183398528,401833985651,16,9,Stephen F. Austin,Southland,21,Montana State,Big Sky,34,Montana State,Stephen F. Austin,3,3,3,6,6,1,6,6,True,Rushing Touchdown,"No Huddle-Shotgun #24 J.Jenkins rush middle for 6 yards gain to the MSU00 TOUCHDOWN, clock 00:16 #35 C.Alvarado kick attempt good (H: #47 T.Sanford, LS: #60 B.Robinson)",2.052489771065277,2025-12-13T04:30:40.000Z,0,16
401833985,40183398530,401833985658,17,1,Stephen F. Austin,Southland,21,Montana State,Big Sky,34,Montana State,Stephen F. Austin,3,3,3,65,65,1,10,13,False,Kickoff,#40 J.Hand kickoff 47 yards to the MSU18 #89 R.Lencioni return 13 yards to the MSU31 (#17 J.Rooks),,2025-12-13T04:32:57.000Z,0,16
401833985,40183398530,401833985663,17,2,Montana State,Big Sky,34,Stephen F. Austin,Southland,21,Montana State,Stephen F. Austin,3,3,3,31,69,1,10,64,False,Rush,"No Huddle-Shotgun #32 J.Davis rush left for 69 yards gain (64) to the SFA00 TOUCHDOWN nullified by penalty, clock 00:00, 1ST DOWN, PENALTY MSU UNS: Unsportsmanlike Conduct (#32 J.Davis) 15 yards from SFA05 to SFA20",3.723510164556176,2025-12-13T04:34:01.000Z,0,16
401833985,40183398530,401833985670,17,3,Montana State,Big Sky,34,Stephen F. Austin,Southland,21,Montana State,Stephen F. Austin,3,3,3,31,69,1,10,-11,False,End Period,End of 3rd quarter.,-1.6606178480505491,2025-12-13T04:35:37.000Z,0,0
401833985,40183398530,401833985674,17,4,Montana State,Big Sky,34,Stephen F. Austin,Southland,21,Montana State,Stephen F. Austin,4,3,3,80,20,1,10,4,False,Rush,"No Huddle-Shotgun #14 T.Dowler rush right for 4 yards gain to the SFA16, out of bounds at SFA16",-0.026039089926776,2025-12-13T04:38:42.000Z,15,0
401833985,40183398530,401833985681,17,5,Montana State,Big Sky,41,Stephen F. Austin,Southland,21,Montana State,Stephen F. Austin,4,3,3,84,16,2,6,16,True,Rushing Touchdown,"No Huddle-Shotgun #23 A.Jones rush right for 16 yards gain to the SFA00 TOUCHDOWN, clock 14:36, 1ST DOWN #39 M.Sansted kick attempt good (H: #30 C.Frokjer, LS: #40 B.Johnson)",2.643966818958475,2025-12-13T04:39:45.000Z,14,36
401833985,40183398532,401833985688,18,1,Montana State,Big Sky,41,Stephen F. Austin,Southland,21,Montana State,Stephen F. Austin,4,3,3,35,65,1,10,20,False,Kickoff,#30 C.Frokjer kickoff 62 yards to the SFA03 #29 R.Reese return 20 yards to the SFA23 (#24 C.Petre),,2025-12-13T04:41:50.000Z,14,36
401833985,40183398532,401833985716,18,7,Stephen F. Austin,Southland,21,Montana State,Big Sky,41,Montana State,Stephen F. Austin,4,3,3,51,51,4,6,15,False,Penalty,"No Huddle-Shotgun #15 S.Vidlak pass incomplete short right to #4 K.Harris thrown to SFA49 broken up by #9 S.Johnson PENALTY MSU Face Mask 15 yards from SFA49 to MSU36, 1ST DOWN. NO PLAY",,2025-12-13T04:48:14.000Z,12,31
401833985,40183398532,401833985718,18,8,Stephen F. Austin,Southland,21,Montana State,Big Sky,41,Montana State,Stephen F. Austin,4,3,3,49,49,3,4,0,False,Timeout,"Timeout Stephen F. Austin, clock 12:31",,2025-12-13T04:45:01.000Z,12,31
401833985,40183398532,401833985745,18,15,Stephen F. Austin,Southland,21,Montana State,Big Sky,41,Montana State,Stephen F. Austin,4,3,3,12,12,1,10,10,False,Penalty,"No Huddle-Shotgun #15 S.Vidlak pass incomplete short left to #21 C.Wayland thrown to MSU00 PENALTY MSU Pass Interference 10 yards from MSU12 to MSU02, 1ST DOWN. NO PLAY",,2025-12-13T04:55:26.000Z,12,31
401833985,40183398532,401833985693,18,2,Stephen F. Austin,Southland,21,Montana State,Big Sky,41,Montana State,Stephen F. Austin,4,3,3,77,77,1,10,6,False,Pass Reception,"No Huddle-Shotgun #15 S.Vidlak pass complete short left to #9 B.Mortimer caught at SFA21, for 6 yards to the SFA29 (#8 C.Williams)",0.3156269136367459,2025-12-13T04:42:43.000Z,14,36
401833985,40183398532,401833985698,18,3,Stephen F. Austin,Southland,21,Montana State,Big Sky,41,Montana State,Stephen F. Austin,4,3,3,71,71,2,4,16,False,Pass Reception,"No Huddle-Shotgun #15 S.Vidlak pass complete short left to #21 C.Wayland caught at SFA35, for 16 yards to the SFA45 (#5 C.Dowler), 1ST DOWN",1.618116943236286,2025-12-13T04:43:08.000Z,14,36
401833985,40183398532,401833985703,18,4,Stephen F. Austin,Southland,21,Montana State,Big Sky,41,Montana State,Stephen F. Austin,4,3,3,55,55,1,10,1,False,Rush,No Huddle-Shotgun #24 J.Jenkins rush middle for 1 yard gain to the SFA46 (#10 B.Grebe; #36 Z.Crews),-0.9265072803619887,2025-12-13T04:43:39.000Z,14,36
401833985,40183398532,401833985707,18,5,Stephen F. Austin,Southland,21,Montana State,Big Sky,41,Montana State,Stephen F. Austin,4,3,3,54,54,2,9,5,False,Rush,No Huddle-Shotgun #24 J.Jenkins rush middle for 5 yards gain to the MSU49 (#5 C.Dowler),0.0803401963293488,2025-12-13T04:44:03.000Z,14,36
401833985,40183398532,401833985711,18,6,Stephen F. Austin,Southland,21,Montana State,Big Sky,41,Montana State,Stephen F. Austin,4,3,3,49,49,3,4,-2,False,Pass Reception,"No Huddle-Shotgun #15 S.Vidlak pass complete short right to #9 B.Mortimer caught at SFA47, for 2 yards loss to the SFA49 (#7 T.Gray; #97 A.Eckert)",-1.333149389207959,2025-12-13T04:44:25.000Z,14,36
401833985,40183398532,401833985721,18,9,Stephen F. Austin,Southland,21,Montana State,Big Sky,41,Montana State,Stephen F. Austin,4,3,3,36,36,1,10,5,False,Pass Reception,"No Huddle-Shotgun #15 S.Vidlak pass complete short right to #11 D.Bohler caught at MSU32, for 5 yards to the MSU31 (#9 S.Johnson)",0.082600123518274,2025-12-13T04:48:54.000Z,12,31
401833985,40183398532,401833985726,18,10,Stephen F. Austin,Southland,21,Montana State,Big Sky,41,Montana State,Stephen F. Austin,4,3,3,31,31,2,5,0,False,Pass Incompletion,No Huddle-Shotgun #15 S.Vidlak pass incomplete short right thrown to MSU22 QB hurried by #58 D.Solano,-0.7430508029745334,2025-12-13T04:49:21.000Z,12,31
401833985,40183398532,401833985729,18,11,Stephen F. Austin,Southland,21,Montana State,Big Sky,41,Montana State,Stephen F. Austin,4,3,3,31,31,3,5,7,False,Rush,"No Huddle-Shotgun #24 J.Jenkins rush middle for 7 yards gain to the MSU24 (#45 H.Parsons; #7 T.Gray), 1ST DOWN",0.9897908258630804,2025-12-13T04:50:02.000Z,12,31
401833985,40183398532,401833985733,18,12,Stephen F. Austin,Southland,21,Montana State,Big Sky,41,Montana State,Stephen F. Austin,4,3,3,24,24,1,10,0,False,Pass Incompletion,No Huddle-Shotgun #15 S.Vidlak pass incomplete short left to #4 K.Harris thrown to MSU24,-0.4346450377339437,2025-12-13T04:53:13.000Z,12,31
401833985,40183398532,401833985736,18,13,Stephen F. Austin,Southland,21,Montana State,Big Sky,41,Montana State,Stephen F. Austin,4,3,3,24,24,2,10,0,False,Rush,No Huddle-Shotgun #24 J.Jenkins rush middle for 0 yards to the MSU24 (#2 T.Uluilakepa; #34 C.Taylor),-0.5789972760549578,2025-12-13T04:54:01.000Z,12,31
401833985,40183398532,401833985740,18,14,Stephen F. Austin,Southland,21,Montana State,Big Sky,41,Montana State,Stephen F. Austin,4,3,3,24,24,3,10,12,False,Pass Reception,"No Huddle-Shotgun #15 S.Vidlak pass complete short middle to #4 K.Harris caught at MSU14, for 12 yards to the MSU12 (#2 T.Uluilakepa), 1ST DOWN",1.164985720359951,2025-12-13T04:54:35.000Z,12,31
401833985,40183398532,401833985749,18,16,Stephen F. Austin,Southland,28,Montana State,Big Sky,41,Montana State,Stephen F. Austin,4,3,3,2,2,1,2,2,True,Rushing Touchdown,"Shotgun #12 G.Rutherford rush middle for 2 yards gain to the MSU00 TOUCHDOWN, clock 10:05. The previous play is under automatic review - ""Runner broke the plane"". CALL UPHELD #35 C.Alvarado kick attempt good (H: #47 T.Sanford, LS: #60 B.Robinson)",1.213235297672098,2025-12-13T04:56:35.000Z,10,5
401833985,40183398534,401833985760,19,1,Stephen F. Austin,Southland,28,Montana State,Big Sky,41,Montana State,Stephen F. Austin,4,3,3,65,65,1,10,0,False,Kickoff,"#40 J.Hand kickoff 65 yards to the MSU00, Touchback",,2025-12-13T04:59:10.000Z,10,5
401833985,40183398534,401833985779,19,6,Montana State,Big Sky,41,Stephen F. Austin,Southland,28,Montana State,Stephen F. Austin,4,3,3,48,52,1,10,5,False,Penalty,PENALTY SFA Delay Of Game  5 yards from MSU48 to SFA47. NO PLAY,,2025-12-13T05:05:58.000Z,10,5
401833985,40183398534,401833985800,19,12,Montana State,Big Sky,41,Stephen F. Austin,Southland,28,Montana State,Stephen F. Austin,4,2,3,64,36,2,5,0,False,Timeout,"Timeout Montana State, clock 03:55",,2025-12-13T05:10:18.000Z,3,55
401833985,40183398534,401833985818,19,16,Montana State,Big Sky,41,Stephen F. Austin,Southland,28,Montana State,Stephen F. Austin,4,2,3,99,1,3,1,5,False,Penalty,PENALTY MSU False Start  5 yards from SFA01 to SFA06. NO PLAY,,2025-12-13T05:17:21.000Z,2,0
401833985,40183398534,401833985807,19,13,Montana State,Big Sky,41,Stephen F. Austin,Southland,28,Montana State,Stephen F. Austin,4,2,3,96,4,2,4,2,False,Penalty,"PENALTY SFA Personal Foul  2 yards from SFA04 to SFA02, 1ST DOWN. NO PLAY",,2025-12-13T05:13:17.000Z,3,55
401833985,40183398534,401833985820,19,17,Montana State,Big Sky,41,Stephen F. Austin,Southland,28,Montana State,Stephen F. Austin,4,1,3,99,1,2,1,0,False,Timeout,"Timeout Montana State, clock 02:00",,2025-12-13T05:14:11.000Z,2,0
401833985,40183398534,401833985825,19,19,Montana State,Big Sky,44,Stephen F. Austin,Southland,28,Montana State,Stephen F. Austin,4,1,3,94,6,4,6,23,True,Field Goal Good,"#39 M.Sansted field goal attempt from 23 yards GOOD (H: #30 C.Frokjer, LS: #40 B.Johnson), clock 01:52",,2025-12-13T05:18:49.000Z,1,52
401833985,40183398534,401833985782,19,7,Montana State,Big Sky,41,Stephen F. Austin,Southland,28,Montana State,Stephen F. Austin,4,3,3,53,47,1,5,4,False,Rush,No Huddle-Shotgun #32 J.Davis rush middle for 4 yards gain to the SFA43 (#18 J.Moore),-0.096682294551717,2025-12-13T05:07:00.000Z,10,5
401833985,40183398534,401833985763,19,2,Montana State,Big Sky,41,Stephen F. Austin,Southland,28,Montana State,Stephen F. Austin,4,3,3,25,75,1,10,3,False,Rush,No Huddle-Shotgun #23 A.Jones rush middle for 3 yards gain to the MSU28 (#2 A.Austin; #12 J.Mayo),-0.2957674139440157,2025-12-13T05:02:10.000Z,10,5
401833985,40183398534,401833985767,19,3,Montana State,Big Sky,41,Stephen F. Austin,Southland,28,Montana State,Stephen F. Austin,4,3,3,28,72,2,7,8,False,Rush,"No Huddle-Shotgun #8 J.Lamson rush right for 8 yards gain to the MSU36 (#33 M.Williams), 1ST DOWN",1.2263299258900062,2025-12-13T05:02:50.000Z,10,5
401833985,40183398534,401833985771,19,4,Montana State,Big Sky,41,Stephen F. Austin,Southland,28,Montana State,Stephen F. Austin,4,3,3,36,64,1,10,9,False,Rush,No Huddle-Shotgun #23 A.Jones rush middle for 9 yards gain to the MSU45 (#23 S.Alofipo),1.3816838899351875,2025-12-13T05:03:33.000Z,10,5
401833985,40183398534,401833985775,19,5,Montana State,Big Sky,41,Stephen F. Austin,Southland,28,Montana State,Stephen F. Austin,4,3,3,45,55,2,1,3,False,Rush,"No Huddle-Shotgun #8 J.Lamson rush middle for 3 yards gain to the MSU48 (#99 V.Idusuyi II), 1ST DOWN",-0.2425455708702876,2025-12-13T05:05:07.000Z,10,5
401833985,40183398534,401833985786,19,8,Montana State,Big Sky,41,Stephen F. Austin,Southland,28,Montana State,Stephen F. Austin,4,3,3,57,43,2,1,2,False,Rush,"No Huddle-Shotgun #32 J.Davis rush middle for 2 yards gain to the SFA41 (#2 A.Austin), 1ST DOWN",-0.3833651685733524,2025-12-13T05:07:42.000Z,10,5
401833985,40183398534,401833985790,19,9,Montana State,Big Sky,41,Stephen F. Austin,Southland,28,Montana State,Stephen F. Austin,4,3,3,59,41,1,10,5,False,Rush,No Huddle-Shotgun #32 J.Davis rush middle for 5 yards gain to the SFA36 (#6 J.Southard),0.0885892770886229,2025-12-13T05:08:33.000Z,10,5
401833985,40183398534,401833985794,19,10,Montana State,Big Sky,41,Stephen F. Austin,Southland,28,Montana State,Stephen F. Austin,4,3,3,64,36,2,5,34,False,Rush,"No Huddle-Shotgun #23 A.Jones rush middle for 34 yards gain to the SFA02 (#18 J.Moore; #12 J.Mayo), 1ST DOWN",1.9386950511357985,2025-12-13T05:09:21.000Z,10,5
401833985,40183398534,401833985798,19,11,Montana State,Big Sky,41,Stephen F. Austin,Southland,28,Montana State,Stephen F. Austin,4,3,3,98,2,1,2,-2,False,Rush,No Huddle-Shotgun #32 J.Davis rush middle for 2 yards loss to the SFA04 (#2 A.Austin),-1.1206549427758625,2025-12-13T05:12:58.000Z,3,55
401833985,40183398534,401833985810,19,14,Montana State,Big Sky,41,Stephen F. Austin,Southland,28,Montana State,Stephen F. Austin,4,2,3,98,2,1,2,1,False,Rush,No Huddle-Shotgun #8 J.Lamson rush middle for 1 yard gain to the SFA01 (#99 V.Idusuyi II),-0.687116939800908,2025-12-13T05:13:29.000Z,3,55
401833985,40183398534,401833985814,19,15,Montana State,Big Sky,41,Stephen F. Austin,Southland,28,Montana State,Stephen F. Austin,4,2,3,99,1,2,1,0,False,Rush,No Huddle-Shotgun #32 J.Davis rush middle for 0 yards to the SFA01 (#39 L.Jurkin; #99 V.Idusuyi II),-0.553645991706544,2025-12-13T05:13:42.000Z,3,55
401833985,40183398534,401833985822,19,18,Montana State,Big Sky,41,Stephen F. Austin,Southland,28,Montana State,Stephen F. Austin,4,1,3,94,6,3,6,0,False,Pass Incompletion,Shotgun #8 J.Lamson pass incomplete short right to #14 T.Dowler thrown to SFA03,-0.3038593850582816,2025-12-13T05:18:08.000Z,2,0
401833985,40183398536,401833985828,20,1,Montana State,Big Sky,44,Stephen F. Austin,Southland,28,Montana State,Stephen F. Austin,4,1,3,35,65,1,10,14,False,Kickoff,#30 C.Frokjer kickoff 61 yards to the SFA04 #29 R.Reese return 14 yards to the SFA18 (#85 C.Curnow),,2025-12-13T05:19:57.000Z,1,52
401833985,40183398536,401833985842,20,5,Stephen F. Austin,Southland,28,Montana State,Big Sky,44,Montana State,Stephen F. Austin,4,3,1,82,82,2,10,0,False,Timeout,"Timeout Stephen F. Austin, clock 01:36",,2025-12-13T05:21:46.000Z,1,36
401833985,40183398536,401833985833,20,2,Stephen F. Austin,Southland,28,Montana State,Big Sky,44,Montana State,Stephen F. Austin,4,3,1,82,82,1,10,0,False,Pass Incompletion,No Huddle-Shotgun #15 S.Vidlak pass incomplete short middle to #21 C.Wayland thrown to SFA23 QB hurried by #45 H.Parsons,-0.5080208698531008,2025-12-13T05:20:44.000Z,1,52
401833985,40183398536,401833985836,20,3,Stephen F. Austin,Southland,28,Montana State,Big Sky,44,Montana State,Stephen F. Austin,4,3,1,82,82,2,10,-7,False,Sack,No Huddle-Shotgun #15 S.Vidlak sacked for loss of 7 yards to the SFA11 (#11 K.Eiden IV),-0.363460151813765,2025-12-13T05:21:25.000Z,1,52
401833985,40183398536,401833985840,20,4,Stephen F. Austin,Southland,28,Montana State,Big Sky,44,Montana State,Stephen F. Austin,4,3,1,89,89,3,17,4,False,Pass Reception,"No Huddle-Shotgun #15 S.Vidlak pass complete short middle to #54 C.Nwaiwu caught at SFA15, for 4 yards to the SFA15 (#34 C.Taylor)",-0.0053169282825021,2025-12-13T05:22:58.000Z,1,36
401833985,40183398536,401833985846,20,6,Stephen F. Austin,Southland,28,Montana State,Big Sky,44,Montana State,Stephen F. Austin,4,3,1,85,85,4,13,-10,False,Sack,"No Huddle-Shotgun #15 S.Vidlak sacked for loss of 10 yards to the SFA05 (#36 Z.Crews), TURNOVER ON DOWNS",0.3650961992422186,2025-12-13T05:23:48.000Z,1,8
401833985,40183398537,401833985859,21,3,Montana State,Big Sky,44,Stephen F. Austin,Southland,28,Montana State,Stephen F. Austin,4,1,3,94,6,2,6,-1,False,End of Game,End of 4th quarter.,,2025-12-13T05:26:32.000Z,0,0
401833985,40183398537,401833985851,21,1,Montana State,Big Sky,44,Stephen F. Austin,Southland,28,Montana State,Stephen F. Austin,4,1,3,95,5,1,5,-1,False,Rush,Kneel down by #8 J.Lamson at SFA06 for loss of 1 yard,-0.644886152223064,2025-12-13T05:24:47.000Z,1,8
401833985,40183398537,401833985854,21,2,Montana State,Big Sky,44,Stephen F. Austin,Southland,28,Montana State,Stephen F. Austin,4,1,3,94,6,2,6,-1,False,Rush,Kneel down by #8 J.Lamson at SFA07 for loss of 1 yard,-0.355927635938414,2025-12-13T05:25:21.000Z,1,8
401833986,4018339862,4018339869,1,1,Tarleton State,UAC,0,Villanova,CAA,0,Tarleton State,Villanova,1,3,3,35,65,1,10,8,False,Kickoff,(15:00) #84 C.Poston kickoff 35 yards to the VIL30 #51 D.Law return 8 yards to the VIL38 (#37 H.Stephenson),,2025-12-13T17:02:43.000Z,14,57
401833986,4018339862,40183398616,1,2,Villanova,CAA,0,Tarleton State,UAC,0,Tarleton State,Villanova,1,3,3,62,62,1,10,9,False,Pass Reception,"(14:57) No Huddle-Shotgun #7 P.McQuaide pass complete short left to #83 B.Reed caught at VIL35, for 9 yards to the VIL47 (#11 Y.Holmes)",1.366372861038295,2025-12-13T17:03:30.000Z,14,57
401833986,4018339862,40183398621,1,3,Villanova,CAA,0,Tarleton State,UAC,0,Tarleton State,Villanova,1,3,3,53,53,2,1,7,False,Rush,"No Huddle-Shotgun #7 P.McQuaide rush right for 7 yards gain to the TAR46, End Of Play, 1ST DOWN",0.0433433715067313,2025-12-13T17:04:05.000Z,14,57
401833986,4018339862,40183398626,1,4,Villanova,CAA,0,Tarleton State,UAC,0,Tarleton State,Villanova,1,3,3,46,46,1,10,0,False,Pass Incompletion,No Huddle-Shotgun #7 P.McQuaide pass incomplete short left to #83 B.Reed thrown to TAR40,-1.0250974847844603,2025-12-13T17:04:39.000Z,14,57
401833986,4018339862,40183398629,1,5,Villanova,CAA,0,Tarleton State,UAC,0,Tarleton State,Villanova,1,3,3,46,46,2,10,1,False,Rush,(13:55) No Huddle-Shotgun #20 I.Ragland rush left for 1 yard gain to the TAR45 (#12 D.Sterling),-0.8515597664841134,2025-12-13T17:05:11.000Z,13,55
401833986,4018339862,40183398633,1,6,Villanova,CAA,0,Tarleton State,UAC,0,Tarleton State,Villanova,1,3,3,45,45,3,9,10,False,Pass Reception,"No Huddle-Shotgun #7 P.McQuaide pass complete short right to #1 L.Colella caught at TAR40, for 10 yards to the TAR35 (#2 K.Kurns), 1ST DOWN",2.447355875626082,2025-12-13T17:05:52.000Z,13,55
401833986,4018339862,40183398638,1,7,Villanova,CAA,0,Tarleton State,UAC,0,Tarleton State,Villanova,1,3,3,35,35,1,10,28,False,Rush,"No Huddle-Shotgun #4 J.Mace rush left for 28 yards gain to the TAR07 (#6 T.Rawls), 1ST DOWN",0.775834153449745,2025-12-13T17:06:33.000Z,13,55
401833986,4018339863,40183398662,2,1,Tarleton State,UAC,7,Villanova,CAA,0,Tarleton State,Villanova,1,3,3,20,80,1,10,80,True,Passing Touchdown,"No Huddle-Shotgun #11 V.Gabalis pass complete deep middle to #13 P.Kramer caught at VIL45, for 80 yards to the VIL00 TOUCHDOWN, clock 11:32, 1ST DOWN #46 B.Larson kick attempt good (H: #83 C.Mullen, LS: #86 M.Bosset)",6.386057795605103,2025-12-13T17:11:27.000Z,11,32
401833986,4018339865,40183398671,3,1,Tarleton State,UAC,7,Villanova,CAA,0,Tarleton State,Villanova,1,3,3,35,65,1,10,4,False,Kickoff,"(11:32) #84 C.Poston kickoff 46 yards to the VIL19 #26 I.Wright return 4 yards to the VIL23 (#81 R.Harden), out of bounds",,2025-12-13T17:14:36.000Z,11,28
401833986,4018339865,40183398687,3,5,Villanova,CAA,0,Tarleton State,UAC,7,Tarleton State,Villanova,1,3,3,76,76,4,9,0,False,Punt,"#0 L.Larsen punt 0 yards to the VIL24 blocked by #4 O.Emmons, out of bounds at VIL12",,2025-12-13T17:17:21.000Z,10,7
401833986,4018339865,40183398676,3,2,Villanova,CAA,0,Tarleton State,UAC,7,Tarleton State,Villanova,1,3,3,77,77,1,10,4,False,Rush,No Huddle-Shotgun #7 P.McQuaide rush middle for 4 yards gain to the VIL27 (#12 D.Sterling),-0.1037214304952529,2025-12-13T17:15:20.000Z,11,28
401833986,4018339865,40183398680,3,3,Villanova,CAA,0,Tarleton State,UAC,7,Tarleton State,Villanova,1,3,3,73,73,2,6,0,False,Pass Incompletion,No Huddle-Shotgun #7 P.McQuaide pass incomplete short right to #1 L.Colella thrown to VIL40 broken up by #12 D.Sterling,-0.5934187553470212,2025-12-13T17:15:55.000Z,11,28
401833986,4018339865,40183398683,3,4,Villanova,CAA,0,Tarleton State,UAC,7,Tarleton State,Villanova,1,3,3,73,73,3,6,-3,False,Sack,(10:50) No Huddle-Shotgun #7 P.McQuaide sacked for loss of 3 yards to the VIL24 (#13 P.Njenge),-0.3733142555300679,2025-12-13T17:16:42.000Z,10,50
401833986,4018339866,40183398696,4,2,Tarleton State,UAC,7,Villanova,CAA,0,Tarleton State,Villanova,1,3,3,92,8,2,6,4,False,Penalty,No Huddle-Shotgun #11 V.Gabalis pass incomplete short left to #19 T.West thrown to VIL00 PENALTY VIL Offside (#91 A.Howard) 4 yards from VIL08 to VIL04. NO PLAY,,2025-12-13T17:18:56.000Z,10,7
401833986,4018339866,40183398692,4,1,Tarleton State,UAC,7,Villanova,CAA,0,Tarleton State,Villanova,1,3,3,88,12,1,10,4,False,Rush,"No Huddle-Shotgun #1 T.Hines rush left for 4 yards gain to the VIL08 (#91 A.Howard), out of bounds",-0.016436925799308,2025-12-13T17:18:08.000Z,10,7
401833986,4018339866,401833986100,4,3,Tarleton State,UAC,7,Villanova,CAA,0,Tarleton State,Villanova,1,3,3,96,4,2,2,-1,False,Rush,(09:28) No Huddle-Shotgun #6 C.Lewis rush middle for 1 yard loss to the VIL05 (#31 S.Hartzell),-0.562375044334878,2025-12-13T17:19:28.000Z,9,28
401833986,4018339866,401833986104,4,4,Tarleton State,UAC,7,Villanova,CAA,0,Tarleton State,Villanova,1,3,3,95,5,3,3,2,False,Rush,No Huddle-Shotgun #3 D.Greek rush middle for 2 yards gain to the VIL03 (#38 N.Essiem; #99 R.Delano Navoti),-0.170932100736583,2025-12-13T17:20:09.000Z,9,28
401833986,4018339866,401833986108,4,5,Tarleton State,UAC,7,Villanova,CAA,0,Tarleton State,Villanova,1,3,3,97,3,4,1,2,False,Rush,"No Huddle-Shotgun #3 D.Greek rush middle for 2 yards gain to the VIL01 (#99 R.Delano Navoti), 1ST DOWN",1.879284180569549,2025-12-13T17:20:46.000Z,9,28
401833986,4018339866,401833986112,4,6,Tarleton State,UAC,14,Villanova,CAA,0,Tarleton State,Villanova,1,3,3,99,1,1,1,1,True,Rushing Touchdown,"No Huddle-Shotgun #3 D.Greek rush middle for 1 yard gain to the VIL00 TOUCHDOWN, clock 07:30 #46 B.Larson kick attempt good (H: #83 C.Mullen, LS: #86 M.Bosset)",0.938021275120443,2025-12-13T17:21:23.000Z,7,30
401833986,4018339868,401833986119,5,1,Tarleton State,UAC,14,Villanova,CAA,0,Tarleton State,Villanova,1,3,3,35,65,1,10,12,False,Kickoff,#84 C.Poston kickoff 48 yards to the VIL17 #26 I.Wright return 12 yards to the VIL29 (#37 H.Stephenson; #81 R.Harden),,2025-12-13T17:25:10.000Z,7,26
401833986,4018339868,401833986205,5,18,Villanova,CAA,3,Tarleton State,UAC,14,Tarleton State,Villanova,2,3,3,14,14,4,11,31,True,Field Goal Good,"#42 J.Barnum field goal attempt from 31 yards GOOD (H: #16 J.Ryder, LS: #54 T.Colello), clock 12:52",,2025-12-13T17:39:09.000Z,12,52
401833986,4018339868,401833986181,5,13,Villanova,CAA,0,Tarleton State,UAC,14,Tarleton State,Villanova,1,3,3,15,15,4,1,2,False,End Period,End of 1st quarter.,0.5931961985738873,2025-12-13T17:33:27.000Z,0,0
401833986,4018339868,401833986124,5,2,Villanova,CAA,0,Tarleton State,UAC,14,Tarleton State,Villanova,1,3,3,71,71,1,10,2,False,Rush,(07:26) No Huddle-Shotgun #4 J.Mace rush left for 2 yards gain to the VIL31 (#7 B.Smith; #26 B.Tolvert),-0.5291040057203755,2025-12-13T17:25:53.000Z,7,26
401833986,4018339868,401833986128,5,3,Villanova,CAA,0,Tarleton State,UAC,14,Tarleton State,Villanova,1,3,3,69,69,2,8,5,False,Rush,No Huddle-Shotgun #4 J.Mace rush right for 5 yards gain to the VIL36 (#27 S.Woods Jr.; #26 B.Tolvert),0.0701316149941329,2025-12-13T17:26:34.000Z,7,26
401833986,4018339868,401833986132,5,4,Villanova,CAA,0,Tarleton State,UAC,14,Tarleton State,Villanova,1,3,3,64,64,3,3,5,False,Pass Reception,"No Huddle-Shotgun #7 P.McQuaide pass complete short middle to #83 B.Reed caught at VIL40, for 5 yards to the VIL41 (#15 J.Aubert; #7 B.Smith), 1ST DOWN",1.57557691368278,2025-12-13T17:27:11.000Z,7,26
401833986,4018339868,401833986137,5,5,Villanova,CAA,0,Tarleton State,UAC,14,Tarleton State,Villanova,1,3,3,59,59,1,10,3,False,Rush,No Huddle-Shotgun #4 J.Mace rush right for 3 yards gain to the VIL44 (#10 J.Griffis),-0.4327220980688242,2025-12-13T17:27:55.000Z,7,26
401833986,4018339868,401833986141,5,6,Villanova,CAA,0,Tarleton State,UAC,14,Tarleton State,Villanova,1,3,3,56,56,2,7,17,False,Pass Reception,"No Huddle-Shotgun #7 P.McQuaide pass complete short left to #13 C.Colby caught at VIL50, for 17 yards to the TAR39 (#15 J.Aubert), 1ST DOWN",1.9512958929357005,2025-12-13T17:28:27.000Z,7,26
401833986,4018339868,401833986146,5,7,Villanova,CAA,0,Tarleton State,UAC,14,Tarleton State,Villanova,1,3,3,39,39,1,10,1,False,Rush,No Huddle-Shotgun #20 I.Ragland rush left for 1 yard gain to the TAR38 (#52 R.Rios),-0.6215061842869627,2025-12-13T17:29:05.000Z,7,26
401833986,4018339868,401833986157,5,8,Villanova,CAA,0,Tarleton State,UAC,14,Tarleton State,Villanova,1,3,3,36,36,3,7,12,False,Pass Reception,"No Huddle-Shotgun #7 P.McQuaide pass complete short left to #13 C.Colby caught at TAR30, for 12 yards to the TAR24 (#2 K.Kurns; #15 J.Aubert), 1ST DOWN",1.622019372545868,2025-12-13T17:30:23.000Z,7,26
401833986,4018339868,401833986162,5,9,Villanova,CAA,0,Tarleton State,UAC,14,Tarleton State,Villanova,1,3,3,24,24,1,10,-1,False,Rush,No Huddle-Shotgun #4 J.Mace rush left for 1 yard loss to the TAR25 (#97 J.Turrentine; #12 D.Sterling),-0.5407368654433835,2025-12-13T17:31:02.000Z,7,26
401833986,4018339868,401833986166,5,10,Villanova,CAA,0,Tarleton State,UAC,14,Tarleton State,Villanova,1,3,3,25,25,2,11,6,False,Pass Reception,"No Huddle-Shotgun #7 P.McQuaide pass complete short right to #4 J.Mace caught at TAR28, for 6 yards to the TAR19 (#15 J.Aubert)",0.1518754802382905,2025-12-13T17:31:44.000Z,7,26
401833986,4018339868,401833986171,5,11,Villanova,CAA,0,Tarleton State,UAC,14,Tarleton State,Villanova,1,3,3,19,19,3,5,4,False,Rush,No Huddle-Shotgun #7 P.McQuaide rush middle for 4 yards gain to the TAR15 (#12 D.Sterling),-0.0618260798076663,2025-12-13T17:32:30.000Z,7,26
401833986,4018339868,401833986175,5,12,Villanova,CAA,0,Tarleton State,UAC,14,Tarleton State,Villanova,1,3,3,15,15,4,1,2,False,Rush,"No Huddle-Shotgun #4 J.Mace rush right for 2 yards gain to the TAR13 (#15 J.Aubert), 1ST DOWN",0.5931961985738873,2025-12-13T17:33:14.000Z,7,26
401833986,4018339868,401833986183,5,14,Villanova,CAA,0,Tarleton State,UAC,14,Tarleton State,Villanova,1,3,3,38,38,2,9,2,False,Rush,No Huddle-Shotgun #4 J.Mace rush right for 2 yards gain to the TAR36 (#16 A.Owens),-0.5415125819343293,2025-12-13T17:36:22.000Z,0,0
401833986,4018339868,401833986189,5,15,Villanova,CAA,0,Tarleton State,UAC,14,Tarleton State,Villanova,2,3,3,13,13,1,10,1,False,Rush,(15:00) No Huddle-Shotgun #20 I.Ragland rush right for 1 yard gain to the TAR12 (#14 A.Anderson),-0.239885200119727,2025-12-13T17:37:02.000Z,15,0
401833986,4018339868,401833986197,5,16,Villanova,CAA,0,Tarleton State,UAC,14,Tarleton State,Villanova,2,3,3,12,12,2,9,-5,False,Sack,No Huddle-Shotgun #7 P.McQuaide sacked for loss of 5 yards to the TAR17 (#10 J.Griffis),-0.805836592861153,2025-12-13T17:37:44.000Z,15,0
401833986,4018339868,401833986201,5,17,Villanova,CAA,0,Tarleton State,UAC,14,Tarleton State,Villanova,2,3,3,17,17,3,14,3,False,Rush,No Huddle-Shotgun #20 I.Ragland rush right for 3 yards gain to the TAR14 (#7 B.Smith),-0.2460371018526234,2025-12-13T17:38:27.000Z,15,0
401833986,40183398610,401833986208,6,1,Villanova,CAA,3,Tarleton State,UAC,14,Tarleton State,Villanova,2,3,3,65,65,1,10,20,False,Kickoff,(12:52) #42 J.Barnum kickoff 62 yards to the TAR03 #39 D.Rosemond return 20 yards to the TAR23 (#11 J.Hall; #21 J.Williams),,2025-12-13T17:42:26.000Z,12,46
401833986,40183398610,401833986213,6,2,Tarleton State,UAC,14,Villanova,CAA,3,Tarleton State,Villanova,2,3,3,23,77,1,10,6,False,Pass Interception Return,No Huddle-Shotgun #11 V.Gabalis pass intercepted by #27 A.Hawkins at VIL49 #27 A.Hawkins return 6 yards to the TAR45 (#7 M.Willis),-0.7896429058106031,2025-12-13T17:43:27.000Z,12,36
401833986,40183398611,401833986219,7,1,Villanova,CAA,3,Tarleton State,UAC,14,Tarleton State,Villanova,2,3,3,45,45,1,10,3,False,Rush,No Huddle-Shotgun #4 J.Mace rush right for 3 yards gain to the TAR42 (#12 D.Sterling),-0.3299594446081446,2025-12-13T17:44:15.000Z,12,36
401833986,40183398611,401833986223,7,2,Villanova,CAA,3,Tarleton State,UAC,14,Tarleton State,Villanova,2,3,3,42,42,2,7,15,False,Pass Reception,"No Huddle-Shotgun #7 P.McQuaide pass complete short left to #4 J.Mace caught at TAR43, for 15 yards to the TAR27 (#9 B.Smith), out of bounds, 1ST DOWN",1.0651926882837266,2025-12-13T17:44:50.000Z,12,36
401833986,40183398611,401833986228,7,3,Villanova,CAA,9,Tarleton State,UAC,14,Tarleton State,Villanova,2,3,3,27,27,1,10,27,True,Pass Reception,"No Huddle-Shotgun #83 B.Reed pass complete deep right to #16 L.Kopecky caught at TAR00, for 27 yards to the TAR00 TOUCHDOWN, clock 11:20, 1ST DOWN #42 J.Barnum kick attempt failed ( blocked by #52 R.Rios) (H: #16 J.Ryder, LS: #54 T.Colello) recovered by TAR #2 K.Kurns at TAR20 #2 K.Kurns return 20 yards to the TAR40 (#86 S.Bronik)",2.741280841391486,2025-12-13T17:45:36.000Z,11,20
401833986,40183398613,401833986239,8,1,Villanova,CAA,9,Tarleton State,UAC,14,Tarleton State,Villanova,2,3,3,65,65,1,10,0,False,Kickoff,"(11:20) #42 J.Barnum kickoff 65 yards to the TAR00, Touchback",,2025-12-13T17:47:22.000Z,11,20
401833986,40183398613,401833986247,8,3,Tarleton State,UAC,14,Villanova,CAA,9,Tarleton State,Villanova,2,3,3,36,64,1,10,1,False,Rush,No Huddle-Shotgun #1 T.Hines rush left for 1 yard gain to the TAR37 (#91 A.Howard),-0.8530905486726476,2025-12-13T17:50:01.000Z,11,20
401833986,40183398613,401833986242,8,2,Tarleton State,UAC,14,Villanova,CAA,9,Tarleton State,Villanova,2,3,3,25,75,1,10,11,False,Pass Reception,"(11:20) No Huddle-Shotgun #11 V.Gabalis pass complete short left to #13 P.Kramer caught at TAR32, for 11 yards to the TAR36 (#22 C.Sapp), 1ST DOWN",0.9305625119459905,2025-12-13T17:49:38.000Z,11,20
401833986,40183398613,401833986251,8,4,Tarleton State,UAC,14,Villanova,CAA,9,Tarleton State,Villanova,2,3,3,37,63,2,9,20,False,Rush,"No Huddle-Shotgun #1 T.Hines rush right for 20 yards gain to the VIL43 (#31 S.Hartzell), 1ST DOWN",2.6479130685171244,2025-12-13T17:50:38.000Z,11,20
401833986,40183398613,401833986255,8,5,Tarleton State,UAC,14,Villanova,CAA,9,Tarleton State,Villanova,2,3,3,57,43,1,10,5,False,Rush,No Huddle-Shotgun #1 T.Hines rush left for 5 yards gain to the VIL38 (#27 A.Hawkins; #44 R.Kimmel),0.0913907244107932,2025-12-13T17:51:14.000Z,11,20
401833986,40183398613,401833986259,8,6,Tarleton State,UAC,14,Villanova,CAA,9,Tarleton State,Villanova,2,3,3,62,38,2,5,-4,False,Sack,"No Huddle-Shotgun #11 V.Gabalis sacked for loss of 8 yards to the VIL46 (#31 S.Hartzell, #44 R.Kimmel)",-1.8695534211873124,2025-12-13T17:51:44.000Z,11,20
401833986,40183398613,401833986263,8,7,Tarleton State,UAC,14,Villanova,CAA,9,Tarleton State,Villanova,2,3,3,54,46,3,13,7,False,Pass Reception,"No Huddle-Shotgun #11 V.Gabalis pass complete short right to #13 P.Kramer caught at VIL39, for 7 yards to the VIL39, End Of Play",0.447882560098666,2025-12-13T17:52:25.000Z,11,20
401833986,40183398613,401833986268,8,8,Tarleton State,UAC,14,Villanova,CAA,9,Tarleton State,Villanova,2,3,3,61,39,4,6,0,False,Pass Incompletion,"No Huddle-Shotgun #11 V.Gabalis pass incomplete short left to #1 T.Hines thrown to VIL43, TURNOVER ON DOWNS",-1.4865001995902745,2025-12-13T17:53:03.000Z,7,59
401833986,40183398614,401833986282,9,4,Villanova,CAA,9,Tarleton State,UAC,14,Tarleton State,Villanova,2,3,3,60,60,4,9,0,False,Punt,#0 L.Larsen punt 34 yards to the TAR26,,2025-12-13T17:57:46.000Z,6,54
401833986,40183398614,401833986272,9,1,Villanova,CAA,9,Tarleton State,UAC,14,Tarleton State,Villanova,2,3,3,61,61,1,10,0,False,Pass Incompletion,No Huddle-Shotgun #7 P.McQuaide pass incomplete deep right to #1 L.Colella thrown to TAR20,-1.1077677360468863,2025-12-13T17:55:45.000Z,7,59
401833986,40183398614,401833986275,9,2,Villanova,CAA,9,Tarleton State,UAC,14,Tarleton State,Villanova,2,3,3,61,61,2,10,1,False,Rush,No Huddle-Shotgun #83 B.Reed rush right for 1 yard gain to the VIL40 (#92 T.Chism; #26 B.Tolvert),-0.604003653721918,2025-12-13T17:56:24.000Z,7,59
401833986,40183398614,401833986279,9,3,Villanova,CAA,9,Tarleton State,UAC,14,Tarleton State,Villanova,2,3,3,60,60,3,9,0,False,Pass Incompletion,No Huddle-Shotgun #7 P.McQuaide pass incomplete short middle to #13 C.Colby thrown to TAR47 QB hurried by #14 A.Anderson,-0.44917989514863876,2025-12-13T17:57:10.000Z,7,59
401833986,40183398615,401833986295,10,3,Tarleton State,UAC,14,Villanova,CAA,9,Tarleton State,Villanova,2,3,3,24,76,3,12,5,False,Penalty,No Huddle-Shotgun #11 V.Gabalis pass incomplete deep right to #7 M.Willis thrown to VIL30 PENALTY VIL Offside (#96 U.Nwotite) 5 yards from TAR24 to TAR29. NO PLAY,,2025-12-13T18:00:06.000Z,6,54
401833986,40183398615,401833986307,10,5,Tarleton State,UAC,14,Villanova,CAA,9,Tarleton State,Villanova,2,3,3,32,68,4,4,5,False,Punt Return,#83 C.Mullen punt 39 yards to the VIL29 #83 B.Reed return 5 yards to the VIL34 (#19 T.West),,2025-12-13T18:01:39.000Z,4,38
401833986,40183398615,401833986286,10,1,Tarleton State,UAC,14,Villanova,CAA,9,Tarleton State,Villanova,2,3,3,26,74,1,10,2,False,Rush,No Huddle-Shotgun #11 V.Gabalis rush middle for 2 yards gain to the TAR28 (#44 R.Kimmel),-0.4716869696142973,2025-12-13T17:58:41.000Z,6,54
401833986,40183398615,401833986291,10,2,Tarleton State,UAC,14,Villanova,CAA,9,Tarleton State,Villanova,2,3,3,28,72,2,8,-4,False,Rush,No Huddle-Shotgun #1 T.Hines rush left for 4 yards loss to the TAR24 (#31 S.Hartzell),-0.7195409344511683,2025-12-13T17:59:05.000Z,6,54
401833986,40183398615,401833986301,10,4,Tarleton State,UAC,14,Villanova,CAA,9,Tarleton State,Villanova,2,3,3,29,71,3,7,3,False,Rush,"No Huddle-Shotgun #11 V.Gabalis rush middle for 3 yards gain to the TAR32 (#27 A.Hawkins), out of bounds",-0.1245246310283239,2025-12-13T18:00:46.000Z,6,54
401833986,40183398616,401833986326,11,4,Villanova,CAA,9,Tarleton State,UAC,14,Tarleton State,Villanova,2,3,3,49,49,2,6,5,False,Penalty,PENALTY VIL False Start (#67 K.Fay) 5 yards from TAR49 to VIL46. NO PLAY,,2025-12-13T18:04:20.000Z,4,38
401833986,40183398616,401833986329,11,5,Villanova,CAA,9,Tarleton State,UAC,14,Tarleton State,Villanova,2,3,3,54,54,2,11,10,False,Penalty,"No Huddle-Shotgun #7 P.McQuaide pass incomplete short right to #81 B.Binkowski thrown to TAR40 QB hurried by #15 J.Aubert PENALTY TAR Holding (#2 K.Kurns) 10 yards from VIL46 to TAR44, 1ST DOWN. NO PLAY",,2025-12-13T18:05:37.000Z,4,38
401833986,40183398616,401833986343,11,8,Villanova,CAA,9,Tarleton State,UAC,14,Tarleton State,Villanova,2,2,3,44,44,1,10,0,False,Timeout,"Timeout Villanova, clock 02:00",,2025-12-13T18:08:01.000Z,2,0
401833986,40183398616,401833986352,11,11,Villanova,CAA,12,Tarleton State,UAC,14,Tarleton State,Villanova,2,2,3,25,25,4,10,42,True,Field Goal Good,"#42 J.Barnum field goal attempt from 42 yards GOOD (H: #16 J.Ryder, LS: #54 T.Colello), clock 01:40",,2025-12-13T18:13:02.000Z,1,40
401833986,40183398616,401833986313,11,1,Villanova,CAA,9,Tarleton State,UAC,14,Tarleton State,Villanova,2,3,3,66,66,1,10,3,False,Rush,No Huddle-Shotgun #7 P.McQuaide rush middle for 3 yards gain to the VIL37 (#6 T.Rawls),-0.3978048422172354,2025-12-13T18:02:28.000Z,4,38
401833986,40183398616,401833986317,11,2,Villanova,CAA,9,Tarleton State,UAC,14,Tarleton State,Villanova,2,3,3,63,63,2,7,10,False,Pass Reception,"No Huddle-Shotgun #7 P.McQuaide pass complete short right to #1 L.Colella caught at VIL36, for 10 yards to the VIL47 (#9 B.Smith), 1ST DOWN",1.6392747983735418,2025-12-13T18:03:03.000Z,4,38
401833986,40183398616,401833986322,11,3,Villanova,CAA,9,Tarleton State,UAC,14,Tarleton State,Villanova,2,3,3,53,53,1,10,4,False,Rush,No Huddle-Shotgun #20 I.Ragland rush right for 4 yards gain to the TAR49 (#6 T.Rawls),-0.1543469215353017,2025-12-13T18:03:41.000Z,4,38
401833986,40183398616,401833986334,11,6,Villanova,CAA,9,Tarleton State,UAC,14,Tarleton State,Villanova,2,3,3,44,44,1,10,19,False,Pass Reception,"No Huddle-Shotgun #7 P.McQuaide pass complete short right to #13 C.Colby caught at TAR40, for 19 yards to the TAR25 (#15 J.Aubert), 1ST DOWN. #52 R.Rios injured on the play",0.7127979952439638,2025-12-13T18:06:06.000Z,4,38
401833986,40183398616,401833986341,11,7,Villanova,CAA,9,Tarleton State,UAC,14,Tarleton State,Villanova,2,3,3,25,25,1,10,0,False,Pass Incompletion,(02:00) No Huddle-Shotgun #7 P.McQuaide pass incomplete deep right to #83 B.Reed thrown to TAR05 broken up by #15 J.Aubert,-0.4522778946200265,2025-12-13T18:10:53.000Z,2,0
401833986,40183398616,401833986345,11,9,Villanova,CAA,9,Tarleton State,UAC,14,Tarleton State,Villanova,2,2,3,25,25,2,10,0,False,Pass Incompletion,(01:55) No Huddle-Shotgun #7 P.McQuaide pass incomplete deep middle to #13 C.Colby thrown to TAR00 broken up by #4 O.Emmons,-0.6084005148647674,2025-12-13T18:11:39.000Z,1,55
401833986,40183398616,401833986348,11,10,Villanova,CAA,9,Tarleton State,UAC,14,Tarleton State,Villanova,2,2,3,25,25,3,10,0,False,Pass Incompletion,No Huddle-Shotgun #7 P.McQuaide pass incomplete short middle to #1 L.Colella thrown to TAR10,-0.8807199941665136,2025-12-13T18:12:26.000Z,1,55
401833986,40183398618,401833986355,12,1,Villanova,CAA,12,Tarleton State,UAC,14,Tarleton State,Villanova,2,2,3,65,65,1,10,20,False,Kickoff,#42 J.Barnum kickoff 60 yards to the TAR05 #39 D.Rosemond return 20 yards to the TAR25 (#26 I.Wright; #11 J.Hall),,2025-12-13T18:14:21.000Z,1,35
401833986,40183398618,401833986366,12,4,Tarleton State,UAC,14,Villanova,CAA,12,Tarleton State,Villanova,2,3,2,25,75,3,10,5,False,Penalty,PENALTY TAR Illegal Snap (#68 J.Love) 5 yards from TAR25 to TAR20. NO PLAY,,2025-12-13T18:16:30.000Z,1,35
401833986,40183398618,401833986377,12,6,Villanova,CAA,12,Tarleton State,UAC,14,Tarleton State,Villanova,2,1,3,20,20,3,15,0,False,Timeout,"Timeout Villanova, clock 01:17",,2025-12-13T18:17:37.000Z,1,17
401833986,40183398618,401833986375,12,7,Tarleton State,UAC,14,Villanova,CAA,12,Tarleton State,Villanova,2,3,1,13,87,4,22,0,False,Punt Return,(01:17) #83 C.Mullen punt 39 yards to the VIL48 #83 B.Reed return 0 yards to the VIL48,,2025-12-13T18:18:38.000Z,1,11
401833986,40183398618,401833986360,12,2,Tarleton State,UAC,14,Villanova,CAA,12,Tarleton State,Villanova,2,3,2,25,75,1,10,0,False,Pass Incompletion,No Huddle-Shotgun #11 V.Gabalis pass incomplete deep right to #7 M.Willis thrown to VIL40 broken up by #38 N.Essiem,-0.7029700220436519,2025-12-13T18:15:10.000Z,1,35
401833986,40183398618,401833986363,12,3,Tarleton State,UAC,14,Villanova,CAA,12,Tarleton State,Villanova,2,3,2,25,75,2,10,0,False,Pass Incompletion,No Huddle-Shotgun #11 V.Gabalis pass incomplete deep middle to #13 P.Kramer thrown to TAR45,-0.34710487712173865,2025-12-13T18:15:51.000Z,1,35
401833986,40183398618,401833986371,12,5,Tarleton State,UAC,14,Villanova,CAA,12,Tarleton State,Villanova,2,3,2,20,80,3,15,-7,False,Sack,No Huddle-Shotgun #11 V.Gabalis sacked for loss of 7 yards to the TAR13 (#0 C.Martin),-0.10173364782834149,2025-12-13T18:17:17.000Z,1,35
401833986,40183398619,401833986396,13,5,Villanova,CAA,12,Tarleton State,UAC,14,Tarleton State,Villanova,2,1,3,41,41,4,10,0,False,Punt,"#0 L.Larsen punt 41 yards to the TAR00, Touchback",,2025-12-13T18:22:10.000Z,0,43
401833986,40183398619,401833986381,13,1,Villanova,CAA,12,Tarleton State,UAC,14,Tarleton State,Villanova,2,1,3,52,52,1,10,11,False,Pass Reception,"(01:11) No Huddle-Shotgun #7 P.McQuaide pass complete short right to #1 L.Colella caught at TAR41, for 11 yards to the TAR41, out of bounds at TAR41, 1ST DOWN",0.7675346628139116,2025-12-13T18:19:30.000Z,1,11
401833986,40183398619,401833986387,13,2,Villanova,CAA,12,Tarleton State,UAC,14,Tarleton State,Villanova,2,1,3,41,41,1,10,0,False,Pass Incompletion,No Huddle-Shotgun #7 P.McQuaide pass incomplete deep left to #1 L.Colella thrown to TAR00,-0.8772679222659558,2025-12-13T18:20:03.000Z,1,11
401833986,40183398619,401833986390,13,3,Villanova,CAA,12,Tarleton State,UAC,14,Tarleton State,Villanova,2,1,3,41,41,2,10,0,False,Pass Incompletion,No Huddle-Shotgun #7 P.McQuaide pass incomplete short left to #13 C.Colby thrown to TAR25,-1.0411051963664768,2025-12-13T18:20:45.000Z,1,11
401833986,40183398619,401833986393,13,4,Villanova,CAA,12,Tarleton State,UAC,14,Tarleton State,Villanova,2,1,3,41,41,3,10,0,False,Pass Incompletion,No Huddle-Shotgun #7 P.McQuaide pass incomplete deep middle to #13 C.Colby thrown to TAR15,-0.956206077295109,2025-12-13T18:21:29.000Z,1,11
401833986,40183398620,401833986400,14,1,Tarleton State,UAC,14,Villanova,CAA,12,Tarleton State,Villanova,2,3,1,20,80,1,10,-4,False,Rush,No Huddle-Shotgun #1 T.Hines rush left for 4 yards loss to the TAR16 (#32 O.Bursey),-0.7960984337974057,2025-12-13T18:23:09.000Z,0,43
401833986,40183398620,401833986404,14,2,Tarleton State,UAC,14,Villanova,CAA,12,Tarleton State,Villanova,2,3,1,16,84,2,14,11,False,Rush,Shotgun #1 T.Hines rush middle for 11 yards gain to the TAR27 (#22 C.Sapp),0.4896189052822244,2025-12-13T18:23:47.000Z,0,43
401833986,40183398620,401833986410,14,3,Tarleton State,UAC,14,Villanova,CAA,12,Tarleton State,Villanova,2,3,1,16,84,2,14,11,False,End Period,End of 2nd quarter.,0.4896189052822244,2025-12-13T18:24:15.000Z,0,0
401833986,40183398622,401833986415,15,5,Villanova,CAA,12,Tarleton State,UAC,14,Tarleton State,Villanova,3,3,3,65,65,1,10,22,False,Kickoff,(15:00) #42 J.Barnum kickoff 55 yards to the TAR10 #39 D.Rosemond return 22 yards to the TAR32 (#51 D.Law),,2025-12-13T18:44:33.000Z,14,55
401833986,40183398622,401833986422,15,1,Tarleton State,UAC,14,Villanova,CAA,12,Tarleton State,Villanova,3,3,3,32,68,1,10,0,False,Rush,No Huddle-Shotgun #1 T.Hines rush middle for 0 yards to the TAR32 (#31 S.Hartzell),-0.9262377870973815,2025-12-13T18:45:15.000Z,15,0
401833986,40183398622,401833986426,15,2,Tarleton State,UAC,14,Villanova,CAA,12,Tarleton State,Villanova,3,3,3,32,68,2,10,6,False,Rush,No Huddle-Shotgun #1 T.Hines rush middle for 6 yards gain to the TAR38 (#22 C.Sapp),0.224332880294754,2025-12-13T18:45:47.000Z,15,0
401833986,40183398622,401833986430,15,3,Tarleton State,UAC,14,Villanova,CAA,12,Tarleton State,Villanova,3,3,3,38,62,3,4,8,False,Pass Reception,"No Huddle-Shotgun #11 V.Gabalis pass complete short right to #7 M.Willis caught at TAR46, for 8 yards to the TAR46, out of bounds at TAR46, 1ST DOWN",2.036318084759279,2025-12-13T18:46:15.000Z,15,0
401833986,40183398622,401833986436,15,4,Tarleton State,UAC,14,Villanova,CAA,12,Tarleton State,Villanova,3,3,3,46,54,1,10,39,False,Pass Reception,"No Huddle-Shotgun #11 V.Gabalis pass complete deep right to #7 M.Willis caught at VIL15, for 39 yards to the VIL15 (#27 A.Hawkins; #38 N.Essiem), out of bounds, 1ST DOWN",1.626698448120125,2025-12-13T18:46:56.000Z,15,0
401833986,40183398622,401833986441,15,6,Tarleton State,UAC,21,Villanova,CAA,12,Tarleton State,Villanova,3,3,3,85,15,1,10,15,True,Passing Touchdown,"No Huddle-Shotgun #11 V.Gabalis pass complete short left to #19 T.West caught at VIL00, for 15 yards to the VIL00 TOUCHDOWN, clock 12:35, 1ST DOWN #46 B.Larson kick attempt good (H: #83 C.Mullen, LS: #86 M.Bosset)",2.558199089565083,2025-12-13T18:47:44.000Z,12,35
401833986,40183398624,401833986449,16,1,Tarleton State,UAC,21,Villanova,CAA,12,Tarleton State,Villanova,3,3,3,35,65,1,10,6,False,Kickoff,(12:35) #84 C.Poston kickoff 39 yards to the VIL26 #11 J.Hall return 6 yards to the VIL32 (#31 D.Hood),,2025-12-13T18:50:52.000Z,12,31
401833986,40183398624,401833986454,16,2,Villanova,CAA,12,Tarleton State,UAC,21,Tarleton State,Villanova,3,3,3,68,68,1,10,21,False,Rush,"No Huddle-Shotgun #4 J.Mace rush left for 21 yards gain to the TAR47 (#9 B.Smith), out of bounds, 1ST DOWN",1.9061084743754295,2025-12-13T18:51:39.000Z,12,31
401833986,40183398624,401833986458,16,3,Villanova,CAA,19,Tarleton State,UAC,21,Tarleton State,Villanova,3,3,3,47,47,1,10,47,True,Rushing Touchdown,"No Huddle-Shotgun #4 J.Mace rush right for 47 yards gain to the TAR00 TOUCHDOWN, clock 11:46, 1ST DOWN #42 J.Barnum kick attempt good (H: #16 J.Ryder, LS: #54 T.Colello)",3.61320224126643,2025-12-13T18:52:18.000Z,11,46
401833986,40183398626,401833986465,17,1,Villanova,CAA,19,Tarleton State,UAC,21,Tarleton State,Villanova,3,3,3,65,65,1,10,12,False,Kickoff,(11:46) #42 J.Barnum kickoff 57 yards to the TAR08 #39 D.Rosemond return 12 yards to the TAR20 (#7 J.Talley),,2025-12-13T18:56:10.000Z,11,42
401833986,40183398626,401833986484,17,5,Tarleton State,UAC,21,Villanova,CAA,19,Tarleton State,Villanova,3,3,3,24,76,4,6,15,False,Punt Return,#83 C.Mullen punt 56 yards to the VIL20 #83 B.Reed return 15 yards to the VIL35 (#83 C.Mullen),,2025-12-13T18:59:03.000Z,10,7
401833986,40183398626,401833986470,17,2,Tarleton State,UAC,21,Villanova,CAA,19,Tarleton State,Villanova,3,3,3,20,80,1,10,2,False,Rush,(11:42) No Huddle-Shotgun #1 T.Hines rush right for 2 yards gain to the TAR22 (#91 A.Howard; #11 J.Hall),-0.3623882030735057,2025-12-13T18:56:58.000Z,11,42
401833986,40183398626,401833986476,17,3,Tarleton State,UAC,21,Villanova,CAA,19,Tarleton State,Villanova,3,3,3,22,78,2,8,0,False,Pass Incompletion,No Huddle-Shotgun #11 V.Gabalis pass incomplete short right to #7 M.Willis thrown to TAR38,-0.3680210874717833,2025-12-13T18:57:34.000Z,11,42
401833986,40183398626,401833986479,17,4,Tarleton State,UAC,21,Villanova,CAA,19,Tarleton State,Villanova,3,3,3,22,78,3,8,2,False,Rush,"No Huddle-Shotgun #11 V.Gabalis rush middle for 2 yards gain to the TAR24, End Of Play",-0.10968945283272369,2025-12-13T18:58:19.000Z,11,42
401833986,40183398627,401833986509,18,6,Villanova,CAA,19,Tarleton State,UAC,21,Tarleton State,Villanova,3,3,3,47,47,4,10,0,False,Punt Return,#0 L.Larsen punt 36 yards to the TAR11 #6 C.Lewis return 0 yards to the TAR11 (#21 J.Williams; #3 J.Oluremi),,2025-12-13T19:03:16.000Z,8,31
401833986,40183398627,401833986490,18,1,Villanova,CAA,19,Tarleton State,UAC,21,Tarleton State,Villanova,3,3,3,65,65,1,10,8,False,Rush,No Huddle-Shotgun #20 I.Ragland rush right for 8 yards gain to the VIL43 (#4 O.Emmons),1.037188716394402,2025-12-13T18:59:57.000Z,10,7
401833986,40183398627,401833986494,18,2,Villanova,CAA,19,Tarleton State,UAC,21,Tarleton State,Villanova,3,3,3,57,57,2,2,10,False,Rush,"No Huddle-Shotgun #20 I.Ragland rush middle for 10 yards gain to the TAR47 (#11 Y.Holmes), 1ST DOWN",0.5923260530305028,2025-12-13T19:00:35.000Z,10,7
401833986,40183398627,401833986498,18,3,Villanova,CAA,19,Tarleton State,UAC,21,Tarleton State,Villanova,3,3,3,47,47,1,10,0,False,Pass Incompletion,No Huddle-Shotgun #7 P.McQuaide pass incomplete short left to #13 C.Colby thrown to TAR30,-1.0507069190375147,2025-12-13T19:01:13.000Z,10,7
401833986,40183398627,401833986501,18,4,Villanova,CAA,19,Tarleton State,UAC,21,Tarleton State,Villanova,3,3,3,47,47,2,10,0,False,Pass Incompletion,No Huddle-Shotgun #7 P.McQuaide pass incomplete short middle to #1 L.Colella thrown to TAR30,-1.0598235743711744,2025-12-13T19:01:56.000Z,10,7
401833986,40183398627,401833986506,18,5,Villanova,CAA,19,Tarleton State,UAC,21,Tarleton State,Villanova,3,3,3,47,47,3,10,0,False,Pass Incompletion,No Huddle-Shotgun #7 P.McQuaide pass incomplete short left to #1 L.Colella thrown to TAR35 broken up by #5 D.Hawkins,-0.7990867456593858,2025-12-13T19:02:36.000Z,10,7
401833986,40183398628,401833986524,19,3,Tarleton State,UAC,21,Villanova,CAA,19,Tarleton State,Villanova,3,3,3,23,77,1,10,10,False,Penalty,"No Huddle-Shotgun #11 V.Gabalis pass incomplete short middle to #19 T.West thrown to TAR40 PENALTY VIL Holding (#36 D.Bostic) 10 yards from TAR23 to TAR33, 1ST DOWN. NO PLAY",,2025-12-13T19:07:05.000Z,8,31
401833986,40183398628,401833986544,19,7,Tarleton State,UAC,21,Villanova,CAA,19,Tarleton State,Villanova,3,3,3,35,65,4,8,0,False,Punt,#83 C.Mullen punt 43 yards to the VIL22 fair catch by #83 B.Reed at VIL22,,2025-12-13T19:10:01.000Z,4,57
401833986,40183398628,401833986515,19,1,Tarleton State,UAC,21,Villanova,CAA,19,Tarleton State,Villanova,3,3,3,11,89,1,10,8,False,Rush,No Huddle-Shotgun #1 T.Hines rush middle for 8 yards gain to the TAR19 (#31 S.Hartzell),0.6039486313732949,2025-12-13T19:05:46.000Z,8,31
401833986,40183398628,401833986520,19,2,Tarleton State,UAC,21,Villanova,CAA,19,Tarleton State,Villanova,3,3,3,19,81,2,2,4,False,Rush,"No Huddle-Shotgun #1 T.Hines rush middle for 4 yards gain to the TAR23 (#99 R.Delano Navoti), 1ST DOWN",-0.0507334174350201,2025-12-13T19:06:18.000Z,8,31
401833986,40183398628,401833986528,19,4,Tarleton State,UAC,21,Villanova,CAA,19,Tarleton State,Villanova,3,3,3,33,67,1,10,4,False,Pass Reception,"No Huddle-Shotgun #11 V.Gabalis pass complete short middle to #19 T.West caught at TAR28, for 4 yards to the TAR37 (#31 S.Hartzell; #22 C.Sapp)",-0.1528387450999809,2025-12-13T19:07:44.000Z,8,31
401833986,40183398628,401833986535,19,5,Tarleton State,UAC,21,Villanova,CAA,19,Tarleton State,Villanova,3,3,3,37,63,2,6,-8,False,Sack,No Huddle-Shotgun #11 V.Gabalis sacked for loss of 8 yards to the TAR29 (#11 J.Hall),-1.5836535603885125,2025-12-13T19:08:30.000Z,8,31
401833986,40183398628,401833986539,19,6,Tarleton State,UAC,21,Villanova,CAA,19,Tarleton State,Villanova,3,3,3,29,71,3,14,6,False,Pass Reception,"No Huddle-Shotgun #11 V.Gabalis pass complete short left to #13 P.Kramer caught at TAR35, for 6 yards to the TAR35 (#36 D.Bostic), out of bounds",0.06124593990640381,2025-12-13T19:09:17.000Z,8,31
401833986,40183398629,401833986583,20,9,Villanova,CAA,19,Tarleton State,UAC,21,Tarleton State,Villanova,3,3,3,30,30,1,10,5,False,End Period,End of 3rd quarter.,0.077675021178715,2025-12-13T19:15:46.000Z,0,0
401833986,40183398629,401833986548,20,1,Villanova,CAA,19,Tarleton State,UAC,21,Tarleton State,Villanova,3,3,3,78,78,1,10,1,False,Rush,No Huddle-Shotgun #4 J.Mace rush left for 1 yard gain to the VIL23 (#14 A.Anderson),-0.5142195293967999,2025-12-13T19:10:49.000Z,4,57
401833986,40183398629,401833986552,20,2,Villanova,CAA,19,Tarleton State,UAC,21,Tarleton State,Villanova,3,3,3,77,77,2,9,5,False,Rush,No Huddle-Shotgun #4 J.Mace rush right for 5 yards gain to the VIL28 (#97 J.Turrentine),0.04853856591410289,2025-12-13T19:11:24.000Z,4,57
401833986,40183398629,401833986556,20,3,Villanova,CAA,19,Tarleton State,UAC,21,Tarleton State,Villanova,3,3,3,72,72,3,4,6,False,Pass Reception,"No Huddle-Shotgun #7 P.McQuaide pass complete short middle to #1 L.Colella caught at VIL33, for 6 yards to the VIL34 (#5 D.Hawkins), 1ST DOWN",1.400896376094205,2025-12-13T19:12:08.000Z,4,57
401833986,40183398629,401833986561,20,4,Villanova,CAA,19,Tarleton State,UAC,21,Tarleton State,Villanova,3,3,3,66,66,1,10,26,False,Rush,"No Huddle-Shotgun #4 J.Mace rush middle for 26 yards gain to the TAR40 (#5 D.Hawkins), 1ST DOWN",2.1477202457922733,2025-12-13T19:12:48.000Z,4,57
401833986,40183398629,401833986565,20,5,Villanova,CAA,19,Tarleton State,UAC,21,Tarleton State,Villanova,3,3,3,40,40,1,10,3,False,Rush,No Huddle-Shotgun #4 J.Mace rush middle for 3 yards gain to the TAR37 (#7 B.Smith),-0.270025967249902,2025-12-13T19:13:31.000Z,4,57
401833986,40183398629,401833986569,20,6,Villanova,CAA,19,Tarleton State,UAC,21,Tarleton State,Villanova,3,3,3,37,37,2,7,6,False,Rush,No Huddle-Shotgun #4 J.Mace rush left for 6 yards gain to the TAR31 (#9 B.Smith),0.269240339137758,2025-12-13T19:14:07.000Z,4,57
401833986,40183398629,401833986573,20,7,Villanova,CAA,19,Tarleton State,UAC,21,Tarleton State,Villanova,3,3,3,31,31,3,1,1,False,Rush,"No Huddle-Shotgun #4 J.Mace rush middle for 1 yard gain to the TAR30 (#9 B.Smith), 1ST DOWN",0.375591639126714,2025-12-13T19:14:49.000Z,4,57
401833986,40183398629,401833986577,20,8,Villanova,CAA,19,Tarleton State,UAC,21,Tarleton State,Villanova,3,3,3,30,30,1,10,5,False,Rush,No Huddle-Shotgun #20 I.Ragland rush middle for 5 yards gain to the TAR25 (#2 K.Kurns),0.077675021178715,2025-12-13T19:15:31.000Z,4,57
401833986,40183398629,401833986587,20,10,Villanova,CAA,19,Tarleton State,UAC,21,Tarleton State,Villanova,4,3,3,25,25,2,5,16,False,Rush,"(15:00) No Huddle-Shotgun #20 I.Ragland rush right for 16 yards gain to the TAR09 (#6 T.Rawls), 1ST DOWN",0.312330288097588,2025-12-13T19:19:17.000Z,15,0
401833986,40183398629,401833986593,20,11,Villanova,CAA,19,Tarleton State,UAC,21,Tarleton State,Villanova,4,3,3,9,9,1,9,-2,False,Pass Reception,"No Huddle-Shotgun #7 P.McQuaide pass complete short right to #4 J.Mace caught at TAR15, for 2 yards loss to the TAR11 (#9 B.Smith; #4 O.Emmons)",-0.4321682271789485,2025-12-13T19:19:57.000Z,15,0
401833986,40183398629,401833986598,20,12,Villanova,CAA,19,Tarleton State,UAC,21,Tarleton State,Villanova,4,3,3,11,11,2,11,0,False,Rush,No Huddle-Shotgun #26 I.Wright rush middle for 0 yards to the TAR11 (#26 B.Tolvert),-0.2964634983560065,2025-12-13T19:20:40.000Z,15,0
401833986,40183398629,401833986602,20,13,Villanova,CAA,26,Tarleton State,UAC,21,Tarleton State,Villanova,4,3,3,11,11,3,11,11,True,Passing Touchdown,"No Huddle-Shotgun #7 P.McQuaide pass complete short middle to #83 B.Reed caught at TAR03, for 11 yards to the TAR00 TOUCHDOWN, clock 12:49 #42 J.Barnum kick attempt good (H: #16 J.Ryder, LS: #54 T.Colello)",3.152869549181423,2025-12-13T19:21:21.000Z,12,49
401833986,40183398631,401833986610,21,1,Villanova,CAA,26,Tarleton State,UAC,21,Tarleton State,Villanova,4,3,3,65,65,1,10,0,False,Kickoff,"(12:49) #42 J.Barnum kickoff 65 yards to the TAR00, Touchback",,2025-12-13T19:22:04.000Z,12,49
401833986,40183398631,401833986613,21,2,Tarleton State,UAC,21,Villanova,CAA,26,Tarleton State,Villanova,4,3,3,25,75,1,10,10,False,Penalty,"No Huddle-Shotgun #1 T.Hines rush left for 75 yards gain to the VIL00 TOUCHDOWN nullified by penalty, clock 12:35 PENALTY TAR Holding (#88 D.Hearne) 10 yards from TAR25 to TAR15. NO PLAY",,2025-12-13T19:26:13.000Z,12,35
401833986,40183398631,401833986618,21,3,Tarleton State,UAC,21,Villanova,CAA,26,Tarleton State,Villanova,4,3,3,15,85,1,20,10,False,Penalty,"(12:35) No Huddle-Shotgun #11 V.Gabalis pass incomplete deep left to #19 T.West thrown to VIL40 PENALTY VIL Holding (#27 A.Hawkins) 10 yards from TAR15 to TAR25, 1ST DOWN. NO PLAY",,2025-12-13T19:27:27.000Z,12,35
401833986,40183398631,401833986622,21,4,Tarleton State,UAC,21,Villanova,CAA,26,Tarleton State,Villanova,4,3,3,25,75,1,10,15,False,Penalty,"No Huddle-Shotgun #11 V.Gabalis pass incomplete deep right to #7 M.Willis thrown to VIL40 PENALTY VIL Roughing The Passer (#32 O.Bursey) 15 yards from TAR25 to TAR40, 1ST DOWN. NO PLAY",,2025-12-13T19:28:27.000Z,12,35
401833986,40183398631,401833986646,21,10,Tarleton State,UAC,21,Villanova,CAA,26,Tarleton State,Villanova,4,3,3,49,51,4,19,0,False,Punt,#83 C.Mullen punt 35 yards to the VIL16 fair catch by #83 B.Reed at VIL16,,2025-12-13T19:32:34.000Z,9,52
401833986,40183398631,401833986626,21,5,Tarleton State,UAC,21,Villanova,CAA,26,Tarleton State,Villanova,4,3,3,40,60,1,10,8,False,Pass Reception,"No Huddle-Shotgun #11 V.Gabalis pass complete short middle to #44 D.Joiner caught at TAR43, for 8 yards to the TAR48 (#23 J.Tyson; #44 R.Kimmel)",1.0159674518504005,2025-12-13T19:29:15.000Z,12,35
401833986,40183398631,401833986631,21,6,Tarleton State,UAC,21,Villanova,CAA,26,Tarleton State,Villanova,4,3,3,48,52,2,2,10,False,Rush,"No Huddle-Shotgun #1 T.Hines rush left for 10 yards gain to the VIL42 (#22 C.Sapp), 1ST DOWN",0.445997680721151,2025-12-13T19:29:52.000Z,12,35
401833986,40183398631,401833986635,21,7,Tarleton State,UAC,21,Villanova,CAA,26,Tarleton State,Villanova,4,3,3,58,42,1,10,-11,False,Sack,Shotgun #11 V.Gabalis sacked for loss of 11 yards to the TAR47 (#32 O.Bursey),-3.1198018866724997,2025-12-13T19:30:25.000Z,12,35
401833986,40183398631,401833986639,21,8,Tarleton State,UAC,21,Villanova,CAA,26,Tarleton State,Villanova,4,3,3,47,53,2,21,2,False,Rush,No Huddle-Shotgun #1 T.Hines rush middle for 2 yards gain to the TAR49 (#94 I.Murray),-0.33606955039587305,2025-12-13T19:31:07.000Z,12,35
401833986,40183398631,401833986643,21,9,Tarleton State,UAC,21,Villanova,CAA,26,Tarleton State,Villanova,4,3,3,49,51,3,19,0,False,Pass Incompletion,No Huddle-Shotgun #11 V.Gabalis pass incomplete short middle to #1 T.Hines thrown to VIL35,-0.35307692161306115,2025-12-13T19:31:49.000Z,12,35
401833986,40183398632,401833986672,22,7,Villanova,CAA,26,Tarleton State,UAC,21,Tarleton State,Villanova,4,3,3,38,38,4,10,5,False,Punt Return,(08:00) #0 L.Larsen punt 30 yards to the TAR08 #6 C.Lewis return 5 yards to the TAR13 (#19 C.Dobrydney),,2025-12-13T19:38:50.000Z,7,51
401833986,40183398632,401833986650,22,1,Villanova,CAA,26,Tarleton State,UAC,21,Tarleton State,Villanova,4,3,3,84,84,1,10,0,False,Rush,No Huddle-Shotgun #4 J.Mace rush left for 0 yards to the VIL16 (#16 A.Owens),-0.46182849902011913,2025-12-13T19:34:51.000Z,9,52
401833986,40183398632,401833986654,22,2,Villanova,CAA,26,Tarleton State,UAC,21,Tarleton State,Villanova,4,3,3,84,84,2,10,12,False,Rush,"No Huddle-Shotgun #7 P.McQuaide rush left for 12 yards gain to the VIL28 (#6 T.Rawls), out of bounds, 1ST DOWN",1.1855651139577414,2025-12-13T19:35:25.000Z,9,52
401833986,40183398632,401833986658,22,3,Villanova,CAA,26,Tarleton State,UAC,21,Tarleton State,Villanova,4,3,3,72,72,1,10,34,False,Pass Reception,"No Huddle-Shotgun #7 P.McQuaide pass complete deep right to #1 L.Colella caught at TAR38, for 34 yards to the TAR38 (#4 O.Emmons), 1ST DOWN",2.7610400636808645,2025-12-13T19:36:04.000Z,9,52
401833986,40183398632,401833986663,22,4,Villanova,CAA,26,Tarleton State,UAC,21,Tarleton State,Villanova,4,3,3,38,38,1,10,0,False,Pass Incompletion,No Huddle-Shotgun #7 P.McQuaide pass incomplete short right to #83 B.Reed thrown to TAR40,-0.7828922522763084,2025-12-13T19:36:48.000Z,9,52
401833986,40183398632,401833986666,22,5,Villanova,CAA,26,Tarleton State,UAC,21,Tarleton State,Villanova,4,3,3,38,38,2,10,0,False,Pass Incompletion,No Huddle-Shotgun #7 P.McQuaide pass incomplete deep left to #1 L.Colella thrown to TAR05,-0.9886314711142071,2025-12-13T19:37:28.000Z,9,52
401833986,40183398632,401833986669,22,6,Villanova,CAA,26,Tarleton State,UAC,21,Tarleton State,Villanova,4,3,3,38,38,3,10,0,False,Pass Incompletion,No Huddle-Shotgun #7 P.McQuaide pass incomplete short middle to #83 B.Reed thrown to TAR28,-1.004287783165605,2025-12-13T19:38:05.000Z,9,52
401833986,40183398633,401833986678,23,1,Tarleton State,UAC,21,Villanova,CAA,26,Tarleton State,Villanova,4,3,3,13,87,1,10,5,False,Penalty,PENALTY TAR False Start (#44 D.Joiner) 5 yards from TAR13 to TAR08. NO PLAY,,2025-12-13T19:41:20.000Z,7,51
401833986,40183398633,401833986725,23,12,Tarleton State,UAC,21,Villanova,CAA,26,Tarleton State,Villanova,4,3,3,75,25,3,8,10,False,Penalty,"No Huddle-Shotgun #11 V.Gabalis pass incomplete short right to #19 T.West thrown to VIL18 PENALTY VIL Holding (#2 Z.Dawud) 10 yards from VIL25 to VIL15, 1ST DOWN. NO PLAY",,2025-12-13T19:51:23.000Z,7,51
401833986,40183398633,401833986742,23,17,Tarleton State,UAC,21,Villanova,CAA,26,Tarleton State,Villanova,4,1,3,85,15,3,10,0,False,Timeout,"Timeout Tarleton State, clock 02:00",,2025-12-13T19:55:25.000Z,2,0
401833986,40183398633,401833986731,23,14,Tarleton State,UAC,21,Villanova,CAA,26,Tarleton State,Villanova,4,2,3,75,25,3,8,0,False,Timeout,"Timeout Tarleton State, clock 02:34",,2025-12-13T19:52:06.000Z,2,34
401833986,40183398633,401833986733,23,15,Tarleton State,UAC,21,Villanova,CAA,26,Tarleton State,Villanova,4,2,3,85,15,2,10,0,False,Pass Incompletion,No Huddle-Shotgun #11 V.Gabalis pass incomplete short left to #19 T.West thrown to VIL10,-0.361206789772767,2025-12-13T19:53:59.000Z,2,34
401833986,40183398633,401833986681,23,2,Tarleton State,UAC,21,Villanova,CAA,26,Tarleton State,Villanova,4,3,3,8,92,1,15,9,False,Pass Reception,"No Huddle-Shotgun #11 V.Gabalis pass complete short right to #7 M.Willis caught at TAR17, for 9 yards to the TAR17, out of bounds at TAR17",0.3695985735801939,2025-12-13T19:42:02.000Z,7,51
401833986,40183398633,401833986686,23,3,Tarleton State,UAC,21,Villanova,CAA,26,Tarleton State,Villanova,4,3,3,17,83,2,6,-2,False,Rush,No Huddle-Shotgun #1 T.Hines rush middle for 2 yards loss to the TAR15 (#11 J.Hall; #91 A.Howard),-0.45925759656477005,2025-12-13T19:42:39.000Z,7,51
401833986,40183398633,401833986690,23,4,Tarleton State,UAC,21,Villanova,CAA,26,Tarleton State,Villanova,4,3,3,15,85,3,8,17,False,Pass Reception,"No Huddle-Shotgun #11 V.Gabalis pass complete short middle to #19 T.West caught at TAR30, for 17 yards to the TAR32 (#8 K.Moody), 1ST DOWN",1.6948521364489029,2025-12-13T19:43:24.000Z,7,51
401833986,40183398633,401833986695,23,5,Tarleton State,UAC,21,Villanova,CAA,26,Tarleton State,Villanova,4,3,3,32,68,1,10,0,False,Pass Incompletion,No Huddle-Shotgun #11 V.Gabalis pass incomplete deep right to #13 P.Kramer thrown to VIL35,-0.9262377870973815,2025-12-13T19:44:09.000Z,7,51
401833986,40183398633,401833986698,23,6,Tarleton State,UAC,21,Villanova,CAA,26,Tarleton State,Villanova,4,3,3,32,68,2,10,6,False,Rush,No Huddle-Shotgun #1 T.Hines rush middle for 6 yards gain to the TAR38 (#44 R.Kimmel),0.224332880294754,2025-12-13T19:44:53.000Z,7,51
401833986,40183398633,401833986702,23,7,Tarleton State,UAC,21,Villanova,CAA,26,Tarleton State,Villanova,4,3,3,38,62,3,4,5,False,Rush,"No Huddle-Shotgun #1 T.Hines rush left for 5 yards gain to the TAR43 (#32 O.Bursey; #22 C.Sapp), 1ST DOWN",1.7558989249331605,2025-12-13T19:45:36.000Z,7,51
401833986,40183398633,401833986706,23,8,Tarleton State,UAC,21,Villanova,CAA,26,Tarleton State,Villanova,4,3,3,43,57,1,10,5,False,Rush,No Huddle-Shotgun #1 T.Hines rush right for 5 yards gain to the TAR48 (#11 J.Hall),0.1094877032207345,2025-12-13T19:46:12.000Z,7,51
401833986,40183398633,401833986710,23,9,Tarleton State,UAC,21,Villanova,CAA,26,Tarleton State,Villanova,4,3,3,48,52,2,5,-21,False,Pass Incompletion,"No Huddle-Shotgun #11 V.Gabalis pass incomplete short right to #7 M.Willis thrown to VIL43, 1ST DOWN, PENALTY VIL Holding (#38 N.Essiem) VIL UNS: Unsportsmanlike Conduct (#38 N.Essiem) 25 yards from TAR48 to VIL27, 1ST DOWN",-2.98902716577824,2025-12-13T19:46:48.000Z,7,51
401833986,40183398633,401833986716,23,10,Tarleton State,UAC,21,Villanova,CAA,26,Tarleton State,Villanova,4,3,3,73,27,1,10,-4,False,Rush,No Huddle-Shotgun #1 T.Hines rush left for 4 yards loss to the VIL31 (#32 O.Bursey),-1.0398220379482304,2025-12-13T19:48:23.000Z,7,51
401833986,40183398633,401833986720,23,11,Tarleton State,UAC,21,Villanova,CAA,26,Tarleton State,Villanova,4,3,3,69,31,2,14,6,False,Pass Reception,"No Huddle-Shotgun #11 V.Gabalis pass complete short middle to #44 D.Joiner caught at VIL26, for 6 yards to the VIL25 (#32 O.Bursey). #44 D.Joiner injured on the play",0.1972186804431963,2025-12-13T19:49:07.000Z,7,51
401833986,40183398633,401833986729,23,13,Tarleton State,UAC,21,Villanova,CAA,26,Tarleton State,Villanova,4,3,3,85,15,1,10,0,False,Pass Incompletion,No Huddle-Shotgun #11 V.Gabalis pass incomplete short left to #19 T.West thrown to VIL00,-0.320977659489319,2025-12-13T19:53:18.000Z,2,34
401833986,40183398633,401833986736,23,16,Tarleton State,UAC,21,Villanova,CAA,26,Tarleton State,Villanova,4,2,3,85,15,3,10,4,False,Rush,No Huddle-Shotgun #11 V.Gabalis rush right for 4 yards gain to the VIL11 (#98 O.Nwobodo),-0.0684245941408134,2025-12-13T19:54:47.000Z,2,34
401833986,40183398633,401833986747,23,18,Tarleton State,UAC,21,Villanova,CAA,26,Tarleton State,Villanova,4,1,3,89,11,4,6,0,False,Pass Incompletion,"(01:52) No Huddle-Shotgun #11 V.Gabalis pass incomplete short left to #19 T.West thrown to VIL00 broken up by #36 D.Bostic, TURNOVER ON DOWNS. The previous play is under automatic review - ""Incomplete pass"". CALL OVERTURNED. (Original Play: No Huddle-Shotgun #11 V.Gabalis pass complete short left to #19 T.West caught at VIL00, for 11 yards to the VIL00 TOUCHDOWN, clock 01:52, 1ST DOWN)",-3.6911918670320176,2025-12-13T20:01:46.000Z,1,52
401833986,40183398634,401833986775,24,6,Villanova,CAA,26,Tarleton State,UAC,21,Tarleton State,Villanova,4,3,1,77,77,2,12,-2,False,End of Game,End of 4th quarter.,,2025-12-13T20:06:43.000Z,0,0
401833986,40183398634,401833986752,24,1,Villanova,CAA,26,Tarleton State,UAC,21,Tarleton State,Villanova,4,3,1,89,89,1,10,-3,False,Rush,No Huddle-Shotgun #4 J.Mace rush middle for 3 yards loss to the VIL08 (#16 A.Owens),-0.48659086774217464,2025-12-13T20:02:06.000Z,1,52
401833986,40183398634,401833986767,24,4,Villanova,CAA,26,Tarleton State,UAC,21,Tarleton State,Villanova,4,3,1,75,75,1,10,-2,False,Rush,Kneel down by #7 P.McQuaide at VIL23 for loss of 2 yards,-0.8852575132705454,2025-12-13T20:05:56.000Z,1,52
401833986,40183398634,401833986756,24,2,Villanova,CAA,26,Tarleton State,UAC,21,Tarleton State,Villanova,4,3,1,92,92,2,13,11,False,Pass Reception,"No Huddle-Shotgun #7 P.McQuaide pass complete short left to #83 B.Reed caught at VIL08, for 11 yards to the VIL19, End Of Play",0.3897288337553064,2025-12-13T20:03:36.000Z,1,52
401833986,40183398634,401833986762,24,3,Villanova,CAA,26,Tarleton State,UAC,21,Tarleton State,Villanova,4,3,1,81,81,3,2,6,False,Pass Reception,"No Huddle-Shotgun #7 P.McQuaide pass complete short right to #83 B.Reed caught at VIL17, for 6 yards to the VIL25 (#16 A.Owens), 1ST DOWN",0.7826792223932184,2025-12-13T20:05:15.000Z,1,52
401833986,40183398634,401833986770,24,5,Villanova,CAA,26,Tarleton State,UAC,21,Tarleton State,Villanova,4,3,1,77,77,2,12,-2,False,Rush,Kneel down by #7 P.McQuaide at VIL21 for loss of 2 yards,-0.3081920319592344,2025-12-13T20:06:29.000Z,1,52
401833987,4018339872,4018339873,1,1,South Dakota,MVFC,0,Montana,Big Sky,0,Montana,South Dakota,1,3,3,65,65,1,10,24,False,Kickoff,(15:00) #39 Z.Mata kickoff 64 yards to the UM 01 #6 M.Wortham return 24 yards to the UM 25 (#54 C.Wallner),,2025-12-13T20:33:16.000Z,14,55
401833987,4018339872,40183398714,1,2,Montana,Big Sky,0,South Dakota,MVFC,0,Montana,South Dakota,1,3,3,25,75,1,10,31,False,Rush,"(14:54) No Huddle-Shotgun #6 M.Wortham rush right for 31 yards gain to the USD44 (#1 R.Tillmon), 1ST DOWN",2.6648727622113,2025-12-13T20:33:58.000Z,14,41
401833987,4018339872,40183398718,1,3,Montana,Big Sky,0,South Dakota,MVFC,0,Montana,South Dakota,1,3,3,56,44,1,10,0,False,Pass Incompletion,(14:22) No Huddle-Shotgun #8 K.Ah Yat pass incomplete deep middle to #3 B.Davis thrown to USD00,-0.9690270974076257,2025-12-13T20:34:33.000Z,14,17
401833987,4018339872,40183398721,1,4,Montana,Big Sky,0,South Dakota,MVFC,0,Montana,South Dakota,1,3,3,56,44,2,10,11,False,Pass Reception,"(14:11) No Huddle-Shotgun #8 K.Ah Yat pass complete short left to #6 M.Wortham caught at USD48, for 11 yards to the USD33 (#1 R.Tillmon), 1ST DOWN",1.478834681415659,2025-12-13T20:35:05.000Z,13,58
401833987,4018339872,40183398726,1,5,Montana,Big Sky,0,South Dakota,MVFC,0,Montana,South Dakota,1,3,3,67,33,1,10,2,False,Pass Reception,"(13:43) No Huddle-Shotgun #8 K.Ah Yat pass complete short right to #4 B.Bohannon caught at USD32, for 2 yards to the USD31 (#12 M.Munn)",-0.3377843039747627,2025-12-13T20:35:36.000Z,13,32
401833987,4018339872,40183398731,1,6,Montana,Big Sky,0,South Dakota,MVFC,0,Montana,South Dakota,1,3,3,69,31,2,8,3,False,Rush,(13:07) No Huddle-Shotgun #8 K.Ah Yat rush middle for 3 yards gain to the USD28 (#0 N.Ewell),-0.2405893514206153,2025-12-13T20:36:08.000Z,13,1
401833987,4018339872,40183398735,1,7,Montana,Big Sky,0,South Dakota,MVFC,0,Montana,South Dakota,1,3,3,72,28,3,5,12,False,Pass Reception,"(12:30) No Huddle-Shotgun #8 K.Ah Yat pass complete short left to #10 E.Gillman caught at USD31, for 12 yards to the USD16 (#13 M.Walsh; #3 G.Hardman), 1ST DOWN",0.9127257076049916,2025-12-13T20:36:51.000Z,12,19
401833987,4018339872,40183398740,1,8,Montana,Big Sky,0,South Dakota,MVFC,0,Montana,South Dakota,1,3,3,84,16,1,10,5,False,Rush,(11:57) No Huddle-Shotgun #10 E.Gillman rush middle for 5 yards gain to the USD11 (#2 D.Lewis; #50 C.Dixon),0.0743553747013194,2025-12-13T20:37:25.000Z,11,49
401833987,4018339872,40183398744,1,9,Montana,Big Sky,0,South Dakota,MVFC,0,Montana,South Dakota,1,3,3,89,11,2,5,4,False,Rush,(11:09) No Huddle-Shotgun #28 H.Jones rush right for 4 yards gain to the USD07 (#95 C.Hooper; #3 G.Hardman),-0.020788669776831,2025-12-13T20:38:10.000Z,10,55
401833987,4018339872,40183398748,1,10,Montana,Big Sky,0,South Dakota,MVFC,0,Montana,South Dakota,1,3,3,93,7,3,1,2,False,Rush,"(10:35) No Huddle-Shotgun #10 E.Gillman rush middle for 2 yards gain to the USD05 (#10 C.Crawford), 1ST DOWN",0.631375175809012,2025-12-13T20:38:44.000Z,10,29
401833987,4018339872,40183398752,1,11,Montana,Big Sky,0,South Dakota,MVFC,0,Montana,South Dakota,1,3,3,95,5,1,5,-2,False,Rush,(10:01) No Huddle-Shotgun #10 E.Gillman rush right for 2 yards loss to the USD07 (#25 R.Stewart; #2 D.Lewis),-0.723367627458863,2025-12-13T20:39:18.000Z,9,57
401833987,4018339872,40183398756,1,12,Montana,Big Sky,0,South Dakota,MVFC,0,Montana,South Dakota,1,3,3,93,7,2,7,6,False,Rush,(09:21) No Huddle-Shotgun #8 K.Ah Yat rush left for 6 yards gain to the USD01 (#1 R.Tillmon; #12 M.Munn),0.153150238838187,2025-12-13T20:39:57.000Z,9,21
401833987,4018339872,40183398760,1,13,Montana,Big Sky,7,South Dakota,MVFC,0,Montana,South Dakota,1,3,3,99,1,3,1,1,True,Passing Touchdown,"(08:55) No Huddle-Shotgun #8 K.Ah Yat pass complete short right to #2 D.Deck caught at USD00, for 1 yard to the USD00 TOUCHDOWN, clock 08:55 #46 J.Silver kick attempt good (H: #3 B.Davis, LS: #43 G.Pibal)",2.45399822917955,2025-12-13T20:40:36.000Z,8,55
401833987,4018339874,40183398768,3,1,Montana,Big Sky,7,South Dakota,MVFC,0,Montana,South Dakota,1,3,3,35,65,1,10,0,False,Kickoff,"(08:55) #46 J.Silver kickoff 65 yards to the USD00, Touchback",,2025-12-13T20:41:17.000Z,8,55
401833987,4018339874,40183398771,3,2,South Dakota,MVFC,0,Montana,Big Sky,7,Montana,South Dakota,1,3,3,75,75,1,10,-1,False,Rush,(08:54) No Huddle-Shotgun #24 L.Phillips Jr. rush middle for 1 yard loss to the USD24 (#56 H.Peck),-0.8014893508157099,2025-12-13T20:44:09.000Z,8,44
401833987,4018339874,40183398775,3,3,South Dakota,MVFC,0,Montana,Big Sky,7,Montana,South Dakota,1,3,3,76,76,2,11,9,False,Rush,(08:16) No Huddle-Shotgun #24 L.Phillips Jr. rush middle for 9 yards gain to the USD33 (#2 M.Harper),0.581901896190101,2025-12-13T20:44:47.000Z,8,9
401833987,4018339874,40183398779,3,4,South Dakota,MVFC,0,Montana,Big Sky,7,Montana,South Dakota,1,3,3,67,67,3,2,1,False,Fumble Recovery (Opponent),"(07:38) No Huddle-Shotgun #24 L.Phillips Jr. rush middle for 1 yard gain to the USD34 fumbled by #24 L.Phillips Jr. at USD34 forced by #90 J.Ramos recovered by UM  #8 K.Lawler at USD34, End Of Play",-0.7026574256530695,2025-12-13T20:45:36.000Z,7,33
401833987,4018339875,40183398797,4,3,South Dakota,MVFC,0,Montana,Big Sky,7,Montana,South Dakota,1,2,3,75,75,2,1,0,False,Timeout,"Timeout South Dakota, clock 06:20",,2025-12-13T20:47:45.000Z,6,20
401833987,4018339875,401833987112,4,8,Montana,Big Sky,10,South Dakota,MVFC,0,Montana,South Dakota,1,3,2,93,7,4,7,24,True,Field Goal Good,"(05:38) #46 J.Silver field goal attempt from 24 yards GOOD (H: #3 B.Davis, LS: #43 G.Pibal), clock 05:37",,2025-12-13T20:52:09.000Z,5,37
401833987,4018339875,40183398786,4,1,Montana,Big Sky,7,South Dakota,MVFC,0,Montana,South Dakota,1,3,3,66,34,1,10,9,False,Pass Reception,"(07:30) No Huddle-Shotgun #8 K.Ah Yat pass complete short right to #7 M.Fonoti caught at USD34, for 9 yards to the USD25 (#0 N.Ewell; #3 G.Hardman)",0.73596654934212,2025-12-13T20:46:24.000Z,7,19
401833987,4018339875,40183398791,4,2,Montana,Big Sky,7,South Dakota,MVFC,0,Montana,South Dakota,1,3,3,75,25,2,1,0,False,Rush,(06:56) No Huddle-Shotgun #10 E.Gillman rush left for 0 yards to the USD25 (#50 C.Dixon; #13 M.Walsh),-0.717158665150077,2025-12-13T20:47:02.000Z,6,44
401833987,4018339875,40183398795,4,4,Montana,Big Sky,7,South Dakota,MVFC,0,Montana,South Dakota,1,3,2,75,25,3,1,18,False,Pass Reception,"(06:09) No Huddle-Shotgun #8 K.Ah Yat pass complete short right to #84 E.Shafer caught at USD23, for 18 yards to the USD07 (#3 G.Hardman), 1ST DOWN",0.721163646394416,2025-12-13T20:50:02.000Z,6,1
401833987,4018339875,401833987103,4,5,Montana,Big Sky,7,South Dakota,MVFC,0,Montana,South Dakota,1,3,2,93,7,1,7,0,False,Pass Incompletion,(05:52) No Huddle-Shotgun #8 K.Ah Yat pass incomplete short right to #10 E.Gillman thrown to USD06,-0.410393837690526,2025-12-13T20:50:32.000Z,5,52
401833987,4018339875,401833987106,4,6,Montana,Big Sky,7,South Dakota,MVFC,0,Montana,South Dakota,1,3,2,93,7,2,7,0,False,Pass Incompletion,(05:46) No Huddle-Shotgun #8 K.Ah Yat pass incomplete short right to #81 J.Gale thrown to USD00,-0.277446160702615,2025-12-13T20:51:04.000Z,5,46
401833987,4018339875,401833987109,4,7,Montana,Big Sky,7,South Dakota,MVFC,0,Montana,South Dakota,1,3,2,93,7,3,7,0,False,Pass Incompletion,(05:42) No Huddle-Shotgun #8 K.Ah Yat pass incomplete short left to #6 M.Wortham thrown to USD00 broken up by #1 R.Tillmon,-0.325035760733144,2025-12-13T20:51:33.000Z,5,42
401833987,4018339877,401833987115,5,1,Montana,Big Sky,10,South Dakota,MVFC,0,Montana,South Dakota,1,3,2,35,65,1,10,12,False,Kickoff,(05:33) #46 J.Silver kickoff 64 yards to the USD01 #85 B.White return 12 yards to the USD13 (#13 B.Beaner),,2025-12-13T20:54:53.000Z,5,32
401833987,4018339877,401833987140,5,5,South Dakota,MVFC,0,Montana,Big Sky,10,Montana,South Dakota,1,2,3,78,78,4,1,54,False,Punt Return,(04:01) #32 T.Ebel punt 54 yards to the UM 24 #2 D.Deck return for loss of 1 yard to the UM 23 (#21 J.Brown),,2025-12-13T20:59:17.000Z,4,1
401833987,4018339877,401833987120,5,2,South Dakota,MVFC,0,Montana,Big Sky,10,Montana,South Dakota,1,2,3,87,87,1,10,5,False,Pass Reception,"(05:31) Shotgun #2 A.Bouman pass complete short left to #15 J.Martens caught at USD20, for 5 yards to the USD18 (#2 M.Harper)",0.07402668150212044,2025-12-13T20:55:39.000Z,5,16
401833987,4018339877,401833987132,5,3,South Dakota,MVFC,0,Montana,Big Sky,10,Montana,South Dakota,1,2,3,82,82,2,5,0,False,Pass Incompletion,"(04:52) Shotgun #2 A.Bouman pass incomplete short right to #15 J.Martens thrown to USD15 broken up by #58 S.Tuliaupupu QB hurried by #58 S.Tuliaupupu. The previous play is under automatic review - ""Forward pass"". CALL OVERTURNED. (Original Play: (04:52) Shotgun #2 A.Bouman sacked for loss of 3 yards to the USD15 (#58 S.Tuliaupupu), fumble by #2 A.Bouman recovered by UM  #32 P.Wing at USD15 TOUCHDOWN, clock 04:44)",-0.4433564834556636,2025-12-13T20:58:28.000Z,4,52
401833987,4018339877,401833987136,5,4,South Dakota,MVFC,0,Montana,Big Sky,10,Montana,South Dakota,1,2,3,82,82,3,5,4,False,Rush,(04:38) Shotgun #24 L.Phillips Jr. rush middle for 4 yards gain to the USD22 (#58 S.Tuliaupupu),-0.02860377393472291,2025-12-13T20:58:38.000Z,4,32
401833987,4018339878,401833987191,2,11,Montana,Big Sky,10,South Dakota,MVFC,0,Montana,South Dakota,1,3,3,0,100,1,10,-8,False,End Period,End of 1st quarter.,,,0,0
401833987,4018339878,401833987209,2,15,Montana,Big Sky,10,South Dakota,MVFC,0,Montana,South Dakota,2,3,3,99,1,1,1,0,False,Penalty,(12:57) No Huddle-Shotgun #10 E.Gillman rush right for 8 yards loss to the USD09 (#8 N.Dickel) PENALTY USD Illegal Substitution. NO PLAY,,2025-12-13T21:11:25.000Z,12,57
401833987,4018339878,401833987187,2,1,Montana,Big Sky,10,South Dakota,MVFC,0,Montana,South Dakota,1,3,3,85,15,1,10,7,False,Rush,(14:54) No Huddle-Shotgun #10 E.Gillman rush middle for 7 yards gain to the USD08 (#13 M.Walsh),0.304923286072843,2025-12-13T21:08:22.000Z,14,54
401833987,4018339878,401833987146,2,2,Montana,Big Sky,10,South Dakota,MVFC,0,Montana,South Dakota,1,3,3,23,77,1,10,7,False,Pass Reception,"(03:55) No Huddle-Shotgun #8 K.Ah Yat pass complete short left to #14 K.Hendrix caught at UM 29, for 7 yards to the UM 30 (#13 M.Walsh; #12 M.Munn)",0.5734544152071602,2025-12-13T21:00:00.000Z,3,43
401833987,4018339878,401833987151,2,3,Montana,Big Sky,10,South Dakota,MVFC,0,Montana,South Dakota,1,3,3,30,70,2,3,6,False,Rush,"(03:24) No Huddle-Shotgun #7 M.Fonoti rush middle for 6 yards gain to the UM 36 (#3 G.Hardman), 1ST DOWN",0.4897100712069057,2025-12-13T21:00:32.000Z,3,18
401833987,4018339878,401833987155,2,4,Montana,Big Sky,10,South Dakota,MVFC,0,Montana,South Dakota,1,3,3,36,64,1,10,4,False,Rush,(02:58) No Huddle-Shotgun #7 M.Fonoti rush middle for 4 yards gain to the UM 40 (#3 G.Hardman),-0.1622709044233037,2025-12-13T21:00:59.000Z,2,52
401833987,4018339878,401833987159,2,5,Montana,Big Sky,10,South Dakota,MVFC,0,Montana,South Dakota,1,3,3,40,60,2,6,6,False,Rush,"(02:36) No Huddle-Shotgun #7 M.Fonoti rush left for 6 yards gain to the UM 46 (#52 M.Newsom; #50 C.Dixon), 1ST DOWN",1.1245659745134267,2025-12-13T21:01:19.000Z,2,28
401833987,4018339878,401833987163,2,6,Montana,Big Sky,10,South Dakota,MVFC,0,Montana,South Dakota,1,3,3,46,54,1,10,8,False,Pass Reception,"(02:01) No Huddle-Shotgun #8 K.Ah Yat pass complete short middle to #6 M.Wortham caught at USD48, for 8 yards to the USD46 (#1 R.Tillmon)",0.9228976525664996,2025-12-13T21:01:58.000Z,1,48
401833987,4018339878,401833987168,2,7,Montana,Big Sky,10,South Dakota,MVFC,0,Montana,South Dakota,1,3,3,54,46,2,2,5,False,Penalty,"(01:36) No Huddle-Shotgun #7 M.Fonoti rush middle for 1 yard loss to the USD47 (#50 C.Dixon) PENALTY USD Illegal Substitution 5 yards from USD46 to USD41, 1ST DOWN. NO PLAY",,2025-12-13T21:02:30.000Z,1,36
401833987,4018339878,401833987173,2,8,Montana,Big Sky,10,South Dakota,MVFC,0,Montana,South Dakota,1,3,3,59,41,1,10,0,False,Rush,(01:18) No Huddle-Shotgun #10 E.Gillman rush middle for 0 yards to the USD41 (#95 C.Hooper),-0.8772679222659558,2025-12-13T21:03:10.000Z,1,14
401833987,4018339878,401833987177,2,9,Montana,Big Sky,10,South Dakota,MVFC,0,Montana,South Dakota,1,3,3,59,41,2,10,4,False,Pass Reception,"(00:48) No Huddle-Shotgun #8 K.Ah Yat pass complete short middle to #81 J.Gale caught at USD38, for 4 yards to the USD37 (#13 M.Walsh)",-0.147252016207803,2025-12-13T21:03:46.000Z,0,35
401833987,4018339878,401833987182,2,10,Montana,Big Sky,10,South Dakota,MVFC,0,Montana,South Dakota,1,3,3,63,37,3,6,22,False,Pass Reception,"(00:11) No Huddle-Shotgun #8 K.Ah Yat pass complete short middle to #6 M.Wortham caught at USD20, for 22 yards to the USD15 (#1 R.Tillmon), 1ST DOWN",1.7068404748051953,2025-12-13T21:04:24.000Z,0,11
401833987,4018339878,401833987197,2,12,Montana,Big Sky,10,South Dakota,MVFC,0,Montana,South Dakota,2,3,3,92,8,2,3,1,False,Rush,(14:13) No Huddle-Shotgun #6 M.Wortham rush middle for 1 yard gain to the USD07 (#92 B.McGannon; #10 C.Crawford),-0.345627155885474,2025-12-13T21:09:10.000Z,14,9
401833987,4018339878,401833987201,2,13,Montana,Big Sky,10,South Dakota,MVFC,0,Montana,South Dakota,2,3,3,93,7,3,2,0,False,Pass Incompletion,(13:45) No Huddle-Shotgun #8 K.Ah Yat pass incomplete short right to #3 B.Davis thrown to USD00 broken up by #25 R.Stewart,-0.353945497523062,2025-12-13T21:09:42.000Z,13,45
401833987,4018339878,401833987204,2,14,Montana,Big Sky,10,South Dakota,MVFC,0,Montana,South Dakota,2,3,3,93,7,4,2,6,False,Pass Reception,"(13:44) No Huddle-Shotgun #8 K.Ah Yat pass complete short right to #4 B.Bohannon caught at USD02, for 6 yards to the USD01 (#12 M.Munn), 1ST DOWN",2.014827181780333,2025-12-13T21:10:23.000Z,13,29
401833987,4018339878,401833987214,2,16,Montana,Big Sky,17,South Dakota,MVFC,0,Montana,South Dakota,2,3,3,99,1,1,1,1,True,Rushing Touchdown,"(12:40) No Huddle-Shotgun #10 E.Gillman rush middle for 1 yard gain to the USD00 TOUCHDOWN, clock 12:37 #46 J.Silver kick attempt good (H: #3 B.Davis, LS: #43 G.Pibal)",0.938021275120443,2025-12-13T21:11:52.000Z,12,37
401833987,40183398710,401833987221,6,1,Montana,Big Sky,17,South Dakota,MVFC,0,Montana,South Dakota,2,3,2,35,65,1,10,0,False,Kickoff,"(12:37) #36 T.Morrison kickoff 65 yards to the USD00, Touchback",,2025-12-13T21:12:36.000Z,12,37
401833987,40183398710,401833987232,6,4,South Dakota,MVFC,0,Montana,Big Sky,17,Montana,South Dakota,2,2,3,75,75,3,10,5,False,Penalty,PENALTY USD False Start (#74 A.Crim) 5 yards from USD25 to USD20. NO PLAY,,2025-12-13T21:15:49.000Z,11,22
401833987,40183398710,401833987237,6,5,South Dakota,MVFC,0,Montana,Big Sky,17,Montana,South Dakota,2,2,3,80,80,3,15,5,False,Penalty,PENALTY USD False Start (#74 A.Crim) 5 yards from USD20 to USD15. NO PLAY,,2025-12-13T21:16:36.000Z,10,48
401833987,40183398710,401833987245,6,7,South Dakota,MVFC,0,Montana,Big Sky,17,Montana,South Dakota,2,2,3,82,82,4,17,0,False,Punt,"(09:55) #32 T.Ebel punt 52 yards to the UM 30, out of bounds at UM 30",,2025-12-13T21:17:57.000Z,9,51
401833987,40183398710,401833987224,6,2,South Dakota,MVFC,0,Montana,Big Sky,17,Montana,South Dakota,2,2,3,75,75,1,10,-2,False,Rush,(12:36) #24 L.Phillips Jr. rush middle for 2 yards loss to the USD23 (#45 C.Otlewski),-0.8852575132705454,2025-12-13T21:14:25.000Z,12,27
401833987,40183398710,401833987228,6,3,South Dakota,MVFC,0,Montana,Big Sky,17,Montana,South Dakota,2,2,3,77,77,2,12,2,False,Rush,(11:53) #24 L.Phillips Jr. rush middle for 2 yards gain to the USD25 (#5 K.Loud; #45 C.Otlewski),-0.16481738589484518,2025-12-13T21:15:09.000Z,11,44
401833987,40183398710,401833987240,6,6,South Dakota,MVFC,0,Montana,Big Sky,17,Montana,South Dakota,2,2,3,85,85,3,20,3,False,Pass Reception,"(10:34) Shotgun #2 A.Bouman pass complete short right to #85 B.White caught at USD15, for 3 yards to the USD18 (#8 K.Lawler)",-0.012378418912423,2025-12-13T21:17:15.000Z,10,21
401833987,40183398711,401833987260,7,4,Montana,Big Sky,17,South Dakota,MVFC,0,Montana,South Dakota,2,3,2,31,69,4,9,0,False,Punt,(08:49) #36 T.Morrison punt 42 yards to the USD27 fair catch by #15 J.Martens at USD27,,2025-12-13T21:21:58.000Z,8,49
401833987,40183398711,401833987250,7,1,Montana,Big Sky,17,South Dakota,MVFC,0,Montana,South Dakota,2,3,2,30,70,1,10,0,False,Pass Incompletion,(09:47) No Huddle-Shotgun #8 K.Ah Yat pass incomplete deep right to #3 B.Davis thrown to USD50,-0.8627910327708888,2025-12-13T21:19:56.000Z,9,46
401833987,40183398711,401833987253,7,2,Montana,Big Sky,17,South Dakota,MVFC,0,Montana,South Dakota,2,3,2,30,70,2,10,1,False,Rush,(09:44) No Huddle-Shotgun #10 E.Gillman rush right for 1 yard gain to the UM 31 (#52 M.Newsom),-0.38740277052736527,2025-12-13T21:20:30.000Z,9,34
401833987,40183398711,401833987257,7,3,Montana,Big Sky,17,South Dakota,MVFC,0,Montana,South Dakota,2,3,2,31,69,3,9,0,False,Pass Incompletion,(08:59) No Huddle-Shotgun #8 K.Ah Yat pass incomplete short right to #3 B.Davis thrown to UM 43,-0.2586756906469123,2025-12-13T21:21:14.000Z,8,56
401833987,40183398712,401833987274,8,4,South Dakota,MVFC,0,Montana,Big Sky,17,Montana,South Dakota,2,2,3,73,73,4,10,9,False,Punt Return,(07:53) #32 T.Ebel punt 55 yards to the UM 18 #2 D.Deck return 33 yards to the USD49 (#32 T.Ebel) PENALTY UM  Illegal Block in Back (#30 K.Cutler) 10 yards from UM 27 to UM 17,,2025-12-13T21:25:56.000Z,7,41
401833987,40183398712,401833987267,8,2,South Dakota,MVFC,0,Montana,Big Sky,17,Montana,South Dakota,2,2,3,73,73,2,10,0,False,Rush,(08:42) Shotgun #24 L.Phillips Jr. rush left for 0 yards to the USD27 (#57 J.Mason; #32 P.Wing),-0.389084322022601,2025-12-13T21:24:32.000Z,8,33
401833987,40183398712,401833987264,8,1,South Dakota,MVFC,0,Montana,Big Sky,17,Montana,South Dakota,2,2,3,73,73,1,10,0,False,Pass Incompletion,(08:46) Shotgun #2 A.Bouman pass incomplete short middle to #83 J.Miller thrown to USD40 QB hurried by #24 D.Wilkinson,-0.766047035673644,2025-12-13T21:23:56.000Z,8,44
401833987,40183398712,401833987271,8,3,South Dakota,MVFC,0,Montana,Big Sky,17,Montana,South Dakota,2,2,3,73,73,3,10,0,False,Pass Incompletion,(07:57) Shotgun #2 A.Bouman pass incomplete deep right to #1 L.Fenner thrown to UM 48,-0.1804830205618213,2025-12-13T21:25:18.000Z,7,55
401833987,40183398713,401833987281,9,1,Montana,Big Sky,17,South Dakota,MVFC,0,Montana,South Dakota,2,3,2,17,83,1,10,9,False,Rush,(07:34) No Huddle-Shotgun #10 E.Gillman rush right for 9 yards gain to the UM 26 (#2 D.Lewis),1.023085236154417,2025-12-13T21:28:27.000Z,7,30
401833987,40183398713,401833987285,9,2,Montana,Big Sky,17,South Dakota,MVFC,0,Montana,South Dakota,2,3,2,26,74,2,1,5,False,Rush,"(07:07) No Huddle-Shotgun #7 M.Fonoti rush right for 5 yards gain to the UM 31 (#25 R.Stewart), 1ST DOWN",-0.0951936587178092,2025-12-13T21:28:59.000Z,7,2
401833987,40183398713,401833987289,9,3,Montana,Big Sky,17,South Dakota,MVFC,0,Montana,South Dakota,2,3,2,31,69,1,10,0,False,Rush,(06:37) No Huddle-Shotgun #10 E.Gillman rush middle for 0 yards to the UM 31 (#52 M.Newsom),-0.8947814664467213,2025-12-13T21:29:29.000Z,6,32
401833987,40183398713,401833987293,9,4,Montana,Big Sky,17,South Dakota,MVFC,0,Montana,South Dakota,2,3,2,31,69,2,10,16,False,Pass Reception,"(06:08) No Huddle-Shotgun #8 K.Ah Yat pass complete short right to #6 M.Wortham caught at UM 46, for 16 yards to the UM 47, out of bounds at UM 47, 1ST DOWN",2.4067730379884633,2025-12-13T21:30:02.000Z,5,54
401833987,40183398713,401833987298,9,5,Montana,Big Sky,24,South Dakota,MVFC,0,Montana,South Dakota,2,3,2,47,53,1,10,53,True,Passing Touchdown,"(05:37) No Huddle-Shotgun #8 K.Ah Yat pass complete short middle to #6 M.Wortham caught at USD40, for 53 yards to the USD00 TOUCHDOWN, clock 05:30, 1ST DOWN #46 J.Silver kick attempt good (H: #3 B.Davis, LS: #43 G.Pibal)",4.095299433573308,2025-12-13T21:30:36.000Z,5,30
401833987,40183398715,401833987306,10,1,Montana,Big Sky,24,South Dakota,MVFC,0,Montana,South Dakota,2,3,2,35,65,1,10,0,False,Kickoff,(05:30) #36 T.Morrison kickoff 63 yards to the USD02 fair catch by #9 T.Bryant at USD02,,2025-12-13T21:31:20.000Z,5,30
401833987,40183398715,401833987338,10,8,South Dakota,MVFC,0,Montana,Big Sky,24,Montana,South Dakota,2,1,3,32,32,1,10,0,False,Timeout,"Timeout South Dakota, clock 02:00",,2025-12-13T21:37:07.000Z,2,0
401833987,40183398715,401833987341,10,10,South Dakota,MVFC,0,Montana,Big Sky,24,Montana,South Dakota,2,1,3,23,23,3,1,5,False,Penalty,PENALTY USD False Start (#74 A.Crim) 5 yards from UM 23 to UM 28. NO PLAY,,2025-12-13T21:40:06.000Z,1,15
401833987,40183398715,401833987350,10,11,Montana,Big Sky,24,South Dakota,MVFC,0,Montana,South Dakota,2,2,1,28,72,3,6,0,False,Timeout,"Timeout Montana, clock 00:41",,2025-12-13T21:41:48.000Z,0,41
401833987,40183398715,401833987309,10,2,South Dakota,MVFC,0,Montana,Big Sky,24,Montana,South Dakota,2,2,3,75,75,1,10,7,False,Pass Reception,"(05:29) Shotgun #2 A.Bouman pass complete short middle to #89 Z.Witte caught at USD30, for 7 yards to the USD32 (#30 K.Cutler; #58 S.Tuliaupupu)",0.604642460086338,2025-12-13T21:33:26.000Z,5,15
401833987,40183398715,401833987314,10,3,South Dakota,MVFC,0,Montana,Big Sky,24,Montana,South Dakota,2,2,3,68,68,2,3,17,False,Rush,"(04:52) Shotgun #24 L.Phillips Jr. rush middle for 17 yards gain to the USD49 (#56 H.Peck), 1ST DOWN",1.5497454557420445,2025-12-13T21:34:05.000Z,4,42
401833987,40183398715,401833987318,10,4,South Dakota,MVFC,0,Montana,Big Sky,24,Montana,South Dakota,2,2,3,51,51,1,10,-2,False,Rush,(04:13) Shotgun #7 K.Jones-Logan rush left for 2 yards loss to the USD47 (#45 C.Otlewski; #56 H.Peck),-1.5881457651407354,2025-12-13T21:34:42.000Z,4,6
401833987,40183398715,401833987323,10,5,South Dakota,MVFC,0,Montana,Big Sky,24,Montana,South Dakota,2,2,3,53,53,2,12,2,False,Rush,(03:28) Shotgun #24 L.Phillips Jr. rush middle for 2 yards gain to the USD49 (#45 C.Otlewski),-0.5477950528310469,2025-12-13T21:35:23.000Z,3,23
401833987,40183398715,401833987327,10,6,South Dakota,MVFC,0,Montana,Big Sky,24,Montana,South Dakota,2,2,3,51,51,3,10,19,False,Pass Reception,"(02:55) Shotgun #2 A.Bouman pass complete short middle to #15 J.Martens caught at UM 38, for 19 yards to the UM 32 (#32 P.Wing; #6 P.Ford), 1ST DOWN",3.187788596275759,2025-12-13T21:36:03.000Z,2,39
401833987,40183398715,401833987332,10,7,South Dakota,MVFC,0,Montana,Big Sky,24,Montana,South Dakota,2,2,3,32,32,1,10,6,False,Rush,(02:13) #24 L.Phillips Jr. rush middle for 6 yards gain to the UM 26 (#45 C.Otlewski),0.2192055064438754,2025-12-13T21:36:43.000Z,2,7
401833987,40183398715,401833987336,10,9,South Dakota,MVFC,0,Montana,Big Sky,24,Montana,South Dakota,2,1,3,26,26,2,4,3,False,Rush,(01:59) #24 L.Phillips Jr. rush middle for 3 yards gain to the UM 23 (#32 P.Wing; #90 J.Ramos),-0.1948348121065365,2025-12-13T21:39:24.000Z,1,48
401833987,40183398715,401833987344,10,12,South Dakota,MVFC,0,Montana,Big Sky,24,Montana,South Dakota,2,1,2,28,28,3,6,5,False,Rush,(00:45) Shotgun #24 L.Phillips Jr. rush middle for 5 yards gain to the UM 23 (#24 D.Wilkinson),0.05764595241822,2025-12-13T21:41:12.000Z,0,39
401833987,40183398715,401833987348,10,13,South Dakota,MVFC,7,Montana,Big Sky,24,Montana,South Dakota,2,1,2,23,23,4,1,23,True,Rushing Touchdown,"(00:40) #24 L.Phillips Jr. rush left for 23 yards gain to the UM 00 TOUCHDOWN, clock 00:34, 1ST DOWN #15 W.Leyland kick attempt good (H: #32 T.Ebel, LS: #41 D.Viscum)",3.523578103610692,2025-12-13T21:42:42.000Z,0,34
401833987,40183398717,401833987358,11,1,South Dakota,MVFC,7,Montana,Big Sky,24,Montana,South Dakota,2,1,2,65,65,1,10,1,False,Kickoff,(00:32) #39 Z.Mata kickoff 55 yards to the UM 10 #6 M.Wortham return 1 yard to the UM 11 (#54 C.Wallner),,2025-12-13T21:46:04.000Z,0,30
401833987,40183398717,401833987369,11,3,Montana,Big Sky,24,South Dakota,MVFC,7,Montana,South Dakota,2,2,1,11,89,1,10,2,False,End Period,End of 2nd quarter.,-0.23728395737570995,2025-12-13T21:47:20.000Z,0,0
401833987,40183398717,401833987363,11,2,Montana,Big Sky,24,South Dakota,MVFC,7,Montana,South Dakota,2,2,1,11,89,1,10,2,False,Rush,(00:28) No Huddle-Shotgun #21 S.Rocker Jr. rush middle for 2 yards gain to the UM 13 (#8 N.Dickel),-0.23728395737570995,2025-12-13T21:46:49.000Z,0,28
401833987,40183398719,401833987374,12,1,Montana,Big Sky,24,South Dakota,MVFC,7,Montana,South Dakota,3,3,3,35,65,1,10,0,False,Kickoff,"(15:00) #36 T.Morrison kickoff 65 yards to the USD00, Touchback",,2025-12-13T22:04:36.000Z,15,0
401833987,40183398719,401833987379,12,2,South Dakota,MVFC,7,Montana,Big Sky,24,Montana,South Dakota,3,3,3,75,75,1,10,3,False,Rush,(14:59) Shotgun #24 L.Phillips Jr. rush right for 3 yards gain to the USD28 (#5 K.Loud; #56 H.Peck),-0.2957674139440157,2025-12-13T22:09:20.000Z,14,48
401833987,40183398719,401833987383,12,3,South Dakota,MVFC,7,Montana,Big Sky,24,Montana,South Dakota,3,3,3,72,72,2,7,6,False,Pass Reception,"(14:20) Shotgun #2 A.Bouman pass complete short middle to #89 Z.Witte caught at USD33, for 6 yards to the USD34 (#10 T.Rausch)",0.272733551995068,2025-12-13T22:09:58.000Z,14,5
401833987,40183398719,401833987388,12,4,South Dakota,MVFC,7,Montana,Big Sky,24,Montana,South Dakota,3,3,3,66,66,3,1,2,False,Rush,"(13:41) Shotgun #24 L.Phillips Jr. rush middle for 2 yards gain to the USD36 (#32 P.Wing), 1ST DOWN",0.9535963738949382,2025-12-13T22:10:35.000Z,13,33
401833987,40183398719,401833987392,12,5,South Dakota,MVFC,7,Montana,Big Sky,24,Montana,South Dakota,3,3,3,64,64,1,10,0,False,Pass Incompletion,(13:06) #2 A.Bouman pass incomplete deep right to #1 L.Fenner thrown to UM 32,-1.041155320344064,2025-12-13T22:11:15.000Z,12,59
401833987,40183398719,401833987395,12,6,South Dakota,MVFC,7,Montana,Big Sky,24,Montana,South Dakota,3,3,3,64,64,2,10,0,False,Rush,(12:58) #33 C.Fletcher rush middle for 0 yards to the USD36 (#58 S.Tuliaupupu),-0.6310378338259923,2025-12-13T22:11:58.000Z,12,53
401833987,40183398719,401833987399,12,7,South Dakota,MVFC,7,Montana,Big Sky,24,Montana,South Dakota,3,3,3,64,64,3,10,0,False,Pass Incompletion,(12:22) #2 A.Bouman pass incomplete short right to #1 L.Fenner thrown to USD44,-0.32221199814427326,2025-12-13T22:12:41.000Z,12,19
401833987,40183398719,401833987402,12,8,South Dakota,MVFC,7,Montana,Big Sky,31,Montana,South Dakota,3,3,3,64,64,4,10,93,True,Punt Return Touchdown,"(12:15) #32 T.Ebel punt 57 yards to the UM 07 #2 D.Deck return 93 yards to the USD00 TOUCHDOWN, clock 11:58 #46 J.Silver kick attempt good (H: #3 B.Davis, LS: #43 G.Pibal)",-6.8584022399103395,2025-12-13T22:13:19.000Z,11,58
401833987,40183398721,401833987410,13,1,Montana,Big Sky,31,South Dakota,MVFC,7,Montana,South Dakota,3,3,3,35,65,1,10,18,False,Kickoff,(11:58) #36 T.Morrison kickoff 65 yards to the USD00 #85 B.White return 18 yards to the USD18 (#17 K.Boyd),,2025-12-13T22:16:31.000Z,11,53
401833987,40183398721,401833987419,13,3,South Dakota,MVFC,7,Montana,Big Sky,31,Montana,South Dakota,3,3,3,81,81,2,9,5,False,Penalty,PENALTY USD False Start (#74 A.Crim) 5 yards from USD19 to USD14. NO PLAY,,2025-12-13T22:17:57.000Z,11,17
401833987,40183398721,401833987440,13,8,South Dakota,MVFC,7,Montana,Big Sky,31,Montana,South Dakota,3,3,3,55,55,1,10,5,False,Penalty,(08:19) PENALTY USD False Start (#83 J.Miller) 5 yards from USD45 to USD40. NO PLAY,,2025-12-13T22:21:19.000Z,8,20
401833987,40183398721,401833987415,13,2,South Dakota,MVFC,7,Montana,Big Sky,31,Montana,South Dakota,3,3,3,82,82,1,10,1,False,Rush,(11:51) #5 R.Watkins rush middle for 1 yard gain to the USD19 (#32 P.Wing; #24 D.Wilkinson),-0.42674776130514314,2025-12-13T22:17:21.000Z,11,40
401833987,40183398721,401833987422,13,4,South Dakota,MVFC,7,Montana,Big Sky,31,Montana,South Dakota,3,3,3,86,86,2,14,4,False,Rush,(11:00) #33 C.Fletcher rush middle for 4 yards gain to the USD18 (#10 T.Rausch; #45 C.Otlewski),-0.02015787931100287,2025-12-13T22:18:38.000Z,10,53
401833987,40183398721,401833987426,13,5,South Dakota,MVFC,7,Montana,Big Sky,31,Montana,South Dakota,3,3,3,82,82,3,10,10,False,Pass Reception,"(10:20) Shotgun #2 A.Bouman pass complete short middle to #83 J.Miller caught at USD21, for 10 yards to the USD28 (#10 T.Rausch), 1ST DOWN",1.373751912525364,2025-12-13T22:19:23.000Z,10,4
401833987,40183398721,401833987431,13,6,South Dakota,MVFC,7,Montana,Big Sky,31,Montana,South Dakota,3,3,3,72,72,1,10,-1,False,Rush,(09:35) Shotgun #33 C.Fletcher rush middle for 1 yard loss to the USD27 (#11 E.Tolbert; #47 K.Detrick),-0.9133346639440578,2025-12-13T22:20:06.000Z,9,25
401833987,40183398721,401833987435,13,7,South Dakota,MVFC,7,Montana,Big Sky,31,Montana,South Dakota,3,3,3,73,73,2,11,18,False,Pass Reception,"(08:55) Shotgun #2 A.Bouman pass complete short middle to #1 L.Fenner caught at USD45, for 18 yards to the USD45 (#10 T.Rausch), 1ST DOWN",2.492354138893745,2025-12-13T22:20:45.000Z,8,41
401833987,40183398721,401833987443,13,9,South Dakota,MVFC,7,Montana,Big Sky,31,Montana,South Dakota,3,3,3,60,60,1,15,4,False,Rush,(07:57) Shotgun #7 K.Jones-Logan rush right for 4 yards gain to the USD44 (#11 E.Tolbert; #24 D.Wilkinson),-0.1552996984348046,2025-12-13T22:22:05.000Z,7,46
401833987,40183398721,401833987447,13,10,South Dakota,MVFC,7,Montana,Big Sky,31,Montana,South Dakota,3,3,3,56,56,2,11,0,False,Pass Incompletion,(07:19) Shotgun #2 A.Bouman pass incomplete short right to #15 J.Martens thrown to UM 45 QB hurried by #32 P.Wing,-0.832728914489671,2025-12-13T22:22:43.000Z,7,15
401833987,40183398721,401833987450,13,11,South Dakota,MVFC,7,Montana,Big Sky,31,Montana,South Dakota,3,3,3,56,56,3,11,12,False,Pass Reception,"(07:14) Shotgun #2 A.Bouman pass complete short middle to #6 T.Boze caught at UM 44, for 12 yards to the UM 44 (#6 P.Ford), 1ST DOWN",3.0803004369231974,2025-12-13T22:23:32.000Z,6,54
401833987,40183398721,401833987455,13,12,South Dakota,MVFC,7,Montana,Big Sky,31,Montana,South Dakota,3,3,3,44,44,1,10,8,False,Rush,(06:37) Shotgun #5 R.Watkins rush middle for 8 yards gain to the UM 36 (#2 M.Harper; #24 D.Wilkinson),0.7112152626061283,2025-12-13T22:24:06.000Z,6,29
401833987,40183398721,401833987459,13,13,South Dakota,MVFC,7,Montana,Big Sky,31,Montana,South Dakota,3,3,3,36,36,2,2,4,False,Rush,"(06:00) Shotgun #5 R.Watkins rush middle for 4 yards gain to the UM 32 (#45 C.Otlewski), 1ST DOWN",-0.1698523306850694,2025-12-13T22:24:39.000Z,5,55
401833987,40183398721,401833987463,13,14,South Dakota,MVFC,7,Montana,Big Sky,31,Montana,South Dakota,3,3,3,32,32,1,10,4,False,Rush,(05:22) Shotgun #5 R.Watkins rush middle for 4 yards gain to the UM 28 (#8 K.Lawler; #2 M.Harper),-0.0558269791892986,2025-12-13T22:25:21.000Z,5,13
401833987,40183398721,401833987467,13,15,South Dakota,MVFC,7,Montana,Big Sky,31,Montana,South Dakota,3,3,3,28,28,2,6,0,False,Pass Incompletion,(04:48) Shotgun #2 A.Bouman pass incomplete deep right to #89 Z.Witte thrown to UM 04,-0.653877651250651,2025-12-13T22:27:50.000Z,4,45
401833987,40183398721,401833987470,13,16,South Dakota,MVFC,7,Montana,Big Sky,31,Montana,South Dakota,3,3,3,28,28,3,6,7,False,Rush,"(04:43) Shotgun #9 T.Bryant rush left for 7 yards gain to the UM 21 (#97 H.Schwartz; #24 D.Wilkinson), 1ST DOWN",0.948927242233419,2025-12-13T22:28:31.000Z,4,28
401833987,40183398721,401833987474,13,17,South Dakota,MVFC,7,Montana,Big Sky,31,Montana,South Dakota,3,3,3,21,21,1,10,-1,False,Sack,(03:58) Shotgun #2 A.Bouman pass incomplete short left to #89 Z.Witte thrown to UM 20 QB hurried by #6 P.Ford PENALTY USD Intentional Grounding (#2 A.Bouman) 10 yards from UM 20 to UM 30,-0.479995909902588,2025-12-13T22:29:15.000Z,3,56
401833987,40183398721,401833987481,13,18,South Dakota,MVFC,7,Montana,Big Sky,31,Montana,South Dakota,3,3,3,30,30,2,19,1,False,Rush,(03:33) Shotgun #5 R.Watkins rush middle for 1 yard gain to the UM 29 (#99 B.Bailey; #45 C.Otlewski),-0.755836726345864,2025-12-13T22:30:41.000Z,3,28
401833987,40183398721,401833987485,13,19,South Dakota,MVFC,7,Montana,Big Sky,31,Montana,South Dakota,3,3,3,29,29,3,18,8,False,Rush,(03:09) Shotgun #33 C.Fletcher rush middle for 8 yards gain to the UM 21 (#45 C.Otlewski; #97 H.Schwartz),0.6559754980576784,2025-12-13T22:31:05.000Z,3,0
401833987,40183398721,401833987489,13,20,South Dakota,MVFC,7,Montana,Big Sky,31,Montana,South Dakota,3,3,3,21,21,4,10,0,False,Pass Incompletion,"(02:25) Shotgun #2 A.Bouman pass incomplete deep right to #1 L.Fenner thrown to UM 00 broken up by #8 K.Lawler, TURNOVER ON DOWNS",-2.7202344504342104,2025-12-13T22:31:53.000Z,2,22
401833987,40183398722,401833987493,14,1,Montana,Big Sky,31,South Dakota,MVFC,7,Montana,South Dakota,3,3,3,21,79,1,10,7,False,Pass Reception,"(02:18) No Huddle-Shotgun #8 K.Ah Yat pass complete short left to #6 M.Wortham caught at UM 19, for 7 yards to the UM 28 (#0 N.Ewell)",0.5413772358558367,2025-12-13T22:33:56.000Z,2,10
401833987,40183398722,401833987498,14,2,Montana,Big Sky,31,South Dakota,MVFC,7,Montana,South Dakota,3,3,3,28,72,2,3,9,False,Pass Reception,"(01:48) No Huddle-Shotgun #8 K.Ah Yat pass complete short right to #6 M.Wortham caught at UM 26, for 9 yards to the UM 37, out of bounds at UM 37, 1ST DOWN",0.7386467603835688,2025-12-13T22:34:31.000Z,1,37
401833987,40183398722,401833987504,14,3,Montana,Big Sky,31,South Dakota,MVFC,7,Montana,South Dakota,3,3,3,37,63,1,10,8,False,Rush,(01:11) No Huddle-Shotgun #10 E.Gillman rush middle for 8 yards gain to the UM 45 (#3 G.Hardman; #0 N.Ewell),1.0359877217814513,2025-12-13T22:35:07.000Z,1,6
401833987,40183398722,401833987508,14,4,Montana,Big Sky,31,South Dakota,MVFC,7,Montana,South Dakota,3,3,3,45,55,2,2,4,False,Rush,"(00:40) No Huddle-Shotgun #10 E.Gillman rush middle for 4 yards gain to the UM 49 (#2 D.Lewis; #52 M.Newsom), 1ST DOWN",0.09115586790336,2025-12-13T22:35:38.000Z,0,40
401833987,40183398722,401833987514,14,5,Montana,Big Sky,31,South Dakota,MVFC,7,Montana,South Dakota,3,3,3,45,55,2,2,4,False,End Period,End of 3rd quarter.,0.09115586790336,2025-12-13T22:36:22.000Z,0,0
401833987,40183398722,401833987518,14,6,Montana,Big Sky,38,South Dakota,MVFC,7,Montana,South Dakota,4,3,3,49,51,1,10,51,True,Passing Touchdown,"(14:59) No Huddle-Shotgun #8 K.Ah Yat pass complete deep middle to #6 M.Wortham caught at USD10, for 51 yards to the USD00 TOUCHDOWN, clock 14:53, 1ST DOWN #46 J.Silver kick attempt good (H: #3 B.Davis, LS: #43 G.Pibal)",3.923367203892939,2025-12-13T22:39:47.000Z,14,53
401833987,40183398724,401833987528,15,1,Montana,Big Sky,38,South Dakota,MVFC,7,Montana,South Dakota,4,3,3,35,65,1,10,0,False,Kickoff,"(14:53) #36 T.Morrison kickoff 65 yards to the USD00, Touchback",,2025-12-13T22:40:30.000Z,14,53
401833987,40183398724,401833987531,15,2,South Dakota,MVFC,7,Montana,Big Sky,38,Montana,South Dakota,4,3,3,75,75,1,10,5,False,Penalty,PENALTY USD False Start (#75 J.Arop) 5 yards from USD25 to USD20. NO PLAY,,2025-12-13T22:43:21.000Z,14,53
401833987,40183398724,401833987534,15,3,South Dakota,MVFC,7,Montana,Big Sky,38,Montana,South Dakota,4,3,3,80,80,1,15,11,False,Pass Reception,"(14:51) Shotgun #2 A.Bouman pass complete short middle to #5 R.Watkins caught at USD24, for 11 yards to the USD31 (#31 G.Leonard)",1.074792779302216,2025-12-13T22:43:54.000Z,14,32
401833987,40183398724,401833987539,15,4,South Dakota,MVFC,7,Montana,Big Sky,38,Montana,South Dakota,4,3,3,69,69,2,4,0,False,Pass Incompletion,(14:12) Shotgun #2 A.Bouman pass incomplete short left to #5 R.Watkins thrown to USD30,-0.8681070846083454,2025-12-13T22:44:33.000Z,14,12
401833987,40183398724,401833987542,15,5,South Dakota,MVFC,7,Montana,Big Sky,38,Montana,South Dakota,4,3,3,69,69,3,4,0,False,Pass Incompletion,(14:09) Shotgun #2 A.Bouman pass incomplete short right to #6 T.Boze thrown to USD35,-0.43770162015070735,2025-12-13T22:45:12.000Z,14,8
401833987,40183398724,401833987545,15,6,South Dakota,MVFC,14,Montana,Big Sky,38,Montana,South Dakota,4,3,3,69,69,4,4,69,True,Passing Touchdown,"(14:07) Shotgun #2 A.Bouman pass complete short left to #15 J.Martens caught at USD35, for 69 yards to the UM 00 TOUCHDOWN, clock 13:51, 1ST DOWN #15 W.Leyland kick attempt good (H: #32 T.Ebel, LS: #41 D.Viscum)",7.050189023427806,2025-12-13T22:45:55.000Z,13,51
401833987,40183398726,401833987553,16,1,South Dakota,MVFC,14,Montana,Big Sky,38,Montana,South Dakota,4,3,3,65,65,1,10,0,False,Kickoff,(13:49) #39 Z.Mata onside kickoff 0 yards to the USD35 PENALTY USD Illegal Touch Of Kick (#17 T.Bounting),,,13,49
401833987,40183398726,401833987561,16,2,South Dakota,MVFC,14,Montana,Big Sky,38,Montana,South Dakota,4,3,3,65,65,1,10,0,False,Kickoff,"(13:33) #39 Z.Mata onside kickoff 9 yards to the USD44, End Of Play",,2025-12-13T22:54:02.000Z,13,21
401833987,40183398726,401833987578,16,6,Montana,Big Sky,38,South Dakota,MVFC,14,Montana,South Dakota,4,3,3,47,53,4,19,0,False,Punt,(12:23) #36 T.Morrison punt 44 yards to the USD09 fair catch by #15 J.Martens at USD09,,2025-12-13T22:56:35.000Z,12,23
401833987,40183398726,401833987565,16,3,Montana,Big Sky,38,South Dakota,MVFC,14,Montana,South Dakota,4,3,3,56,44,1,10,0,False,Pass Incompletion,(12:51) No Huddle-Shotgun #8 K.Ah Yat pass incomplete short right to #6 M.Wortham thrown to USD31 broken up by #25 R.Stewart,-0.9690270974076257,2025-12-13T22:55:10.000Z,12,47
401833987,40183398726,401833987568,16,4,Montana,Big Sky,38,South Dakota,MVFC,14,Montana,South Dakota,4,3,3,56,44,2,10,1,False,Rush,(12:32) No Huddle-Shotgun #10 E.Gillman rush middle for 1 yard gain to the USD43 (#52 M.Newsom) PENALTY UM  UNR: Unnecessary Roughness (#76 P.Matan) 15 yards from USD43 to UM 42,-0.8459382387562879,2025-12-13T22:55:27.000Z,12,28
401833987,40183398726,401833987573,16,5,Montana,Big Sky,38,South Dakota,MVFC,14,Montana,South Dakota,4,3,3,42,58,3,24,5,False,Pass Reception,"(12:26) No Huddle-Shotgun #8 K.Ah Yat pass complete short middle to #21 S.Rocker Jr. caught at UM 44, for 5 yards to the UM 47 (#2 D.Lewis)",0.00962692483215921,2025-12-13T22:56:11.000Z,12,23
401833987,40183398727,401833987597,17,5,South Dakota,MVFC,14,Montana,Big Sky,38,Montana,South Dakota,4,3,3,71,71,2,10,5,False,Penalty,(10:56) Shotgun #2 A.Bouman pass incomplete short right to #15 J.Martens thrown to USD37 broken up by #10 T.Rausch PENALTY UM  Offside (#47 K.Detrick) 5 yards from USD29 to USD34. NO PLAY,,2025-12-13T22:59:27.000Z,10,56
401833987,40183398727,401833987601,17,6,South Dakota,MVFC,14,Montana,Big Sky,38,Montana,South Dakota,4,3,3,66,66,2,5,5,False,Penalty,(10:49) Shotgun #2 A.Bouman pass incomplete short middle to #6 T.Boze thrown to UM 50 PENALTY USD Ineligible Downfield on Pass (#83 J.Miller) 5 yards from USD34 to USD29. NO PLAY,,2025-12-13T23:00:35.000Z,10,49
401833987,40183398727,401833987622,17,11,South Dakota,MVFC,14,Montana,Big Sky,38,Montana,South Dakota,4,3,3,42,42,2,10,5,False,Penalty,PENALTY USD False Start (#68 S.Kohls) 5 yards from UM 42 to UM 47. NO PLAY,,2025-12-13T23:03:22.000Z,9,25
401833987,40183398727,401833987630,17,13,South Dakota,MVFC,14,Montana,Big Sky,38,Montana,South Dakota,4,3,3,35,35,3,3,15,False,Penalty,"(08:56) Shotgun #2 A.Bouman pass incomplete deep right to #8 J.Phelps thrown to UM 15 PENALTY UM  Pass Interference (#6 P.Ford) 15 yards from UM 35 to UM 20, 1ST DOWN. NO PLAY",,2025-12-13T23:04:48.000Z,8,56
401833987,40183398727,401833987642,17,16,South Dakota,MVFC,20,Montana,Big Sky,38,Montana,South Dakota,4,3,3,3,3,0,0,5,False,Penalty,PENALTY USD False Start  5 yards from UM 03 to UM 08. NO PLAY,,2025-12-13T23:07:15.000Z,8,42
401833987,40183398727,401833987582,17,1,South Dakota,MVFC,14,Montana,Big Sky,38,Montana,South Dakota,4,3,3,91,91,1,10,0,False,Pass Incompletion,(12:12) Shotgun #2 A.Bouman pass incomplete short left to #83 J.Miller thrown to USD10,-0.334056406101074,2025-12-13T22:57:03.000Z,12,8
401833987,40183398727,401833987585,17,2,South Dakota,MVFC,14,Montana,Big Sky,38,Montana,South Dakota,4,3,3,91,91,2,10,6,False,Rush,(12:01) Shotgun #33 C.Fletcher rush left for 6 yards gain to the USD15 (#45 C.Otlewski; #17 K.Boyd),0.08868893535470244,2025-12-13T22:57:14.000Z,11,53
401833987,40183398727,401833987589,17,3,South Dakota,MVFC,14,Montana,Big Sky,38,Montana,South Dakota,4,3,3,85,85,3,4,14,False,Pass Reception,"(11:32) Shotgun #2 A.Bouman pass complete short middle to #33 C.Fletcher caught at USD17, for 14 yards to the USD29 (#6 P.Ford), 1ST DOWN",1.291936554016285,2025-12-13T22:57:44.000Z,11,28
401833987,40183398727,401833987594,17,4,South Dakota,MVFC,14,Montana,Big Sky,38,Montana,South Dakota,4,3,3,71,71,1,10,0,False,Pass Incompletion,(11:00) Shotgun #2 A.Bouman pass incomplete short right to #1 L.Fenner thrown to USD40 QB hurried by #37 C.Oven,-0.8305196050291288,2025-12-13T22:58:25.000Z,10,57
401833987,40183398727,401833987605,17,7,South Dakota,MVFC,14,Montana,Big Sky,38,Montana,South Dakota,4,3,3,71,71,2,10,16,False,Pass Reception,"(10:44) Shotgun #2 A.Bouman pass complete short left to #6 T.Boze caught at USD37, for 16 yards to the USD45 (#17 K.Boyd), 1ST DOWN",2.3295232404677284,2025-12-13T23:01:10.000Z,10,38
401833987,40183398727,401833987610,17,8,South Dakota,MVFC,14,Montana,Big Sky,38,Montana,South Dakota,4,3,3,55,55,1,10,9,False,Pass Reception,"(10:19) Shotgun #2 A.Bouman pass complete short middle to #5 R.Watkins caught at UM 49, for 9 yards to the UM 46 (#31 G.Leonard; #37 C.Oven)",1.2321065178353567,2025-12-13T23:01:38.000Z,10,9
401833987,40183398727,401833987615,17,9,South Dakota,MVFC,14,Montana,Big Sky,38,Montana,South Dakota,4,3,3,46,46,2,1,4,False,Rush,"(09:56) Shotgun #2 A.Bouman rush left for 4 yards gain to the UM 42, out of bounds at UM 42, 1ST DOWN",-0.2504287520911157,2025-12-13T23:02:05.000Z,9,49
401833987,40183398727,401833987619,17,10,South Dakota,MVFC,14,Montana,Big Sky,38,Montana,South Dakota,4,3,3,42,42,1,10,0,False,Pass Incompletion,(09:28) Shotgun #2 A.Bouman pass incomplete deep right to #1 L.Fenner thrown to UM 21,-0.908489395271188,2025-12-13T23:02:37.000Z,9,25
401833987,40183398727,401833987625,17,12,South Dakota,MVFC,14,Montana,Big Sky,38,Montana,South Dakota,4,3,3,47,47,2,15,12,False,Pass Reception,"(09:24) Shotgun #2 A.Bouman pass complete short left to #33 C.Fletcher caught at UM 42, for 12 yards to the UM 35 (#8 K.Lawler)",1.601669364344664,2025-12-13T23:04:03.000Z,9,9
401833987,40183398727,401833987634,17,14,South Dakota,MVFC,14,Montana,Big Sky,38,Montana,South Dakota,4,3,3,20,20,1,10,0,False,Pass Incompletion,(08:54) Shotgun #2 A.Bouman pass incomplete deep middle to #89 Z.Witte thrown to UM 00,-0.374805786232315,2025-12-13T23:05:41.000Z,8,49
401833987,40183398727,401833987637,17,15,South Dakota,MVFC,22,Montana,Big Sky,38,Montana,South Dakota,4,3,3,20,20,2,10,20,True,Passing Touchdown,"(08:47) Shotgun #2 A.Bouman pass complete deep right to #6 T.Boze caught at UM 00, for 20 yards to the UM 00 TOUCHDOWN, clock 08:42, 1ST DOWN #6 T.Boze pass attempt Successful",2.992733515264014,2025-12-13T23:06:34.000Z,8,42
401833987,40183398729,401833987652,18,1,South Dakota,MVFC,22,Montana,Big Sky,38,Montana,South Dakota,4,3,3,65,65,1,10,0,False,Kickoff,"(08:41) #39 Z.Mata kickoff 47 yards to the UM 18 #2 D.Deck return 0 yards to the UM 18, End Of Play",,2025-12-13T23:11:02.000Z,8,41
401833987,40183398729,401833987687,18,9,Montana,Big Sky,38,South Dakota,MVFC,22,Montana,South Dakota,4,3,3,60,40,3,10,10,False,Penalty,"(04:19) No Huddle-Shotgun #8 K.Ah Yat pass complete short middle to #2 D.Deck caught at USD25, for 14 yards to the USD26 (#25 R.Stewart) PENALTY UM  Holding (#79 L.Brown) 10 yards from USD40 to USD50. NO PLAY",,2025-12-13T23:17:39.000Z,4,19
401833987,40183398729,401833987711,18,13,South Dakota,MVFC,22,Montana,Big Sky,38,Montana,South Dakota,4,2,3,91,91,1,9,0,False,Timeout,"Timeout South Dakota, clock 02:46",,2025-12-13T23:22:50.000Z,2,46
401833987,40183398729,401833987657,18,2,Montana,Big Sky,38,South Dakota,MVFC,22,Montana,South Dakota,4,3,3,18,82,1,10,1,False,Rush,(08:40) No Huddle-Shotgun #10 E.Gillman rush middle for 1 yard gain to the UM 19 (#52 M.Newsom),-0.42674776130514314,2025-12-13T23:11:40.000Z,8,32
401833987,40183398729,401833987661,18,3,Montana,Big Sky,38,South Dakota,MVFC,22,Montana,South Dakota,4,3,3,19,81,2,9,1,False,Pass Reception,"(07:54) No Huddle-Shotgun #8 K.Ah Yat pass complete short left to #6 M.Wortham caught at UM 15, for 1 yard to the UM 20 (#3 G.Hardman; #10 C.Crawford) PENALTY USD Face Mask (#3 G.Hardman) 15 yards from UM 20 to UM 35, 1ST DOWN",-0.2346260970604579,2025-12-13T23:12:26.000Z,7,48
401833987,40183398729,401833987667,18,4,Montana,Big Sky,38,South Dakota,MVFC,22,Montana,South Dakota,4,3,3,35,65,1,10,4,False,Rush,(07:23) No Huddle-Shotgun #10 E.Gillman rush middle for 4 yards gain to the UM 39 (#13 M.Walsh),-0.1595952673507188,2025-12-13T23:13:22.000Z,7,15
401833987,40183398729,401833987671,18,5,Montana,Big Sky,38,South Dakota,MVFC,22,Montana,South Dakota,4,3,3,39,61,2,6,-1,False,Rush,(06:36) No Huddle-Shotgun #10 E.Gillman rush middle for 1 yard loss to the UM 38 (#13 M.Walsh),-1.1143890593728267,2025-12-13T23:14:08.000Z,6,30
401833987,40183398729,401833987675,18,6,Montana,Big Sky,38,South Dakota,MVFC,22,Montana,South Dakota,4,3,3,38,62,3,7,22,False,Pass Reception,"(05:54) No Huddle-Shotgun #8 K.Ah Yat pass complete short middle to #6 M.Wortham caught at UM 43, for 22 yards to the USD40, out of bounds at USD40, 1ST DOWN",3.3276521934775394,2025-12-13T23:14:53.000Z,5,41
401833987,40183398729,401833987680,18,7,Montana,Big Sky,38,South Dakota,MVFC,22,Montana,South Dakota,4,3,3,60,40,1,10,0,False,Rush,(05:10) No Huddle-Shotgun #10 E.Gillman rush middle for 0 yards to the USD40 (#50 C.Dixon; #1 R.Tillmon),-0.8457687366186873,2025-12-13T23:15:38.000Z,5,4
401833987,40183398729,401833987684,18,8,Montana,Big Sky,38,South Dakota,MVFC,22,Montana,South Dakota,4,3,3,60,40,2,10,0,False,Pass Incompletion,(04:23) No Huddle-Shotgun #8 K.Ah Yat pass incomplete deep right to #3 B.Davis thrown to USD10,-1.0264463089218037,2025-12-13T23:16:29.000Z,4,23
401833987,40183398729,401833987693,18,10,Montana,Big Sky,38,South Dakota,MVFC,22,Montana,South Dakota,4,3,3,50,50,3,20,21,False,Pass Reception,"(03:51) No Huddle-Shotgun #8 K.Ah Yat pass complete short left to #6 M.Wortham caught at USD48, for 21 yards to the USD29 lateral to #10 E.Gillman for 20 yards gain to the USD29 (#25 R.Stewart), 1ST DOWN. USD is challenging the ruling on the field - ""Backwards pass"". CALL UPHELD",3.971093883789677,2025-12-13T23:18:24.000Z,3,33
401833987,40183398729,401833987700,18,11,Montana,Big Sky,38,South Dakota,MVFC,22,Montana,South Dakota,4,3,3,71,29,1,10,20,False,Pass Reception,"(03:31) No Huddle-Shotgun #8 K.Ah Yat pass complete short right to #81 J.Gale caught at USD12, for 20 yards to the USD09 (#25 R.Stewart), 1ST DOWN",0.364063360951644,2025-12-13T23:21:43.000Z,3,17
401833987,40183398729,401833987705,18,12,Montana,Big Sky,38,South Dakota,MVFC,22,Montana,South Dakota,4,3,3,91,9,1,9,-2,False,Rush,(02:46) No Huddle-Shotgun #10 E.Gillman rush middle for 2 yards loss to the USD11 (#8 N.Dickel),-0.4321682271789485,2025-12-13T23:22:32.000Z,2,46
401833987,40183398729,401833987709,18,14,Montana,Big Sky,45,South Dakota,MVFC,22,Montana,South Dakota,4,3,2,89,11,2,11,11,True,Rushing Touchdown,"(02:40) No Huddle-Shotgun #6 M.Wortham rush right for 11 yards gain to the USD00 TOUCHDOWN, clock 02:40 #46 J.Silver kick attempt good (H: #3 B.Davis, LS: #43 G.Pibal)",2.8564060508254165,2025-12-13T23:23:43.000Z,2,40
401833987,40183398731,401833987717,19,1,Montana,Big Sky,45,South Dakota,MVFC,22,Montana,South Dakota,4,3,2,35,65,1,10,26,False,Kickoff,(02:38) #36 T.Morrison kickoff 65 yards to the USD00 #85 B.White return 26 yards to the USD26 (#40 C.Lentz),,2025-12-13T23:25:29.000Z,2,30
401833987,40183398731,401833987722,19,2,South Dakota,MVFC,22,Montana,Big Sky,45,Montana,South Dakota,4,2,3,74,74,1,10,0,False,Pass Incompletion,(02:28) Shotgun #2 A.Bouman pass incomplete short middle to #89 Z.Witte thrown to USD30,-0.7342478781140684,2025-12-13T23:26:17.000Z,2,28
401833987,40183398731,401833987725,19,3,South Dakota,MVFC,22,Montana,Big Sky,45,Montana,South Dakota,4,2,3,74,74,2,10,0,False,Pass Incompletion,(02:27) Shotgun #2 A.Bouman pass incomplete short middle to #89 Z.Witte thrown to USD28,-0.3675373383433538,2025-12-13T23:26:52.000Z,2,23
401833987,40183398731,401833987728,19,4,South Dakota,MVFC,22,Montana,Big Sky,45,Montana,South Dakota,4,2,3,74,74,3,10,7,False,Pass Interception Return,"(02:21) Shotgun #2 A.Bouman pass intercepted by #32 P.Wing at USD34 QB hurried by #25 B.Beaner #32 P.Wing return 7 yards to the USD27, End Of Play",0.1085615289183881,2025-12-13T23:27:54.000Z,2,15
401833987,40183398732,401833987740,20,2,Montana,Big Sky,45,South Dakota,MVFC,22,Montana,South Dakota,4,2,2,73,27,1,10,0,False,Timeout,"Timeout Montana, clock 02:00",,2025-12-13T23:28:54.000Z,2,0
401833987,40183398732,401833987734,20,1,Montana,Big Sky,45,South Dakota,MVFC,22,Montana,South Dakota,4,3,2,73,27,1,10,1,False,Rush,(02:05) No Huddle-Shotgun #28 H.Jones rush middle for 1 yard gain to the USD26 (#0 N.Ewell; #50 C.Dixon),-0.3748730062798895,2025-12-13T23:28:32.000Z,2,0
401833987,40183398732,401833987738,20,3,Montana,Big Sky,45,South Dakota,MVFC,22,Montana,South Dakota,4,2,2,74,26,2,9,5,False,Rush,(01:57) No Huddle-Shotgun #28 H.Jones rush middle for 5 yards gain to the USD21 (#1 R.Tillmon),0.0531237634274965,2025-12-13T23:30:46.000Z,1,49
401833987,40183398732,401833987743,20,4,Montana,Big Sky,45,South Dakota,MVFC,22,Montana,South Dakota,4,2,2,79,21,3,4,1,False,Rush,(01:18) No Huddle-Shotgun #28 H.Jones rush middle for 1 yard gain to the USD20 (#3 G.Hardman; #8 N.Dickel),-0.4739099145196607,2025-12-13T23:31:25.000Z,1,9
401833987,40183398732,401833987747,20,5,Montana,Big Sky,52,South Dakota,MVFC,22,Montana,South Dakota,4,2,2,80,20,4,3,20,True,Rushing Touchdown,"(00:31) No Huddle-Shotgun #28 H.Jones rush middle for 20 yards gain to the USD00 TOUCHDOWN, clock 00:31, 1ST DOWN #46 J.Silver kick attempt good (H: #3 B.Davis, LS: #43 G.Pibal)",3.5369399987635397,2025-12-13T23:32:13.000Z,0,31
401833987,40183398734,401833987754,21,1,Montana,Big Sky,52,South Dakota,MVFC,22,Montana,South Dakota,4,2,2,35,65,1,10,10,False,Kickoff,(00:31) #36 T.Morrison kickoff 40 yards to the USD25 #81 M.Cowgill return 10 yards to the USD35 (#28 H.Jones),,2025-12-13T23:34:13.000Z,0,26
401833987,40183398734,401833987764,21,3,South Dakota,MVFC,22,Montana,Big Sky,52,Montana,South Dakota,4,2,2,65,65,1,10,-1,False,End of Game,End of 4th quarter.,,2025-12-13T23:35:20.000Z,0,0
401833987,40183398734,401833987759,21,2,South Dakota,MVFC,22,Montana,Big Sky,52,Montana,South Dakota,4,2,2,65,65,1,10,-1,False,Rush,(00:21) Kneel down by #2 A.Bouman at USD34 for loss of 1 yard,-1.1754014811374063,2025-12-13T23:34:57.000Z,0,21
401836219,4018362192,40183621927,1,6,UC Davis,Big Sky,3,Illinois State,MVFC,0,UC Davis,Illinois State,1,3,3,82,18,4,5,35,True,Field Goal Good,"#43 H.Ridley field goal attempt from 35 yards GOOD (H: #36 D.Mauro, LS: #48 J.Adema), clock 13:42",,2025-12-13T22:05:38.000Z,13,42
401836219,4018362192,4018362195,1,1,Illinois State,MVFC,0,UC Davis,Big Sky,0,UC Davis,Illinois State,1,3,3,65,65,1,10,0,False,Kickoff,#31 M.Maldonado kickoff 56 yards to the UCD09 fair catch by #3 Z.Jones at UCD09,,2025-12-13T22:00:58.000Z,15,0
401836219,4018362192,40183621912,1,2,UC Davis,Big Sky,0,Illinois State,MVFC,0,UC Davis,Illinois State,1,3,3,25,75,1,10,52,False,Pass Reception,"Shotgun #12 C.Pinnick pass complete short middle to #8 S.Gbatu, Jr. caught at UCD35, for 52 yards to the ISU23 (#1 S.Nkuba II; #13 P.Bauer), 1ST DOWN",3.413777441650093,2025-12-13T22:03:17.000Z,15,0
401836219,4018362192,40183621917,1,3,UC Davis,Big Sky,0,Illinois State,MVFC,0,UC Davis,Illinois State,1,3,3,77,23,1,10,5,False,Rush,No Huddle-Shotgun #20 J.Fisher rush middle for 5 yards gain to the ISU18 (#14 M.Kaplan),0.0748292871583285,2025-12-13T22:03:48.000Z,15,0
401836219,4018362192,40183621921,1,4,UC Davis,Big Sky,0,Illinois State,MVFC,0,UC Davis,Illinois State,1,3,3,82,18,2,5,0,False,Pass Incompletion,No Huddle-Shotgun #12 C.Pinnick pass incomplete short middle to #20 J.Fisher thrown to ISU15,-0.4481008553640163,2025-12-13T22:04:24.000Z,15,0
401836219,4018362192,40183621924,1,5,UC Davis,Big Sky,0,Illinois State,MVFC,0,UC Davis,Illinois State,1,3,3,82,18,3,5,0,False,Pass Incompletion,"No Huddle-Shotgun #12 C.Pinnick pass incomplete short middle to #8 S.Gbatu, Jr. thrown to ISU05",-0.554520316054294,2025-12-13T22:05:01.000Z,15,0
401836219,4018362194,40183621930,2,1,UC Davis,Big Sky,3,Illinois State,MVFC,7,UC Davis,Illinois State,1,3,3,35,65,1,10,91,True,Kickoff Return Touchdown,"#41 I.Mancera kickoff 56 yards to the ISU09 #28 C.Taylor return 91 yards to the UCD00 TOUCHDOWN, clock 13:30 #31 M.Maldonado kick attempt good (H: #41 H.Futch, LS: #49 D.Calabrese)",,2025-12-13T22:06:59.000Z,13,30
401836219,4018362195,40183621937,3,1,Illinois State,MVFC,7,UC Davis,Big Sky,3,UC Davis,Illinois State,1,3,3,65,65,1,10,0,False,Kickoff,#31 M.Maldonado kickoff 61 yards to the UCD04 fair catch by #3 Z.Jones at UCD04,,2025-12-13T22:07:58.000Z,13,30
401836219,4018362195,40183621940,3,2,UC Davis,Big Sky,3,Illinois State,MVFC,7,UC Davis,Illinois State,1,3,3,25,75,1,10,4,False,Rush,"No Huddle-Shotgun #20 J.Fisher rush right for 4 yards gain to the UCD29 (#13 P.Bauer) PENALTY ISU Face Mask (#13 P.Bauer) 15 yards from UCD29 to UCD44, 1ST DOWN",-0.1142886249388964,2025-12-13T22:11:18.000Z,13,30
401836219,4018362195,40183621945,3,3,UC Davis,Big Sky,3,Illinois State,MVFC,7,UC Davis,Illinois State,1,3,3,44,56,1,10,9,False,Pass Reception,"No Huddle-Shotgun #12 C.Pinnick pass complete short right to #7 S.Dobbins caught at ISU47, for 9 yards to the ISU47 (#4 L.Brown)",1.257116610962765,2025-12-13T22:12:05.000Z,13,30
401836219,4018362195,40183621950,3,4,UC Davis,Big Sky,3,Illinois State,MVFC,7,UC Davis,Illinois State,1,3,3,53,47,2,1,6,False,Pass Reception,"No Huddle-Shotgun #12 C.Pinnick pass complete short left to #7 S.Dobbins caught at ISU49, for 6 yards to the ISU41 (#13 P.Bauer), 1ST DOWN",-0.1274534554799784,2025-12-13T22:12:22.000Z,13,30
401836219,4018362195,40183621955,3,5,UC Davis,Big Sky,3,Illinois State,MVFC,7,UC Davis,Illinois State,1,3,3,59,41,1,10,5,False,Rush,No Huddle-Shotgun #12 C.Pinnick rush right for 5 yards gain to the ISU36 (#13 P.Bauer),0.0885892770886229,2025-12-13T22:12:45.000Z,13,30
401836219,4018362195,40183621959,3,6,UC Davis,Big Sky,3,Illinois State,MVFC,7,UC Davis,Illinois State,1,3,3,64,36,2,5,13,False,Pass Reception,"No Huddle-Shotgun #12 C.Pinnick pass complete short middle to #13 T.Hennessy caught at ISU31, for 13 yards to the ISU23 (#4 L.Brown; #20 C.Richard Jr.), 1ST DOWN",0.487952670736668,2025-12-13T22:13:06.000Z,13,30
401836219,4018362195,40183621964,3,7,UC Davis,Big Sky,10,Illinois State,MVFC,7,UC Davis,Illinois State,1,3,3,77,23,1,10,23,True,Rushing Touchdown,"No Huddle-Shotgun #20 J.Fisher rush middle for 23 yards gain to the ISU00 TOUCHDOWN, clock 11:34, 1ST DOWN #43 H.Ridley kick attempt good (H: #36 D.Mauro, LS: #48 J.Adema)",2.6639776780712285,2025-12-13T22:13:31.000Z,11,34
401836219,4018362197,40183621971,4,1,UC Davis,Big Sky,10,Illinois State,MVFC,7,UC Davis,Illinois State,1,3,3,35,65,1,10,31,False,Kickoff,#41 I.Mancera kickoff 63 yards to the ISU02 #28 C.Taylor return 31 yards to the ISU33 (#1 K.Riddick),,2025-12-13T22:15:28.000Z,11,27
401836219,4018362197,40183621976,4,2,Illinois State,MVFC,7,UC Davis,Big Sky,10,UC Davis,Illinois State,1,3,3,67,67,1,10,2,False,Rush,Shotgun #16 T.Rittenhouse rush right for 2 yards gain to the ISU35 (#15 J.Sievers),-0.600458473868767,2025-12-13T22:16:19.000Z,11,27
401836219,4018362197,40183621980,4,3,Illinois State,MVFC,7,UC Davis,Big Sky,10,UC Davis,Illinois State,1,3,3,65,65,2,8,8,False,Pass Reception,"Shotgun #16 T.Rittenhouse pass complete short right to #2 D.Sobkowicz caught at ISU43, for 8 yards to the ISU43 (#3 T.Richardson), out of bounds, 1ST DOWN",1.5641984454985893,2025-12-13T22:16:55.000Z,11,27
401836219,4018362197,40183621985,4,4,Illinois State,MVFC,7,UC Davis,Big Sky,10,UC Davis,Illinois State,1,3,3,57,57,1,10,19,False,Pass Reception,"Shotgun #16 T.Rittenhouse pass complete short left to #84 L.Mailander caught at UCD41, for 19 yards to the UCD38 (#11 D.Cofield), out of bounds, 1ST DOWN",1.3707240489261385,2025-12-13T22:17:39.000Z,11,27
401836219,4018362197,40183621990,4,5,Illinois State,MVFC,7,UC Davis,Big Sky,10,UC Davis,Illinois State,1,3,3,38,38,1,10,1,False,Rush,Shotgun #5 V.Dawson rush middle for 1 yard gain to the UCD37 (#2 M.Madruga),-0.596824390353605,2025-12-13T22:18:20.000Z,11,27
401836219,4018362197,40183621994,4,6,Illinois State,MVFC,7,UC Davis,Big Sky,10,UC Davis,Illinois State,1,3,3,37,37,2,9,0,False,Pass Incompletion,Shotgun #16 T.Rittenhouse pass incomplete short middle to #2 D.Sobkowicz thrown to UCD32 broken up by #3 T.Richardson,-0.9539517409419745,2025-12-13T22:18:59.000Z,11,27
401836219,4018362197,40183621997,4,7,Illinois State,MVFC,14,UC Davis,Big Sky,10,UC Davis,Illinois State,1,3,3,37,37,3,9,37,True,Passing Touchdown,"Shotgun #16 T.Rittenhouse pass complete deep right to #4 D.Lord caught at UCD06, for 37 yards to the UCD00 TOUCHDOWN, clock 08:49, 1ST DOWN #31 M.Maldonado kick attempt good (H: #41 H.Futch, LS: #49 D.Calabrese)",4.6453687798807675,2025-12-13T22:19:38.000Z,8,49
401836219,4018362199,401836219105,5,1,Illinois State,MVFC,14,UC Davis,Big Sky,10,UC Davis,Illinois State,1,3,3,65,65,1,10,0,False,Kickoff,"#31 M.Maldonado kickoff 65 yards to the UCD00, Touchback",,2025-12-13T22:20:18.000Z,8,49
401836219,4018362199,401836219108,5,2,UC Davis,Big Sky,10,Illinois State,MVFC,14,UC Davis,Illinois State,1,3,3,25,75,1,10,2,False,Rush,Shotgun #20 J.Fisher rush middle for 2 yards gain to the UCD27 (#51 W.Boals),-0.45260367932203766,2025-12-13T22:24:22.000Z,8,49
401836219,4018362199,401836219112,5,3,UC Davis,Big Sky,10,Illinois State,MVFC,14,UC Davis,Illinois State,1,3,3,27,73,2,8,16,False,Pass Reception,"Shotgun #12 C.Pinnick pass complete short middle to #8 S.Gbatu, Jr. caught at UCD42, for 16 yards to the UCD43 (#34 J.Dwyer), 1ST DOWN",2.0650421015320326,2025-12-13T22:24:56.000Z,8,49
401836219,4018362199,401836219117,5,4,UC Davis,Big Sky,10,Illinois State,MVFC,14,UC Davis,Illinois State,1,3,3,43,57,1,10,18,False,Pass Reception,"Shotgun #12 C.Pinnick pass complete short right to #3 Z.Jones caught at UCD41, for 18 yards to the ISU39, out of bounds at ISU39, 1ST DOWN",1.3248781425797755,2025-12-13T22:25:16.000Z,8,49
401836219,4018362199,401836219122,5,5,UC Davis,Big Sky,10,Illinois State,MVFC,14,UC Davis,Illinois State,1,3,3,61,39,1,10,23,False,Rush,"Shotgun #34 K.Acia rush right for 23 yards gain to the ISU16 (#34 J.Dwyer), out of bounds, 1ST DOWN",0.5717158336391766,2025-12-13T22:25:51.000Z,8,49
401836219,4018362199,401836219126,5,6,UC Davis,Big Sky,10,Illinois State,MVFC,14,UC Davis,Illinois State,1,3,3,84,16,1,10,0,False,Rush,Shotgun #34 K.Acia rush middle for 0 yards to the ISU16 (#39 S.Oduma),-0.3301132067544156,2025-12-13T22:26:25.000Z,8,49
401836219,4018362199,401836219130,5,7,UC Davis,Big Sky,10,Illinois State,MVFC,14,UC Davis,Illinois State,1,3,3,84,16,2,10,3,False,Pass Reception,"Shotgun #12 C.Pinnick pass complete short right to #34 K.Acia caught at ISU20, for 3 yards to the ISU13 (#46 T.Niekamp)",-0.1156581988875673,2025-12-13T22:27:07.000Z,8,49
401836219,4018362199,401836219135,5,8,UC Davis,Big Sky,10,Illinois State,MVFC,14,UC Davis,Illinois State,1,3,3,87,13,3,7,0,False,Rush,Shotgun #12 C.Pinnick rush right for 0 yards to the ISU13 (#34 J.Dwyer),-0.4528101008787997,2025-12-13T22:27:39.000Z,8,49
401836219,4018362199,401836219146,5,9,UC Davis,Big Sky,10,Illinois State,MVFC,14,UC Davis,Illinois State,1,3,3,87,13,4,7,6,False,Rush,"#36 D.Mauro rush middle for 6 yards gain to the ISU07 (#39 S.Oduma), TURNOVER ON DOWNS. The previous play is under automatic review - ""Short of the line to gain"". CALL OVERTURNED. (Original Play: #36 D.Mauro rush middle for 7 yards gain to the ISU06 (#39 S.Oduma), 1ST DOWN)",-3.532695772186843,2025-12-13T22:31:16.000Z,4,34
401836219,40183621910,401836219152,6,1,Illinois State,MVFC,21,UC Davis,Big Sky,10,UC Davis,Illinois State,1,3,3,93,93,1,10,93,True,Passing Touchdown,Daniel Sobkowicz 93 Yd pass from Tommy Rittenhouse (Matt Maldonado Kick),6.873507211902051,2025-12-13T22:33:48.000Z,4,21
401836219,40183621912,401836219160,7,1,Illinois State,MVFC,21,UC Davis,Big Sky,10,UC Davis,Illinois State,1,3,3,65,65,1,10,19,False,Kickoff,#31 M.Maldonado kickoff 58 yards to the UCD07 #3 Z.Jones return 19 yards to the UCD26 (#39 S.Oduma) PENALTY ISU Personal Foul (#39 S.Oduma) 15 yards from UCD26 to UCD41,,2025-12-13T22:36:08.000Z,4,14
401836219,40183621912,401836219166,7,2,UC Davis,Big Sky,10,Illinois State,MVFC,21,UC Davis,Illinois State,1,3,3,41,59,1,10,2,False,Rush,Shotgun #12 C.Pinnick rush left for 2 yards gain to the UCD43 (#97 J.Anderson),-0.6841550241957303,2025-12-13T22:37:40.000Z,4,14
401836219,40183621912,401836219170,7,3,UC Davis,Big Sky,10,Illinois State,MVFC,21,UC Davis,Illinois State,1,3,3,43,57,2,8,4,False,Rush,"No Huddle-Shotgun #8 S.Gbatu, Jr. rush right for 4 yards gain to the UCD47 (#20 C.Richard Jr.)",-0.1586562366878202,2025-12-13T22:38:08.000Z,4,14
401836219,40183621912,401836219174,7,4,UC Davis,Big Sky,10,Illinois State,MVFC,21,UC Davis,Illinois State,1,3,3,47,53,3,4,7,False,Pass Reception,"No Huddle-Shotgun #12 C.Pinnick pass complete short right to #24 S.Nixon caught at ISU46, for 7 yards to the ISU46 (#25 C.Wilson), 1ST DOWN",1.9585362025475135,2025-12-13T22:38:46.000Z,4,14
401836219,40183621912,401836219179,7,5,UC Davis,Big Sky,10,Illinois State,MVFC,21,UC Davis,Illinois State,1,3,3,54,46,1,10,14,False,Pass Reception,"No Huddle-Shotgun #12 C.Pinnick pass complete short left to #7 S.Dobbins caught at ISU35, for 14 yards to the ISU32 (#13 P.Bauer), 1ST DOWN",0.6717679825455019,2025-12-13T22:39:08.000Z,4,14
401836219,40183621912,401836219184,7,6,UC Davis,Big Sky,10,Illinois State,MVFC,21,UC Davis,Illinois State,1,3,3,68,32,1,10,7,False,Pass Reception,"No Huddle-Shotgun #12 C.Pinnick pass complete short right to #8 S.Gbatu, Jr. caught at ISU29, for 7 yards to the ISU25 (#13 P.Bauer) PENALTY ISU Roughing The Passer (#10 R.Edwards) 13 yards from ISU25 to ISU12, 1ST DOWN",0.3684640561633454,2025-12-13T22:39:30.000Z,4,14
401836219,40183621912,401836219190,7,7,UC Davis,Big Sky,10,Illinois State,MVFC,21,UC Davis,Illinois State,1,3,3,88,12,1,10,0,False,Pass Incompletion,Shotgun #12 C.Pinnick pass incomplete short right to #20 J.Fisher thrown to ISU12 QB hurried by #97 J.Anderson,-0.2977696357406735,2025-12-13T22:40:43.000Z,4,14
401836219,40183621912,401836219193,7,8,UC Davis,Big Sky,17,Illinois State,MVFC,21,UC Davis,Illinois State,1,3,3,88,12,2,10,12,True,Passing Touchdown,"Shotgun #12 C.Pinnick pass complete short right to #7 S.Dobbins caught at ISU00, for 12 yards to the ISU00 TOUCHDOWN, clock 01:44, 1ST DOWN #43 H.Ridley kick attempt good (H: #36 D.Mauro, LS: #48 J.Adema) #43 H.Ridley kick attempt good (H: #36 D.Mauro, LS: #48 J.Adema) PENALTY #43 H.Ridley kick attempt good (H: #36 D.Mauro, LS: #48 J.Adema) PENALTY ISU Illegal Contact With Snapper #43 H.Ridley kick attempt good (H: #36 D.Mauro, LS: #48 J.Adema) PENALTY ISU Illegal Contact With Snapper (#92 T.Jones)",2.827864177776599,2025-12-13T22:41:28.000Z,1,44
401836219,40183621914,401836219204,8,1,UC Davis,Big Sky,17,Illinois State,MVFC,21,UC Davis,Illinois State,1,3,3,35,65,0,0,15,False,Penalty,PENALTY ISU Illegal Contact With Snapper (#92 T.Jones) 15 yards from UCD35 to UCD50. NO PLAY,,2025-12-13T22:43:30.000Z,1,44
401836219,40183621914,401836219207,8,2,UC Davis,Big Sky,17,Illinois State,MVFC,21,UC Davis,Illinois State,1,3,3,50,50,1,10,0,False,Kickoff,"#41 I.Mancera kickoff 50 yards to the ISU00, Touchback",,2025-12-13T22:43:39.000Z,1,44
401836219,40183621914,401836219226,8,6,Illinois State,MVFC,21,UC Davis,Big Sky,17,UC Davis,Illinois State,1,3,3,51,51,1,10,9,False,End Period,End of 1st quarter.,1.122673355463087,2025-12-13T22:46:24.000Z,0,0
401836219,40183621914,401836219210,8,3,Illinois State,MVFC,21,UC Davis,Big Sky,17,UC Davis,Illinois State,1,3,3,75,75,1,10,5,False,Pass Reception,"Shotgun #16 T.Rittenhouse pass complete short left to #84 L.Mailander caught at ISU30, for 5 yards to the ISU30, out of bounds at ISU30",0.0945451165334843,2025-12-13T22:44:29.000Z,1,44
401836219,40183621914,401836219215,8,4,Illinois State,MVFC,21,UC Davis,Big Sky,17,UC Davis,Illinois State,1,3,3,70,70,2,5,19,False,Rush,"Shotgun #5 V.Dawson rush middle for 19 yards gain to the ISU49 (#11 D.Cofield; #23 C.Batson), 1ST DOWN",2.059842799294898,2025-12-13T22:45:07.000Z,1,44
401836219,40183621914,401836219219,8,5,Illinois State,MVFC,21,UC Davis,Big Sky,17,UC Davis,Illinois State,1,3,3,51,51,1,10,9,False,Rush,"Shotgun #16 T.Rittenhouse rush middle for 9 yards gain to the UCD42, End Of Play",1.122673355463087,2025-12-13T22:45:51.000Z,1,44
401836219,40183621914,401836219230,8,7,Illinois State,MVFC,21,UC Davis,Big Sky,17,UC Davis,Illinois State,2,3,3,42,42,2,1,54,False,Pass Interception Return,Shotgun #16 T.Rittenhouse pass intercepted by #3 T.Richardson at UCD21 #3 T.Richardson return 54 yards to the ISU25 (#85 J.Charles),-4.199306151570148,2025-12-13T22:50:07.000Z,14,44
401836219,40183621915,401836219257,9,5,UC Davis,Big Sky,17,Illinois State,MVFC,21,UC Davis,Illinois State,2,3,3,89,11,2,10,10,False,Penalty,"Shotgun #12 C.Pinnick pass complete short middle to #20 J.Fisher caught at ISU11, for 9 yards to the ISU02 (#24 D.Dubose) PENALTY UCD Holding (#52 Z.Collier) 10 yards from ISU11 to ISU21. NO PLAY",,2025-12-13T22:53:45.000Z,15,0
401836219,40183621915,401836219242,9,1,UC Davis,Big Sky,17,Illinois State,MVFC,21,UC Davis,Illinois State,2,3,3,75,25,1,10,0,False,Pass Incompletion,"Shotgun #12 C.Pinnick pass incomplete short middle to #8 S.Gbatu, Jr. thrown to ISU25 broken up by #35 A.Corona",-0.4522778946200265,2025-12-13T22:50:59.000Z,15,0
401836219,40183621915,401836219245,9,2,UC Davis,Big Sky,17,Illinois State,MVFC,21,UC Davis,Illinois State,2,3,3,75,25,2,10,9,False,Pass Reception,"Shotgun #12 C.Pinnick pass complete short right to #8 S.Gbatu, Jr. caught at ISU28, for 9 yards to the ISU16 (#35 A.Corona)",0.492372996200846,2025-12-13T22:51:29.000Z,15,0
401836219,40183621915,401836219250,9,3,UC Davis,Big Sky,17,Illinois State,MVFC,21,UC Davis,Illinois State,2,3,3,84,16,3,1,5,False,Rush,"Shotgun #20 J.Fisher rush middle for 5 yards gain to the ISU11 (#35 A.Corona), 1ST DOWN",0.138249847317313,2025-12-13T22:52:13.000Z,15,0
401836219,40183621915,401836219254,9,4,UC Davis,Big Sky,17,Illinois State,MVFC,21,UC Davis,Illinois State,2,3,3,89,11,1,10,0,False,Pass Incompletion,No Huddle-Shotgun #12 C.Pinnick pass incomplete short right to #22 L.Pickett thrown to ISU00,-0.291297448934314,2025-12-13T22:52:51.000Z,15,0
401836219,40183621915,401836219263,9,6,UC Davis,Big Sky,17,Illinois State,MVFC,21,UC Davis,Illinois State,2,3,3,79,21,2,20,14,False,Rush,Shotgun #20 J.Fisher rush middle for 14 yards gain to the ISU07 (#39 S.Oduma),0.789227776131099,2025-12-13T22:54:28.000Z,15,0
401836219,40183621915,401836219267,9,7,UC Davis,Big Sky,17,Illinois State,MVFC,21,UC Davis,Illinois State,2,3,3,93,7,3,6,4,False,Rush,Shotgun #20 J.Fisher rush middle for 4 yards gain to the ISU03 (#39 S.Oduma),-0.029570504650049,2025-12-13T22:55:16.000Z,15,0
401836219,40183621915,401836219271,9,8,UC Davis,Big Sky,17,Illinois State,MVFC,21,UC Davis,Illinois State,2,3,3,97,3,4,2,-1,False,Rush,"Shotgun #20 J.Fisher rush middle for 1 yard loss to the ISU04 (#24 D.Dubose; #46 T.Niekamp), TURNOVER ON DOWNS",-4.131095037342412,2025-12-13T22:55:58.000Z,11,11
401836219,40183621916,401836219345,10,16,UC Davis,Big Sky,17,Illinois State,MVFC,21,UC Davis,Illinois State,2,2,3,21,79,1,10,0,False,Timeout,"Timeout UC Davis, clock 03:08",,2025-12-13T23:11:22.000Z,3,8
401836219,40183621916,401836219295,10,5,Illinois State,MVFC,21,UC Davis,Big Sky,17,UC Davis,Illinois State,2,3,3,68,68,1,10,5,False,Penalty,PENALTY ISU False Start  5 yards from ISU32 to ISU27. NO PLAY,,2025-12-13T23:01:54.000Z,11,11
401836219,40183621916,401836219355,10,18,Illinois State,MVFC,21,UC Davis,Big Sky,17,UC Davis,Illinois State,2,2,2,23,23,3,12,0,False,Timeout,"Timeout Illinois State, clock 02:00",,2025-12-13T23:13:31.000Z,2,0
401836219,40183621916,401836219353,10,19,Illinois State,MVFC,21,UC Davis,Big Sky,17,UC Davis,Illinois State,2,2,2,16,16,4,5,34,False,Blocked Field Goal,"#31 M.Maldonado field goal attempt from 34 yards NO GOOD blocked by #35 D.Smith-Porter (H: #41 H.Futch, LS: #49 D.Calabrese), clock 01:56, out of bounds at UCD16",,2025-12-13T23:16:00.000Z,1,56
401836219,40183621916,401836219276,10,1,Illinois State,MVFC,21,UC Davis,Big Sky,17,UC Davis,Illinois State,2,3,3,96,96,1,10,5,False,Rush,Shotgun #5 V.Dawson rush left for 5 yards gain to the ISU09 (#3 T.Richardson),0.06284568268434843,2025-12-13T22:59:10.000Z,11,11
401836219,40183621916,401836219280,10,2,Illinois State,MVFC,21,UC Davis,Big Sky,17,UC Davis,Illinois State,2,3,3,91,91,2,5,4,False,Rush,Shotgun #5 V.Dawson rush middle for 4 yards gain to the ISU13 (#1 K.Riddick),-0.03406537829243295,2025-12-13T22:59:52.000Z,11,11
401836219,40183621916,401836219284,10,3,Illinois State,MVFC,21,UC Davis,Big Sky,17,UC Davis,Illinois State,2,3,3,87,87,3,1,3,False,Rush,"Shotgun #5 V.Dawson rush middle for 3 yards gain to the ISU16 (#2 M.Madruga), 1ST DOWN",0.33045744745523375,2025-12-13T23:00:33.000Z,11,11
401836219,40183621916,401836219288,10,4,Illinois State,MVFC,21,UC Davis,Big Sky,17,UC Davis,Illinois State,2,3,3,84,84,1,10,16,False,Pass Reception,"Shotgun #16 T.Rittenhouse pass complete short right to #84 L.Mailander caught at ISU32, for 16 yards to the ISU32, out of bounds at ISU32, 1ST DOWN",1.0600586115618151,2025-12-13T23:01:14.000Z,11,11
401836219,40183621916,401836219298,10,6,Illinois State,MVFC,21,UC Davis,Big Sky,17,UC Davis,Illinois State,2,3,3,73,73,1,15,1,False,Rush,Shotgun #5 V.Dawson rush middle for 1 yard gain to the ISU28 (#15 J.Sievers),-0.4101187608923542,2025-12-13T23:02:33.000Z,11,11
401836219,40183621916,401836219302,10,7,Illinois State,MVFC,21,UC Davis,Big Sky,17,UC Davis,Illinois State,2,3,3,72,72,2,14,0,False,Pass Incompletion,Shotgun #16 T.Rittenhouse pass incomplete short left to #4 D.Lord thrown to ISU40,-0.27835290040022453,2025-12-13T23:03:14.000Z,11,11
401836219,40183621916,401836219305,10,8,Illinois State,MVFC,21,UC Davis,Big Sky,17,UC Davis,Illinois State,2,3,3,72,72,3,14,15,False,Rush,"Shotgun #16 T.Rittenhouse rush middle for 15 yards gain to the ISU43 (#8 N.Rutchena), 1ST DOWN",2.71716080690487,2025-12-13T23:03:58.000Z,11,11
401836219,40183621916,401836219309,10,9,Illinois State,MVFC,21,UC Davis,Big Sky,17,UC Davis,Illinois State,2,3,3,57,57,1,10,8,False,Pass Reception,"Shotgun #16 T.Rittenhouse pass complete short left to #2 D.Sobkowicz caught at ISU48, for 8 yards to the UCD49 (#11 D.Cofield)",0.9766666141209867,2025-12-13T23:04:42.000Z,11,11
401836219,40183621916,401836219314,10,10,Illinois State,MVFC,21,UC Davis,Big Sky,17,UC Davis,Illinois State,2,3,3,49,49,2,2,8,False,Rush,"Shotgun #5 V.Dawson rush left for 8 yards gain to the UCD41 (#15 J.Sievers), 1ST DOWN",0.2481304574938204,2025-12-13T23:05:29.000Z,11,11
401836219,40183621916,401836219326,10,11,Illinois State,MVFC,21,UC Davis,Big Sky,17,UC Davis,Illinois State,2,3,3,41,41,1,10,10,False,Rush,"Shotgun #5 V.Dawson rush middle for 10 yards gain to the UCD31 (#23 C.Batson), 1ST DOWN. The previous play is under automatic review - ""Runner was down by contact"". CALL OVERTURNED. (Original Play: Shotgun #5 V.Dawson rush middle for 14 yards gain to the UCD27 (#23 C.Batson), 1ST DOWN)",0.3985734558235714,2025-12-13T23:08:47.000Z,11,11
401836219,40183621916,401836219331,10,12,Illinois State,MVFC,21,UC Davis,Big Sky,17,UC Davis,Illinois State,2,3,3,31,31,1,10,6,False,Rush,Shotgun #5 V.Dawson rush left for 6 yards gain to the UCD25 (#15 J.Sievers),0.214950746647972,2025-12-13T23:09:43.000Z,11,11
401836219,40183621916,401836219335,10,13,Illinois State,MVFC,21,UC Davis,Big Sky,17,UC Davis,Illinois State,2,3,3,25,25,2,4,4,False,Rush,"Shotgun #5 V.Dawson rush middle for 4 yards gain to the UCD21 (#92 R.Mayo Jr.), 1ST DOWN",-0.005301390370517,2025-12-13T23:10:23.000Z,11,11
401836219,40183621916,401836219339,10,14,Illinois State,MVFC,21,UC Davis,Big Sky,17,UC Davis,Illinois State,2,3,3,21,21,1,10,3,False,Rush,Shotgun #5 V.Dawson rush middle for 3 yards gain to the UCD18 (#90 T.Carrade),-0.122124214578021,2025-12-13T23:11:00.000Z,11,11
401836219,40183621916,401836219343,10,15,Illinois State,MVFC,21,UC Davis,Big Sky,17,UC Davis,Illinois State,2,3,3,18,18,2,7,-5,False,Sack,Shotgun #16 T.Rittenhouse sacked for loss of 5 yards to the UCD23 (#90 T.Carrade),-1.047220762536636,2025-12-13T23:12:24.000Z,3,8
401836219,40183621916,401836219348,10,17,Illinois State,MVFC,21,UC Davis,Big Sky,17,UC Davis,Illinois State,2,3,2,23,23,3,12,7,False,Pass Reception,"Shotgun #16 T.Rittenhouse pass complete short middle to #11 S.Presson Jr. caught at UCD18, for 7 yards to the UCD16 (#10 J.Stanley)",0.322684947401358,2025-12-13T23:13:09.000Z,3,8
401836219,40183621917,401836219389,11,8,UC Davis,Big Sky,17,Illinois State,MVFC,21,UC Davis,Illinois State,2,2,2,66,34,3,7,5,False,Penalty,PENALTY UCD False Start (#79 E.Nava) 5 yards from ISU34 to ISU39. NO PLAY,,2025-12-13T23:23:48.000Z,0,19
401836219,40183621917,401836219398,11,11,UC Davis,Big Sky,17,Illinois State,MVFC,21,UC Davis,Illinois State,2,1,2,67,33,4,6,51,False,Field Goal Missed,"#43 H.Ridley field goal attempt from 51 yards NO GOOD (H: #36 D.Mauro, LS: #48 J.Adema), clock 00:00, End Of Play",,2025-12-13T23:25:37.000Z,0,3
401836219,40183621917,401836219400,11,12,UC Davis,Big Sky,17,Illinois State,MVFC,21,UC Davis,Illinois State,2,0,2,61,39,3,12,0,False,Timeout,"Timeout UC Davis, clock 00:03",,2025-12-13T23:24:42.000Z,0,3
401836219,40183621917,401836219391,11,9,UC Davis,Big Sky,17,Illinois State,MVFC,21,UC Davis,Illinois State,2,1,2,63,37,2,10,0,False,Timeout,"Timeout UC Davis, clock 00:19",,2025-12-13T23:20:53.000Z,0,19
401836219,40183621917,401836219359,11,1,UC Davis,Big Sky,17,Illinois State,MVFC,21,UC Davis,Illinois State,2,2,2,20,80,1,10,0,False,Pass Incompletion,No Huddle-Shotgun #12 C.Pinnick pass incomplete short right to #20 J.Fisher thrown to UCD24 QB hurried by #10 R.Edwards,-0.5586693796725282,2025-12-13T23:16:59.000Z,2,0
401836219,40183621917,401836219362,11,2,UC Davis,Big Sky,17,Illinois State,MVFC,21,UC Davis,Illinois State,2,2,2,20,80,2,10,0,False,Rush,No Huddle-Shotgun #20 J.Fisher rush left for 0 yards to the UCD20 (#25 C.Wilson),-0.2608138520764314,2025-12-13T23:17:28.000Z,2,0
401836219,40183621917,401836219366,11,3,UC Davis,Big Sky,17,Illinois State,MVFC,21,UC Davis,Illinois State,2,2,2,20,80,3,10,31,False,Pass Reception,"Shotgun #12 C.Pinnick pass complete short middle to #7 S.Dobbins caught at UCD21, for 31 yards to the ISU49 (#4 L.Brown), out of bounds, 1ST DOWN",3.443210475716814,2025-12-13T23:18:13.000Z,2,0
401836219,40183621917,401836219371,11,4,UC Davis,Big Sky,17,Illinois State,MVFC,21,UC Davis,Illinois State,2,2,2,51,49,1,10,6,False,Pass Reception,"Shotgun #12 C.Pinnick pass complete short middle to #0 I.Simpson caught at ISU48, for 6 yards to the ISU43 (#24 D.Dubose)",0.3370848727167229,2025-12-13T23:18:54.000Z,2,0
401836219,40183621917,401836219376,11,5,UC Davis,Big Sky,17,Illinois State,MVFC,21,UC Davis,Illinois State,2,2,2,57,43,2,4,6,False,Rush,"Shotgun #12 C.Pinnick rush right for 6 yards gain to the ISU37 (#46 T.Niekamp), out of bounds, 1ST DOWN",0.3738370474437822,2025-12-13T23:19:19.000Z,2,0
401836219,40183621917,401836219381,11,6,UC Davis,Big Sky,17,Illinois State,MVFC,21,UC Davis,Illinois State,2,2,2,63,37,1,10,0,False,Pass Incompletion,Shotgun #12 C.Pinnick pass incomplete short middle to #13 T.Hennessy thrown to ISU21 broken up by #24 D.Dubose,-0.7519361608312708,2025-12-13T23:19:52.000Z,2,0
401836219,40183621917,401836219384,11,7,UC Davis,Big Sky,17,Illinois State,MVFC,21,UC Davis,Illinois State,2,2,2,63,37,2,10,3,False,Pass Reception,"Shotgun #12 C.Pinnick pass complete short middle to #0 I.Simpson caught at ISU37, for 3 yards to the ISU34 (#44 D.Niekamp)",-0.3270945869042413,2025-12-13T23:20:34.000Z,2,0
401836219,40183621917,401836219393,11,10,UC Davis,Big Sky,17,Illinois State,MVFC,21,UC Davis,Illinois State,2,1,2,61,39,3,12,6,False,Rush,Shotgun #12 C.Pinnick rush middle for 6 yards gain to the ISU33 (#20 C.Richard Jr.),0.274417844475245,2025-12-13T23:24:16.000Z,0,19
401836219,40183621917,401836219406,11,13,UC Davis,Big Sky,17,Illinois State,MVFC,21,UC Davis,Illinois State,2,0,2,67,33,4,6,0,False,End Period,End of 2nd quarter.,-2.065840589878949,2025-12-13T23:25:50.000Z,0,0
401836219,40183621919,401836219411,12,1,UC Davis,Big Sky,17,Illinois State,MVFC,21,UC Davis,Illinois State,3,3,3,35,65,1,10,0,False,Kickoff,"#41 I.Mancera kickoff 65 yards to the ISU00, Touchback",,2025-12-13T23:47:49.000Z,15,0
401836219,40183621919,401836219416,12,2,Illinois State,MVFC,21,UC Davis,Big Sky,17,UC Davis,Illinois State,3,3,3,75,75,1,10,-2,False,Pass Reception,"Shotgun #16 T.Rittenhouse pass complete short right to #5 V.Dawson caught at ISU22, for 2 yards loss to the ISU23 (#10 J.Stanley)",-0.8852575132705454,2025-12-13T23:49:35.000Z,15,0
401836219,40183621919,401836219421,12,3,Illinois State,MVFC,21,UC Davis,Big Sky,17,UC Davis,Illinois State,3,3,3,77,77,2,12,10,False,Rush,Shotgun #5 V.Dawson rush middle for 10 yards gain to the ISU33 (#8 N.Rutchena),0.6656700586449364,2025-12-13T23:50:14.000Z,15,0
401836219,40183621919,401836219425,12,4,Illinois State,MVFC,21,UC Davis,Big Sky,17,UC Davis,Illinois State,3,3,3,67,67,3,2,9,False,Pass Reception,"Shotgun #16 T.Rittenhouse pass complete short middle to #2 D.Sobkowicz caught at ISU42, for 9 yards to the ISU42 (#11 D.Cofield), 1ST DOWN",1.735639362307615,2025-12-13T23:50:50.000Z,15,0
401836219,40183621919,401836219430,12,5,Illinois State,MVFC,21,UC Davis,Big Sky,17,UC Davis,Illinois State,3,3,3,58,58,1,10,9,False,Pass Reception,"Shotgun #16 T.Rittenhouse pass complete short right to #84 L.Mailander caught at ISU49, for 9 yards to the UCD49 (#3 T.Richardson), out of bounds",1.3023640826924845,2025-12-13T23:51:26.000Z,15,0
401836219,40183621919,401836219435,12,6,Illinois State,MVFC,21,UC Davis,Big Sky,17,UC Davis,Illinois State,3,3,3,49,49,2,1,3,False,Rush,"Shotgun #5 V.Dawson rush middle for 3 yards gain to the UCD46 (#23 C.Batson; #8 N.Rutchena), 1ST DOWN",-0.2839482787876333,2025-12-13T23:52:04.000Z,15,0
401836219,40183621919,401836219439,12,7,Illinois State,MVFC,21,UC Davis,Big Sky,17,UC Davis,Illinois State,3,3,3,46,46,1,10,7,False,Rush,Shotgun #5 V.Dawson rush middle for 7 yards gain to the UCD39 (#8 N.Rutchena),0.529748291879379,2025-12-13T23:52:45.000Z,15,0
401836219,40183621919,401836219443,12,8,Illinois State,MVFC,21,UC Davis,Big Sky,17,UC Davis,Illinois State,3,3,3,39,39,2,3,21,False,Rush,"Shotgun #5 V.Dawson rush middle for 21 yards gain to the UCD18 (#10 J.Stanley), 1ST DOWN",0.4217464071844943,2025-12-13T23:53:29.000Z,15,0
401836219,40183621919,401836219447,12,9,Illinois State,MVFC,21,UC Davis,Big Sky,17,UC Davis,Illinois State,3,3,3,18,18,1,10,4,False,Rush,Shotgun #21 S.Glatz rush middle for 4 yards gain to the UCD14 (#56 J.Ray),-0.023063540640796,2025-12-13T23:54:11.000Z,15,0
401836219,40183621919,401836219451,12,10,Illinois State,MVFC,28,UC Davis,Big Sky,17,UC Davis,Illinois State,3,3,3,14,14,2,6,14,True,Rushing Touchdown,"Shotgun #21 S.Glatz rush middle for 14 yards gain to the UCD00 TOUCHDOWN, clock 09:48, 1ST DOWN #31 M.Maldonado kick attempt good (H: #41 H.Futch, LS: #49 D.Calabrese)",2.614856249711387,2025-12-13T23:54:47.000Z,9,48
401836219,40183621921,401836219458,13,1,Illinois State,MVFC,28,UC Davis,Big Sky,17,UC Davis,Illinois State,3,3,3,65,65,1,10,1,False,Kickoff,"#31 M.Maldonado kickoff 52 yards to the UCD13 #60 A.Hasson return 1 yard to the UCD14, End Of Play",,2025-12-13T23:58:13.000Z,9,45
401836219,40183621921,401836219463,13,2,UC Davis,Big Sky,17,Illinois State,MVFC,28,UC Davis,Illinois State,3,3,3,13,87,1,10,0,False,Rush,J. Fisher run for 0 yds,-0.40084650139258127,,9,45
401836219,40183621921,401836219468,13,3,UC Davis,Big Sky,17,Illinois State,MVFC,28,UC Davis,Illinois State,3,3,3,14,86,1,10,1,False,Rush,Shotgun #20 J.Fisher rush left for 1 yard gain to the UCD15 (#20 C.Richard Jr.),-0.35325258158203354,2025-12-13T23:59:13.000Z,9,45
401836219,40183621921,401836219472,13,4,UC Davis,Big Sky,17,Illinois State,MVFC,28,UC Davis,Illinois State,3,3,3,15,85,2,9,65,False,Fumble Recovery (Opponent),"No Huddle-Shotgun #12 C.Pinnick pass complete deep middle to #3 Z.Jones caught at ISU38, for 65 yards to the ISU20 fumbled by #3 Z.Jones at ISU35 forced by #1 S.Nkuba II recovered by ISU #1 S.Nkuba II at ISU20, End Of Play",0.013319397910932729,2025-12-13T23:59:40.000Z,8,56
401836219,40183621922,401836219513,14,9,Illinois State,MVFC,28,UC Davis,Big Sky,17,UC Davis,Illinois State,3,2,3,42,42,2,9,0,False,Timeout,"Timeout Illinois State, clock 04:24",,2025-12-14T00:06:01.000Z,4,24
401836219,40183621922,401836219480,14,1,Illinois State,MVFC,28,UC Davis,Big Sky,17,UC Davis,Illinois State,3,3,3,80,80,1,10,11,False,Pass Reception,"Shotgun #16 T.Rittenhouse pass complete short middle to #5 V.Dawson caught at ISU21, for 11 yards to the ISU31 (#15 J.Sievers), 1ST DOWN",0.7787667904900532,2025-12-14T00:01:12.000Z,8,56
401836219,40183621922,401836219485,14,2,Illinois State,MVFC,28,UC Davis,Big Sky,17,UC Davis,Illinois State,3,3,3,69,69,1,10,2,False,Rush,Shotgun #5 V.Dawson rush middle for 2 yards gain to the ISU33 (#2 M.Madruga),-0.5660789348414365,2025-12-14T00:01:53.000Z,8,56
401836219,40183621922,401836219489,14,3,Illinois State,MVFC,28,UC Davis,Big Sky,17,UC Davis,Illinois State,3,3,3,67,67,2,8,8,False,Rush,"Shotgun #21 S.Glatz rush middle for 8 yards gain to the ISU41 (#3 T.Richardson), 1ST DOWN",1.5143575901580588,2025-12-14T00:02:38.000Z,8,56
401836219,40183621922,401836219493,14,4,Illinois State,MVFC,28,UC Davis,Big Sky,17,UC Davis,Illinois State,3,3,3,59,59,1,10,1,False,Rush,Shotgun #21 S.Glatz rush middle for 1 yard gain to the ISU42 (#90 T.Carrade),-0.9199637917398017,2025-12-14T00:03:16.000Z,8,56
401836219,40183621922,401836219497,14,5,Illinois State,MVFC,28,UC Davis,Big Sky,17,UC Davis,Illinois State,3,3,3,58,58,2,9,15,False,Pass Reception,"Shotgun #16 T.Rittenhouse pass complete short middle to #2 D.Sobkowicz caught at ISU47, for 15 yards to the UCD43 (#8 N.Rutchena), 1ST DOWN",2.226606053607375,2025-12-14T00:03:58.000Z,8,56
401836219,40183621922,401836219502,14,6,Illinois State,MVFC,28,UC Davis,Big Sky,17,UC Davis,Illinois State,3,3,3,43,43,1,10,1,False,Rush,Shotgun #5 V.Dawson rush middle for 1 yard gain to the UCD42 (#92 R.Mayo Jr.),-0.7221421996351935,2025-12-14T00:04:42.000Z,8,56
401836219,40183621922,401836219506,14,7,Illinois State,MVFC,28,UC Davis,Big Sky,17,UC Davis,Illinois State,3,3,3,42,42,2,9,14,False,Pass Reception,"Shotgun #16 T.Rittenhouse pass complete short middle to #5 V.Dawson caught at UCD40, for 14 yards to the UCD28 (#8 N.Rutchena), 1ST DOWN",1.3104978134276168,2025-12-14T00:05:24.000Z,8,56
401836219,40183621922,401836219511,14,8,Illinois State,MVFC,28,UC Davis,Big Sky,17,UC Davis,Illinois State,3,3,3,28,28,1,10,4,False,Rush,Shotgun #5 V.Dawson rush middle for 4 yards gain to the UCD24 (#92 R.Mayo Jr.),-0.043244644569821,2025-12-14T00:09:19.000Z,4,24
401836219,40183621922,401836219524,14,12,Illinois State,MVFC,35,UC Davis,Big Sky,17,UC Davis,Illinois State,3,2,3,17,17,2,10,17,True,Passing Touchdown,Daniel Sobkowicz 17 Yd pass from Tommy Rittenhouse (Matt Maldonado Kick),2.919922661694139,2025-12-14T00:11:22.000Z,2,6
401836219,40183621922,401836219516,14,10,Illinois State,MVFC,28,UC Davis,Big Sky,17,UC Davis,Illinois State,3,2,3,24,24,2,6,7,False,Rush,"Shotgun #5 V.Dawson rush middle for 7 yards gain to the UCD17 (#3 T.Richardson), 1ST DOWN",0.227356015923838,2025-12-14T00:10:03.000Z,4,24
401836219,40183621922,401836219520,14,11,Illinois State,MVFC,28,UC Davis,Big Sky,17,UC Davis,Illinois State,3,2,3,17,17,1,10,0,False,Rush,Shotgun #5 V.Dawson rush middle for 0 yards to the UCD17 (#8 N.Rutchena; #2 M.Madruga),-0.340019558909725,2025-12-14T00:10:43.000Z,4,24
401836219,40183621924,401836219532,15,1,Illinois State,MVFC,35,UC Davis,Big Sky,17,UC Davis,Illinois State,3,2,3,65,65,1,10,33,False,Kickoff,#31 M.Maldonado kickoff 46 yards to the UCD19 #3 Z.Jones return 33 yards to the ISU48 (#39 S.Oduma),,2025-12-14T00:14:57.000Z,1,59
401836219,40183621924,401836219537,15,2,UC Davis,Big Sky,17,Illinois State,MVFC,35,UC Davis,Illinois State,3,3,2,52,48,1,10,5,False,Penalty,PENALTY UCD False Start (#52 Z.Collier) 5 yards from ISU48 to UCD47. NO PLAY,,2025-12-14T00:16:58.000Z,1,59
401836219,40183621924,401836219539,15,3,UC Davis,Big Sky,17,Illinois State,MVFC,35,UC Davis,Illinois State,3,2,2,65,35,0,0,0,False,Timeout,"Timeout UC Davis, clock 01:59",,2025-12-14T00:16:00.000Z,1,59
401836219,40183621924,401836219548,15,6,UC Davis,Big Sky,17,Illinois State,MVFC,35,UC Davis,Illinois State,3,2,2,49,51,3,13,10,False,Penalty,Shotgun #12 C.Pinnick rush middle for 6 yards gain to the ISU45 (#41 H.Futch) PENALTY UCD Holding (#52 Z.Collier) 10 yards from UCD49 to UCD39. NO PLAY,,2025-12-14T00:20:13.000Z,1,19
401836219,40183621924,401836219550,15,7,Illinois State,MVFC,35,UC Davis,Big Sky,17,UC Davis,Illinois State,3,1,2,49,49,2,13,0,False,Timeout,"Timeout Illinois State, clock 01:19",,2025-12-14T00:18:56.000Z,1,19
401836219,40183621924,401836219557,15,9,UC Davis,Big Sky,17,Illinois State,MVFC,35,UC Davis,Illinois State,3,2,1,39,61,4,23,0,False,Punt,#36 D.Mauro punt 39 yards to the ISU22 fair catch by #13 E.Kasper at ISU22,,2025-12-14T00:21:19.000Z,0,59
401836219,40183621924,401836219541,15,4,UC Davis,Big Sky,17,Illinois State,MVFC,35,UC Davis,Illinois State,3,2,2,47,53,1,15,2,False,Rush,Shotgun #20 J.Fisher rush middle for 2 yards gain to the UCD49 (#46 T.Niekamp),-0.6190313963064397,2025-12-14T00:17:37.000Z,1,59
401836219,40183621924,401836219545,15,5,UC Davis,Big Sky,17,Illinois State,MVFC,35,UC Davis,Illinois State,3,2,2,49,51,2,13,0,False,Pass Incompletion,Shotgun #12 C.Pinnick pass incomplete short right to #20 J.Fisher thrown to UCD47,-0.8892201778091299,2025-12-14T00:18:14.000Z,1,59
401836219,40183621924,401836219554,15,8,UC Davis,Big Sky,17,Illinois State,MVFC,35,UC Davis,Illinois State,3,2,1,39,61,3,23,0,False,Pass Incompletion,No Huddle-Shotgun #12 C.Pinnick pass incomplete short middle to #0 I.Simpson thrown to UCD41,-0.1228988892322889,2025-12-14T00:20:42.000Z,1,19
401836219,40183621925,401836219597,16,6,Illinois State,MVFC,35,UC Davis,Big Sky,17,UC Davis,Illinois State,4,1,2,66,66,4,8,0,False,Punt Return,#41 H.Futch punt 36 yards to the UCD30 #1 K.Riddick return 0 yards to the UCD30 (#29 A.Crews),,2025-12-14T00:32:08.000Z,13,30
401836219,40183621925,401836219561,16,1,Illinois State,MVFC,35,UC Davis,Big Sky,17,UC Davis,Illinois State,3,1,2,78,78,1,10,1,False,Rush,Shotgun #5 V.Dawson rush middle for 1 yard gain to the ISU23 (#2 M.Madruga),-0.5142195293967999,2025-12-14T00:22:08.000Z,0,59
401836219,40183621925,401836219565,16,2,Illinois State,MVFC,35,UC Davis,Big Sky,17,UC Davis,Illinois State,3,1,2,77,77,2,9,9,False,Rush,"Shotgun #16 T.Rittenhouse rush right for 9 yards gain to the ISU32, End Of Play, 1ST DOWN",1.2668936160960627,2025-12-14T00:22:52.000Z,0,59
401836219,40183621925,401836219571,16,3,Illinois State,MVFC,35,UC Davis,Big Sky,17,UC Davis,Illinois State,3,1,2,77,77,2,9,9,False,End Period,End of 3rd quarter.,1.2668936160960627,2025-12-14T00:23:19.000Z,0,0
401836219,40183621925,401836219581,16,4,Illinois State,MVFC,35,UC Davis,Big Sky,17,UC Davis,Illinois State,4,1,2,66,66,2,8,0,False,Pass Incompletion,Shotgun #16 T.Rittenhouse pass incomplete short right to #13 E.Kasper thrown to UCD49,-0.6778990972831398,2025-12-14T00:27:42.000Z,15,0
401836219,40183621925,401836219593,16,5,Illinois State,MVFC,35,UC Davis,Big Sky,17,UC Davis,Illinois State,4,1,2,66,66,3,8,0,False,Pass Incompletion,"Shotgun #16 T.Rittenhouse pass incomplete deep right to #4 D.Lord thrown to UCD32 broken up by #1 K.Riddick. The previous play is under automatic review - ""Incomplete pass"". CALL OVERTURNED. (Original Play: Shotgun #16 T.Rittenhouse pass complete deep right to #4 D.Lord caught at UCD32, for 34 yards to the UCD32 (#1 K.Riddick), 1ST DOWN)",-0.3439975114087259,2025-12-14T00:30:59.000Z,15,0
401836219,40183621925,401836219575,16,7,Illinois State,MVFC,35,UC Davis,Big Sky,17,UC Davis,Illinois State,4,1,2,68,68,1,10,2,False,Rush,Shotgun #5 V.Dawson rush middle for 2 yards gain to the ISU34 (#56 J.Ray),-0.5836824413377926,2025-12-14T00:27:02.000Z,0,0
401836219,40183621926,401836219603,17,1,UC Davis,Big Sky,17,Illinois State,MVFC,35,UC Davis,Illinois State,4,2,1,30,70,1,10,9,False,Rush,"No Huddle-Shotgun #20 J.Fisher rush left for 9 yards gain to the UCD39, out of bounds at UCD39",1.352349268401042,2025-12-14T00:32:53.000Z,13,30
401836219,40183621926,401836219607,17,2,UC Davis,Big Sky,17,Illinois State,MVFC,35,UC Davis,Illinois State,4,2,1,39,61,2,1,10,False,Pass Reception,"Shotgun #12 C.Pinnick pass complete short left to #20 J.Fisher caught at UCD35, for 10 yards to the UCD49, out of bounds at UCD49, 1ST DOWN",0.4170700466103623,2025-12-14T00:33:29.000Z,13,30
401836219,40183621926,401836219612,17,3,UC Davis,Big Sky,17,Illinois State,MVFC,35,UC Davis,Illinois State,4,2,1,49,51,1,10,10,False,Pass Reception,"Shotgun #12 C.Pinnick pass complete short left to #8 S.Gbatu, Jr. caught at ISU46, for 10 yards to the ISU41 (#44 D.Niekamp), out of bounds, 1ST DOWN",0.6828475779964196,2025-12-14T00:34:10.000Z,13,30
401836219,40183621926,401836219617,17,4,UC Davis,Big Sky,17,Illinois State,MVFC,35,UC Davis,Illinois State,4,2,1,59,41,1,10,17,False,Pass Reception,"No Huddle-Shotgun #12 C.Pinnick pass complete short left to #34 K.Acia caught at ISU41, for 17 yards to the ISU24 (#39 S.Oduma), 1ST DOWN",0.5590816772895444,2025-12-14T00:34:44.000Z,13,30
401836219,40183621926,401836219622,17,5,UC Davis,Big Sky,17,Illinois State,MVFC,35,UC Davis,Illinois State,4,2,1,76,24,1,10,6,False,Pass Reception,"No Huddle-Shotgun #12 C.Pinnick pass complete short left to #7 S.Dobbins caught at ISU26, for 6 yards to the ISU18 (#4 L.Brown)",0.193301563662509,2025-12-14T00:35:03.000Z,13,30
401836219,40183621926,401836219627,17,6,UC Davis,Big Sky,17,Illinois State,MVFC,35,UC Davis,Illinois State,4,2,1,82,18,2,4,2,False,Rush,No Huddle-Shotgun #34 K.Acia rush middle for 2 yards gain to the ISU16 (#44 D.Niekamp),-0.264051636883908,2025-12-14T00:35:39.000Z,13,30
401836219,40183621926,401836219631,17,7,UC Davis,Big Sky,17,Illinois State,MVFC,35,UC Davis,Illinois State,4,2,1,84,16,3,2,7,False,Rush,"No Huddle-Shotgun #12 C.Pinnick rush right for 7 yards gain to the ISU09 (#20 C.Richard Jr.), out of bounds, 1ST DOWN, PENALTY ISU Holding (#46 T.Niekamp) 5 yards from ISU09 to ISU04, 1ST DOWN",0.327950198181906,2025-12-14T00:36:09.000Z,13,30
401836219,40183621926,401836219638,17,8,UC Davis,Big Sky,17,Illinois State,MVFC,35,UC Davis,Illinois State,4,2,1,96,4,1,4,2,False,Rush,No Huddle-Shotgun #20 J.Fisher rush middle for 2 yards gain to the ISU02 (#56 G.Steffen),-0.379746006608248,2025-12-14T00:37:14.000Z,13,30
401836219,40183621926,401836219642,17,9,UC Davis,Big Sky,17,Illinois State,MVFC,35,UC Davis,Illinois State,4,2,1,98,2,2,2,6,False,Pass Interception Return,#12 C.Pinnick pass intercepted by #20 C.Richard Jr. at ISU00 #20 C.Richard Jr. return 6 yards to the ISU06 (#0 I.Simpson),-4.932063474677777,2025-12-14T00:38:18.000Z,9,34
401836219,40183621927,401836219683,19,10,Illinois State,MVFC,42,UC Davis,Big Sky,17,UC Davis,Illinois State,4,1,1,58,58,1,10,58,True,Rushing Touchdown,"Shotgun #21 S.Glatz rush middle for 58 yards gain to the UCD00 TOUCHDOWN, clock 03:35, 1ST DOWN #31 M.Maldonado kick attempt good (H: #41 H.Futch, LS: #49 D.Calabrese)",4.5617032120393155,2025-12-14T00:47:37.000Z,3,35
401836219,40183621927,401836219648,19,1,Illinois State,MVFC,35,UC Davis,Big Sky,17,UC Davis,Illinois State,4,1,1,94,94,1,10,1,False,Rush,Shotgun #5 V.Dawson rush middle for 1 yard gain to the ISU07 (#92 R.Mayo Jr.; #1 K.Riddick),-0.24672188323678768,2025-12-14T00:41:03.000Z,9,34
401836219,40183621927,401836219652,19,2,Illinois State,MVFC,35,UC Davis,Big Sky,17,UC Davis,Illinois State,4,1,1,93,93,2,9,6,False,Rush,Shotgun #5 V.Dawson rush middle for 6 yards gain to the ISU13 (#23 C.Batson),0.09830409713908494,2025-12-14T00:41:46.000Z,9,34
401836219,40183621927,401836219656,19,3,Illinois State,MVFC,35,UC Davis,Big Sky,17,UC Davis,Illinois State,4,1,1,87,87,3,3,3,False,Rush,"Shotgun #5 V.Dawson rush middle for 3 yards gain to the ISU16 (#2 M.Madruga), 1ST DOWN",0.46574191967505474,2025-12-14T00:42:33.000Z,9,34
401836219,40183621927,401836219660,19,4,Illinois State,MVFC,35,UC Davis,Big Sky,17,UC Davis,Illinois State,4,1,1,84,84,1,10,6,False,Rush,Shotgun #5 V.Dawson rush middle for 6 yards gain to the ISU22 (#92 R.Mayo Jr.),0.2548883538267885,2025-12-14T00:43:20.000Z,9,34
401836219,40183621927,401836219664,19,5,Illinois State,MVFC,35,UC Davis,Big Sky,17,UC Davis,Illinois State,4,1,1,78,78,2,4,5,False,Rush,"Shotgun #5 V.Dawson rush middle for 5 yards gain to the ISU27 (#10 J.Stanley), 1ST DOWN",0.3917655391549495,2025-12-14T00:44:03.000Z,9,34
401836219,40183621927,401836219668,19,6,Illinois State,MVFC,35,UC Davis,Big Sky,17,UC Davis,Illinois State,4,1,1,73,73,1,10,7,False,Rush,Shotgun #5 V.Dawson rush middle for 7 yards gain to the ISU34 (#10 J.Stanley; #1 K.Riddick),0.6338612725745634,2025-12-14T00:44:45.000Z,9,34
401836219,40183621927,401836219672,19,7,Illinois State,MVFC,35,UC Davis,Big Sky,17,UC Davis,Illinois State,4,1,1,66,66,2,3,-2,False,Rush,Shotgun #5 V.Dawson rush middle for 2 yards loss to the ISU32 (#90 T.Carrade),-1.3533712216539007,2025-12-14T00:45:28.000Z,9,34
401836219,40183621927,401836219676,19,8,Illinois State,MVFC,35,UC Davis,Big Sky,17,UC Davis,Illinois State,4,1,1,68,68,3,5,0,False,Pass Incompletion,Shotgun #2 D.Sobkowicz pass incomplete short right to #16 T.Rittenhouse thrown to ISU30,-0.4148536881069784,2025-12-14T00:46:15.000Z,9,34
401836219,40183621927,401836219679,19,9,Illinois State,MVFC,35,UC Davis,Big Sky,17,UC Davis,Illinois State,4,1,1,68,68,4,5,10,False,Rush,"#41 H.Futch rush left for 10 yards gain to the ISU42, out of bounds at ISU42, 1ST DOWN",2.505375859368937,2025-12-14T00:46:49.000Z,9,34
401836219,40183621929,401836219690,20,1,Illinois State,MVFC,42,UC Davis,Big Sky,17,UC Davis,Illinois State,4,1,1,65,65,1,10,67,False,Kickoff,"#31 M.Maldonado kickoff 57 yards to the UCD08 #3 Z.Jones return 67 yards to the ISU25 (#29 A.Crews), out of bounds",,2025-12-14T00:51:18.000Z,3,24
401836219,40183621929,401836219695,20,2,UC Davis,Big Sky,17,Illinois State,MVFC,42,UC Davis,Illinois State,4,1,1,75,25,1,10,3,False,Pass Reception,"#12 C.Pinnick pass complete short left to #7 S.Dobbins caught at ISU22, for 3 yards to the ISU22, out of bounds at ISU22",-0.1408898471373875,2025-12-14T00:52:21.000Z,3,24
401836219,40183621929,401836219701,20,3,UC Davis,Big Sky,17,Illinois State,MVFC,42,UC Davis,Illinois State,4,1,1,78,22,2,7,0,False,Pass Incompletion,#12 C.Pinnick pass incomplete short middle to #7 S.Dobbins thrown to ISU10 broken up by #14 M.Kaplan,-0.4998094827553564,2025-12-14T00:52:51.000Z,3,24
401836219,40183621929,401836219704,20,4,UC Davis,Big Sky,17,Illinois State,MVFC,42,UC Davis,Illinois State,4,1,1,78,22,3,7,21,False,Pass Reception,"(02:55) #12 C.Pinnick pass complete short middle to #20 J.Fisher caught at ISU23, for 21 yards to the ISU01 (#1 S.Nkuba II), 1ST DOWN",2.4027624170383586,2025-12-14T00:53:16.000Z,2,55
401836219,40183621929,401836219709,20,5,UC Davis,Big Sky,23,Illinois State,MVFC,42,UC Davis,Illinois State,4,1,1,99,1,1,1,1,True,Passing Touchdown,Jordan Fisher 1 Yd pass from Caden Pinnick (Two-Point Pass Conversion Failed),0.938021275120443,2025-12-14T00:53:55.000Z,2,11
401836219,40183621931,401836219719,21,1,UC Davis,Big Sky,17,Illinois State,MVFC,42,UC Davis,Illinois State,4,1,1,35,65,1,10,0,False,Kickoff,PENALTY UCD Personal Foul offsetting ISU Personal Foul offsetting. NO PLAY,,,2,55
401836219,40183621931,401836219725,21,2,Illinois State,MVFC,42,UC Davis,Big Sky,17,UC Davis,Illinois State,4,0,1,35,35,0,0,0,False,Timeout,"Timeout Illinois State, clock 02:11",,2025-12-14T00:56:57.000Z,2,11
401836219,40183621931,401836219723,21,4,UC Davis,Big Sky,23,Illinois State,MVFC,42,UC Davis,Illinois State,4,1,0,35,65,1,10,0,False,Kickoff,#41 I.Mancera onside kickoff 12 yards to the UCD47,,2025-12-14T00:56:00.000Z,2,8
401836219,40183621931,401836219734,21,6,UC Davis,Big Sky,23,Illinois State,MVFC,42,UC Davis,Illinois State,4,0,0,47,53,1,10,0,False,Timeout,"Timeout UC Davis, clock 02:00",,2025-12-14T00:59:20.000Z,2,0
401836219,40183621931,401836219752,21,10,UC Davis,Big Sky,23,Illinois State,MVFC,42,UC Davis,Illinois State,4,0,0,86,14,2,10,10,False,Penalty,"No Huddle #12 C.Pinnick pass complete short left to #0 I.Simpson caught at ISU00, for 14 yards to the ISU00 TOUCHDOWN nullified by penalty, clock 01:11 PENALTY UCD Holding (#70 E.Simonson) 10 yards from ISU14 to ISU24. NO PLAY",,2025-12-14T01:03:55.000Z,1,11
401836219,40183621931,401836219758,21,11,UC Davis,Big Sky,23,Illinois State,MVFC,42,UC Davis,Illinois State,4,0,0,76,24,2,20,0,False,Pass Reception,"No Huddle #12 C.Pinnick pass complete short right to #7 S.Dobbins caught at ISU23, for 0 yards to the ISU24 (#1 S.Nkuba II)",-0.862550659285377,2025-12-14T01:04:29.000Z,1,11
401836219,40183621931,401836219763,21,12,UC Davis,Big Sky,31,Illinois State,MVFC,42,UC Davis,Illinois State,4,0,0,76,24,3,20,24,True,Passing Touchdown,Stacy Dobbins 24 Yd pass from Caden Pinnick (Caden Pinnick Pass to Jordan Fisher for Two-Point Conversion),4.680673416570258,2025-12-14T01:04:47.000Z,0,47
401836219,40183621931,401836219749,21,9,UC Davis,Big Sky,23,Illinois State,MVFC,42,UC Davis,Illinois State,4,0,0,86,14,1,10,0,False,Pass Incompletion,"No Huddle #12 C.Pinnick pass incomplete short middle to #8 S.Gbatu, Jr. thrown to ISU10 broken up by #20 C.Richard Jr.",-0.3125697195395781,2025-12-14T01:02:51.000Z,2,0
401836219,40183621931,401836219727,21,3,UC Davis,Big Sky,23,Illinois State,MVFC,42,UC Davis,Illinois State,4,1,0,47,53,1,10,6,False,Pass Reception,"No Huddle #12 C.Pinnick pass complete short middle to #34 K.Acia caught at UCD46, for 6 yards to the ISU47 (#13 P.Bauer)",0.3681512148633137,2025-12-14T00:58:52.000Z,2,11
401836219,40183621931,401836219732,21,5,UC Davis,Big Sky,23,Illinois State,MVFC,42,UC Davis,Illinois State,4,1,0,53,47,2,4,12,False,Pass Reception,"No Huddle #12 C.Pinnick pass complete short right to #34 K.Acia caught at ISU48, for 12 yards to the ISU35, out of bounds at ISU35, 1ST DOWN",0.754559434933038,2025-12-14T01:01:50.000Z,2,0
401836219,40183621931,401836219739,21,7,UC Davis,Big Sky,23,Illinois State,MVFC,42,UC Davis,Illinois State,4,0,0,65,35,1,10,5,False,Pass Reception,"No Huddle #12 C.Pinnick pass complete short middle to #8 S.Gbatu, Jr. caught at ISU30, for 5 yards to the ISU30 (#14 M.Kaplan; #46 T.Niekamp)",0.081604517220205,2025-12-14T01:02:15.000Z,2,0
401836219,40183621931,401836219744,21,8,UC Davis,Big Sky,23,Illinois State,MVFC,42,UC Davis,Illinois State,4,0,0,70,30,2,5,16,False,Pass Reception,"No Huddle #12 C.Pinnick pass complete short middle to #7 S.Dobbins caught at ISU14, for 16 yards to the ISU14 (#4 L.Brown), 1ST DOWN",0.3427010913776695,2025-12-14T01:02:32.000Z,2,0
401836219,40183621933,401836219788,18,6,Illinois State,MVFC,42,UC Davis,Big Sky,31,UC Davis,Illinois State,4,1,1,33,33,2,14,-3,False,End of Game,End of 4th quarter.,,2025-12-14T01:09:00.000Z,0,0
401836219,40183621933,401836219791,18,1,UC Davis,Big Sky,31,Illinois State,MVFC,42,UC Davis,Illinois State,4,1,1,33,67,2,14,0,False,Timeout,"Timeout UC Davis, clock 13:30",,2025-12-14T01:10:46.000Z,13,30
401836219,40183621933,401836219773,18,2,UC Davis,Big Sky,23,Illinois State,MVFC,42,UC Davis,Illinois State,4,1,1,35,65,0,0,15,False,Penalty,PENALTY UCD UNR: Unnecessary Roughness (#70 E.Simonson) 15 yards from UCD35 to UCD20. NO PLAY,,2025-12-14T01:05:44.000Z,1,11
401836219,40183621933,401836219776,18,3,UC Davis,Big Sky,31,Illinois State,MVFC,42,UC Davis,Illinois State,4,1,1,20,80,1,10,0,False,Kickoff,"#41 I.Mancera onside kickoff 9 yards to the UCD29, End Of Play",,2025-12-14T01:06:19.000Z,0,46
401836219,40183621933,401836219780,18,4,Illinois State,MVFC,42,UC Davis,Big Sky,31,UC Davis,Illinois State,4,1,1,29,29,1,10,-4,False,Rush,Kneel down by #16 T.Rittenhouse at UCD33 for loss of 4 yards,-1.1355760000537667,2025-12-14T01:08:12.000Z,0,46
401836219,40183621933,401836219783,18,5,Illinois State,MVFC,42,UC Davis,Big Sky,31,UC Davis,Illinois State,4,1,1,33,33,2,14,-3,False,Rush,Kneel down by #16 T.Rittenhouse at UCD36 for loss of 3 yards,-1.5751494458833957,2025-12-14T01:08:49.000Z,0,46
401762521,4017625212,4017625213,1,1,Army,American Athletic,0,Navy,American Athletic,0,Navy,Army,1,3,3,65,65,1,10,0,False,Kickoff,"(15:00) #1 A.Britton kickoff 65 yards to the Navy00, Touchback",,2025-12-13T20:11:14.000Z,15,0
401762521,4017625212,40176252112,1,2,Navy,American Athletic,0,Army,American Athletic,0,Navy,Army,1,3,3,25,75,1,10,7,False,Rush,(14:58) No Huddle-Shotgun #22 E.Heidenreich rush middle for 7 yards gain to the Navy32 (#20 C.Larkin),0.604642460086338,2025-12-13T20:14:38.000Z,14,54
401762521,4017625212,40176252116,1,3,Navy,American Athletic,0,Army,American Athletic,0,Navy,Army,1,3,3,32,68,2,3,14,False,Rush,"(14:18) No Huddle-Shotgun #11 B.Horvath rush middle for 14 yards gain to the Navy46 (#5 J.Weaver), out of bounds, 1ST DOWN",1.2882151219497755,2025-12-13T20:15:17.000Z,14,13
401762521,4017625212,40176252120,1,4,Navy,American Athletic,0,Army,American Athletic,0,Navy,Army,1,3,3,46,54,1,10,0,False,Rush,Shotgun #46 A.Tecza rush right for 0 yards to the Navy46 (#53 K.Fortner),-1.1590089706435955,2025-12-13T20:15:48.000Z,14,13
401762521,4017625212,40176252124,1,5,Navy,American Athletic,0,Army,American Athletic,0,Navy,Army,1,3,3,46,54,2,10,2,False,Rush,Shotgun #11 B.Horvath rush left for 2 yards gain to the Navy48 (#96 D.Stowers; #52 K.Harris-Miller),-0.5817253446000324,2025-12-13T20:16:31.000Z,12,59
401762521,4017625212,40176252128,1,6,Navy,American Athletic,0,Army,American Athletic,0,Navy,Army,1,3,3,48,52,3,8,11,False,Pass Reception,"(12:27) Shotgun #11 B.Horvath pass complete short left to #22 E.Heidenreich caught at Navy46, for 11 yards to the Army41 (#53 K.Fortner), 1ST DOWN",2.6851122270323167,2025-12-13T20:17:13.000Z,12,19
401762521,4017625212,40176252133,1,7,Navy,American Athletic,0,Army,American Athletic,0,Navy,Army,1,3,3,59,41,1,10,4,False,Rush,(11:47) Shotgun #11 B.Horvath rush middle for 4 yards gain to the Army37 (#20 C.Larkin),-0.0951556089752721,2025-12-13T20:17:52.000Z,11,43
401762521,4017625212,40176252137,1,8,Navy,American Athletic,0,Army,American Athletic,0,Navy,Army,1,3,3,63,37,2,6,3,False,Rush,(11:12) No Huddle #46 A.Tecza rush middle for 3 yards gain to the Army34 (#53 K.Fortner; #30 C.Matteson),-0.3019096823593373,2025-12-13T20:18:27.000Z,11,7
401762521,4017625212,40176252141,1,9,Navy,American Athletic,0,Army,American Athletic,0,Navy,Army,1,3,3,66,34,3,3,9,False,Rush,"(10:29) No Huddle #11 B.Horvath rush middle for 9 yards gain to the Army25 (#7 J.Mayes; #14 G.Shields), 1ST DOWN",0.9375005549650713,2025-12-13T20:19:09.000Z,10,21
401762521,4017625212,40176252145,1,10,Navy,American Athletic,0,Army,American Athletic,0,Navy,Army,1,3,3,75,25,1,10,3,False,Rush,(09:43) No Huddle-Shotgun #11 B.Horvath rush middle for 3 yards gain to the Army22 (#96 D.Stowers; #51 A.Thomas),-0.1408898471373875,2025-12-13T20:19:55.000Z,9,40
401762521,4017625212,40176252149,1,11,Navy,American Athletic,0,Army,American Athletic,0,Navy,Army,1,3,3,78,22,2,7,9,False,Rush,"(09:03) No Huddle #22 E.Heidenreich rush right for 9 yards gain to the Army13 (#5 J.Weaver; #14 G.Shields), 1ST DOWN",0.302044994357598,,8,57
401762521,4017625212,40176252154,1,12,Navy,American Athletic,0,Army,American Athletic,0,Navy,Army,1,3,3,87,13,1,10,3,False,Rush,"(08:34) #11 B.Horvath rush right for 3 yards gain to the Army10 (#30 C.Matteson), out of bounds",-0.098600859057136,2025-12-13T20:21:41.000Z,8,32
401762521,4017625212,40176252158,1,13,Navy,American Athletic,0,Army,American Athletic,0,Navy,Army,1,3,3,90,10,2,7,5,False,Rush,(07:55) #11 B.Horvath rush middle for 5 yards gain to the Army05 (#30 C.Matteson),0.062241107016934,2025-12-13T20:22:20.000Z,7,51
401762521,4017625212,40176252162,1,14,Navy,American Athletic,7,Army,American Athletic,0,Navy,Army,1,3,3,95,5,3,2,5,True,Rushing Touchdown,"(07:18) #11 B.Horvath rush middle for 5 yards gain to the Army00 TOUCHDOWN, clock 07:16, 1ST DOWN #17 N.Kirkwood kick attempt good (H: #15 J.Carlson, LS: #92 R.Fry)",2.575288967086049,2025-12-13T20:22:59.000Z,7,16
401762521,4017625214,40176252169,2,1,Navy,American Athletic,7,Army,American Athletic,0,Navy,Army,1,3,3,35,65,1,10,0,False,Kickoff,(07:16) #99 L.Gossett kickoff 53 yards to the Army12 fair catch by #23 L.Benson III at Army12,,2025-12-13T20:23:50.000Z,7,16
401762521,4017625214,40176252172,2,2,Army,American Athletic,0,Navy,American Athletic,7,Navy,Army,1,3,3,75,75,1,10,3,False,Rush,(07:16) #3 C.Hellums rush middle for 3 yards gain to the Army28 (#58 C.Cauley; #96 L.Robinson),-0.2957674139440157,2025-12-13T20:27:28.000Z,7,7
401762521,4017625214,40176252176,2,3,Army,American Athletic,0,Navy,American Athletic,7,Navy,Army,1,3,3,72,72,2,7,3,False,Rush,(06:34) Shotgun #27 S.Howard rush middle for 3 yards gain to the Army31 (#90 J.Moutome),-0.2389648696117614,2025-12-13T20:28:04.000Z,6,28
401762521,4017625214,40176252180,2,4,Army,American Athletic,0,Navy,American Athletic,7,Navy,Army,1,3,3,69,69,3,4,26,False,Rush,"(05:54) Shotgun #3 C.Hellums rush left for 26 yards gain to the Navy43 (#16 G.Sessi), 1ST DOWN",3.2601173153462444,2025-12-13T20:28:44.000Z,5,48
401762521,4017625214,40176252184,2,5,Army,American Athletic,0,Navy,American Athletic,7,Navy,Army,1,3,3,43,43,1,10,4,False,Rush,(05:11) #33 J.Rendina rush middle for 4 yards gain to the Navy39 (#58 C.Cauley; #56 M.Parker),-0.1055620972164722,2025-12-13T20:29:28.000Z,5,5
401762521,4017625214,40176252188,2,6,Army,American Athletic,0,Navy,American Athletic,7,Navy,Army,1,3,3,39,39,2,6,1,False,Rush,(04:27) Shotgun #3 C.Hellums rush middle for 1 yard gain to the Navy38 (#90 J.Moutome),-0.7632595708010718,2025-12-13T20:30:11.000Z,4,24
401762521,4017625214,40176252192,2,7,Army,American Athletic,0,Navy,American Athletic,7,Navy,Army,1,3,3,38,38,3,5,7,False,Pass Reception,"(03:50) No Huddle-Shotgun #3 C.Hellums pass complete short right to #84 B.Anderson caught at Navy31, for 7 yards to the Navy31 (#17 J.Ross), out of bounds, 1ST DOWN",1.3792455858754502,2025-12-13T20:30:50.000Z,3,44
401762521,4017625214,40176252197,2,8,Army,American Athletic,0,Navy,American Athletic,7,Navy,Army,1,3,3,31,31,1,10,2,False,Rush,(03:17) No Huddle-Shotgun #3 C.Hellums rush right for 2 yards gain to the Navy29 (#58 C.Cauley; #17 J.Ross),-0.3100175172690756,2025-12-13T20:31:24.000Z,3,11
401762521,4017625214,401762521101,2,9,Army,American Athletic,0,Navy,American Athletic,7,Navy,Army,1,3,3,29,29,2,8,4,False,Rush,(02:38) No Huddle-Shotgun #3 C.Hellums rush middle for 4 yards gain to the Navy25 (#56 M.Parker; #96 L.Robinson),-0.0754257497771124,2025-12-13T20:32:03.000Z,2,29
401762521,4017625214,401762521105,2,10,Army,American Athletic,0,Navy,American Athletic,7,Navy,Army,1,3,3,25,25,3,4,2,False,Rush,(01:56) No Huddle-Shotgun #15 N.Short rush right for 2 yards gain to the Navy23 (#58 C.Cauley; #95 G.Willis),-0.3983835350299874,2025-12-13T20:32:45.000Z,1,51
401762521,4017625214,401762521109,2,11,Army,American Athletic,0,Navy,American Athletic,7,Navy,Army,1,3,3,23,23,4,2,2,False,Rush,"(01:18) No Huddle-Shotgun #3 C.Hellums rush middle for 2 yards gain to the Navy21 (#90 J.Moutome; #58 C.Cauley), 1ST DOWN",0.9934761583536303,2025-12-13T20:33:24.000Z,1,12
401762521,4017625214,401762521113,2,12,Army,American Athletic,0,Navy,American Athletic,7,Navy,Army,1,3,3,21,21,1,10,1,False,Rush,"(00:35) No Huddle-Shotgun #27 S.Howard rush left for 1 yard gain to the Navy20 (#14 J.Campbell) PENALTY Navy Face Mask (#14 J.Campbell) 10 yards from Navy20 to Navy10, 1ST DOWN",-0.299663506721031,2025-12-13T20:34:07.000Z,0,29
401762521,4017625214,401762521118,2,13,Army,American Athletic,0,Navy,American Athletic,7,Navy,Army,1,3,3,10,10,1,10,8,False,Rush,(00:06) No Huddle-Shotgun #3 C.Hellums rush middle for 8 yards gain to the Navy02 (#58 C.Cauley; #93 A.Lyczek),0.445890316927219,2025-12-13T20:35:17.000Z,0,6
401762521,4017625214,401762521124,2,14,Army,American Athletic,0,Navy,American Athletic,7,Navy,Army,1,3,3,10,10,1,10,8,False,End Period,End of 1st quarter.,0.445890316927219,2025-12-13T20:35:41.000Z,0,0
401762521,4017625214,401762521128,2,15,Army,American Athletic,7,Navy,American Athletic,7,Navy,Army,2,3,3,2,2,2,2,2,True,Rushing Touchdown,"(14:57) No Huddle #3 C.Hellums rush middle for 2 yards gain to the Navy00 TOUCHDOWN, clock 14:55, 1ST DOWN #95 D.Jones kick attempt good (H: #38 C.Allan, LS: #55 O.Walter)",2.067936525322223,2025-12-13T20:39:55.000Z,14,55
401762521,4017625216,401762521137,3,1,Army,American Athletic,7,Navy,American Athletic,7,Navy,Army,2,3,3,65,65,1,10,0,False,Kickoff,"(14:55) #1 A.Britton kickoff 65 yards to the Navy00, Touchback",,2025-12-13T20:40:55.000Z,14,55
401762521,4017625216,401762521152,3,5,Navy,American Athletic,7,Army,American Athletic,7,Navy,Army,2,3,3,34,66,4,1,0,False,Punt,(12:44) #15 J.Carlson punt 32 yards to the Army34,,2025-12-13T20:47:12.000Z,12,37
401762521,4017625216,401762521140,3,2,Navy,American Athletic,7,Army,American Athletic,7,Navy,Army,2,3,3,25,75,1,10,-2,False,Rush,(14:53) No Huddle-Shotgun #11 B.Horvath rush right for 2 yards loss to the Navy23 (#51 A.Thomas),-0.8852575132705454,2025-12-13T20:44:53.000Z,14,48
401762521,4017625216,401762521144,3,3,Navy,American Athletic,7,Army,American Athletic,7,Navy,Army,2,3,3,23,77,2,12,9,False,Rush,(14:11) Shotgun #24 B.Chatman rush middle for 9 yards gain to the Navy32 (#20 C.Larkin; #52 K.Harris-Miller),0.4961033721553942,2025-12-13T20:45:34.000Z,14,5
401762521,4017625216,401762521148,3,4,Navy,American Athletic,7,Army,American Athletic,7,Navy,Army,2,3,3,32,68,3,3,2,False,Rush,(13:26) Shotgun #11 B.Horvath rush middle for 2 yards gain to the Navy34 (#92 J.Latore; #40 E.Ford),-0.3345261769981986,2025-12-13T20:46:22.000Z,13,21
401762521,4017625217,401762521195,4,10,Army,American Athletic,7,Navy,American Athletic,7,Navy,Army,2,2,3,17,17,3,8,0,False,Timeout,"Timeout Army, clock 06:35",,2025-12-13T20:56:33.000Z,6,35
401762521,4017625217,401762521213,4,15,Army,American Athletic,10,Navy,American Athletic,7,Navy,Army,2,2,3,3,3,4,3,20,True,Field Goal Good,"(03:44) #95 D.Jones field goal attempt from 20 yards GOOD (H: #38 C.Allan, LS: #55 O.Walter), clock 03:45",,2025-12-13T21:02:24.000Z,3,45
401762521,4017625217,401762521156,4,1,Army,American Athletic,7,Navy,American Athletic,7,Navy,Army,2,3,3,66,66,1,10,4,False,Rush,(12:33) No Huddle #3 C.Hellums rush middle for 4 yards gain to the Army38 (#95 G.Willis; #2 M.Williams),-0.1564365612469736,2025-12-13T20:50:20.000Z,12,31
401762521,4017625217,401762521160,4,2,Army,American Athletic,7,Navy,American Athletic,7,Navy,Army,2,3,3,62,62,2,6,8,False,Rush,"(11:58) No Huddle-Shotgun #27 S.Howard rush middle for 8 yards gain to the Army46 (#2 M.Williams; #17 J.Ross), 1ST DOWN",1.3083084132913798,2025-12-13T20:50:56.000Z,11,51
401762521,4017625217,401762521164,4,3,Army,American Athletic,7,Navy,American Athletic,7,Navy,Army,2,3,3,54,54,1,10,2,False,Rush,(11:17) No Huddle #15 N.Short rush left for 2 yards gain to the Army48 (#58 C.Cauley),-0.6735165476975664,2025-12-13T20:51:37.000Z,11,12
401762521,4017625217,401762521168,4,4,Army,American Athletic,7,Navy,American Athletic,7,Navy,Army,2,3,3,52,52,2,8,0,False,Rush,(10:34) No Huddle-Shotgun #3 C.Hellums rush middle for 0 yards to the Army48 (#35 L.Pirris; #18 P.Hamilton),-1.0672177675460617,2025-12-13T20:52:20.000Z,10,30
401762521,4017625217,401762521172,4,5,Army,American Athletic,7,Navy,American Athletic,7,Navy,Army,2,3,3,52,52,3,8,21,False,Pass Reception,"(09:56) No Huddle-Shotgun #3 C.Hellums pass complete short middle to #15 N.Short caught at Navy45, for 21 yards to the Navy31 (#40 C.Robinson), 1ST DOWN",3.083685682855888,2025-12-13T20:52:57.000Z,9,48
401762521,4017625217,401762521177,4,6,Army,American Athletic,7,Navy,American Athletic,7,Navy,Army,2,3,3,31,31,1,10,12,False,Rush,"(09:15) No Huddle-Shotgun #3 C.Hellums rush right for 12 yards gain to the Navy19 (#16 G.Sessi), 1ST DOWN",0.237498541435425,2025-12-13T20:53:43.000Z,9,7
401762521,4017625217,401762521181,4,7,Army,American Athletic,7,Navy,American Athletic,7,Navy,Army,2,3,3,19,19,1,10,3,False,Rush,(08:36) No Huddle #27 S.Howard rush middle for 3 yards gain to the Navy16 (#2 M.Williams),-0.114691276393927,2025-12-13T20:54:23.000Z,8,21
401762521,4017625217,401762521185,4,8,Army,American Athletic,7,Navy,American Athletic,7,Navy,Army,2,3,3,16,16,2,7,-1,False,Rush,(07:53) No Huddle-Shotgun #3 C.Hellums rush middle for 1 yard loss to the Navy17 (#95 G.Willis),-0.479221377892209,2025-12-13T20:55:04.000Z,7,50
401762521,4017625217,401762521189,4,9,Army,American Athletic,7,Navy,American Athletic,7,Navy,Army,2,3,3,17,17,3,8,6,False,Rush,(07:13) Shotgun #3 C.Hellums rush middle for 6 yards gain to the Navy11 (#35 L.Pirris; #2 M.Williams),0.1348464127903315,2025-12-13T20:55:45.000Z,7,7
401762521,4017625217,401762521193,4,11,Army,American Athletic,7,Navy,American Athletic,7,Navy,Army,2,2,3,11,11,4,2,3,False,Rush,"(06:35) #3 C.Hellums rush right for 3 yards gain to the Navy08 (#93 A.Lyczek; #2 M.Williams), 1ST DOWN",0.7439143014336355,2025-12-13T20:59:37.000Z,6,23
401762521,4017625217,401762521198,4,12,Army,American Athletic,7,Navy,American Athletic,7,Navy,Army,2,2,3,8,8,1,8,3,False,Rush,(05:54) No Huddle-Shotgun #3 C.Hellums rush middle for 3 yards gain to the Navy05 (#2 M.Williams),-0.118978122830228,2025-12-13T21:00:14.000Z,5,46
401762521,4017625217,401762521202,4,13,Army,American Athletic,7,Navy,American Athletic,7,Navy,Army,2,2,3,5,5,2,5,1,False,Rush,(05:13) No Huddle-Shotgun #3 C.Hellums rush middle for 1 yard gain to the Navy04 (#58 C.Cauley; #40 C.Robinson),-0.2573952299466615,2025-12-13T21:00:55.000Z,5,9
401762521,4017625217,401762521206,4,14,Army,American Athletic,7,Navy,American Athletic,7,Navy,Army,2,2,3,4,4,3,4,1,False,Pass Reception,"(04:33) Shotgun #3 C.Hellums pass complete short right to #15 N.Short caught at Navy08, for 1 yard to the Navy03 (#2 M.Williams; #40 C.Robinson)",-0.2203736230258005,2025-12-13T21:01:42.000Z,4,9
401762521,4017625219,401762521236,5,5,Navy,American Athletic,7,Army,American Athletic,10,Navy,Army,2,2,2,16,84,3,16,0,False,Timeout,"Timeout Navy, clock 02:00",,2025-12-13T21:10:26.000Z,2,0
401762521,4017625219,401762521216,5,1,Army,American Athletic,10,Navy,American Athletic,7,Navy,Army,2,2,3,65,65,1,10,22,False,Kickoff,(03:45) #1 A.Britton kickoff 65 yards to the Navy00 #25 I.Bryant return 22 yards to the Navy22 (#10 C.Searight),,2025-12-13T21:05:25.000Z,3,38
401762521,4017625219,401762521221,5,2,Navy,American Athletic,7,Army,American Athletic,10,Navy,Army,2,3,2,22,78,1,10,-3,False,Sack,"(03:34) Shotgun #11 B.Horvath sacked for loss of 6 yards to the Navy16 (#40 E.Ford, #99 J.Bousum)",-0.8284665858611353,2025-12-13T21:08:33.000Z,3,29
401762521,4017625219,401762521225,5,3,Navy,American Athletic,7,Army,American Athletic,10,Navy,Army,2,3,2,16,84,2,16,0,False,Rush,(02:56) Shotgun #11 B.Horvath rush middle for 0 yards to the Navy16 (#92 J.Latore; #14 G.Shields),-0.10269018384272677,2025-12-13T21:09:10.000Z,2,51
401762521,4017625219,401762521229,5,4,Navy,American Athletic,7,Army,American Athletic,10,Navy,Army,2,3,2,16,84,3,16,21,False,Pass Reception,"(02:12) Shotgun #11 B.Horvath pass complete deep middle to #22 E.Heidenreich caught at Navy36, for 21 yards to the Navy37, End Of Play, 1ST DOWN",2.280630292760839,2025-12-13T21:09:54.000Z,2,0
401762521,4017625219,401762521234,5,6,Navy,American Athletic,7,Army,American Athletic,10,Navy,Army,2,2,2,37,63,1,10,6,False,Pass Reception,"(01:58) Shotgun #11 B.Horvath pass complete short left to #22 E.Heidenreich caught at Navy43, for 6 yards to the Navy43 (#5 J.Weaver)",0.4024109850387187,2025-12-13T21:13:16.000Z,1,44
401762521,4017625219,401762521245,5,8,Navy,American Athletic,7,Army,American Athletic,10,Navy,Army,2,2,2,61,39,1,10,6,False,Rush,(01:07) Shotgun #11 B.Horvath rush middle for 6 yards gain to the Army33 (#51 A.Thomas),0.258293699621337,2025-12-13T21:14:14.000Z,1,4
401762521,4017625219,401762521240,5,7,Navy,American Athletic,7,Army,American Athletic,10,Navy,Army,2,2,2,43,57,2,4,18,False,Pass Reception,"(01:31) Shotgun #11 B.Horvath pass complete short middle to #22 E.Heidenreich caught at Army48, for 18 yards to the Army39 (#30 C.Matteson), 1ST DOWN",1.5076612536074805,2025-12-13T21:13:42.000Z,1,27
401762521,4017625219,401762521249,5,9,Navy,American Athletic,7,Army,American Athletic,10,Navy,Army,2,2,2,67,33,2,4,0,False,Pass Incompletion,(00:47) No Huddle-Shotgun #11 B.Horvath pass incomplete short left to #22 E.Heidenreich thrown to Army28,-0.8109939031549853,2025-12-13T21:14:36.000Z,0,46
401762521,4017625219,401762521252,5,10,Navy,American Athletic,7,Army,American Athletic,10,Navy,Army,2,2,2,67,33,3,4,6,False,Rush,"(00:44) Shotgun #11 B.Horvath rush middle for 6 yards gain to the Army27 (#51 A.Thomas; #20 C.Larkin), 1ST DOWN",0.9518579170737133,2025-12-13T21:15:17.000Z,0,41
401762521,4017625219,401762521256,5,11,Navy,American Athletic,7,Army,American Athletic,10,Navy,Army,2,2,2,73,27,1,10,0,False,Pass Incompletion,(00:30) No Huddle-Shotgun #11 B.Horvath pass incomplete deep middle to #24 B.Chatman thrown to Army00 broken up by #14 G.Shields,-0.490975886965904,2025-12-13T21:15:44.000Z,0,27
401762521,4017625219,401762521259,5,12,Navy,American Athletic,7,Army,American Athletic,10,Navy,Army,2,2,2,73,27,2,10,-18,False,Fumble Recovery (Opponent),"(00:22) No Huddle #11 B.Horvath rush middle for 18 yards loss to the Army45 fumbled by #11 B.Horvath at Army34 recovered by Army #99 J.Bousum at Army45, End Of Play",-3.76774327164261,2025-12-13T21:19:28.000Z,0,20
401762521,40176252110,401762521282,6,4,Army,American Athletic,13,Navy,American Athletic,7,Navy,Army,2,2,2,28,28,3,7,45,True,Field Goal Good,"(00:00) #95 D.Jones field goal attempt from 45 yards GOOD (H: #38 C.Allan, LS: #55 O.Walter), clock 00:00",,2025-12-13T21:26:38.000Z,0,3
401762521,40176252110,401762521287,6,5,Army,American Athletic,13,Navy,American Athletic,7,Navy,Army,2,2,2,28,28,3,7,-37,False,End Period,End of 2nd quarter.,-3.72031285687485,2025-12-13T21:26:46.000Z,0,0
401762521,40176252110,401762521267,6,1,Army,American Athletic,10,Navy,American Athletic,7,Navy,Army,2,2,2,55,55,1,10,24,False,Pass Reception,"(00:18) Shotgun #3 C.Hellums pass complete deep right to #84 B.Anderson caught at Navy31, for 24 yards to the Navy31, out of bounds at Navy31, 1ST DOWN",1.434667067243417,2025-12-13T21:20:14.000Z,0,14
401762521,40176252110,401762521272,6,2,Army,American Athletic,10,Navy,American Athletic,7,Navy,Army,2,2,2,31,31,1,10,0,False,Pass Incompletion,(00:12) No Huddle #3 C.Hellums pass incomplete deep right to #15 N.Short thrown to Navy00,-0.5824837756999947,2025-12-13T21:20:54.000Z,0,8
401762521,40176252110,401762521275,6,3,Army,American Athletic,10,Navy,American Athletic,7,Navy,Army,2,2,2,31,31,2,10,3,False,Rush,"(00:06) No Huddle-Shotgun #3 C.Hellums rush left for 3 yards gain to the Navy28 (#58 C.Cauley; #96 L.Robinson). The previous play is under automatic review - ""Proper down"". CALL UPHELD",-0.2553307023814781,2025-12-13T21:21:40.000Z,0,3
401762521,40176252112,401762521292,7,1,Navy,American Athletic,7,Army,American Athletic,13,Navy,Army,3,3,3,35,65,1,10,0,False,Kickoff,#99 L.Gossett kickoff 63 yards to the Army02 fair catch by #23 L.Benson III at Army02,,2025-12-13T21:47:15.000Z,15,0
401762521,40176252112,401762521309,7,5,Army,American Athletic,13,Navy,American Athletic,7,Navy,Army,3,3,3,44,44,3,8,5,False,Penalty,(13:35) PENALTY Army False Start (#59 W.Jeffcoat) 5 yards from Navy44 to Navy49. NO PLAY,,2025-12-13T21:54:13.000Z,13,37
401762521,40176252112,401762521311,7,6,Army,American Athletic,13,Navy,American Athletic,7,Navy,Army,3,2,3,44,44,2,8,0,False,Timeout,"Timeout Army, clock 13:37",,2025-12-13T21:50:59.000Z,13,37
401762521,40176252112,401762521316,7,8,Army,American Athletic,13,Navy,American Athletic,7,Navy,Army,3,2,3,49,49,4,13,0,False,Punt,(13:27) #46 J.Wagenseller punt 38 yards to the Navy11 fair catch by #24 B.Chatman at Navy11,,2025-12-13T21:55:36.000Z,13,21
401762521,40176252112,401762521297,7,2,Army,American Athletic,13,Navy,American Athletic,7,Navy,Army,3,3,3,75,75,1,10,29,False,Pass Reception,"(15:00) #3 C.Hellums pass complete short left to #15 N.Short caught at Army34, for 29 yards to the Navy46 (#16 G.Sessi), out of bounds, 1ST DOWN",2.5344677115868572,2025-12-13T21:48:39.000Z,14,51
401762521,40176252112,401762521302,7,3,Army,American Athletic,13,Navy,American Athletic,7,Navy,Army,3,3,3,46,46,1,10,2,False,Rush,(14:18) No Huddle-Shotgun #27 S.Howard rush middle for 2 yards gain to the Navy44 (#56 M.Parker; #95 G.Willis),-0.5661525320140282,2025-12-13T21:49:24.000Z,14,12
401762521,40176252112,401762521306,7,4,Army,American Athletic,13,Navy,American Athletic,7,Navy,Army,3,3,3,44,44,2,8,0,False,Pass Incompletion,(13:38) No Huddle-Shotgun #3 C.Hellums pass incomplete short right to #15 N.Short thrown to Navy40,-1.0871267868462624,2025-12-13T21:50:05.000Z,13,37
401762521,40176252112,401762521313,7,7,Army,American Athletic,13,Navy,American Athletic,7,Navy,Army,3,2,3,49,49,3,13,0,False,Pass Incompletion,(13:35) Shotgun #3 C.Hellums pass incomplete short right to #44 P.Poloskey thrown to Navy35 QB hurried by #35 L.Pirris,-0.612216708619755,2025-12-13T21:55:03.000Z,13,29
401762521,40176252113,401762521320,8,1,Navy,American Athletic,7,Army,American Athletic,13,Navy,Army,3,3,2,11,89,1,10,3,False,Rush,(13:19) No Huddle-Shotgun #46 A.Tecza rush middle for 3 yards gain to the Navy14 (#92 J.Latore; #30 C.Matteson),-0.1528161791339535,2025-12-13T21:58:44.000Z,13,14
401762521,40176252113,401762521324,8,2,Navy,American Athletic,7,Army,American Athletic,13,Navy,Army,3,3,2,14,86,2,7,0,False,Rush,(12:41) No Huddle-Shotgun #11 B.Horvath rush middle for 0 yards to the Navy14 (#51 A.Thomas; #14 G.Shields),-0.28082239504916373,2025-12-13T21:59:24.000Z,12,34
401762521,40176252113,401762521333,8,3,Navy,American Athletic,7,Army,American Athletic,13,Navy,Army,3,3,2,14,86,3,7,0,False,Interception,"(11:58) No Huddle-Shotgun #11 B.Horvath pass intercepted by #5 J.Weaver at Navy32, End Of Play. The previous play is under automatic review - ""Proper down"". CALL OVERTURNED. (Original Play: (11:58) No Huddle-Shotgun #11 B.Horvath pass intercepted by #5 J.Weaver at Navy32, End Of Play)",0.19721088231078898,2025-12-13T22:02:24.000Z,11,58
401762521,40176252114,401762521351,9,4,Army,American Athletic,16,Navy,American Athletic,7,Navy,Army,3,2,3,30,30,4,8,48,True,Field Goal Good,"(09:39) #95 D.Jones field goal attempt from 48 yards GOOD (H: #38 C.Allan, LS: #55 O.Walter), clock 09:39",,2025-12-13T22:04:41.000Z,9,39
401762521,40176252114,401762521339,9,1,Army,American Athletic,13,Navy,American Athletic,7,Navy,Army,3,2,3,32,32,1,10,3,False,Rush,(11:44) #3 C.Hellums rush left for 3 yards gain to the Navy29 (#90 J.Moutome; #18 P.Hamilton),-0.188944603567995,2025-12-13T22:02:33.000Z,11,38
401762521,40176252114,401762521343,9,2,Army,American Athletic,13,Navy,American Athletic,7,Navy,Army,3,2,3,29,29,2,7,-5,False,Rush,"(11:05) #27 S.Howard rush left for 5 yards loss to the Navy34 (#35 L.Pirris), out of bounds",-1.6622826837077334,2025-12-13T22:03:12.000Z,11,1
401762521,40176252114,401762521347,9,3,Army,American Athletic,13,Navy,American Athletic,7,Navy,Army,3,2,3,34,34,3,12,4,False,Rush,(10:24) Shotgun #3 C.Hellums rush right for 4 yards gain to the Navy30 (#58 C.Cauley; #0 K.McShan),-0.1637877635207357,2025-12-13T22:03:55.000Z,10,19
401762521,40176252116,401762521354,10,1,Army,American Athletic,16,Navy,American Athletic,7,Navy,Army,3,2,3,65,65,1,10,0,False,Kickoff,"(09:39) #1 A.Britton kickoff 65 yards to the Navy00, Touchback",,2025-12-13T22:04:44.000Z,9,39
401762521,40176252116,401762521403,10,14,Navy,American Athletic,10,Army,American Athletic,16,Navy,Army,3,3,2,97,3,4,3,21,True,Field Goal Good,"(02:59) #17 N.Kirkwood field goal attempt from 21 yards GOOD (H: #15 J.Carlson, LS: #92 R.Fry), clock 02:59",,2025-12-13T22:17:02.000Z,2,59
401762521,40176252116,401762521357,10,2,Navy,American Athletic,7,Army,American Athletic,16,Navy,Army,3,3,2,25,75,1,10,5,False,Rush,(09:39) No Huddle-Shotgun #11 B.Horvath rush middle for 5 yards gain to the Navy30 (#40 E.Ford; #30 C.Matteson),0.0945451165334843,2025-12-13T22:09:05.000Z,9,35
401762521,40176252116,401762521361,10,3,Navy,American Athletic,7,Army,American Athletic,16,Navy,Army,3,3,2,30,70,2,5,3,False,Rush,(09:00) No Huddle-Shotgun #11 B.Horvath rush left for 3 yards gain to the Navy33 (#7 J.Mayes),-0.3141325711590933,2025-12-13T22:09:44.000Z,8,54
401762521,40176252116,401762521365,10,4,Navy,American Athletic,7,Army,American Athletic,16,Navy,Army,3,3,2,33,67,3,2,3,False,Rush,"(08:23) No Huddle #11 B.Horvath rush left for 3 yards gain to the Navy36 (#14 G.Shields; #96 D.Stowers), 1ST DOWN",1.1501499665715995,2025-12-13T22:10:22.000Z,8,17
401762521,40176252116,401762521369,10,5,Navy,American Athletic,7,Army,American Athletic,16,Navy,Army,3,3,2,36,64,1,10,0,False,Pass Incompletion,(07:43) No Huddle-Shotgun #11 B.Horvath pass incomplete short right to #22 E.Heidenreich thrown to Navy41,-1.041155320344064,2025-12-13T22:11:04.000Z,7,40
401762521,40176252116,401762521372,10,6,Navy,American Athletic,7,Army,American Athletic,16,Navy,Army,3,3,2,36,64,2,10,6,False,Rush,(07:38) No Huddle-Shotgun #22 E.Heidenreich rush left for 6 yards gain to the Navy42 (#40 E.Ford; #51 A.Thomas),0.2584728520333605,2025-12-13T22:11:42.000Z,7,29
401762521,40176252116,401762521376,10,7,Navy,American Athletic,7,Army,American Athletic,16,Navy,Army,3,3,2,42,58,3,4,37,False,Rush,"(06:52) Shotgun #11 B.Horvath rush middle for 37 yards gain to the Army21 (#5 J.Weaver), 1ST DOWN",3.2975782622905414,2025-12-13T22:12:28.000Z,6,43
401762521,40176252116,401762521380,10,8,Navy,American Athletic,7,Army,American Athletic,16,Navy,Army,3,3,2,79,21,1,10,3,False,Rush,(06:24) Shotgun #46 A.Tecza rush middle for 3 yards gain to the Army18 (#51 A.Thomas),-0.122124214578021,2025-12-13T22:12:57.000Z,6,21
401762521,40176252116,401762521384,10,9,Navy,American Athletic,7,Army,American Athletic,16,Navy,Army,3,3,2,82,18,2,7,6,False,Rush,(05:46) Shotgun #11 B.Horvath rush middle for 6 yards gain to the Army12 (#30 C.Matteson; #47 N.Nixon),0.168968582811166,2025-12-13T22:13:35.000Z,5,42
401762521,40176252116,401762521388,10,10,Navy,American Athletic,7,Army,American Athletic,16,Navy,Army,3,3,2,88,12,3,1,3,False,Rush,"(05:09) No Huddle #11 B.Horvath rush middle for 3 yards gain to the Army09 (#99 J.Bousum), 1ST DOWN",0.16121462191588,2025-12-13T22:14:11.000Z,5,6
401762521,40176252116,401762521392,10,11,Navy,American Athletic,7,Army,American Athletic,16,Navy,Army,3,3,2,91,9,1,9,-2,False,Rush,(04:30) No Huddle-Shotgun #11 B.Horvath rush left for 2 yards loss to the Army11 (#30 C.Matteson),-0.4321682271789485,2025-12-13T22:14:52.000Z,4,26
401762521,40176252116,401762521396,10,12,Navy,American Athletic,7,Army,American Athletic,16,Navy,Army,3,3,2,89,11,2,11,0,False,Pass Incompletion,(03:48) Shotgun #11 B.Horvath pass incomplete short right to #24 B.Chatman thrown to Army11,-0.2964634983560065,2025-12-13T22:15:32.000Z,3,48
401762521,40176252116,401762521399,10,13,Navy,American Athletic,7,Army,American Athletic,16,Navy,Army,3,3,2,89,11,3,11,8,False,Rush,(03:44) Shotgun #11 B.Horvath rush middle for 8 yards gain to the Army03 (#51 A.Thomas),0.236523004679041,2025-12-13T22:16:17.000Z,3,39
401762521,40176252118,401762521406,11,1,Navy,American Athletic,10,Army,American Athletic,16,Navy,Army,3,3,2,35,65,1,10,0,False,Kickoff,(02:59) #99 L.Gossett kickoff 60 yards to the Army05 fair catch by #23 L.Benson III at Army05,,2025-12-13T22:17:03.000Z,2,59
401762521,40176252118,401762521417,11,4,Army,American Athletic,16,Navy,American Athletic,10,Navy,Army,3,2,3,68,68,3,3,5,False,Penalty,PENALTY Army False Start (#74 T.Williams) 5 yards from Army32 to Army27. NO PLAY,,2025-12-13T22:22:23.000Z,1,42
401762521,40176252118,401762521426,11,6,Army,American Athletic,16,Navy,American Athletic,10,Navy,Army,3,2,3,75,75,4,10,0,False,Punt,(00:27) #46 J.Wagenseller punt 51 yards to the Navy24,,2025-12-13T22:23:59.000Z,0,24
401762521,40176252118,401762521409,11,2,Army,American Athletic,16,Navy,American Athletic,10,Navy,Army,3,2,3,75,75,1,10,4,False,Rush,(02:54) #3 C.Hellums rush right for 4 yards gain to the Army29 (#96 L.Robinson),-0.1142886249388964,2025-12-13T22:21:09.000Z,2,51
401762521,40176252118,401762521413,11,3,Army,American Athletic,16,Navy,American Athletic,10,Navy,Army,3,2,3,71,71,2,6,3,False,Rush,(02:21) Shotgun #3 C.Hellums rush right for 3 yards gain to the Army32 (#49 A.Klenk),-0.2748655161762548,2025-12-13T22:21:44.000Z,2,16
401762521,40176252118,401762521420,11,5,Army,American Athletic,16,Navy,American Athletic,10,Navy,Army,3,2,3,73,73,3,8,-2,False,Fumble Recovery (Own),"(01:20) No Huddle #3 C.Hellums sacked for loss of 2 yards to the Army25 (#90 J.Moutome), fumble by #3 C.Hellums recovered by Army #74 T.Williams at Army25, End Of Play",-0.27737679215558764,2025-12-13T22:23:25.000Z,0,36
401762521,40176252119,401762521462,12,8,Navy,American Athletic,10,Army,American Athletic,16,Navy,Army,4,3,2,30,70,4,16,1,False,Punt Return,(12:13) #15 J.Carlson punt 47 yards to the Army23 #23 L.Benson III return 1 yard to the Army24 (#92 R.Fry),,2025-12-13T22:33:23.000Z,12,6
401762521,40176252119,401762521430,12,1,Navy,American Athletic,10,Army,American Athletic,16,Navy,Army,3,3,2,24,76,1,10,3,False,Rush,(00:22) Shotgun #11 B.Horvath rush left for 3 yards gain to the Navy27 (#53 K.Fortner),-0.2835190304977822,2025-12-13T22:24:56.000Z,0,22
401762521,40176252119,401762521436,12,2,Navy,American Athletic,10,Army,American Athletic,16,Navy,Army,3,3,2,24,76,1,10,3,False,End Period,End of 3rd quarter.,-0.2835190304977822,2025-12-13T22:25:25.000Z,0,0
401762521,40176252119,401762521440,12,3,Navy,American Athletic,10,Army,American Athletic,16,Navy,Army,4,3,2,27,73,2,7,1,False,Rush,(14:57) Shotgun #46 A.Tecza rush left for 1 yard gain to the Navy28 (#52 K.Harris-Miller),-0.4471584991764405,2025-12-13T22:29:56.000Z,14,48
401762521,40176252119,401762521446,12,4,Navy,American Athletic,10,Army,American Athletic,16,Navy,Army,4,3,2,28,72,3,6,8,False,Pass Reception,"(14:14) Shotgun #11 B.Horvath pass complete short left to #22 E.Heidenreich caught at Navy33, for 8 yards to the Navy36 (#7 J.Mayes), out of bounds, 1ST DOWN",1.7291032653146825,2025-12-13T22:30:39.000Z,14,9
401762521,40176252119,401762521451,12,5,Navy,American Athletic,10,Army,American Athletic,16,Navy,Army,4,3,2,36,64,1,10,-10,False,Sack,(13:42) Shotgun #11 B.Horvath sacked for loss of 10 yards to the Navy26 (#99 J.Bousum),-2.0184445986033106,2025-12-13T22:31:16.000Z,13,39
401762521,40176252119,401762521455,12,6,Navy,American Athletic,10,Army,American Athletic,16,Navy,Army,4,3,2,26,74,2,20,4,False,Rush,(12:59) Shotgun #11 B.Horvath rush middle for 4 yards gain to the Navy30 (#96 D.Stowers; #99 J.Bousum),-0.02878531388494832,2025-12-13T22:31:59.000Z,12,55
401762521,40176252119,401762521459,12,7,Navy,American Athletic,10,Army,American Athletic,16,Navy,Army,4,3,2,30,70,3,16,0,False,Pass Incompletion,(12:19) Shotgun #11 B.Horvath pass incomplete short right to #46 A.Tecza thrown to Navy34,-0.12079696499228199,2025-12-13T22:32:41.000Z,12,17
401762521,40176252120,401762521468,13,1,Army,American Athletic,16,Navy,American Athletic,10,Navy,Army,4,2,3,76,76,1,10,1,False,Rush,(12:04) Shotgun #3 C.Hellums rush middle for 1 yard gain to the Army25 (#56 M.Parker; #0 K.McShan),-0.5624807137180827,2025-12-13T22:37:01.000Z,11,54
401762521,40176252120,401762521472,13,2,Army,American Athletic,16,Navy,American Athletic,10,Navy,Army,4,2,3,75,75,2,9,1,False,Pass Interception Return,(11:18) Shotgun #3 C.Hellums pass intercepted by #18 P.Hamilton at Navy49 #18 P.Hamilton return 1 yard to the Navy50 (#84 B.Anderson),-0.29190094286612656,2025-12-13T22:38:08.000Z,11,19
401762521,40176252121,401762521487,14,3,Navy,American Athletic,10,Army,American Athletic,16,Navy,Army,4,3,2,65,35,2,5,5,False,Penalty,PENALTY Navy False Start (#89 L.Hutchison) 5 yards from Army35 to Army40. NO PLAY,,2025-12-13T22:45:57.000Z,10,11
401762521,40176252121,401762521478,14,1,Navy,American Athletic,10,Army,American Athletic,16,Navy,Army,4,3,2,50,50,1,10,10,False,Pass Reception,"(11:17) Shotgun #11 B.Horvath pass complete short middle to #5 B.Woodson caught at Navy47, for 10 yards to the Army40 (#14 G.Shields), out of bounds, 1ST DOWN",0.652362788184032,2025-12-13T22:41:33.000Z,11,3
401762521,40176252121,401762521483,14,2,Navy,American Athletic,10,Army,American Athletic,16,Navy,Army,4,3,2,60,40,1,10,5,False,Rush,(10:47) Shotgun #11 B.Horvath rush left for 5 yards gain to the Army35 (#40 E.Ford). #62 J.Tuioti injured on the play,0.0872656999639112,2025-12-13T22:42:15.000Z,10,42
401762521,40176252121,401762521490,14,4,Navy,American Athletic,10,Army,American Athletic,16,Navy,Army,4,3,2,60,40,2,10,9,False,Rush,(10:00) Shotgun #46 A.Tecza rush left for 9 yards gain to the Army31 (#53 K.Fortner),0.8449831085065433,2025-12-13T22:46:30.000Z,9,52
401762521,40176252121,401762521494,14,5,Navy,American Athletic,10,Army,American Athletic,16,Navy,Army,4,3,2,69,31,3,1,2,False,Rush,"(09:18) Shotgun #11 B.Horvath rush middle for 2 yards gain to the Army29 (#20 C.Larkin; #30 C.Matteson), 1ST DOWN",0.401533587451373,2025-12-13T22:47:11.000Z,9,14
401762521,40176252121,401762521498,14,6,Navy,American Athletic,10,Army,American Athletic,16,Navy,Army,4,3,2,71,29,1,10,24,False,Rush,"(08:36) Shotgun #46 A.Tecza rush middle for 24 yards gain to the Army05 (#20 C.Larkin), 1ST DOWN",0.904520344039238,2025-12-13T22:47:53.000Z,8,30
401762521,40176252121,401762521502,14,7,Navy,American Athletic,10,Army,American Athletic,16,Navy,Army,4,3,2,95,5,1,5,4,False,Rush,"(08:00) #11 B.Horvath rush left for 4 yards gain to the Army01 (#20 C.Larkin; #53 K.Fortner). The previous play is under automatic review - ""Proper down"". CALL UPHELD",-0.016571396914132,2025-12-13T22:48:29.000Z,7,52
401762521,40176252121,401762521509,14,8,Navy,American Athletic,10,Army,American Athletic,16,Navy,Army,4,3,2,99,1,2,1,-7,False,Fumble Recovery (Own),"(07:31) #11 B.Horvath rush middle for 7 yards loss to the Army08 fumbled by #11 B.Horvath at Army01 recovered by Navy #22 E.Heidenreich at Army08, End Of Play",-1.045733946718249,2025-12-13T22:51:14.000Z,6,53
401762521,40176252121,401762521515,14,9,Navy,American Athletic,10,Army,American Athletic,16,Navy,Army,4,3,2,92,8,3,8,0,False,Pass Incompletion,(06:45) Shotgun #11 B.Horvath pass incomplete short left to #46 A.Tecza thrown to Army16 QB hurried by #14 G.Shields,-0.354205173792517,2025-12-13T22:52:01.000Z,6,37
401762521,40176252121,401762521518,14,10,Navy,American Athletic,17,Army,American Athletic,16,Navy,Army,4,3,2,92,8,4,8,8,True,Passing Touchdown,"(06:37) Shotgun #11 B.Horvath pass complete short middle to #22 E.Heidenreich caught at Army00, for 8 yards to the Army00 TOUCHDOWN, clock 06:32 #17 N.Kirkwood kick attempt good (H: #15 J.Carlson, LS: #92 R.Fry)",3.300291357983772,2025-12-13T22:52:47.000Z,6,37
401762521,40176252123,401762521526,15,1,Navy,American Athletic,17,Army,American Athletic,16,Navy,Army,4,3,2,35,65,1,10,0,False,Kickoff,(06:32) #99 L.Gossett kickoff 65 yards to the Army00 fair catch by #23 L.Benson III at Army00,,2025-12-13T22:53:36.000Z,6,32
401762521,40176252123,401762521533,15,3,Army,American Athletic,16,Navy,American Athletic,17,Navy,Army,4,2,3,75,75,2,10,10,False,Penalty,(05:54) Shotgun #3 C.Hellums pass incomplete short right to #15 N.Short thrown to Army40 PENALTY Army Holding (#27 S.Howard) 10 yards from Army25 to Army15. NO PLAY,,2025-12-13T22:57:26.000Z,5,54
401762521,40176252123,401762521544,15,6,Army,American Athletic,16,Navy,American Athletic,17,Navy,Army,4,2,3,77,77,4,12,5,False,Punt Return,(04:55) #46 J.Wagenseller punt 44 yards to the Navy33 #24 B.Chatman return 5 yards to the Navy38 (#44 J.Lindsey; #14 G.Shields),,2025-12-13T22:59:41.000Z,4,50
401762521,40176252123,401762521529,15,2,Army,American Athletic,16,Navy,American Athletic,17,Navy,Army,4,2,3,75,75,1,10,0,False,Rush,(06:32) Shotgun #3 C.Hellums rush left for 0 yards to the Army25 (#95 G.Willis),-0.7029700220436519,2025-12-13T22:56:29.000Z,6,25
401762521,40176252123,401762521537,15,4,Army,American Athletic,16,Navy,American Athletic,17,Navy,Army,4,2,3,85,85,2,20,8,False,Rush,(05:48) Shotgun #3 C.Hellums rush middle for 8 yards gain to the Army23 (#56 M.Parker),0.0884762739063829,2025-12-13T22:58:13.000Z,5,40
401762521,40176252123,401762521541,15,5,Army,American Athletic,16,Navy,American Athletic,17,Navy,Army,4,2,3,77,77,3,12,0,False,Pass Incompletion,(05:06) Shotgun #3 C.Hellums pass incomplete deep middle to #84 B.Anderson thrown to Navy40 broken up by #2 M.Williams,-0.11184027731402413,2025-12-13T22:59:00.000Z,4,59
401762521,40176252124,401762521568,16,5,Army,American Athletic,16,Navy,American Athletic,17,Navy,Army,4,1,3,50,50,1,10,0,False,Timeout,"Timeout Army, clock 02:30",,2025-12-13T23:03:03.000Z,2,30
401762521,40176252124,401762521593,16,13,Navy,American Athletic,17,Army,American Athletic,16,Navy,Army,4,3,0,58,42,3,13,-1,False,End of Game,End of 4th quarter.,,2025-12-13T23:16:20.000Z,0,0
401762521,40176252124,401762521573,16,7,Army,American Athletic,16,Navy,American Athletic,17,Navy,Army,4,0,3,55,55,2,5,0,False,Timeout,"Timeout Army, clock 02:23",,2025-12-13T23:05:16.000Z,2,23
401762521,40176252124,401762521554,16,2,Navy,American Athletic,17,Army,American Athletic,16,Navy,Army,4,3,2,40,60,2,8,6,False,Rush,(04:03) Shotgun #11 B.Horvath rush left for 6 yards gain to the Navy46 (#51 A.Thomas),0.3366399995161764,2025-12-13T23:01:12.000Z,3,52
401762521,40176252124,401762521550,16,1,Navy,American Athletic,17,Army,American Athletic,16,Navy,Army,4,3,2,38,62,1,10,2,False,Rush,(04:48) Shotgun #11 B.Horvath rush middle for 2 yards gain to the Navy40 (#20 C.Larkin; #10 C.Searight),-0.6656376494811928,2025-12-13T23:00:27.000Z,4,40
401762521,40176252124,401762521558,16,3,Navy,American Athletic,17,Army,American Athletic,16,Navy,Army,4,3,2,46,54,3,2,4,False,Rush,"(03:15) Shotgun #22 E.Heidenreich rush middle for 4 yards gain to the Navy50 (#51 A.Thomas; #20 C.Larkin), 1ST DOWN",1.440589358523134,2025-12-13T23:02:00.000Z,3,10
401762521,40176252124,401762521562,16,4,Navy,American Athletic,17,Army,American Athletic,16,Navy,Army,4,3,2,50,50,1,10,5,False,Rush,(02:33) Shotgun #46 A.Tecza rush middle for 5 yards gain to the Army45 (#20 C.Larkin),0.1018198743557602,2025-12-13T23:02:43.000Z,2,30
401762521,40176252124,401762521566,16,6,Navy,American Athletic,17,Army,American Athletic,16,Navy,Army,4,3,1,55,45,2,5,2,False,Rush,(02:27) Shotgun #22 E.Heidenreich rush middle for 2 yards gain to the Army43 (#14 G.Shields; #51 A.Thomas),-0.6449448318989308,2025-12-13T23:04:47.000Z,2,23
401762521,40176252124,401762521571,16,8,Navy,American Athletic,17,Army,American Athletic,16,Navy,Army,4,3,0,57,43,3,3,2,False,Fumble Recovery (Own),(02:22) Shotgun #11 B.Horvath rush middle for 2 yards gain to the Army41 fumbled by #11 B.Horvath at Army43 forced by #53 K.Fortner recovered by Navy #11 B.Horvath at Army43 (#30 C.Matteson),-0.6634334699842092,2025-12-13T23:07:11.000Z,2,15
401762521,40176252124,401762521578,16,9,Navy,American Athletic,17,Army,American Athletic,16,Navy,Army,4,3,0,59,41,4,1,2,False,Rush,"(01:53) #46 A.Tecza rush left for 2 yards gain to the Army39 (#30 C.Matteson; #40 E.Ford), 1ST DOWN",1.9075318047172019,2025-12-13T23:13:48.000Z,1,54
401762521,40176252124,401762521582,16,10,Navy,American Athletic,17,Army,American Athletic,16,Navy,Army,4,3,0,61,39,1,10,-1,False,Rush,(01:26) Kneel down by Navy at Army40 for loss of 1 yard,-1.015195614654532,2025-12-13T23:14:27.000Z,1,18
401762521,40176252124,401762521585,16,11,Navy,American Athletic,17,Army,American Athletic,16,Navy,Army,4,3,0,60,40,2,11,-2,False,Rush,(00:45) Kneel down by Navy at Army42 for loss of 2 yards,-1.455221105013198,2025-12-13T23:15:08.000Z,0,42
401762521,40176252124,401762521588,16,12,Navy,American Athletic,17,Army,American Athletic,16,Navy,Army,4,3,0,58,42,3,13,-1,False,Rush,(00:10) Kneel down by Navy at Army43 for loss of 1 yard,-0.9604905202476264,2025-12-13T23:15:43.000Z,0,10
